customer_id,age,gender,item_purchased,category,purchase_amount_usd,state,size,color,season,satisfaction_score,subscription_status,shipping_type,discount_applied,promo_code_used,previous_purchases,payment_method,frequency_of_purchases,observed_category,estimated_total_purchases,observed_promo_usage,frequency_proxy_days,gross_amount,discount_amount,estimated_cogs_40,net_margin_contribution,margin_cogs_30,margin_cogs_50,loyalty_def_A_behavioral,loyalty_def_B_organic_margin,strategic_segment
1,55,Male,Blouse,Clothing,53,Kentucky,L,Gray,Winter,3.1,Yes,Express,Yes,Yes,14,Venmo,Fortnightly,Clothing,15,1,14,66.25,13.25,26.5,21.5,28.12,14.88,False,False,3. Promo-Using Repeat
2,19,Male,Sweater,Clothing,64,Maine,L,Maroon,Winter,3.1,Yes,Express,Yes,Yes,2,Cash,Fortnightly,Clothing,3,1,14,80.0,16.0,32.0,27.0,35.0,19.0,False,False,3. Promo-Using Repeat
3,50,Male,Jeans,Clothing,73,Massachusetts,S,Maroon,Spring,3.1,Yes,Free Shipping,Yes,Yes,23,Credit Card,Weekly,Clothing,24,1,7,91.25,18.25,36.5,31.5,40.62,22.38,False,False,3. Promo-Using Repeat
4,21,Male,Sandals,Footwear,90,Rhode Island,M,Maroon,Spring,3.5,Yes,Next Day Air,Yes,Yes,49,PayPal,Weekly,Footwear,50,1,7,112.5,22.5,45.0,40.0,51.25,28.75,True,False,2. High Spend Bargain Hunter
5,45,Male,Blouse,Clothing,49,Oregon,M,Turquoise,Spring,2.7,Yes,Free Shipping,Yes,Yes,31,PayPal,Annually,Clothing,32,1,365,61.25,12.25,24.5,19.5,25.62,13.38,False,False,3. Promo-Using Repeat
6,46,Male,Sneakers,Footwear,20,Wyoming,M,White,Summer,2.9,Yes,Standard,Yes,Yes,14,Venmo,Weekly,Footwear,15,1,7,25.0,5.0,10.0,5.0,7.5,2.5,False,False,3. Promo-Using Repeat
7,63,Male,Shirt,Clothing,85,Montana,M,Gray,Fall,3.2,Yes,Free Shipping,Yes,Yes,49,Cash,Quarterly,Clothing,50,1,90,106.25,21.25,42.5,37.5,48.12,26.88,True,False,2. High Spend Bargain Hunter
8,27,Male,Shorts,Clothing,34,Louisiana,L,Charcoal,Winter,3.2,Yes,Free Shipping,Yes,Yes,19,Credit Card,Weekly,Clothing,20,1,7,42.5,8.5,17.0,12.0,16.25,7.75,False,False,3. Promo-Using Repeat
9,26,Male,Coat,Outerwear,97,West Virginia,L,Silver,Summer,2.6,Yes,Express,Yes,Yes,8,Venmo,Annually,Outerwear,9,1,365,121.25,24.25,48.5,43.5,55.62,31.38,False,False,2. High Spend Bargain Hunter
10,57,Male,Handbag,Accessories,31,Missouri,M,Pink,Spring,4.8,Yes,2-Day Shipping,Yes,Yes,4,Cash,Quarterly,Accessories,5,1,90,38.75,7.75,15.5,10.5,14.38,6.62,False,False,3. Promo-Using Repeat
11,53,Male,Shoes,Footwear,34,Arkansas,L,Purple,Fall,4.1,Yes,Store Pickup,Yes,Yes,26,Bank Transfer,Bi-Weekly,Footwear,27,1,14,42.5,8.5,17.0,12.0,16.25,7.75,False,False,3. Promo-Using Repeat
12,30,Male,Shorts,Clothing,68,Hawaii,S,Olive,Winter,4.9,Yes,Store Pickup,Yes,Yes,10,Bank Transfer,Fortnightly,Clothing,11,1,14,85.0,17.0,34.0,29.0,37.5,20.5,False,False,3. Promo-Using Repeat
13,61,Male,Coat,Outerwear,72,Delaware,M,Gold,Winter,4.5,Yes,Express,Yes,Yes,37,Venmo,Fortnightly,Outerwear,38,1,14,90.0,18.0,36.0,31.0,40.0,22.0,False,False,3. Promo-Using Repeat
14,65,Male,Dress,Clothing,51,New Hampshire,M,Violet,Spring,4.7,Yes,Express,Yes,Yes,31,PayPal,Weekly,Clothing,32,1,7,63.75,12.75,25.5,20.5,26.88,14.12,False,False,3. Promo-Using Repeat
15,64,Male,Coat,Outerwear,53,New York,L,Teal,Winter,4.7,Yes,Free Shipping,Yes,Yes,34,Debit Card,Weekly,Outerwear,35,1,7,66.25,13.25,26.5,21.5,28.12,14.88,False,False,3. Promo-Using Repeat
16,64,Male,Skirt,Clothing,81,Rhode Island,M,Teal,Winter,2.8,Yes,Store Pickup,Yes,Yes,8,PayPal,Monthly,Clothing,9,1,30,101.25,20.25,40.5,35.5,45.62,25.38,False,False,2. High Spend Bargain Hunter
17,25,Male,Sunglasses,Accessories,36,Alabama,S,Gray,Spring,4.1,Yes,Next Day Air,Yes,Yes,44,Debit Card,Bi-Weekly,Accessories,45,1,14,45.0,9.0,18.0,13.0,17.5,8.5,False,False,3. Promo-Using Repeat
18,53,Male,Dress,Clothing,38,Mississippi,XL,Lavender,Winter,4.7,Yes,2-Day Shipping,Yes,Yes,36,Venmo,Quarterly,Clothing,37,1,90,47.5,9.5,19.0,14.0,18.75,9.25,False,False,3. Promo-Using Repeat
19,52,Male,Sweater,Clothing,48,Montana,S,Black,Summer,4.6,Yes,Free Shipping,Yes,Yes,17,Cash,Weekly,Clothing,18,1,7,60.0,12.0,24.0,19.0,25.0,13.0,False,False,3. Promo-Using Repeat
20,66,Male,Pants,Clothing,90,Rhode Island,M,Green,Summer,3.3,Yes,Standard,Yes,Yes,46,Debit Card,Bi-Weekly,Clothing,47,1,14,112.5,22.5,45.0,40.0,51.25,28.75,True,False,2. High Spend Bargain Hunter
21,21,Male,Pants,Clothing,51,Louisiana,M,Black,Winter,2.8,Yes,Express,Yes,Yes,50,Cash,Every 3 Months,Clothing,51,1,90,63.75,12.75,25.5,20.5,26.88,14.12,False,False,3. Promo-Using Repeat
22,31,Male,Pants,Clothing,62,North Carolina,M,Charcoal,Winter,4.1,Yes,Store Pickup,Yes,Yes,22,Debit Card,Quarterly,Clothing,23,1,90,77.5,15.5,31.0,26.0,33.75,18.25,False,False,3. Promo-Using Repeat
23,56,Male,Pants,Clothing,37,California,M,Peach,Summer,3.2,Yes,Store Pickup,Yes,Yes,32,Debit Card,Annually,Clothing,33,1,365,46.25,9.25,18.5,13.5,18.12,8.88,False,False,3. Promo-Using Repeat
24,31,Male,Pants,Clothing,88,Oklahoma,XL,White,Winter,4.4,Yes,Express,Yes,Yes,40,Credit Card,Weekly,Clothing,41,1,7,110.0,22.0,44.0,39.0,50.0,28.0,True,False,2. High Spend Bargain Hunter
25,18,Male,Jacket,Outerwear,22,Florida,M,Green,Fall,2.9,Yes,Store Pickup,Yes,Yes,16,Debit Card,Weekly,Outerwear,17,1,7,27.5,5.5,11.0,6.0,8.75,3.25,False,False,3. Promo-Using Repeat
26,18,Male,Hoodie,Clothing,25,Texas,M,Silver,Summer,3.6,Yes,Express,Yes,Yes,14,PayPal,Annually,Clothing,15,1,365,31.25,6.25,12.5,7.5,10.62,4.38,False,False,3. Promo-Using Repeat
27,38,Male,Jewelry,Accessories,20,Nevada,M,Red,Spring,3.6,Yes,Next Day Air,Yes,Yes,13,Credit Card,Annually,Accessories,14,1,365,25.0,5.0,10.0,5.0,7.5,2.5,False,False,3. Promo-Using Repeat
28,56,Male,Shorts,Clothing,56,Kentucky,L,Cyan,Summer,5.0,Yes,Next Day Air,Yes,Yes,7,Bank Transfer,Every 3 Months,Clothing,8,1,90,70.0,14.0,28.0,23.0,30.0,16.0,False,False,3. Promo-Using Repeat
29,54,Male,Handbag,Accessories,94,North Carolina,M,Gray,Fall,4.4,Yes,Free Shipping,Yes,Yes,41,PayPal,Every 3 Months,Accessories,42,1,90,117.5,23.5,47.0,42.0,53.75,30.25,True,False,2. High Spend Bargain Hunter
30,31,Male,Dress,Clothing,48,Wyoming,S,Black,Fall,4.1,Yes,Store Pickup,Yes,Yes,14,Credit Card,Weekly,Clothing,15,1,7,60.0,12.0,24.0,19.0,25.0,13.0,False,False,3. Promo-Using Repeat
31,57,Male,Jewelry,Accessories,31,North Carolina,L,Black,Winter,4.7,Yes,Standard,Yes,Yes,16,Credit Card,Monthly,Accessories,17,1,30,38.75,7.75,15.5,10.5,14.38,6.62,False,False,3. Promo-Using Repeat
32,33,Male,Dress,Clothing,79,West Virginia,L,Brown,Winter,4.7,Yes,Store Pickup,Yes,Yes,45,Venmo,Monthly,Clothing,46,1,30,98.75,19.75,39.5,34.5,44.38,24.62,True,False,2. High Spend Bargain Hunter
33,36,Male,Jacket,Outerwear,67,Kansas,M,Silver,Summer,4.9,Yes,Free Shipping,Yes,Yes,37,Venmo,Annually,Outerwear,38,1,365,83.75,16.75,33.5,28.5,36.88,20.12,False,False,3. Promo-Using Repeat
34,54,Male,Pants,Clothing,38,Colorado,L,Green,Summer,3.3,Yes,Store Pickup,Yes,Yes,45,Cash,Quarterly,Clothing,46,1,90,47.5,9.5,19.0,14.0,18.75,9.25,False,False,3. Promo-Using Repeat
35,36,Male,T-shirt,Clothing,91,North Dakota,L,Violet,Spring,4.6,Yes,2-Day Shipping,Yes,Yes,38,PayPal,Quarterly,Clothing,39,1,90,113.75,22.75,45.5,40.5,51.88,29.12,True,False,2. High Spend Bargain Hunter
36,54,Male,Blouse,Clothing,33,Massachusetts,M,Cyan,Summer,4.0,Yes,2-Day Shipping,Yes,Yes,48,Credit Card,Bi-Weekly,Clothing,49,1,14,41.25,8.25,16.5,11.5,15.62,7.38,False,False,3. Promo-Using Repeat
37,35,Male,T-shirt,Clothing,69,Illinois,M,Maroon,Winter,4.6,Yes,Free Shipping,Yes,Yes,44,PayPal,Fortnightly,Clothing,45,1,14,86.25,17.25,34.5,29.5,38.12,20.88,False,False,3. Promo-Using Repeat
38,35,Male,Jeans,Clothing,45,Indiana,S,Cyan,Summer,2.8,Yes,Store Pickup,Yes,Yes,10,PayPal,Weekly,Clothing,11,1,7,56.25,11.25,22.5,17.5,23.12,11.88,False,False,3. Promo-Using Repeat
39,29,Male,Dress,Clothing,37,Florida,M,Red,Winter,,Yes,2-Day Shipping,Yes,Yes,44,Venmo,Every 3 Months,Clothing,45,1,90,46.25,9.25,18.5,13.5,18.12,8.88,False,False,3. Promo-Using Repeat
40,70,Male,Pants,Clothing,60,Arizona,S,Turquoise,Summer,4.2,Yes,Express,Yes,Yes,18,Credit Card,Monthly,Clothing,19,1,30,75.0,15.0,30.0,25.0,32.5,17.5,False,False,3. Promo-Using Repeat
41,58,Female,Hoodie,Clothing,22,Delaware,M,Cyan,Winter,4.7,Yes,Store Pickup,Yes,Yes,44,Debit Card,Bi-Weekly,Clothing,45,1,14,27.5,5.5,11.0,6.0,8.75,3.25,False,False,3. Promo-Using Repeat
42,38,Female,Scarf,Accessories,55,Kansas,L,Red,Summer,4.1,No,Express,No,No,3,Venmo,Quarterly,Accessories,4,0,90,55.0,0.0,22.0,28.0,33.5,22.5,False,False,4. Mid-Tier Core
43,33,Female,Skirt,Clothing,95,Colorado,M,Purple,Spring,3.0,No,Free Shipping,No,No,50,PayPal,Annually,Clothing,51,0,365,95.0,0.0,38.0,52.0,61.5,42.5,True,True,1. High Value Organic
44,44,Female,Sneakers,Footwear,36,West Virginia,M,Orange,Winter,4.2,Yes,Store Pickup,No,No,35,Debit Card,Monthly,Footwear,36,0,30,36.0,0.0,14.4,16.6,20.2,13.0,False,False,4. Mid-Tier Core
45,22,Male,Socks,Clothing,85,Missouri,XL,Red,Summer,2.6,Yes,Express,Yes,Yes,1,Cash,Every 3 Months,Clothing,2,1,90,106.25,21.25,42.5,37.5,48.12,26.88,False,False,2. High Spend Bargain Hunter
46,43,Male,Hat,Accessories,78,Arizona,M,Gray,Spring,2.6,Yes,2-Day Shipping,Yes,Yes,48,Bank Transfer,Annually,Accessories,49,1,365,97.5,19.5,39.0,34.0,43.75,24.25,False,False,3. Promo-Using Repeat
47,22,Female,Hat,Accessories,72,California,L,Charcoal,Spring,4.6,Yes,Store Pickup,No,No,9,Bank Transfer,Fortnightly,Accessories,10,0,14,72.0,0.0,28.8,38.2,45.4,31.0,False,False,4. Mid-Tier Core
48,21,Male,Jacket,Outerwear,51,Idaho,M,Purple,Summer,4.2,No,Store Pickup,Yes,Yes,3,Credit Card,Weekly,Outerwear,4,1,7,63.75,12.75,25.5,20.5,26.88,14.12,False,False,3. Promo-Using Repeat
49,61,Male,Skirt,Clothing,76,Mississippi,S,Green,Summer,4.4,No,Free Shipping,No,No,11,Credit Card,Every 3 Months,Clothing,12,0,90,76.0,0.0,30.4,40.6,48.2,33.0,False,False,1. High Value Organic
50,51,Male,Shirt,Clothing,49,New York,M,Maroon,Fall,3.9,No,Standard,No,No,30,Cash,Quarterly,Clothing,31,0,90,49.0,0.0,19.6,24.4,29.3,19.5,False,False,4. Mid-Tier Core
51,21,Male,Hat,Accessories,36,Missouri,L,Orange,Fall,2.6,No,Free Shipping,No,No,13,Bank Transfer,Quarterly,Accessories,14,0,90,36.0,0.0,14.4,16.6,20.2,13.0,False,False,4. Mid-Tier Core
52,68,Male,Dress,Clothing,42,Alabama,S,Yellow,Fall,4.1,Yes,Express,Yes,Yes,3,Credit Card,Quarterly,Clothing,4,1,90,52.5,10.5,21.0,16.0,21.25,10.75,False,False,3. Promo-Using Repeat
53,68,Male,Socks,Clothing,24,North Carolina,M,Yellow,Winter,3.9,No,Standard,No,No,26,Bank Transfer,Weekly,Clothing,27,0,7,24.0,0.0,9.6,9.4,11.8,7.0,False,False,4. Mid-Tier Core
54,62,Male,Hat,Accessories,45,Nevada,S,Violet,Summer,3.4,Yes,Standard,No,No,1,Venmo,Quarterly,Accessories,2,0,90,45.0,0.0,18.0,22.0,26.5,17.5,False,False,4. Mid-Tier Core
55,39,Male,Hoodie,Clothing,47,California,M,Maroon,Winter,2.7,Yes,Next Day Air,Yes,Yes,7,Credit Card,Every 3 Months,Clothing,8,1,90,58.75,11.75,23.5,18.5,24.38,12.62,False,False,3. Promo-Using Repeat
56,64,Male,Boots,Footwear,37,Iowa,M,Green,Fall,3.2,No,Free Shipping,No,No,39,Venmo,Fortnightly,Footwear,40,0,14,37.0,0.0,14.8,17.2,20.9,13.5,False,False,4. Mid-Tier Core
57,61,Male,Shorts,Clothing,32,Florida,M,Gold,Summer,4.1,No,Standard,Yes,Yes,47,Bank Transfer,Weekly,Clothing,48,1,7,40.0,8.0,16.0,11.0,15.0,7.0,False,False,3. Promo-Using Repeat
58,66,Male,Scarf,Accessories,61,South Dakota,M,Orange,Spring,4.0,Yes,Next Day Air,No,No,45,Bank Transfer,Bi-Weekly,Accessories,46,0,14,61.0,0.0,24.4,31.6,37.7,25.5,False,False,1. High Value Organic
59,39,Male,Jewelry,Accessories,89,Rhode Island,L,Indigo,Summer,4.6,Yes,2-Day Shipping,Yes,Yes,36,Bank Transfer,Weekly,Accessories,37,1,7,111.25,22.25,44.5,39.5,50.62,28.38,True,False,2. High Spend Bargain Hunter
60,21,Male,Hoodie,Clothing,70,Maine,M,Purple,Spring,3.2,No,Store Pickup,No,No,26,Bank Transfer,Annually,Clothing,27,0,365,70.0,0.0,28.0,37.0,44.0,30.0,False,False,1. High Value Organic
61,37,Male,Jacket,Outerwear,66,Kentucky,M,Silver,Winter,3.8,No,2-Day Shipping,Yes,Yes,43,Credit Card,Fortnightly,Outerwear,44,1,14,82.5,16.5,33.0,28.0,36.25,19.75,False,False,3. Promo-Using Repeat
62,27,Male,Shirt,Clothing,29,Maine,M,Maroon,Fall,3.1,No,Express,Yes,Yes,9,Credit Card,Every 3 Months,Clothing,10,1,90,36.25,7.25,14.5,9.5,13.12,5.88,False,False,3. Promo-Using Repeat
63,52,Male,Backpack,Accessories,68,Oregon,L,Teal,Spring,2.8,No,Express,No,No,34,PayPal,Quarterly,Accessories,35,0,90,68.0,0.0,27.2,35.8,42.6,29.0,False,False,1. High Value Organic
64,39,Male,Jeans,Clothing,91,Arkansas,L,Black,Fall,2.9,Yes,2-Day Shipping,No,No,19,Credit Card,Monthly,Clothing,20,0,30,91.0,0.0,36.4,49.6,58.7,40.5,False,True,1. High Value Organic
65,59,Male,Sandals,Footwear,59,Louisiana,M,Black,Fall,3.7,No,Express,Yes,Yes,25,Venmo,Fortnightly,Footwear,26,1,14,73.75,14.75,29.5,24.5,31.88,17.12,False,False,3. Promo-Using Repeat
66,31,Male,Scarf,Accessories,70,Nebraska,S,Silver,Summer,4.1,No,Standard,Yes,Yes,15,Debit Card,Fortnightly,Accessories,16,1,14,87.5,17.5,35.0,30.0,38.75,21.25,False,False,3. Promo-Using Repeat
67,44,Female,Hoodie,Clothing,57,South Carolina,L,Beige,Winter,2.6,No,Free Shipping,No,No,5,Credit Card,Weekly,Clothing,6,0,7,57.0,0.0,22.8,29.2,34.9,23.5,False,False,4. Mid-Tier Core
68,30,Male,Blouse,Clothing,71,New York,L,Charcoal,Winter,3.1,No,Free Shipping,Yes,Yes,27,Credit Card,Quarterly,Clothing,28,1,90,88.75,17.75,35.5,30.5,39.38,21.62,False,False,3. Promo-Using Repeat
69,60,Male,Sandals,Footwear,39,Arkansas,XL,Purple,Spring,3.1,No,Free Shipping,No,No,46,Credit Card,Annually,Footwear,47,0,365,39.0,0.0,15.6,18.4,22.3,14.5,False,False,4. Mid-Tier Core
70,35,Male,Sunglasses,Accessories,79,Illinois,XL,White,Fall,4.2,No,Free Shipping,Yes,Yes,49,PayPal,Every 3 Months,Accessories,50,1,90,98.75,19.75,39.5,34.5,44.38,24.62,True,False,2. High Spend Bargain Hunter
71,46,Male,Handbag,Accessories,60,Nevada,XL,Gray,Spring,3.1,Yes,Standard,Yes,Yes,23,Venmo,Fortnightly,Accessories,24,1,14,75.0,15.0,30.0,25.0,32.5,17.5,False,False,3. Promo-Using Repeat
72,57,Male,Gloves,Accessories,66,West Virginia,L,Gold,Fall,4.5,No,Next Day Air,No,No,25,Cash,Quarterly,Accessories,26,0,90,66.0,0.0,26.4,34.6,41.2,28.0,False,False,1. High Value Organic
73,35,Male,Shirt,Clothing,36,Illinois,S,Brown,Spring,2.9,No,Store Pickup,Yes,Yes,24,Venmo,Fortnightly,Clothing,25,1,14,45.0,9.0,18.0,13.0,17.5,8.5,False,False,3. Promo-Using Repeat
74,45,Male,Dress,Clothing,68,Montana,XL,Olive,Winter,3.9,No,2-Day Shipping,No,No,40,Venmo,Every 3 Months,Clothing,41,0,90,68.0,0.0,27.2,35.8,42.6,29.0,False,False,1. High Value Organic
75,47,Female,Blouse,Clothing,75,Oklahoma,M,Cyan,Winter,3.4,No,Next Day Air,Yes,Yes,18,Venmo,Monthly,Clothing,19,1,30,93.75,18.75,37.5,32.5,41.88,23.12,False,False,3. Promo-Using Repeat
76,19,Male,Jacket,Outerwear,57,Rhode Island,M,Beige,Summer,4.4,No,Next Day Air,No,No,46,Cash,Annually,Outerwear,47,0,365,57.0,0.0,22.8,29.2,34.9,23.5,False,False,1. High Value Organic
77,45,Female,Blouse,Clothing,26,Ohio,M,Beige,Summer,3.1,No,2-Day Shipping,Yes,Yes,8,Bank Transfer,Fortnightly,Clothing,9,1,14,32.5,6.5,13.0,8.0,11.25,4.75,False,False,3. Promo-Using Repeat
78,68,Male,Scarf,Accessories,27,Idaho,L,Indigo,Spring,4.0,No,Standard,No,No,37,Bank Transfer,Bi-Weekly,Accessories,38,0,14,27.0,0.0,10.8,11.2,13.9,8.5,False,False,4. Mid-Tier Core
79,65,Male,Dress,Clothing,93,Montana,L,Magenta,Summer,2.8,No,2-Day Shipping,Yes,Yes,18,Cash,Fortnightly,Clothing,19,1,14,116.25,23.25,46.5,41.5,53.12,29.88,False,False,2. High Spend Bargain Hunter
80,28,Male,Scarf,Accessories,21,Massachusetts,M,Teal,Fall,4.1,No,Store Pickup,No,No,9,Cash,Bi-Weekly,Accessories,10,0,14,21.0,0.0,8.4,7.6,9.7,5.5,False,False,4. Mid-Tier Core
81,39,Female,Skirt,Clothing,100,Missouri,M,Black,Summer,4.5,No,Next Day Air,Yes,Yes,17,Bank Transfer,Fortnightly,Clothing,18,1,14,125.0,25.0,50.0,45.0,57.5,32.5,False,False,2. High Spend Bargain Hunter
82,42,Male,Coat,Outerwear,41,Illinois,M,Lavender,Spring,3.2,Yes,Free Shipping,No,No,21,Cash,Annually,Outerwear,22,0,365,41.0,0.0,16.4,19.6,23.7,15.5,False,False,4. Mid-Tier Core
83,34,Male,Handbag,Accessories,95,California,S,Yellow,Winter,3.2,Yes,Next Day Air,Yes,Yes,40,Cash,Annually,Accessories,41,1,365,118.75,23.75,47.5,42.5,54.38,30.62,True,False,2. High Spend Bargain Hunter
84,24,Male,Sunglasses,Accessories,36,Indiana,M,Black,Fall,3.4,No,Express,No,No,36,Credit Card,Weekly,Accessories,37,0,7,36.0,0.0,14.4,16.6,20.2,13.0,False,False,4. Mid-Tier Core
85,28,Male,Belt,Accessories,78,Nebraska,M,Yellow,Spring,3.5,No,Store Pickup,No,No,5,Venmo,Weekly,Accessories,6,0,7,78.0,0.0,31.2,41.8,49.6,34.0,False,False,4. Mid-Tier Core
86,36,Male,Sandals,Footwear,100,Illinois,M,Maroon,Winter,3.4,No,Express,No,No,25,Debit Card,Quarterly,Footwear,26,0,90,100.0,0.0,40.0,55.0,65.0,45.0,True,True,1. High Value Organic
87,56,Male,Coat,Outerwear,63,New Jersey,S,Teal,Summer,3.3,No,Express,No,No,17,Cash,Fortnightly,Outerwear,18,0,14,63.0,0.0,25.2,32.8,39.1,26.5,False,False,1. High Value Organic
88,29,Male,Boots,Footwear,27,Vermont,L,Beige,Winter,4.2,No,Express,No,No,18,Venmo,Annually,Footwear,19,0,365,27.0,0.0,10.8,11.2,13.9,8.5,False,False,4. Mid-Tier Core
89,58,Female,Scarf,Accessories,66,Alaska,L,Pink,Winter,3.0,No,Free Shipping,No,No,7,Bank Transfer,Every 3 Months,Accessories,8,0,90,66.0,0.0,26.4,34.6,41.2,28.0,False,False,4. Mid-Tier Core
90,68,Female,Belt,Accessories,78,California,L,Orange,Summer,3.6,No,Express,No,No,14,Credit Card,Annually,Accessories,15,0,365,78.0,0.0,31.2,41.8,49.6,34.0,False,False,1. High Value Organic
91,54,Male,Sunglasses,Accessories,74,California,S,Green,Fall,3.8,No,Express,Yes,Yes,13,Cash,Fortnightly,Accessories,14,1,14,92.5,18.5,37.0,32.0,41.25,22.75,False,False,3. Promo-Using Repeat
92,61,Male,Pants,Clothing,74,Kansas,L,Beige,Winter,3.8,No,Next Day Air,Yes,Yes,39,Bank Transfer,Annually,Clothing,40,1,365,92.5,18.5,37.0,32.0,41.25,22.75,False,False,3. Promo-Using Repeat
93,70,Male,Hat,Accessories,35,Missouri,S,Pink,Fall,4.3,Yes,Next Day Air,Yes,Yes,45,Bank Transfer,Monthly,Accessories,46,1,30,43.75,8.75,17.5,12.5,16.88,8.12,False,False,3. Promo-Using Repeat
94,54,Male,Socks,Clothing,84,New York,M,Cyan,Winter,4.2,Yes,Free Shipping,Yes,Yes,37,Debit Card,Bi-Weekly,Clothing,38,1,14,105.0,21.0,42.0,37.0,47.5,26.5,True,False,2. High Spend Bargain Hunter
95,56,Female,Dress,Clothing,65,Colorado,M,Lavender,Spring,2.9,No,Next Day Air,No,No,8,PayPal,Bi-Weekly,Clothing,9,0,14,65.0,0.0,26.0,34.0,40.5,27.5,False,False,4. Mid-Tier Core
96,62,Male,Gloves,Accessories,76,Indiana,S,Turquoise,Fall,3.4,Yes,Express,No,No,9,Credit Card,Annually,Accessories,10,0,365,76.0,0.0,30.4,40.6,48.2,33.0,False,False,4. Mid-Tier Core
97,59,Male,Hat,Accessories,81,Mississippi,S,Turquoise,Spring,4.1,No,Express,Yes,Yes,9,PayPal,Monthly,Accessories,10,1,30,101.25,20.25,40.5,35.5,45.62,25.38,False,False,2. High Spend Bargain Hunter
98,58,Male,Sneakers,Footwear,48,West Virginia,S,Maroon,Fall,2.6,No,Express,Yes,Yes,5,Credit Card,Quarterly,Footwear,6,1,90,60.0,12.0,24.0,19.0,25.0,13.0,False,False,3. Promo-Using Repeat
99,32,Male,Sweater,Clothing,24,Indiana,M,Charcoal,Fall,2.8,No,2-Day Shipping,Yes,Yes,17,Cash,Bi-Weekly,Clothing,18,1,14,30.0,6.0,12.0,7.0,10.0,4.0,False,False,3. Promo-Using Repeat
100,57,Male,Jacket,Outerwear,96,South Carolina,L,Brown,Fall,4.1,No,Next Day Air,No,No,48,Venmo,Bi-Weekly,Outerwear,49,0,14,96.0,0.0,38.4,52.6,62.2,43.0,True,True,1. High Value Organic
101,70,Female,Dress,Clothing,82,Arizona,L,Pink,Winter,4.7,No,Next Day Air,Yes,Yes,31,Cash,Weekly,Clothing,32,1,7,102.5,20.5,41.0,36.0,46.25,25.75,True,False,2. High Spend Bargain Hunter
102,56,Male,Dress,Clothing,21,New Hampshire,L,Teal,Summer,3.0,Yes,Next Day Air,Yes,Yes,49,Venmo,Fortnightly,Clothing,50,1,14,26.25,5.25,10.5,5.5,8.12,2.88,False,False,3. Promo-Using Repeat
103,41,Female,Coat,Outerwear,89,Oklahoma,L,Gold,Winter,4.9,No,Standard,Yes,Yes,15,Bank Transfer,Bi-Weekly,Outerwear,16,1,14,111.25,22.25,44.5,39.5,50.62,28.38,False,False,2. High Spend Bargain Hunter
104,49,Female,Gloves,Accessories,87,Arizona,S,Teal,Spring,4.3,No,Store Pickup,No,No,26,Credit Card,Weekly,Accessories,27,0,7,87.0,0.0,34.8,47.2,55.9,38.5,True,True,1. High Value Organic
105,64,Female,Socks,Clothing,55,Kansas,M,Teal,Summer,2.7,No,Next Day Air,No,No,11,Cash,Every 3 Months,Clothing,12,0,90,55.0,0.0,22.0,28.0,33.5,22.5,False,False,1. High Value Organic
106,46,Female,Sweater,Clothing,32,South Dakota,S,Beige,Winter,4.2,Yes,Free Shipping,Yes,Yes,47,Bank Transfer,Annually,Clothing,48,1,365,40.0,8.0,16.0,11.0,15.0,7.0,False,False,3. Promo-Using Repeat
107,20,Female,Gloves,Accessories,75,Tennessee,L,Green,Fall,4.6,No,Next Day Air,Yes,Yes,5,Credit Card,Quarterly,Accessories,6,1,90,93.75,18.75,37.5,32.5,41.88,23.12,False,False,3. Promo-Using Repeat
108,55,Male,Blouse,Clothing,80,Kansas,S,Indigo,Fall,3.9,No,Next Day Air,Yes,Yes,8,PayPal,Monthly,Clothing,9,1,30,100.0,20.0,40.0,35.0,45.0,25.0,False,False,2. High Spend Bargain Hunter
109,70,Male,Jewelry,Accessories,46,Montana,M,Teal,Winter,4.8,No,Standard,No,No,46,Venmo,Monthly,Accessories,47,0,30,46.0,0.0,18.4,22.6,27.2,18.0,False,False,4. Mid-Tier Core
110,61,Male,Dress,Clothing,28,Iowa,M,Yellow,Spring,3.3,No,Next Day Air,No,No,13,Venmo,Bi-Weekly,Clothing,14,0,14,28.0,0.0,11.2,11.8,14.6,9.0,False,False,4. Mid-Tier Core
111,35,Male,Socks,Clothing,57,Alaska,L,Gray,Fall,4.4,Yes,Store Pickup,No,No,24,Venmo,Fortnightly,Clothing,25,0,14,57.0,0.0,22.8,29.2,34.9,23.5,False,False,1. High Value Organic
112,49,Male,Skirt,Clothing,73,Nevada,M,Gray,Spring,4.4,No,Express,No,No,2,Venmo,Fortnightly,Clothing,3,0,14,73.0,0.0,29.2,38.8,46.1,31.5,False,False,4. Mid-Tier Core
113,50,Female,Handbag,Accessories,45,Nevada,M,Silver,Summer,3.0,No,Free Shipping,Yes,Yes,42,PayPal,Fortnightly,Accessories,43,1,14,56.25,11.25,22.5,17.5,23.12,11.88,False,False,3. Promo-Using Repeat
114,20,Female,Coat,Outerwear,28,Wyoming,M,Olive,Spring,4.8,No,Standard,No,No,20,Bank Transfer,Every 3 Months,Outerwear,21,0,90,28.0,0.0,11.2,11.8,14.6,9.0,False,False,4. Mid-Tier Core
115,33,Male,Shorts,Clothing,77,Nevada,M,Turquoise,Summer,3.8,No,Next Day Air,No,No,18,Bank Transfer,Annually,Clothing,19,0,365,77.0,0.0,30.8,41.2,48.9,33.5,False,True,1. High Value Organic
116,42,Female,Boots,Footwear,38,Utah,L,Beige,Winter,4.1,No,Free Shipping,No,No,6,Cash,Quarterly,Footwear,7,0,90,38.0,0.0,15.2,17.8,21.6,14.0,False,False,4. Mid-Tier Core
117,58,Male,Gloves,Accessories,47,Missouri,M,Yellow,Summer,3.0,No,Express,Yes,Yes,30,Debit Card,Every 3 Months,Accessories,31,1,90,58.75,11.75,23.5,18.5,24.38,12.62,False,False,3. Promo-Using Repeat
118,21,Female,Backpack,Accessories,39,Colorado,M,Brown,Fall,4.0,Yes,Free Shipping,Yes,Yes,36,Cash,Every 3 Months,Accessories,37,1,90,48.75,9.75,19.5,14.5,19.38,9.62,False,False,3. Promo-Using Repeat
119,56,Male,Sweater,Clothing,77,Hawaii,M,Red,Fall,4.6,Yes,Free Shipping,No,No,8,PayPal,Monthly,Clothing,9,0,30,77.0,0.0,30.8,41.2,48.9,33.5,False,False,4. Mid-Tier Core
120,31,Female,Boots,Footwear,56,Oregon,S,Olive,Spring,2.7,No,Store Pickup,No,No,39,Venmo,Annually,Footwear,40,0,365,56.0,0.0,22.4,28.6,34.2,23.0,False,False,1. High Value Organic
121,34,Male,Sweater,Clothing,47,Maine,L,Charcoal,Summer,4.0,No,Standard,Yes,Yes,45,Credit Card,Weekly,Clothing,46,1,7,58.75,11.75,23.5,18.5,24.38,12.62,False,False,3. Promo-Using Repeat
122,33,Male,Jeans,Clothing,29,Hawaii,L,Gray,Winter,3.1,No,Express,No,No,20,PayPal,Fortnightly,Clothing,21,0,14,29.0,0.0,11.6,12.4,15.3,9.5,False,False,4. Mid-Tier Core
123,54,Male,Dress,Clothing,68,Tennessee,L,Silver,Fall,3.8,Yes,Store Pickup,No,No,2,Venmo,Every 3 Months,Clothing,3,0,90,68.0,0.0,27.2,35.8,42.6,29.0,False,False,4. Mid-Tier Core
124,46,Male,Sneakers,Footwear,54,Wyoming,M,Charcoal,Winter,3.8,Yes,Free Shipping,No,No,20,Debit Card,Weekly,Footwear,21,0,7,54.0,0.0,21.6,27.4,32.8,22.0,False,False,4. Mid-Tier Core
125,51,Male,Backpack,Accessories,48,Nebraska,M,Green,Summer,3.7,No,Standard,No,No,23,Bank Transfer,Bi-Weekly,Accessories,24,0,14,48.0,0.0,19.2,23.8,28.6,19.0,False,False,4. Mid-Tier Core
126,59,Female,Hoodie,Clothing,27,Texas,S,Purple,Winter,3.6,No,Store Pickup,No,No,47,Cash,Fortnightly,Clothing,48,0,14,27.0,0.0,10.8,11.2,13.9,8.5,False,False,4. Mid-Tier Core
127,60,Female,Boots,Footwear,36,Indiana,L,Purple,Winter,2.6,No,Store Pickup,No,No,4,Venmo,Fortnightly,Footwear,5,0,14,36.0,0.0,14.4,16.6,20.2,13.0,False,False,4. Mid-Tier Core
128,31,Male,Jacket,Outerwear,88,South Dakota,S,Maroon,Spring,4.0,No,Express,No,No,41,Venmo,Bi-Weekly,Outerwear,42,0,14,88.0,0.0,35.2,47.8,56.6,39.0,True,True,1. High Value Organic
129,48,Female,Handbag,Accessories,87,Idaho,M,Black,Fall,4.2,No,Free Shipping,Yes,Yes,13,Venmo,Every 3 Months,Accessories,14,1,90,108.75,21.75,43.5,38.5,49.38,27.62,False,False,2. High Spend Bargain Hunter
130,18,Male,Jacket,Outerwear,73,Montana,S,Green,Winter,3.4,No,2-Day Shipping,No,No,19,PayPal,Bi-Weekly,Outerwear,20,0,14,73.0,0.0,29.2,38.8,46.1,31.5,False,True,1. High Value Organic
131,49,Male,Jewelry,Accessories,63,Iowa,S,Turquoise,Fall,4.2,No,Store Pickup,No,No,9,Credit Card,Bi-Weekly,Accessories,10,0,14,63.0,0.0,25.2,32.8,39.1,26.5,False,False,4. Mid-Tier Core
132,23,Female,Coat,Outerwear,45,North Dakota,M,Maroon,Fall,4.0,No,Next Day Air,No,No,48,Bank Transfer,Monthly,Outerwear,49,0,30,45.0,0.0,18.0,22.0,26.5,17.5,False,False,4. Mid-Tier Core
133,60,Male,Socks,Clothing,42,Illinois,S,Green,Winter,4.7,Yes,Next Day Air,No,No,15,PayPal,Bi-Weekly,Clothing,16,0,14,42.0,0.0,16.8,20.2,24.4,16.0,False,False,4. Mid-Tier Core
134,51,Male,Sunglasses,Accessories,87,Arizona,XL,Turquoise,Fall,3.3,No,Free Shipping,Yes,Yes,2,Venmo,Bi-Weekly,Accessories,3,1,14,108.75,21.75,43.5,38.5,49.38,27.62,False,False,2. High Spend Bargain Hunter
135,47,Male,Sandals,Footwear,93,Nebraska,M,Pink,Summer,2.8,No,Free Shipping,No,No,36,PayPal,Annually,Footwear,37,0,365,93.0,0.0,37.2,50.8,60.1,41.5,True,True,1. High Value Organic
136,18,Male,Gloves,Accessories,64,Maryland,S,Lavender,Summer,4.1,No,Standard,No,No,9,Cash,Fortnightly,Accessories,10,0,14,64.0,0.0,25.6,33.4,39.8,27.0,False,False,4. Mid-Tier Core
137,59,Female,Scarf,Accessories,99,Indiana,M,White,Spring,4.3,No,Free Shipping,No,No,25,Cash,Quarterly,Accessories,26,0,90,99.0,0.0,39.6,54.4,64.3,44.5,True,True,1. High Value Organic
138,67,Male,Sandals,Footwear,68,Kansas,L,Gray,Summer,3.8,Yes,2-Day Shipping,Yes,Yes,15,Credit Card,Annually,Footwear,16,1,365,85.0,17.0,34.0,29.0,37.5,20.5,False,False,3. Promo-Using Repeat
139,27,Male,Shorts,Clothing,96,North Dakota,XL,Turquoise,Summer,4.2,No,Store Pickup,No,No,39,Venmo,Fortnightly,Clothing,40,0,14,96.0,0.0,38.4,52.6,62.2,43.0,True,True,1. High Value Organic
140,63,Male,Dress,Clothing,61,Alaska,M,Black,Fall,2.7,No,Next Day Air,No,No,9,Venmo,Quarterly,Clothing,10,0,90,61.0,0.0,24.4,31.6,37.7,25.5,False,False,4. Mid-Tier Core
141,21,Male,Shirt,Clothing,79,Maine,L,Teal,Summer,4.1,No,Free Shipping,Yes,Yes,3,Bank Transfer,Annually,Clothing,4,1,365,98.75,19.75,39.5,34.5,44.38,24.62,False,False,2. High Spend Bargain Hunter
142,19,Female,Jeans,Clothing,21,Iowa,M,Maroon,Summer,3.7,Yes,Standard,Yes,Yes,36,Debit Card,Bi-Weekly,Clothing,37,1,14,26.25,5.25,10.5,5.5,8.12,2.88,False,False,3. Promo-Using Repeat
143,33,Male,Scarf,Accessories,49,Alabama,S,Peach,Fall,5.0,No,Store Pickup,Yes,Yes,45,PayPal,Quarterly,Accessories,46,1,90,61.25,12.25,24.5,19.5,25.62,13.38,False,False,3. Promo-Using Repeat
144,37,Female,Coat,Outerwear,84,New Jersey,M,Silver,Spring,2.7,No,Express,Yes,Yes,16,PayPal,Monthly,Outerwear,17,1,30,105.0,21.0,42.0,37.0,47.5,26.5,False,False,2. High Spend Bargain Hunter
145,31,Male,Hoodie,Clothing,42,Maine,M,Maroon,Summer,3.1,No,Next Day Air,No,No,23,Cash,Annually,Clothing,24,0,365,42.0,0.0,16.8,20.2,24.4,16.0,False,False,4. Mid-Tier Core
146,52,Female,Socks,Clothing,34,Nevada,M,Orange,Spring,3.8,No,Store Pickup,No,No,18,Debit Card,Quarterly,Clothing,19,0,90,34.0,0.0,13.6,15.4,18.8,12.0,False,False,4. Mid-Tier Core
147,31,Female,Backpack,Accessories,99,Montana,M,Olive,Summer,3.5,Yes,Free Shipping,No,No,35,Cash,Monthly,Accessories,36,0,30,99.0,0.0,39.6,54.4,64.3,44.5,True,True,1. High Value Organic
148,27,Female,Hoodie,Clothing,44,South Carolina,XL,Black,Winter,4.0,No,2-Day Shipping,No,No,3,Credit Card,Fortnightly,Clothing,4,0,14,44.0,0.0,17.6,21.4,25.8,17.0,False,False,4. Mid-Tier Core
149,70,Male,Shirt,Clothing,40,Idaho,M,Green,Fall,2.7,No,Standard,Yes,Yes,13,Bank Transfer,Annually,Clothing,14,1,365,50.0,10.0,20.0,15.0,20.0,10.0,False,False,3. Promo-Using Repeat
150,23,Male,Socks,Clothing,62,Maine,L,Brown,Summer,2.7,No,Free Shipping,Yes,Yes,25,Cash,Monthly,Clothing,26,1,30,77.5,15.5,31.0,26.0,33.75,18.25,False,False,3. Promo-Using Repeat
151,48,Female,Dress,Clothing,92,California,M,Turquoise,Winter,2.8,No,Next Day Air,No,No,7,PayPal,Fortnightly,Clothing,8,0,14,92.0,0.0,36.8,50.2,59.4,41.0,False,False,4. Mid-Tier Core
152,57,Female,Sandals,Footwear,71,Ohio,M,Silver,Summer,4.3,No,Store Pickup,No,No,35,Credit Card,Annually,Footwear,36,0,365,71.0,0.0,28.4,37.6,44.7,30.5,False,False,1. High Value Organic
153,54,Male,Gloves,Accessories,24,Maine,S,Magenta,Spring,4.5,No,Free Shipping,No,No,39,Debit Card,Fortnightly,Accessories,40,0,14,24.0,0.0,9.6,9.4,11.8,7.0,False,False,4. Mid-Tier Core
154,67,Male,Sunglasses,Accessories,72,North Carolina,S,White,Winter,2.8,No,2-Day Shipping,Yes,Yes,26,Bank Transfer,Annually,Accessories,27,1,365,90.0,18.0,36.0,31.0,40.0,22.0,False,False,3. Promo-Using Repeat
155,35,Male,Sweater,Clothing,71,Ohio,M,Magenta,Spring,4.7,No,Express,Yes,Yes,9,Venmo,Fortnightly,Clothing,10,1,14,88.75,17.75,35.5,30.5,39.38,21.62,False,False,3. Promo-Using Repeat
156,46,Male,Sweater,Clothing,77,Minnesota,M,Violet,Summer,4.1,No,Express,No,No,15,Venmo,Annually,Clothing,16,0,365,77.0,0.0,30.8,41.2,48.9,33.5,False,True,1. High Value Organic
157,36,Male,Boots,Footwear,63,Kentucky,M,Purple,Winter,2.6,No,Express,No,No,45,Credit Card,Quarterly,Footwear,46,0,90,63.0,0.0,25.2,32.8,39.1,26.5,False,False,1. High Value Organic
158,37,Female,Backpack,Accessories,77,Vermont,M,Violet,Fall,4.4,No,Standard,Yes,Yes,43,Cash,Bi-Weekly,Accessories,44,1,14,96.25,19.25,38.5,33.5,43.12,23.88,False,False,3. Promo-Using Repeat
159,49,Male,Sneakers,Footwear,29,Iowa,S,Peach,Fall,4.7,No,Express,No,No,9,Cash,Every 3 Months,Footwear,10,0,90,29.0,0.0,11.6,12.4,15.3,9.5,False,False,4. Mid-Tier Core
160,53,Male,Socks,Clothing,97,South Dakota,L,Beige,Spring,4.7,No,Standard,Yes,Yes,12,Credit Card,Weekly,Clothing,13,1,7,121.25,24.25,48.5,43.5,55.62,31.38,False,False,2. High Spend Bargain Hunter
161,49,Female,Gloves,Accessories,51,Alaska,L,Violet,Spring,3.3,No,Express,No,No,25,Credit Card,Monthly,Accessories,26,0,30,51.0,0.0,20.4,25.6,30.7,20.5,False,False,4. Mid-Tier Core
162,69,Male,Jewelry,Accessories,63,Alaska,M,Cyan,Fall,5.0,No,Store Pickup,Yes,Yes,39,Venmo,Annually,Accessories,40,1,365,78.75,15.75,31.5,26.5,34.38,18.62,False,False,3. Promo-Using Repeat
163,38,Female,Handbag,Accessories,40,Louisiana,L,Black,Summer,3.0,Yes,Store Pickup,No,No,22,Credit Card,Fortnightly,Accessories,23,0,14,40.0,0.0,16.0,19.0,23.0,15.0,False,False,4. Mid-Tier Core
164,30,Male,Gloves,Accessories,48,Texas,L,Red,Summer,3.7,Yes,Standard,No,No,13,Bank Transfer,Quarterly,Accessories,14,0,90,48.0,0.0,19.2,23.8,28.6,19.0,False,False,4. Mid-Tier Core
165,20,Male,Sneakers,Footwear,38,California,L,Pink,Fall,4.1,No,Free Shipping,No,No,16,Venmo,Annually,Footwear,17,0,365,38.0,0.0,15.2,17.8,21.6,14.0,False,False,4. Mid-Tier Core
166,21,Male,Sneakers,Footwear,83,Maryland,L,Gold,Winter,4.3,No,Next Day Air,No,No,2,Venmo,Bi-Weekly,Footwear,3,0,14,83.0,0.0,33.2,44.8,53.1,36.5,False,False,4. Mid-Tier Core
167,39,Female,Handbag,Accessories,77,Hawaii,L,Black,Winter,4.9,No,Next Day Air,No,No,16,Credit Card,Every 3 Months,Accessories,17,0,90,77.0,0.0,30.8,41.2,48.9,33.5,False,True,1. High Value Organic
168,36,Female,Boots,Footwear,23,Rhode Island,L,Indigo,Spring,4.0,No,2-Day Shipping,No,No,40,Debit Card,Weekly,Footwear,41,0,7,23.0,0.0,9.2,8.8,11.1,6.5,False,False,4. Mid-Tier Core
169,62,Male,Shirt,Clothing,90,Rhode Island,M,Turquoise,Fall,2.8,Yes,Standard,Yes,Yes,4,Bank Transfer,Weekly,Clothing,5,1,7,112.5,22.5,45.0,40.0,51.25,28.75,False,False,2. High Spend Bargain Hunter
170,36,Male,Socks,Clothing,41,Colorado,M,Silver,Winter,4.5,No,2-Day Shipping,No,No,36,Bank Transfer,Every 3 Months,Clothing,37,0,90,41.0,0.0,16.4,19.6,23.7,15.5,False,False,4. Mid-Tier Core
171,35,Male,Hat,Accessories,66,Arkansas,L,Yellow,Winter,2.9,No,Standard,No,No,48,Credit Card,Every 3 Months,Accessories,49,0,90,66.0,0.0,26.4,34.6,41.2,28.0,False,False,1. High Value Organic
172,28,Female,Shirt,Clothing,35,Oregon,M,Gold,Spring,2.9,No,Store Pickup,No,No,45,Bank Transfer,Fortnightly,Clothing,46,0,14,35.0,0.0,14.0,16.0,19.5,12.5,False,False,4. Mid-Tier Core
173,36,Male,Sunglasses,Accessories,65,Indiana,L,Charcoal,Fall,4.5,No,2-Day Shipping,No,No,36,Bank Transfer,Weekly,Accessories,37,0,7,65.0,0.0,26.0,34.0,40.5,27.5,False,False,1. High Value Organic
174,56,Male,Sandals,Footwear,20,Colorado,L,Silver,Winter,2.9,No,Standard,Yes,Yes,31,PayPal,Fortnightly,Footwear,32,1,14,25.0,5.0,10.0,5.0,7.5,2.5,False,False,3. Promo-Using Repeat
175,41,Male,Sandals,Footwear,49,Nevada,M,Turquoise,Summer,4.8,Yes,Store Pickup,Yes,Yes,31,Cash,Fortnightly,Footwear,32,1,14,61.25,12.25,24.5,19.5,25.62,13.38,False,False,3. Promo-Using Repeat
176,26,Male,Sunglasses,Accessories,75,Illinois,S,Violet,Winter,3.4,No,Next Day Air,Yes,Yes,7,Bank Transfer,Every 3 Months,Accessories,8,1,90,93.75,18.75,37.5,32.5,41.88,23.12,False,False,3. Promo-Using Repeat
177,28,Female,Scarf,Accessories,34,Montana,M,Teal,Fall,3.2,No,Free Shipping,Yes,Yes,21,Cash,Bi-Weekly,Accessories,22,1,14,42.5,8.5,17.0,12.0,16.25,7.75,False,False,3. Promo-Using Repeat
178,54,Male,Jeans,Clothing,38,North Dakota,XL,Teal,Winter,3.0,Yes,2-Day Shipping,No,No,4,Cash,Fortnightly,Clothing,5,0,14,38.0,0.0,15.2,17.8,21.6,14.0,False,False,4. Mid-Tier Core
179,50,Male,Shorts,Clothing,80,Idaho,M,Violet,Winter,4.5,No,Free Shipping,No,No,6,Bank Transfer,Monthly,Clothing,7,0,30,80.0,0.0,32.0,43.0,51.0,35.0,False,False,4. Mid-Tier Core
180,38,Male,Sweater,Clothing,41,Maine,S,Peach,Fall,3.7,No,Standard,No,No,24,Bank Transfer,Annually,Clothing,25,0,365,41.0,0.0,16.4,19.6,23.7,15.5,False,False,4. Mid-Tier Core
181,68,Female,Shoes,Footwear,83,Alaska,M,Orange,Spring,3.3,No,Store Pickup,No,No,15,Debit Card,Every 3 Months,Footwear,16,0,90,83.0,0.0,33.2,44.8,53.1,36.5,False,True,1. High Value Organic
182,31,Male,Gloves,Accessories,59,Tennessee,L,Maroon,Winter,2.7,No,Standard,Yes,Yes,33,Cash,Annually,Accessories,34,1,365,73.75,14.75,29.5,24.5,31.88,17.12,False,False,3. Promo-Using Repeat
183,69,Male,Jeans,Clothing,69,Illinois,L,Brown,Summer,3.0,No,Standard,Yes,Yes,28,Venmo,Annually,Clothing,29,1,365,86.25,17.25,34.5,29.5,38.12,20.88,False,False,3. Promo-Using Repeat
184,26,Male,Sneakers,Footwear,67,Minnesota,M,Orange,Spring,4.5,No,Next Day Air,No,No,45,Credit Card,Quarterly,Footwear,46,0,90,67.0,0.0,26.8,35.2,41.9,28.5,False,False,1. High Value Organic
185,55,Male,Socks,Clothing,20,Louisiana,L,Peach,Summer,3.3,No,Store Pickup,Yes,Yes,19,Venmo,Annually,Clothing,20,1,365,25.0,5.0,10.0,5.0,7.5,2.5,False,False,3. Promo-Using Repeat
186,33,Female,Dress,Clothing,40,New Jersey,L,White,Fall,4.7,No,Next Day Air,No,No,5,Venmo,Quarterly,Clothing,6,0,90,40.0,0.0,16.0,19.0,23.0,15.0,False,False,4. Mid-Tier Core
187,37,Female,Blouse,Clothing,24,Kansas,M,Olive,Fall,4.8,Yes,Standard,Yes,Yes,44,Venmo,Quarterly,Clothing,45,1,90,30.0,6.0,12.0,7.0,10.0,4.0,False,False,3. Promo-Using Repeat
188,61,Male,Sweater,Clothing,22,Hawaii,M,Peach,Winter,2.8,Yes,Express,No,No,21,Credit Card,Annually,Clothing,22,0,365,22.0,0.0,8.8,8.2,10.4,6.0,False,False,4. Mid-Tier Core
189,64,Male,Sweater,Clothing,94,California,M,Yellow,Winter,4.6,No,Next Day Air,Yes,Yes,35,Venmo,Annually,Clothing,36,1,365,117.5,23.5,47.0,42.0,53.75,30.25,True,False,2. High Spend Bargain Hunter
190,52,Female,Pants,Clothing,47,Nebraska,S,Orange,Fall,5.0,Yes,Next Day Air,Yes,Yes,4,Cash,Fortnightly,Clothing,5,1,14,58.75,11.75,23.5,18.5,24.38,12.62,False,False,3. Promo-Using Repeat
191,38,Male,Scarf,Accessories,72,New Hampshire,XL,Cyan,Summer,4.5,Yes,Free Shipping,Yes,Yes,33,Bank Transfer,Quarterly,Accessories,34,1,90,90.0,18.0,36.0,31.0,40.0,22.0,False,False,3. Promo-Using Repeat
192,51,Male,Boots,Footwear,57,New Hampshire,L,Purple,Spring,3.5,No,Store Pickup,Yes,Yes,20,Venmo,Fortnightly,Footwear,21,1,14,71.25,14.25,28.5,23.5,30.62,16.38,False,False,3. Promo-Using Repeat
193,43,Female,Coat,Outerwear,41,Oklahoma,XL,Turquoise,Spring,4.2,No,2-Day Shipping,No,No,7,Bank Transfer,Every 3 Months,Outerwear,8,0,90,41.0,0.0,16.4,19.6,23.7,15.5,False,False,4. Mid-Tier Core
194,36,Female,Handbag,Accessories,33,Iowa,S,White,Fall,3.2,Yes,Express,Yes,Yes,25,Bank Transfer,Quarterly,Accessories,26,1,90,41.25,8.25,16.5,11.5,15.62,7.38,False,False,3. Promo-Using Repeat
195,31,Female,Belt,Accessories,87,Rhode Island,L,Maroon,Winter,3.3,No,2-Day Shipping,Yes,Yes,49,Bank Transfer,Annually,Accessories,50,1,365,108.75,21.75,43.5,38.5,49.38,27.62,True,False,2. High Spend Bargain Hunter
196,63,Female,Jeans,Clothing,40,Oregon,M,Charcoal,Summer,3.7,No,Express,Yes,Yes,9,PayPal,Quarterly,Clothing,10,1,90,50.0,10.0,20.0,15.0,20.0,10.0,False,False,3. Promo-Using Repeat
197,49,Male,Hat,Accessories,64,California,M,Teal,Spring,3.6,No,Express,Yes,Yes,19,Cash,Annually,Accessories,20,1,365,80.0,16.0,32.0,27.0,35.0,19.0,False,False,3. Promo-Using Repeat
198,68,Male,Gloves,Accessories,48,Rhode Island,L,White,Spring,4.5,No,Standard,No,No,2,Cash,Quarterly,Accessories,3,0,90,48.0,0.0,19.2,23.8,28.6,19.0,False,False,4. Mid-Tier Core
199,25,Male,Boots,Footwear,25,Nevada,M,Cyan,Winter,3.7,Yes,Next Day Air,No,No,42,Venmo,Fortnightly,Footwear,43,0,14,25.0,0.0,10.0,10.0,12.5,7.5,False,False,4. Mid-Tier Core
200,57,Male,Sunglasses,Accessories,67,Florida,M,Lavender,Winter,2.5,Yes,Store Pickup,No,No,8,Credit Card,Annually,Accessories,9,0,365,67.0,0.0,26.8,35.2,41.9,28.5,False,False,4. Mid-Tier Core
201,38,Male,Blouse,Clothing,83,Maryland,M,Olive,Winter,4.5,No,Express,Yes,Yes,24,Debit Card,Quarterly,Clothing,25,1,90,103.75,20.75,41.5,36.5,46.88,26.12,True,False,2. High Spend Bargain Hunter
202,56,Male,Shorts,Clothing,30,Oklahoma,M,Black,Winter,3.5,No,Standard,No,No,8,Debit Card,Bi-Weekly,Clothing,9,0,14,30.0,0.0,12.0,13.0,16.0,10.0,False,False,4. Mid-Tier Core
203,65,Male,Sunglasses,Accessories,88,Louisiana,L,Black,Summer,4.3,No,Express,No,No,47,PayPal,Weekly,Accessories,48,0,7,88.0,0.0,35.2,47.8,56.6,39.0,True,True,1. High Value Organic
204,47,Female,Socks,Clothing,55,North Carolina,S,Green,Fall,3.9,No,Standard,Yes,Yes,15,Venmo,Every 3 Months,Clothing,16,1,90,68.75,13.75,27.5,22.5,29.38,15.62,False,False,3. Promo-Using Repeat
205,58,Male,Sweater,Clothing,70,Arkansas,M,Black,Spring,2.8,Yes,Standard,No,No,3,PayPal,Monthly,Clothing,4,0,30,70.0,0.0,28.0,37.0,44.0,30.0,False,False,4. Mid-Tier Core
206,55,Female,Belt,Accessories,59,Maine,S,Teal,Summer,3.6,Yes,Free Shipping,No,No,37,Debit Card,Monthly,Accessories,38,0,30,59.0,0.0,23.6,30.4,36.3,24.5,False,False,1. High Value Organic
207,42,Female,Hat,Accessories,57,Tennessee,M,Violet,Spring,3.5,Yes,Express,Yes,Yes,38,Cash,Monthly,Accessories,39,1,30,71.25,14.25,28.5,23.5,30.62,16.38,False,False,3. Promo-Using Repeat
208,20,Male,Skirt,Clothing,63,New York,L,Beige,Fall,4.7,Yes,Next Day Air,No,No,36,PayPal,Fortnightly,Clothing,37,0,14,63.0,0.0,25.2,32.8,39.1,26.5,False,False,1. High Value Organic
209,45,Male,Backpack,Accessories,87,Georgia,L,Gray,Summer,2.9,Yes,Standard,Yes,Yes,18,PayPal,Quarterly,Accessories,19,1,90,108.75,21.75,43.5,38.5,49.38,27.62,False,False,2. High Spend Bargain Hunter
210,44,Male,Dress,Clothing,68,Iowa,L,Purple,Spring,4.6,No,Store Pickup,Yes,Yes,1,PayPal,Fortnightly,Clothing,2,1,14,85.0,17.0,34.0,29.0,37.5,20.5,False,False,3. Promo-Using Repeat
211,47,Male,Sunglasses,Accessories,78,Massachusetts,XL,White,Spring,2.6,Yes,Next Day Air,No,No,42,Credit Card,Weekly,Accessories,43,0,7,78.0,0.0,31.2,41.8,49.6,34.0,False,True,1. High Value Organic
212,32,Male,Shirt,Clothing,61,Georgia,L,Charcoal,Spring,3.4,No,Store Pickup,No,No,4,Cash,Annually,Clothing,5,0,365,61.0,0.0,24.4,31.6,37.7,25.5,False,False,4. Mid-Tier Core
213,30,Male,Handbag,Accessories,36,Alaska,M,White,Winter,2.9,No,Free Shipping,No,No,45,Bank Transfer,Bi-Weekly,Accessories,46,0,14,36.0,0.0,14.4,16.6,20.2,13.0,False,False,4. Mid-Tier Core
214,59,Female,Boots,Footwear,70,Texas,M,Teal,Winter,4.9,No,Next Day Air,No,No,1,PayPal,Every 3 Months,Footwear,2,0,90,70.0,0.0,28.0,37.0,44.0,30.0,False,False,4. Mid-Tier Core
215,30,Male,Backpack,Accessories,30,Utah,M,Cyan,Summer,4.7,No,Express,No,No,24,Cash,Quarterly,Accessories,25,0,90,30.0,0.0,12.0,13.0,16.0,10.0,False,False,4. Mid-Tier Core
216,25,Male,Sneakers,Footwear,36,Georgia,M,Brown,Summer,4.9,No,Next Day Air,No,No,45,PayPal,Monthly,Footwear,46,0,30,36.0,0.0,14.4,16.6,20.2,13.0,False,False,4. Mid-Tier Core
217,56,Male,Belt,Accessories,100,Florida,M,Teal,Spring,2.9,No,Standard,No,No,44,PayPal,Monthly,Accessories,45,0,30,100.0,0.0,40.0,55.0,65.0,45.0,True,True,1. High Value Organic
218,55,Male,Boots,Footwear,81,Colorado,M,Violet,Fall,3.7,No,Next Day Air,Yes,Yes,14,Credit Card,Weekly,Footwear,15,1,7,101.25,20.25,40.5,35.5,45.62,25.38,False,False,2. High Spend Bargain Hunter
219,64,Male,Jacket,Outerwear,54,West Virginia,S,Lavender,Winter,4.1,No,Next Day Air,No,No,38,Credit Card,Quarterly,Outerwear,39,0,90,54.0,0.0,21.6,27.4,32.8,22.0,False,False,4. Mid-Tier Core
220,63,Male,Sneakers,Footwear,99,Alaska,XL,Yellow,Summer,4.7,No,Store Pickup,No,No,21,PayPal,Weekly,Footwear,22,0,7,99.0,0.0,39.6,54.4,64.3,44.5,True,True,1. High Value Organic
221,47,Female,Handbag,Accessories,66,Kansas,XL,Purple,Spring,4.6,No,Next Day Air,Yes,Yes,1,PayPal,Fortnightly,Accessories,2,1,14,82.5,16.5,33.0,28.0,36.25,19.75,False,False,3. Promo-Using Repeat
222,54,Male,Sneakers,Footwear,27,Oregon,L,Olive,Summer,4.7,No,Express,No,No,34,Bank Transfer,Monthly,Footwear,35,0,30,27.0,0.0,10.8,11.2,13.9,8.5,False,False,4. Mid-Tier Core
223,55,Male,Sandals,Footwear,91,Massachusetts,L,Lavender,Winter,4.2,Yes,Next Day Air,Yes,Yes,38,Cash,Fortnightly,Footwear,39,1,14,113.75,22.75,45.5,40.5,51.88,29.12,True,False,2. High Spend Bargain Hunter
224,33,Male,Boots,Footwear,85,Maine,L,Indigo,Summer,3.0,No,Next Day Air,No,No,8,Bank Transfer,Monthly,Footwear,9,0,30,85.0,0.0,34.0,46.0,54.5,37.5,False,False,4. Mid-Tier Core
225,46,Male,Boots,Footwear,58,Kentucky,M,Magenta,Winter,4.0,No,Express,No,No,25,Bank Transfer,Every 3 Months,Footwear,26,0,90,58.0,0.0,23.2,29.8,35.6,24.0,False,False,1. High Value Organic
226,49,Male,Hat,Accessories,29,Utah,M,Orange,Fall,4.2,Yes,Standard,No,No,46,PayPal,Bi-Weekly,Accessories,47,0,14,29.0,0.0,11.6,12.4,15.3,9.5,False,False,4. Mid-Tier Core
227,47,Male,Backpack,Accessories,96,California,L,Teal,Summer,2.9,No,Free Shipping,Yes,Yes,11,Venmo,Annually,Accessories,12,1,365,120.0,24.0,48.0,43.0,55.0,31.0,False,False,2. High Spend Bargain Hunter
228,48,Male,Hat,Accessories,45,North Carolina,M,Silver,Winter,2.7,No,Express,Yes,Yes,6,Debit Card,Annually,Accessories,7,1,365,56.25,11.25,22.5,17.5,23.12,11.88,False,False,3. Promo-Using Repeat
229,45,Male,Jewelry,Accessories,84,Illinois,M,Maroon,Fall,3.9,No,Next Day Air,Yes,Yes,13,Credit Card,Fortnightly,Accessories,14,1,14,105.0,21.0,42.0,37.0,47.5,26.5,False,False,2. High Spend Bargain Hunter
230,29,Male,Shirt,Clothing,36,California,M,Gray,Fall,4.1,No,Free Shipping,Yes,Yes,47,Debit Card,Bi-Weekly,Clothing,48,1,14,45.0,9.0,18.0,13.0,17.5,8.5,False,False,3. Promo-Using Repeat
231,50,Male,Dress,Clothing,30,Mississippi,L,Olive,Winter,3.7,No,2-Day Shipping,No,No,42,Venmo,Bi-Weekly,Clothing,43,0,14,30.0,0.0,12.0,13.0,16.0,10.0,False,False,4. Mid-Tier Core
232,45,Female,Gloves,Accessories,66,North Carolina,L,Turquoise,Fall,2.5,No,2-Day Shipping,No,No,18,Debit Card,Bi-Weekly,Accessories,19,0,14,66.0,0.0,26.4,34.6,41.2,28.0,False,False,1. High Value Organic
233,33,Male,Sandals,Footwear,57,Arkansas,L,Yellow,Winter,4.5,No,2-Day Shipping,No,No,34,Venmo,Every 3 Months,Footwear,35,0,90,57.0,0.0,22.8,29.2,34.9,23.5,False,False,1. High Value Organic
234,45,Female,Sandals,Footwear,63,Texas,L,Yellow,Spring,3.9,Yes,Next Day Air,No,No,35,Debit Card,Fortnightly,Footwear,36,0,14,63.0,0.0,25.2,32.8,39.1,26.5,False,False,1. High Value Organic
235,27,Male,Hat,Accessories,66,Missouri,S,Charcoal,Spring,3.3,Yes,Standard,Yes,Yes,14,Cash,Quarterly,Accessories,15,1,90,82.5,16.5,33.0,28.0,36.25,19.75,False,False,3. Promo-Using Repeat
236,55,Male,Jewelry,Accessories,73,Colorado,L,White,Spring,3.8,No,Standard,No,No,28,Venmo,Annually,Accessories,29,0,365,73.0,0.0,29.2,38.8,46.1,31.5,False,True,1. High Value Organic
237,70,Male,Skirt,Clothing,66,New Jersey,M,Charcoal,Spring,3.6,No,Express,Yes,Yes,33,Cash,Every 3 Months,Clothing,34,1,90,82.5,16.5,33.0,28.0,36.25,19.75,False,False,3. Promo-Using Repeat
238,29,Male,Hoodie,Clothing,62,Utah,M,White,Summer,4.2,No,Express,No,No,23,Venmo,Bi-Weekly,Clothing,24,0,14,62.0,0.0,24.8,32.2,38.4,26.0,False,False,1. High Value Organic
239,57,Male,Gloves,Accessories,48,Idaho,M,Lavender,Summer,2.6,No,Standard,Yes,Yes,26,Venmo,Every 3 Months,Accessories,27,1,90,60.0,12.0,24.0,19.0,25.0,13.0,False,False,3. Promo-Using Repeat
240,37,Male,Sneakers,Footwear,34,Alaska,S,Olive,Winter,3.1,Yes,Free Shipping,No,No,26,Venmo,Weekly,Footwear,27,0,7,34.0,0.0,13.6,15.4,18.8,12.0,False,False,4. Mid-Tier Core
241,30,Female,Sunglasses,Accessories,87,Vermont,L,Violet,Winter,3.4,No,Store Pickup,Yes,Yes,47,Venmo,Monthly,Accessories,48,1,30,108.75,21.75,43.5,38.5,49.38,27.62,True,False,2. High Spend Bargain Hunter
242,67,Male,Socks,Clothing,71,South Dakota,M,Yellow,Winter,4.9,No,2-Day Shipping,No,No,21,Bank Transfer,Bi-Weekly,Clothing,22,0,14,71.0,0.0,28.4,37.6,44.7,30.5,False,False,1. High Value Organic
243,39,Female,Shirt,Clothing,97,Missouri,M,Turquoise,Spring,4.7,No,2-Day Shipping,Yes,Yes,43,PayPal,Fortnightly,Clothing,44,1,14,121.25,24.25,48.5,43.5,55.62,31.38,True,False,2. High Spend Bargain Hunter
244,30,Male,Hat,Accessories,47,Wyoming,S,White,Summer,3.7,No,Next Day Air,No,No,26,Bank Transfer,Fortnightly,Accessories,27,0,14,47.0,0.0,18.8,23.2,27.9,18.5,False,False,4. Mid-Tier Core
245,42,Female,Skirt,Clothing,74,Iowa,M,Silver,Fall,4.6,No,2-Day Shipping,Yes,Yes,34,Venmo,Quarterly,Clothing,35,1,90,92.5,18.5,37.0,32.0,41.25,22.75,False,False,3. Promo-Using Repeat
246,19,Female,Dress,Clothing,27,Delaware,L,White,Summer,3.1,No,Express,No,No,20,Cash,Monthly,Clothing,21,0,30,27.0,0.0,10.8,11.2,13.9,8.5,False,False,4. Mid-Tier Core
247,54,Male,Gloves,Accessories,47,Maryland,L,Magenta,Fall,4.5,Yes,Next Day Air,No,No,22,Debit Card,Quarterly,Accessories,23,0,90,47.0,0.0,18.8,23.2,27.9,18.5,False,False,4. Mid-Tier Core
248,61,Male,Jewelry,Accessories,29,Utah,M,Indigo,Summer,4.8,No,Express,Yes,Yes,29,Venmo,Quarterly,Accessories,30,1,90,36.25,7.25,14.5,9.5,13.12,5.88,False,False,3. Promo-Using Repeat
249,47,Female,Hoodie,Clothing,97,Mississippi,L,Orange,Winter,3.9,No,Standard,Yes,Yes,1,Cash,Fortnightly,Clothing,2,1,14,121.25,24.25,48.5,43.5,55.62,31.38,False,False,2. High Spend Bargain Hunter
250,40,Male,Sunglasses,Accessories,94,South Dakota,S,Gray,Winter,2.9,No,Express,No,No,29,PayPal,Bi-Weekly,Accessories,30,0,14,94.0,0.0,37.6,51.4,60.8,42.0,True,True,1. High Value Organic
251,38,Male,Dress,Clothing,45,Oklahoma,S,Pink,Summer,4.8,No,2-Day Shipping,No,No,21,Bank Transfer,Annually,Clothing,22,0,365,45.0,0.0,18.0,22.0,26.5,17.5,False,False,4. Mid-Tier Core
252,32,Male,Boots,Footwear,27,South Dakota,M,Peach,Summer,2.6,No,Next Day Air,No,No,4,Cash,Every 3 Months,Footwear,5,0,90,27.0,0.0,10.8,11.2,13.9,8.5,False,False,4. Mid-Tier Core
253,20,Male,Jeans,Clothing,46,Minnesota,S,White,Spring,4.4,No,Standard,No,No,3,Cash,Fortnightly,Clothing,4,0,14,46.0,0.0,18.4,22.6,27.2,18.0,False,False,4. Mid-Tier Core
254,69,Male,Hat,Accessories,88,Vermont,S,Olive,Winter,4.0,Yes,Store Pickup,No,No,37,Venmo,Weekly,Accessories,38,0,7,88.0,0.0,35.2,47.8,56.6,39.0,True,True,1. High Value Organic
255,55,Male,Coat,Outerwear,22,Nevada,L,Teal,Spring,4.3,No,Express,Yes,Yes,5,Debit Card,Every 3 Months,Outerwear,6,1,90,27.5,5.5,11.0,6.0,8.75,3.25,False,False,3. Promo-Using Repeat
256,54,Female,Socks,Clothing,46,New Hampshire,S,Peach,Summer,5.0,No,Store Pickup,No,No,21,Bank Transfer,Bi-Weekly,Clothing,22,0,14,46.0,0.0,18.4,22.6,27.2,18.0,False,False,4. Mid-Tier Core
257,48,Female,Coat,Outerwear,51,Idaho,L,Olive,Winter,4.9,Yes,Express,No,No,17,PayPal,Annually,Outerwear,18,0,365,51.0,0.0,20.4,25.6,30.7,20.5,False,False,4. Mid-Tier Core
258,38,Male,Scarf,Accessories,84,North Dakota,S,Cyan,Winter,3.6,Yes,Next Day Air,No,No,6,Venmo,Every 3 Months,Accessories,7,0,90,84.0,0.0,33.6,45.4,53.8,37.0,False,False,4. Mid-Tier Core
259,34,Male,Boots,Footwear,60,Ohio,S,Silver,Spring,4.2,Yes,Express,Yes,Yes,49,PayPal,Every 3 Months,Footwear,50,1,90,75.0,15.0,30.0,25.0,32.5,17.5,False,False,3. Promo-Using Repeat
260,18,Male,Sunglasses,Accessories,34,Utah,L,White,Spring,2.5,No,Next Day Air,No,No,40,Bank Transfer,Weekly,Accessories,41,0,7,34.0,0.0,13.6,15.4,18.8,12.0,False,False,4. Mid-Tier Core
261,21,Male,Blouse,Clothing,48,Oklahoma,L,Gray,Winter,3.9,No,2-Day Shipping,No,No,27,Bank Transfer,Bi-Weekly,Clothing,28,0,14,48.0,0.0,19.2,23.8,28.6,19.0,False,False,4. Mid-Tier Core
262,52,Female,Pants,Clothing,99,Illinois,L,Orange,Summer,3.3,No,Store Pickup,No,No,37,Bank Transfer,Every 3 Months,Clothing,38,0,90,99.0,0.0,39.6,54.4,64.3,44.5,True,True,1. High Value Organic
263,36,Male,Jeans,Clothing,99,Louisiana,S,Cyan,Fall,3.2,No,Next Day Air,No,No,12,Venmo,Monthly,Clothing,13,0,30,99.0,0.0,39.6,54.4,64.3,44.5,False,False,1. High Value Organic
264,45,Male,Blouse,Clothing,78,South Carolina,M,Peach,Winter,4.2,No,Free Shipping,No,No,30,PayPal,Fortnightly,Clothing,31,0,14,78.0,0.0,31.2,41.8,49.6,34.0,False,True,1. High Value Organic
265,24,Male,Sunglasses,Accessories,33,California,M,Yellow,Winter,2.8,No,Free Shipping,No,No,10,Venmo,Fortnightly,Accessories,11,0,14,33.0,0.0,13.2,14.8,18.1,11.5,False,False,4. Mid-Tier Core
266,46,Female,Coat,Outerwear,85,Wyoming,M,Olive,Winter,3.0,No,Express,Yes,Yes,27,Venmo,Annually,Outerwear,28,1,365,106.25,21.25,42.5,37.5,48.12,26.88,True,False,2. High Spend Bargain Hunter
267,27,Male,Shorts,Clothing,54,Alabama,L,Indigo,Spring,4.2,Yes,Next Day Air,Yes,Yes,29,Bank Transfer,Annually,Clothing,30,1,365,67.5,13.5,27.0,22.0,28.75,15.25,False,False,3. Promo-Using Repeat
268,61,Male,Handbag,Accessories,85,New Jersey,L,Yellow,Summer,3.4,No,Express,Yes,Yes,33,Bank Transfer,Fortnightly,Accessories,34,1,14,106.25,21.25,42.5,37.5,48.12,26.88,True,False,2. High Spend Bargain Hunter
269,19,Female,Sandals,Footwear,84,Oklahoma,S,Gold,Winter,4.9,No,2-Day Shipping,Yes,Yes,22,PayPal,Weekly,Footwear,23,1,7,105.0,21.0,42.0,37.0,47.5,26.5,True,False,2. High Spend Bargain Hunter
270,18,Male,Jewelry,Accessories,87,Montana,M,White,Summer,4.9,No,2-Day Shipping,Yes,Yes,46,Cash,Monthly,Accessories,47,1,30,108.75,21.75,43.5,38.5,49.38,27.62,True,False,2. High Spend Bargain Hunter
271,27,Male,Pants,Clothing,73,Kansas,L,Magenta,Summer,4.5,No,Standard,No,No,29,Credit Card,Fortnightly,Clothing,30,0,14,73.0,0.0,29.2,38.8,46.1,31.5,False,True,1. High Value Organic
272,34,Male,Jacket,Outerwear,60,Maryland,L,Lavender,Fall,4.1,No,Standard,No,No,47,Venmo,Fortnightly,Outerwear,48,0,14,60.0,0.0,24.0,31.0,37.0,25.0,False,False,1. High Value Organic
273,65,Female,Dress,Clothing,94,Massachusetts,M,Gray,Summer,4.0,No,Free Shipping,Yes,Yes,18,Bank Transfer,Every 3 Months,Clothing,19,1,90,117.5,23.5,47.0,42.0,53.75,30.25,False,False,2. High Spend Bargain Hunter
274,30,Female,Jacket,Outerwear,22,Missouri,M,Beige,Fall,5.0,No,Store Pickup,No,No,42,Venmo,Fortnightly,Outerwear,43,0,14,22.0,0.0,8.8,8.2,10.4,6.0,False,False,4. Mid-Tier Core
275,56,Male,Shirt,Clothing,47,South Carolina,L,Olive,Spring,4.5,No,2-Day Shipping,No,No,43,Credit Card,Annually,Clothing,44,0,365,47.0,0.0,18.8,23.2,27.9,18.5,False,False,4. Mid-Tier Core
276,53,Male,Shirt,Clothing,56,New York,S,Maroon,Summer,3.2,No,Express,Yes,Yes,13,PayPal,Monthly,Clothing,14,1,30,70.0,14.0,28.0,23.0,30.0,16.0,False,False,3. Promo-Using Repeat
277,41,Female,Shorts,Clothing,98,Kentucky,L,Black,Spring,4.1,Yes,Store Pickup,Yes,Yes,21,Debit Card,Bi-Weekly,Clothing,22,1,14,122.5,24.5,49.0,44.0,56.25,31.75,True,False,2. High Spend Bargain Hunter
278,38,Female,Hat,Accessories,86,Florida,M,White,Winter,2.5,No,Next Day Air,Yes,Yes,42,Venmo,Bi-Weekly,Accessories,43,1,14,107.5,21.5,43.0,38.0,48.75,27.25,True,False,2. High Spend Bargain Hunter
279,62,Male,Hoodie,Clothing,51,Alaska,L,Black,Spring,3.4,No,Express,No,No,49,Debit Card,Bi-Weekly,Clothing,50,0,14,51.0,0.0,20.4,25.6,30.7,20.5,False,False,4. Mid-Tier Core
280,62,Male,Handbag,Accessories,41,South Dakota,L,Gold,Summer,4.6,No,Next Day Air,Yes,Yes,30,Venmo,Every 3 Months,Accessories,31,1,90,51.25,10.25,20.5,15.5,20.62,10.38,False,False,3. Promo-Using Repeat
281,64,Male,Gloves,Accessories,32,Alaska,L,Green,Fall,2.8,Yes,2-Day Shipping,Yes,Yes,2,Debit Card,Monthly,Accessories,3,1,30,40.0,8.0,16.0,11.0,15.0,7.0,False,False,3. Promo-Using Repeat
282,39,Male,Skirt,Clothing,49,Mississippi,M,Gold,Summer,3.1,No,Standard,No,No,36,Cash,Fortnightly,Clothing,37,0,14,49.0,0.0,19.6,24.4,29.3,19.5,False,False,4. Mid-Tier Core
283,31,Male,Shoes,Footwear,66,Oklahoma,M,Indigo,Fall,5.0,No,Express,No,No,33,Credit Card,Quarterly,Footwear,34,0,90,66.0,0.0,26.4,34.6,41.2,28.0,False,False,1. High Value Organic
284,59,Male,Shoes,Footwear,69,Idaho,M,Yellow,Winter,4.1,No,2-Day Shipping,Yes,Yes,48,Venmo,Bi-Weekly,Footwear,49,1,14,86.25,17.25,34.5,29.5,38.12,20.88,False,False,3. Promo-Using Repeat
285,43,Male,Shorts,Clothing,32,Oregon,L,Turquoise,Summer,4.4,No,Express,Yes,Yes,49,Bank Transfer,Fortnightly,Clothing,50,1,14,40.0,8.0,16.0,11.0,15.0,7.0,False,False,3. Promo-Using Repeat
286,20,Male,Dress,Clothing,51,Indiana,M,Yellow,Fall,4.2,No,2-Day Shipping,Yes,Yes,22,Venmo,Quarterly,Clothing,23,1,90,63.75,12.75,25.5,20.5,26.88,14.12,False,False,3. Promo-Using Repeat
287,58,Male,Skirt,Clothing,48,Oklahoma,L,Olive,Winter,3.7,Yes,Store Pickup,Yes,Yes,30,Venmo,Weekly,Clothing,31,1,7,60.0,12.0,24.0,19.0,25.0,13.0,False,False,3. Promo-Using Repeat
288,19,Male,Jacket,Outerwear,41,Wyoming,M,Purple,Fall,4.6,No,Express,Yes,Yes,45,Cash,Weekly,Outerwear,46,1,7,51.25,10.25,20.5,15.5,20.62,10.38,False,False,3. Promo-Using Repeat
289,32,Male,Sunglasses,Accessories,86,Oklahoma,S,Black,Fall,4.0,No,Standard,No,No,11,Cash,Every 3 Months,Accessories,12,0,90,86.0,0.0,34.4,46.6,55.2,38.0,False,False,1. High Value Organic
290,47,Male,Dress,Clothing,81,West Virginia,S,Maroon,Winter,2.8,Yes,Standard,No,No,8,Venmo,Weekly,Clothing,9,0,7,81.0,0.0,32.4,43.6,51.7,35.5,False,False,4. Mid-Tier Core
291,56,Male,Sneakers,Footwear,100,Kansas,L,Teal,Winter,3.5,No,Standard,No,No,6,Debit Card,Weekly,Footwear,7,0,7,100.0,0.0,40.0,55.0,65.0,45.0,False,False,4. Mid-Tier Core
292,48,Male,Hat,Accessories,83,Indiana,L,Charcoal,Winter,4.1,Yes,Free Shipping,Yes,Yes,13,Credit Card,Monthly,Accessories,14,1,30,103.75,20.75,41.5,36.5,46.88,26.12,False,False,2. High Spend Bargain Hunter
293,57,Male,Pants,Clothing,21,New Jersey,L,Gold,Fall,4.4,No,Free Shipping,Yes,Yes,2,Cash,Annually,Clothing,3,1,365,26.25,5.25,10.5,5.5,8.12,2.88,False,False,3. Promo-Using Repeat
294,35,Female,Jacket,Outerwear,81,Iowa,M,Turquoise,Spring,4.4,Yes,Store Pickup,No,No,45,PayPal,Bi-Weekly,Outerwear,46,0,14,81.0,0.0,32.4,43.6,51.7,35.5,True,True,1. High Value Organic
295,53,Female,Dress,Clothing,93,Nebraska,L,Green,Fall,3.7,No,Standard,Yes,Yes,37,PayPal,Annually,Clothing,38,1,365,116.25,23.25,46.5,41.5,53.12,29.88,True,False,2. High Spend Bargain Hunter
296,18,Male,Blouse,Clothing,41,Wyoming,M,Turquoise,Summer,3.9,Yes,Free Shipping,No,No,48,Bank Transfer,Fortnightly,Clothing,49,0,14,41.0,0.0,16.4,19.6,23.7,15.5,False,False,4. Mid-Tier Core
297,57,Female,Backpack,Accessories,90,Minnesota,L,Red,Spring,4.4,No,2-Day Shipping,Yes,Yes,38,Credit Card,Annually,Accessories,39,1,365,112.5,22.5,45.0,40.0,51.25,28.75,True,False,2. High Spend Bargain Hunter
298,48,Female,Skirt,Clothing,80,Missouri,S,Turquoise,Summer,2.6,No,Express,Yes,Yes,35,PayPal,Quarterly,Clothing,36,1,90,100.0,20.0,40.0,35.0,45.0,25.0,True,False,2. High Spend Bargain Hunter
299,28,Male,Belt,Accessories,67,Kansas,S,Black,Fall,4.1,No,Next Day Air,No,No,35,Credit Card,Bi-Weekly,Accessories,36,0,14,67.0,0.0,26.8,35.2,41.9,28.5,False,False,1. High Value Organic
300,36,Male,Belt,Accessories,80,Ohio,L,Violet,Spring,4.3,No,Standard,Yes,Yes,48,Credit Card,Every 3 Months,Accessories,49,1,90,100.0,20.0,40.0,35.0,45.0,25.0,True,False,2. High Spend Bargain Hunter
301,51,Male,Backpack,Accessories,88,Oregon,XL,Teal,Spring,4.1,No,Standard,Yes,Yes,38,Venmo,Monthly,Accessories,39,1,30,110.0,22.0,44.0,39.0,50.0,28.0,True,False,2. High Spend Bargain Hunter
302,35,Male,Dress,Clothing,73,North Carolina,S,Violet,Winter,4.1,Yes,Next Day Air,No,No,25,Venmo,Monthly,Clothing,26,0,30,73.0,0.0,29.2,38.8,46.1,31.5,False,True,1. High Value Organic
303,18,Male,Shoes,Footwear,23,Kentucky,S,Teal,Spring,3.6,No,2-Day Shipping,No,No,46,Bank Transfer,Weekly,Footwear,47,0,7,23.0,0.0,9.2,8.8,11.1,6.5,False,False,4. Mid-Tier Core
304,50,Male,Hoodie,Clothing,62,New York,L,Yellow,Fall,4.9,No,Free Shipping,No,No,30,Debit Card,Bi-Weekly,Clothing,31,0,14,62.0,0.0,24.8,32.2,38.4,26.0,False,False,1. High Value Organic
305,55,Male,Sweater,Clothing,73,Indiana,L,Teal,Fall,4.0,No,2-Day Shipping,No,No,40,Cash,Monthly,Clothing,41,0,30,73.0,0.0,29.2,38.8,46.1,31.5,False,True,1. High Value Organic
306,69,Male,Hat,Accessories,65,Illinois,M,Lavender,Summer,4.7,Yes,2-Day Shipping,No,No,23,Venmo,Quarterly,Accessories,24,0,90,65.0,0.0,26.0,34.0,40.5,27.5,False,False,1. High Value Organic
307,59,Female,Jacket,Outerwear,76,Louisiana,XL,Magenta,Spring,2.8,No,2-Day Shipping,Yes,Yes,12,Venmo,Fortnightly,Outerwear,13,1,14,95.0,19.0,38.0,33.0,42.5,23.5,False,False,3. Promo-Using Repeat
308,36,Male,Shoes,Footwear,69,Montana,M,Maroon,Summer,3.7,Yes,Free Shipping,No,No,32,PayPal,Every 3 Months,Footwear,33,0,90,69.0,0.0,27.6,36.4,43.3,29.5,False,False,1. High Value Organic
309,54,Female,Sneakers,Footwear,59,Louisiana,M,Indigo,Summer,4.5,No,2-Day Shipping,No,No,30,PayPal,Weekly,Footwear,31,0,7,59.0,0.0,23.6,30.4,36.3,24.5,False,False,1. High Value Organic
310,53,Male,Shorts,Clothing,55,Georgia,S,White,Summer,4.4,Yes,Store Pickup,Yes,Yes,2,Credit Card,Annually,Clothing,3,1,365,68.75,13.75,27.5,22.5,29.38,15.62,False,False,3. Promo-Using Repeat
311,22,Male,Dress,Clothing,29,Minnesota,M,Indigo,Summer,2.5,Yes,Express,No,No,1,Cash,Fortnightly,Clothing,2,0,14,29.0,0.0,11.6,12.4,15.3,9.5,False,False,4. Mid-Tier Core
312,51,Male,Boots,Footwear,32,North Dakota,M,Brown,Fall,4.4,No,2-Day Shipping,Yes,Yes,17,Venmo,Annually,Footwear,18,1,365,40.0,8.0,16.0,11.0,15.0,7.0,False,False,3. Promo-Using Repeat
313,33,Male,Belt,Accessories,95,Iowa,L,Pink,Winter,4.6,No,Standard,No,No,25,Bank Transfer,Bi-Weekly,Accessories,26,0,14,95.0,0.0,38.0,52.0,61.5,42.5,True,True,1. High Value Organic
314,54,Male,Sunglasses,Accessories,96,Indiana,L,Yellow,Fall,4.9,No,2-Day Shipping,No,No,32,Credit Card,Monthly,Accessories,33,0,30,96.0,0.0,38.4,52.6,62.2,43.0,True,True,1. High Value Organic
315,70,Male,Shirt,Clothing,47,Massachusetts,M,Maroon,Fall,3.2,No,Store Pickup,No,No,6,Bank Transfer,Quarterly,Clothing,7,0,90,47.0,0.0,18.8,23.2,27.9,18.5,False,False,4. Mid-Tier Core
316,29,Male,Shoes,Footwear,50,Ohio,L,Orange,Winter,2.6,Yes,2-Day Shipping,Yes,Yes,20,Bank Transfer,Annually,Footwear,21,1,365,62.5,12.5,25.0,20.0,26.25,13.75,False,False,3. Promo-Using Repeat
317,59,Female,Sunglasses,Accessories,39,Delaware,M,White,Winter,3.9,Yes,Free Shipping,No,No,8,Cash,Quarterly,Accessories,9,0,90,39.0,0.0,15.6,18.4,22.3,14.5,False,False,4. Mid-Tier Core
318,25,Male,Sunglasses,Accessories,78,Delaware,M,Cyan,Fall,4.4,Yes,Free Shipping,No,No,18,Venmo,Monthly,Accessories,19,0,30,78.0,0.0,31.2,41.8,49.6,34.0,False,True,1. High Value Organic
319,67,Male,Shorts,Clothing,32,Illinois,S,Magenta,Fall,3.4,No,Standard,No,No,15,Venmo,Annually,Clothing,16,0,365,32.0,0.0,12.8,14.2,17.4,11.0,False,False,4. Mid-Tier Core
320,70,Male,Shoes,Footwear,71,New Jersey,M,Orange,Winter,4.6,Yes,Next Day Air,No,No,11,Cash,Fortnightly,Footwear,12,0,14,71.0,0.0,28.4,37.6,44.7,30.5,False,False,1. High Value Organic
321,62,Male,Scarf,Accessories,76,Louisiana,M,Teal,Winter,4.0,Yes,Next Day Air,No,No,11,Credit Card,Every 3 Months,Accessories,12,0,90,76.0,0.0,30.4,40.6,48.2,33.0,False,False,1. High Value Organic
322,46,Female,Hat,Accessories,59,California,XL,Yellow,Spring,3.3,No,Next Day Air,Yes,Yes,8,Venmo,Fortnightly,Accessories,9,1,14,73.75,14.75,29.5,24.5,31.88,17.12,False,False,3. Promo-Using Repeat
323,41,Male,Jeans,Clothing,85,Minnesota,XL,Cyan,Spring,4.2,No,Free Shipping,Yes,Yes,38,Debit Card,Quarterly,Clothing,39,1,90,106.25,21.25,42.5,37.5,48.12,26.88,True,False,2. High Spend Bargain Hunter
324,43,Female,Hoodie,Clothing,55,Delaware,S,Cyan,Winter,3.4,No,Next Day Air,No,No,35,Bank Transfer,Quarterly,Clothing,36,0,90,55.0,0.0,22.0,28.0,33.5,22.5,False,False,1. High Value Organic
325,65,Female,Blouse,Clothing,82,Hawaii,M,Peach,Spring,4.8,Yes,Express,Yes,Yes,47,PayPal,Every 3 Months,Clothing,48,1,90,102.5,20.5,41.0,36.0,46.25,25.75,True,False,2. High Spend Bargain Hunter
326,62,Male,Backpack,Accessories,53,Massachusetts,M,Yellow,Spring,4.8,No,Free Shipping,Yes,Yes,19,Credit Card,Bi-Weekly,Accessories,20,1,14,66.25,13.25,26.5,21.5,28.12,14.88,False,False,3. Promo-Using Repeat
327,33,Female,Jeans,Clothing,54,Hawaii,L,Teal,Spring,4.3,No,Free Shipping,No,No,20,PayPal,Every 3 Months,Clothing,21,0,90,54.0,0.0,21.6,27.4,32.8,22.0,False,False,4. Mid-Tier Core
328,65,Male,Sandals,Footwear,85,New Jersey,XL,Magenta,Winter,4.7,No,2-Day Shipping,Yes,Yes,33,PayPal,Monthly,Footwear,34,1,30,106.25,21.25,42.5,37.5,48.12,26.88,True,False,2. High Spend Bargain Hunter
329,63,Male,Scarf,Accessories,65,North Dakota,S,Charcoal,Spring,4.8,No,Standard,No,No,27,Cash,Bi-Weekly,Accessories,28,0,14,65.0,0.0,26.0,34.0,40.5,27.5,False,False,1. High Value Organic
330,40,Female,Jeans,Clothing,59,Missouri,M,Cyan,Fall,4.6,No,2-Day Shipping,No,No,45,Debit Card,Every 3 Months,Clothing,46,0,90,59.0,0.0,23.6,30.4,36.3,24.5,False,False,1. High Value Organic
331,62,Male,Sneakers,Footwear,88,West Virginia,L,Maroon,Winter,4.2,No,Next Day Air,Yes,Yes,28,PayPal,Annually,Footwear,29,1,365,110.0,22.0,44.0,39.0,50.0,28.0,True,False,2. High Spend Bargain Hunter
332,25,Male,Shorts,Clothing,80,Tennessee,XL,Olive,Summer,4.9,No,Free Shipping,Yes,Yes,31,PayPal,Fortnightly,Clothing,32,1,14,100.0,20.0,40.0,35.0,45.0,25.0,True,False,2. High Spend Bargain Hunter
333,39,Male,Skirt,Clothing,20,Kentucky,S,Gold,Spring,4.7,No,Store Pickup,No,No,38,Credit Card,Bi-Weekly,Clothing,39,0,14,20.0,0.0,8.0,7.0,9.0,5.0,False,False,4. Mid-Tier Core
334,64,Male,Pants,Clothing,32,Mississippi,L,Peach,Spring,4.8,No,Store Pickup,Yes,Yes,47,Debit Card,Every 3 Months,Clothing,48,1,90,40.0,8.0,16.0,11.0,15.0,7.0,False,False,3. Promo-Using Repeat
335,30,Male,Gloves,Accessories,54,Wyoming,L,Cyan,Summer,3.8,Yes,2-Day Shipping,No,No,26,PayPal,Monthly,Accessories,27,0,30,54.0,0.0,21.6,27.4,32.8,22.0,False,False,4. Mid-Tier Core
336,67,Female,Shirt,Clothing,36,New Hampshire,L,Pink,Fall,3.1,No,Next Day Air,No,No,47,PayPal,Quarterly,Clothing,48,0,90,36.0,0.0,14.4,16.6,20.2,13.0,False,False,4. Mid-Tier Core
337,37,Male,Hat,Accessories,51,Minnesota,M,Cyan,Summer,3.1,Yes,Standard,No,No,13,Bank Transfer,Weekly,Accessories,14,0,7,51.0,0.0,20.4,25.6,30.7,20.5,False,False,4. Mid-Tier Core
338,32,Male,Dress,Clothing,87,Minnesota,S,Peach,Spring,2.9,Yes,2-Day Shipping,Yes,Yes,2,Credit Card,Monthly,Clothing,3,1,30,108.75,21.75,43.5,38.5,49.38,27.62,False,False,2. High Spend Bargain Hunter
339,60,Male,Coat,Outerwear,64,Maine,L,Indigo,Fall,4.8,No,Express,No,No,16,Credit Card,Monthly,Outerwear,17,0,30,64.0,0.0,25.6,33.4,39.8,27.0,False,False,1. High Value Organic
340,67,Male,Shoes,Footwear,58,Idaho,L,Lavender,Summer,4.6,No,Free Shipping,Yes,Yes,46,PayPal,Annually,Footwear,47,1,365,72.5,14.5,29.0,24.0,31.25,16.75,False,False,3. Promo-Using Repeat
341,59,Female,Boots,Footwear,59,Alaska,M,Gold,Fall,3.0,No,Next Day Air,No,No,42,Credit Card,Quarterly,Footwear,43,0,90,59.0,0.0,23.6,30.4,36.3,24.5,False,False,1. High Value Organic
342,21,Male,Hat,Accessories,24,Alaska,L,Silver,Summer,4.9,No,Next Day Air,No,No,13,Credit Card,Weekly,Accessories,14,0,7,24.0,0.0,9.6,9.4,11.8,7.0,False,False,4. Mid-Tier Core
343,29,Male,Jeans,Clothing,37,South Dakota,M,Gold,Summer,4.7,No,Standard,No,No,23,Bank Transfer,Fortnightly,Clothing,24,0,14,37.0,0.0,14.8,17.2,20.9,13.5,False,False,4. Mid-Tier Core
344,65,Male,Sweater,Clothing,93,New Hampshire,L,Black,Spring,3.4,No,Express,Yes,Yes,14,Credit Card,Annually,Clothing,15,1,365,116.25,23.25,46.5,41.5,53.12,29.88,False,False,2. High Spend Bargain Hunter
345,52,Male,Pants,Clothing,40,Nevada,XL,Beige,Winter,3.1,No,Standard,Yes,Yes,42,Cash,Monthly,Clothing,43,1,30,50.0,10.0,20.0,15.0,20.0,10.0,False,False,3. Promo-Using Repeat
346,68,Male,Dress,Clothing,78,Indiana,XL,Teal,Summer,3.3,Yes,Standard,Yes,Yes,13,PayPal,Every 3 Months,Clothing,14,1,90,97.5,19.5,39.0,34.0,43.75,24.25,False,False,3. Promo-Using Repeat
347,44,Female,Gloves,Accessories,91,Montana,S,Beige,Spring,3.0,Yes,2-Day Shipping,No,No,43,Venmo,Every 3 Months,Accessories,44,0,90,91.0,0.0,36.4,49.6,58.7,40.5,True,True,1. High Value Organic
348,38,Male,Hat,Accessories,99,Utah,M,Green,Fall,3.2,No,Store Pickup,Yes,Yes,10,Debit Card,Annually,Accessories,11,1,365,123.75,24.75,49.5,44.5,56.88,32.12,False,False,2. High Spend Bargain Hunter
349,32,Male,Sneakers,Footwear,65,Oklahoma,M,Magenta,Fall,3.2,No,2-Day Shipping,No,No,20,Venmo,Monthly,Footwear,21,0,30,65.0,0.0,26.0,34.0,40.5,27.5,False,False,1. High Value Organic
350,49,Male,Sandals,Footwear,88,Utah,M,Brown,Summer,4.5,Yes,Store Pickup,Yes,Yes,29,PayPal,Monthly,Footwear,30,1,30,110.0,22.0,44.0,39.0,50.0,28.0,True,False,2. High Spend Bargain Hunter
351,53,Male,Hoodie,Clothing,38,Iowa,M,Green,Summer,4.6,No,Standard,No,No,50,Cash,Bi-Weekly,Clothing,51,0,14,38.0,0.0,15.2,17.8,21.6,14.0,False,False,4. Mid-Tier Core
352,28,Male,Hoodie,Clothing,77,Rhode Island,M,Maroon,Winter,5.0,Yes,Standard,No,No,19,Cash,Monthly,Clothing,20,0,30,77.0,0.0,30.8,41.2,48.9,33.5,False,True,1. High Value Organic
353,48,Male,Jeans,Clothing,72,Alaska,M,Orange,Spring,3.6,No,Express,No,No,32,Bank Transfer,Every 3 Months,Clothing,33,0,90,72.0,0.0,28.8,38.2,45.4,31.0,False,False,1. High Value Organic
354,41,Female,Belt,Accessories,23,Montana,S,Red,Fall,2.6,No,Standard,Yes,Yes,32,Venmo,Every 3 Months,Accessories,33,1,90,28.75,5.75,11.5,6.5,9.38,3.62,False,False,3. Promo-Using Repeat
355,19,Male,Belt,Accessories,23,Oklahoma,S,Purple,Spring,4.2,No,Standard,No,No,3,Cash,Quarterly,Accessories,4,0,90,23.0,0.0,9.2,8.8,11.1,6.5,False,False,4. Mid-Tier Core
356,66,Female,Hat,Accessories,79,New Jersey,M,Gold,Fall,4.9,No,Express,No,No,42,Debit Card,Monthly,Accessories,43,0,30,79.0,0.0,31.6,42.4,50.3,34.5,True,True,1. High Value Organic
357,37,Female,Pants,Clothing,46,South Dakota,XL,Maroon,Fall,3.3,No,Express,Yes,Yes,10,Venmo,Weekly,Clothing,11,1,7,57.5,11.5,23.0,18.0,23.75,12.25,False,False,3. Promo-Using Repeat
358,19,Male,Pants,Clothing,55,Colorado,M,Maroon,Summer,4.5,No,Standard,Yes,Yes,37,PayPal,Annually,Clothing,38,1,365,68.75,13.75,27.5,22.5,29.38,15.62,False,False,3. Promo-Using Repeat
359,27,Male,Shorts,Clothing,37,Colorado,M,Teal,Spring,2.9,No,Standard,No,No,22,Bank Transfer,Every 3 Months,Clothing,23,0,90,37.0,0.0,14.8,17.2,20.9,13.5,False,False,4. Mid-Tier Core
360,42,Male,Pants,Clothing,64,Utah,M,Silver,Summer,3.1,No,Next Day Air,No,No,5,PayPal,Bi-Weekly,Clothing,6,0,14,64.0,0.0,25.6,33.4,39.8,27.0,False,False,4. Mid-Tier Core
361,56,Male,Coat,Outerwear,89,Hawaii,M,Lavender,Summer,3.9,No,Standard,Yes,Yes,17,Venmo,Monthly,Outerwear,18,1,30,111.25,22.25,44.5,39.5,50.62,28.38,False,False,2. High Spend Bargain Hunter
362,22,Male,Scarf,Accessories,97,New York,L,Magenta,Summer,3.3,No,Store Pickup,No,No,23,Debit Card,Quarterly,Accessories,24,0,90,97.0,0.0,38.8,53.2,62.9,43.5,True,True,1. High Value Organic
363,26,Male,Hoodie,Clothing,44,Vermont,M,Lavender,Winter,3.5,Yes,Express,No,No,20,PayPal,Every 3 Months,Clothing,21,0,90,44.0,0.0,17.6,21.4,25.8,17.0,False,False,4. Mid-Tier Core
364,41,Male,Dress,Clothing,73,Indiana,S,Orange,Spring,3.7,No,2-Day Shipping,No,No,47,Venmo,Fortnightly,Clothing,48,0,14,73.0,0.0,29.2,38.8,46.1,31.5,False,True,1. High Value Organic
365,23,Male,Sweater,Clothing,70,South Carolina,L,Turquoise,Winter,3.9,No,2-Day Shipping,No,No,20,Venmo,Every 3 Months,Clothing,21,0,90,70.0,0.0,28.0,37.0,44.0,30.0,False,False,1. High Value Organic
366,36,Female,Sandals,Footwear,64,Illinois,M,Yellow,Fall,3.6,No,Store Pickup,Yes,Yes,43,Credit Card,Annually,Footwear,44,1,365,80.0,16.0,32.0,27.0,35.0,19.0,False,False,3. Promo-Using Repeat
367,65,Male,Coat,Outerwear,42,Illinois,M,Olive,Fall,4.1,No,Next Day Air,No,No,12,Bank Transfer,Quarterly,Outerwear,13,0,90,42.0,0.0,16.8,20.2,24.4,16.0,False,False,4. Mid-Tier Core
368,55,Male,Shoes,Footwear,38,Wyoming,M,Silver,Winter,4.0,No,Next Day Air,No,No,47,Credit Card,Every 3 Months,Footwear,48,0,90,38.0,0.0,15.2,17.8,21.6,14.0,False,False,4. Mid-Tier Core
369,43,Female,Sandals,Footwear,31,Illinois,XL,Charcoal,Spring,4.3,No,2-Day Shipping,Yes,Yes,25,Debit Card,Monthly,Footwear,26,1,30,38.75,7.75,15.5,10.5,14.38,6.62,False,False,3. Promo-Using Repeat
370,21,Male,Gloves,Accessories,68,Montana,M,Violet,Fall,4.8,Yes,Free Shipping,Yes,Yes,28,Credit Card,Every 3 Months,Accessories,29,1,90,85.0,17.0,34.0,29.0,37.5,20.5,False,False,3. Promo-Using Repeat
371,46,Male,Jewelry,Accessories,55,New Hampshire,S,Cyan,Summer,3.6,No,2-Day Shipping,Yes,Yes,45,Bank Transfer,Fortnightly,Accessories,46,1,14,68.75,13.75,27.5,22.5,29.38,15.62,False,False,3. Promo-Using Repeat
372,64,Male,Jacket,Outerwear,57,California,M,Pink,Spring,2.8,Yes,Free Shipping,Yes,Yes,10,Venmo,Every 3 Months,Outerwear,11,1,90,71.25,14.25,28.5,23.5,30.62,16.38,False,False,3. Promo-Using Repeat
373,55,Female,Pants,Clothing,52,Kentucky,S,Maroon,Fall,4.3,Yes,Free Shipping,No,No,4,Venmo,Every 3 Months,Clothing,5,0,90,52.0,0.0,20.8,26.2,31.4,21.0,False,False,4. Mid-Tier Core
374,52,Male,Socks,Clothing,43,Oklahoma,M,Orange,Summer,4.2,No,Express,No,No,18,PayPal,Annually,Clothing,19,0,365,43.0,0.0,17.2,20.8,25.1,16.5,False,False,4. Mid-Tier Core
375,48,Male,Pants,Clothing,36,Nebraska,XL,Peach,Summer,3.8,Yes,Store Pickup,No,No,11,Cash,Annually,Clothing,12,0,365,36.0,0.0,14.4,16.6,20.2,13.0,False,False,4. Mid-Tier Core
376,35,Male,Skirt,Clothing,90,Kentucky,M,Beige,Spring,2.9,No,Store Pickup,No,No,19,Debit Card,Weekly,Clothing,20,0,7,90.0,0.0,36.0,49.0,58.0,40.0,False,True,1. High Value Organic
377,59,Male,Sneakers,Footwear,31,New Jersey,S,Olive,Spring,2.7,No,Express,Yes,Yes,43,Bank Transfer,Bi-Weekly,Footwear,44,1,14,38.75,7.75,15.5,10.5,14.38,6.62,False,False,3. Promo-Using Repeat
378,56,Male,Scarf,Accessories,73,North Carolina,M,Violet,Spring,3.5,Yes,Express,No,No,44,Credit Card,Every 3 Months,Accessories,45,0,90,73.0,0.0,29.2,38.8,46.1,31.5,False,True,1. High Value Organic
379,35,Male,Dress,Clothing,41,Maine,L,Silver,Spring,4.5,No,Next Day Air,No,No,16,Bank Transfer,Every 3 Months,Clothing,17,0,90,41.0,0.0,16.4,19.6,23.7,15.5,False,False,4. Mid-Tier Core
380,26,Male,Jacket,Outerwear,41,Alaska,L,Charcoal,Spring,3.2,No,Next Day Air,No,No,39,Cash,Every 3 Months,Outerwear,40,0,90,41.0,0.0,16.4,19.6,23.7,15.5,False,False,4. Mid-Tier Core
381,64,Male,Shorts,Clothing,29,Tennessee,M,Turquoise,Spring,3.5,No,2-Day Shipping,No,No,19,Credit Card,Every 3 Months,Clothing,20,0,90,29.0,0.0,11.6,12.4,15.3,9.5,False,False,4. Mid-Tier Core
382,68,Male,Hoodie,Clothing,64,Louisiana,M,Lavender,Summer,4.7,No,2-Day Shipping,No,No,7,Bank Transfer,Weekly,Clothing,8,0,7,64.0,0.0,25.6,33.4,39.8,27.0,False,False,4. Mid-Tier Core
383,66,Male,Handbag,Accessories,20,Missouri,XL,Black,Fall,3.2,Yes,Standard,No,No,25,Venmo,Annually,Accessories,26,0,365,20.0,0.0,8.0,7.0,9.0,5.0,False,False,4. Mid-Tier Core
384,58,Male,Dress,Clothing,42,Illinois,L,Charcoal,Summer,2.6,No,Next Day Air,No,No,14,PayPal,Weekly,Clothing,15,0,7,42.0,0.0,16.8,20.2,24.4,16.0,False,False,4. Mid-Tier Core
385,44,Female,Jewelry,Accessories,28,Minnesota,L,Gray,Fall,2.9,Yes,Next Day Air,Yes,Yes,26,Bank Transfer,Every 3 Months,Accessories,27,1,90,35.0,7.0,14.0,9.0,12.5,5.5,False,False,3. Promo-Using Repeat
386,42,Male,Sunglasses,Accessories,85,Missouri,M,Red,Summer,4.8,Yes,Free Shipping,Yes,Yes,47,Venmo,Every 3 Months,Accessories,48,1,90,106.25,21.25,42.5,37.5,48.12,26.88,True,False,2. High Spend Bargain Hunter
387,56,Male,Dress,Clothing,33,Colorado,M,Brown,Summer,4.9,Yes,Store Pickup,No,No,19,Cash,Annually,Clothing,20,0,365,33.0,0.0,13.2,14.8,18.1,11.5,False,False,4. Mid-Tier Core
388,50,Female,Boots,Footwear,71,Georgia,L,Maroon,Summer,3.5,No,2-Day Shipping,Yes,Yes,23,PayPal,Monthly,Footwear,24,1,30,88.75,17.75,35.5,30.5,39.38,21.62,False,False,3. Promo-Using Repeat
389,65,Female,Gloves,Accessories,64,Louisiana,S,Beige,Spring,4.7,No,Express,Yes,Yes,41,Venmo,Monthly,Accessories,42,1,30,80.0,16.0,32.0,27.0,35.0,19.0,False,False,3. Promo-Using Repeat
390,40,Male,Boots,Footwear,42,Alaska,M,Violet,Spring,3.9,Yes,Express,Yes,Yes,39,Credit Card,Bi-Weekly,Footwear,40,1,14,52.5,10.5,21.0,16.0,21.25,10.75,False,False,3. Promo-Using Repeat
391,68,Female,Skirt,Clothing,70,Maryland,M,Peach,Fall,4.2,No,2-Day Shipping,Yes,Yes,45,Venmo,Every 3 Months,Clothing,46,1,90,87.5,17.5,35.0,30.0,38.75,21.25,False,False,3. Promo-Using Repeat
392,65,Male,Belt,Accessories,68,California,M,Yellow,Winter,2.7,No,Free Shipping,No,No,25,Cash,Weekly,Accessories,26,0,7,68.0,0.0,27.2,35.8,42.6,29.0,False,False,1. High Value Organic
393,55,Male,Handbag,Accessories,94,New Hampshire,S,Turquoise,Summer,3.9,Yes,Next Day Air,No,No,18,Venmo,Annually,Accessories,19,0,365,94.0,0.0,37.6,51.4,60.8,42.0,False,True,1. High Value Organic
394,18,Male,Backpack,Accessories,64,Illinois,M,Peach,Spring,4.1,No,Express,No,No,16,Bank Transfer,Quarterly,Accessories,17,0,90,64.0,0.0,25.6,33.4,39.8,27.0,False,False,1. High Value Organic
395,36,Male,Handbag,Accessories,99,Minnesota,M,Maroon,Winter,3.9,No,Free Shipping,No,No,6,Venmo,Quarterly,Accessories,7,0,90,99.0,0.0,39.6,54.4,64.3,44.5,False,False,4. Mid-Tier Core
396,27,Male,Shorts,Clothing,37,Colorado,M,Olive,Summer,2.5,No,Express,No,No,45,Venmo,Weekly,Clothing,46,0,7,37.0,0.0,14.8,17.2,20.9,13.5,False,False,4. Mid-Tier Core
397,32,Male,Sandals,Footwear,71,Oregon,M,Orange,Summer,4.2,No,2-Day Shipping,Yes,Yes,4,Cash,Bi-Weekly,Footwear,5,1,14,88.75,17.75,35.5,30.5,39.38,21.62,False,False,3. Promo-Using Repeat
398,58,Female,Shoes,Footwear,82,West Virginia,S,Violet,Summer,4.8,Yes,Standard,Yes,Yes,13,PayPal,Bi-Weekly,Footwear,14,1,14,102.5,20.5,41.0,36.0,46.25,25.75,False,False,2. High Spend Bargain Hunter
399,26,Female,Shoes,Footwear,21,California,M,Pink,Winter,4.8,No,Next Day Air,No,No,5,Venmo,Every 3 Months,Footwear,6,0,90,21.0,0.0,8.4,7.6,9.7,5.5,False,False,4. Mid-Tier Core
400,34,Male,Socks,Clothing,44,Delaware,M,Gold,Summer,3.8,No,Free Shipping,Yes,Yes,11,Bank Transfer,Annually,Clothing,12,1,365,55.0,11.0,22.0,17.0,22.5,11.5,False,False,3. Promo-Using Repeat
401,36,Male,Sneakers,Footwear,81,Alabama,L,Olive,Fall,4.5,No,Next Day Air,Yes,Yes,14,Venmo,Quarterly,Footwear,15,1,90,101.25,20.25,40.5,35.5,45.62,25.38,False,False,2. High Spend Bargain Hunter
402,47,Male,Shirt,Clothing,35,Minnesota,L,Red,Fall,4.0,No,Express,No,No,45,Debit Card,Every 3 Months,Clothing,46,0,90,35.0,0.0,14.0,16.0,19.5,12.5,False,False,4. Mid-Tier Core
403,42,Female,Shoes,Footwear,37,California,L,Beige,Winter,4.2,Yes,Next Day Air,No,No,34,PayPal,Quarterly,Footwear,35,0,90,37.0,0.0,14.8,17.2,20.9,13.5,False,False,4. Mid-Tier Core
404,31,Male,Dress,Clothing,67,Texas,L,Pink,Spring,4.9,No,Store Pickup,No,No,7,Venmo,Bi-Weekly,Clothing,8,0,14,67.0,0.0,26.8,35.2,41.9,28.5,False,False,4. Mid-Tier Core
405,25,Male,Blouse,Clothing,87,Kansas,L,Yellow,Winter,2.6,No,Next Day Air,No,No,16,Bank Transfer,Every 3 Months,Clothing,17,0,90,87.0,0.0,34.8,47.2,55.9,38.5,False,True,1. High Value Organic
406,28,Male,Skirt,Clothing,52,Utah,M,Cyan,Summer,4.5,No,Next Day Air,Yes,Yes,47,Bank Transfer,Quarterly,Clothing,48,1,90,65.0,13.0,26.0,21.0,27.5,14.5,False,False,3. Promo-Using Repeat
407,65,Female,Hoodie,Clothing,50,Vermont,L,Indigo,Fall,2.8,No,Store Pickup,No,No,50,Bank Transfer,Quarterly,Clothing,51,0,90,50.0,0.0,20.0,25.0,30.0,20.0,False,False,4. Mid-Tier Core
408,25,Female,Scarf,Accessories,81,Delaware,M,Indigo,Fall,3.5,Yes,Store Pickup,No,No,49,Debit Card,Fortnightly,Accessories,50,0,14,81.0,0.0,32.4,43.6,51.7,35.5,True,True,1. High Value Organic
409,61,Male,Sweater,Clothing,90,Ohio,S,Silver,Spring,5.0,Yes,Express,Yes,Yes,37,Bank Transfer,Fortnightly,Clothing,38,1,14,112.5,22.5,45.0,40.0,51.25,28.75,True,False,2. High Spend Bargain Hunter
410,37,Male,Backpack,Accessories,41,Kansas,L,Red,Spring,4.2,Yes,Free Shipping,No,No,2,PayPal,Bi-Weekly,Accessories,3,0,14,41.0,0.0,16.4,19.6,23.7,15.5,False,False,4. Mid-Tier Core
411,23,Male,Shorts,Clothing,88,Oregon,XL,Peach,Summer,2.6,Yes,2-Day Shipping,Yes,Yes,42,Venmo,Weekly,Clothing,43,1,7,110.0,22.0,44.0,39.0,50.0,28.0,True,False,2. High Spend Bargain Hunter
412,39,Female,Handbag,Accessories,41,Idaho,S,Silver,Summer,2.7,No,Express,No,No,33,Venmo,Annually,Accessories,34,0,365,41.0,0.0,16.4,19.6,23.7,15.5,False,False,4. Mid-Tier Core
413,44,Male,Sandals,Footwear,51,South Carolina,L,Olive,Summer,2.6,No,Free Shipping,Yes,Yes,23,Cash,Weekly,Footwear,24,1,7,63.75,12.75,25.5,20.5,26.88,14.12,False,False,3. Promo-Using Repeat
414,30,Male,Backpack,Accessories,73,Delaware,L,Violet,Summer,4.5,No,Free Shipping,Yes,Yes,23,Bank Transfer,Quarterly,Accessories,24,1,90,91.25,18.25,36.5,31.5,40.62,22.38,False,False,3. Promo-Using Repeat
415,20,Female,Sweater,Clothing,37,Maryland,M,Silver,Spring,4.5,No,Express,No,No,50,Credit Card,Bi-Weekly,Clothing,51,0,14,37.0,0.0,14.8,17.2,20.9,13.5,False,False,4. Mid-Tier Core
416,26,Male,Belt,Accessories,95,Maryland,M,Brown,Spring,3.3,No,Store Pickup,No,No,8,Venmo,Monthly,Accessories,9,0,30,95.0,0.0,38.0,52.0,61.5,42.5,False,False,4. Mid-Tier Core
417,64,Male,Hat,Accessories,82,Kansas,M,Yellow,Summer,4.8,No,Express,Yes,Yes,42,Cash,Fortnightly,Accessories,43,1,14,102.5,20.5,41.0,36.0,46.25,25.75,True,False,2. High Spend Bargain Hunter
418,34,Male,Pants,Clothing,98,Nevada,L,Beige,Summer,3.3,Yes,Free Shipping,No,No,1,PayPal,Bi-Weekly,Clothing,2,0,14,98.0,0.0,39.2,53.8,63.6,44.0,False,False,4. Mid-Tier Core
419,68,Male,Shirt,Clothing,40,Alabama,S,Yellow,Fall,3.0,Yes,Standard,Yes,Yes,10,Credit Card,Fortnightly,Clothing,11,1,14,50.0,10.0,20.0,15.0,20.0,10.0,False,False,3. Promo-Using Repeat
420,24,Male,Jewelry,Accessories,90,New York,L,Lavender,Fall,4.4,No,Next Day Air,No,No,2,Cash,Weekly,Accessories,3,0,7,90.0,0.0,36.0,49.0,58.0,40.0,False,False,4. Mid-Tier Core
421,23,Male,Hat,Accessories,20,Wyoming,L,Silver,Winter,3.0,No,2-Day Shipping,No,No,7,PayPal,Quarterly,Accessories,8,0,90,20.0,0.0,8.0,7.0,9.0,5.0,False,False,4. Mid-Tier Core
422,62,Female,Blouse,Clothing,76,Oregon,S,Beige,Spring,2.8,No,Store Pickup,Yes,Yes,29,Cash,Quarterly,Clothing,30,1,90,95.0,19.0,38.0,33.0,42.5,23.5,False,False,3. Promo-Using Repeat
423,46,Male,Scarf,Accessories,60,South Dakota,XL,Turquoise,Spring,4.1,No,Express,No,No,1,Debit Card,Monthly,Accessories,2,0,30,60.0,0.0,24.0,31.0,37.0,25.0,False,False,4. Mid-Tier Core
424,56,Male,Hoodie,Clothing,49,Utah,M,Cyan,Winter,3.0,Yes,Free Shipping,No,No,12,Venmo,Every 3 Months,Clothing,13,0,90,49.0,0.0,19.6,24.4,29.3,19.5,False,False,4. Mid-Tier Core
425,67,Male,Hat,Accessories,55,Montana,M,Beige,Fall,2.6,No,Express,Yes,Yes,11,Cash,Fortnightly,Accessories,12,1,14,68.75,13.75,27.5,22.5,29.38,15.62,False,False,3. Promo-Using Repeat
426,70,Male,Sneakers,Footwear,64,Colorado,S,Indigo,Winter,2.7,No,Free Shipping,Yes,Yes,32,Venmo,Annually,Footwear,33,1,365,80.0,16.0,32.0,27.0,35.0,19.0,False,False,3. Promo-Using Repeat
427,34,Male,Backpack,Accessories,69,New Jersey,M,Violet,Winter,3.9,No,Free Shipping,Yes,Yes,45,Venmo,Weekly,Accessories,46,1,7,86.25,17.25,34.5,29.5,38.12,20.88,False,False,3. Promo-Using Repeat
428,54,Male,Shoes,Footwear,36,West Virginia,L,White,Spring,3.8,No,Next Day Air,Yes,Yes,44,Venmo,Bi-Weekly,Footwear,45,1,14,45.0,9.0,18.0,13.0,17.5,8.5,False,False,3. Promo-Using Repeat
429,45,Male,Scarf,Accessories,38,Indiana,XL,Black,Fall,4.1,No,Next Day Air,No,No,2,Venmo,Weekly,Accessories,3,0,7,38.0,0.0,15.2,17.8,21.6,14.0,False,False,4. Mid-Tier Core
430,50,Male,Jacket,Outerwear,75,Massachusetts,M,Beige,Spring,3.4,No,2-Day Shipping,No,No,7,Bank Transfer,Monthly,Outerwear,8,0,30,75.0,0.0,30.0,40.0,47.5,32.5,False,False,4. Mid-Tier Core
431,18,Male,Sandals,Footwear,29,Alabama,M,Purple,Winter,3.7,No,Standard,No,No,16,Venmo,Monthly,Footwear,17,0,30,29.0,0.0,11.6,12.4,15.3,9.5,False,False,4. Mid-Tier Core
432,31,Male,Dress,Clothing,45,Florida,M,Orange,Fall,4.3,No,Store Pickup,Yes,Yes,44,Bank Transfer,Fortnightly,Clothing,45,1,14,56.25,11.25,22.5,17.5,23.12,11.88,False,False,3. Promo-Using Repeat
433,50,Female,Skirt,Clothing,45,Texas,M,White,Fall,2.6,No,2-Day Shipping,No,No,23,Venmo,Monthly,Clothing,24,0,30,45.0,0.0,18.0,22.0,26.5,17.5,False,False,4. Mid-Tier Core
434,37,Female,Pants,Clothing,65,Massachusetts,M,Purple,Spring,4.6,No,Next Day Air,No,No,34,PayPal,Bi-Weekly,Clothing,35,0,14,65.0,0.0,26.0,34.0,40.5,27.5,False,False,1. High Value Organic
435,53,Male,Dress,Clothing,31,New Jersey,M,Purple,Summer,3.9,No,Standard,Yes,Yes,27,Debit Card,Quarterly,Clothing,28,1,90,38.75,7.75,15.5,10.5,14.38,6.62,False,False,3. Promo-Using Repeat
436,22,Male,Sneakers,Footwear,83,Massachusetts,S,Beige,Winter,3.8,No,2-Day Shipping,No,No,6,Venmo,Weekly,Footwear,7,0,7,83.0,0.0,33.2,44.8,53.1,36.5,False,False,4. Mid-Tier Core
437,28,Female,Belt,Accessories,54,New Hampshire,M,Gold,Fall,3.0,Yes,Free Shipping,No,No,41,Cash,Weekly,Accessories,42,0,7,54.0,0.0,21.6,27.4,32.8,22.0,False,False,4. Mid-Tier Core
438,48,Male,Hat,Accessories,31,Nebraska,M,Lavender,Spring,3.4,No,Standard,Yes,Yes,18,Debit Card,Quarterly,Accessories,19,1,90,38.75,7.75,15.5,10.5,14.38,6.62,False,False,3. Promo-Using Repeat
439,27,Male,Sweater,Clothing,27,Arkansas,M,Teal,Winter,3.5,No,Standard,Yes,Yes,36,Cash,Bi-Weekly,Clothing,37,1,14,33.75,6.75,13.5,8.5,11.88,5.12,False,False,3. Promo-Using Repeat
440,53,Male,Hoodie,Clothing,95,New Hampshire,L,Red,Winter,4.5,Yes,Store Pickup,Yes,Yes,39,PayPal,Every 3 Months,Clothing,40,1,90,118.75,23.75,47.5,42.5,54.38,30.62,True,False,2. High Spend Bargain Hunter
441,43,Female,Shorts,Clothing,80,Nevada,M,Beige,Spring,2.5,No,Free Shipping,Yes,Yes,38,Credit Card,Weekly,Clothing,39,1,7,100.0,20.0,40.0,35.0,45.0,25.0,True,False,2. High Spend Bargain Hunter
442,23,Male,Backpack,Accessories,58,Colorado,M,Red,Fall,4.4,No,Standard,No,No,48,Cash,Quarterly,Accessories,49,0,90,58.0,0.0,23.2,29.8,35.6,24.0,False,False,1. High Value Organic
443,69,Male,Shoes,Footwear,45,North Dakota,S,Maroon,Winter,2.6,No,2-Day Shipping,No,No,31,Venmo,Bi-Weekly,Footwear,32,0,14,45.0,0.0,18.0,22.0,26.5,17.5,False,False,4. Mid-Tier Core
444,50,Male,Sweater,Clothing,54,North Carolina,M,Indigo,Fall,2.8,No,Free Shipping,Yes,Yes,23,PayPal,Fortnightly,Clothing,24,1,14,67.5,13.5,27.0,22.0,28.75,15.25,False,False,3. Promo-Using Repeat
445,43,Female,Dress,Clothing,66,Delaware,L,White,Spring,4.1,No,Next Day Air,No,No,23,Credit Card,Monthly,Clothing,24,0,30,66.0,0.0,26.4,34.6,41.2,28.0,False,False,1. High Value Organic
446,41,Male,Pants,Clothing,27,North Carolina,XL,Charcoal,Spring,3.9,Yes,2-Day Shipping,Yes,Yes,3,Cash,Quarterly,Clothing,4,1,90,33.75,6.75,13.5,8.5,11.88,5.12,False,False,3. Promo-Using Repeat
447,61,Female,Skirt,Clothing,96,Georgia,M,Maroon,Summer,4.2,No,Standard,No,No,16,Bank Transfer,Annually,Clothing,17,0,365,96.0,0.0,38.4,52.6,62.2,43.0,False,True,1. High Value Organic
448,54,Male,Handbag,Accessories,94,Missouri,L,Olive,Winter,3.3,No,Standard,Yes,Yes,32,Credit Card,Every 3 Months,Accessories,33,1,90,117.5,23.5,47.0,42.0,53.75,30.25,True,False,2. High Spend Bargain Hunter
449,38,Male,Scarf,Accessories,23,Arkansas,L,Charcoal,Summer,3.3,No,2-Day Shipping,Yes,Yes,49,Credit Card,Every 3 Months,Accessories,50,1,90,28.75,5.75,11.5,6.5,9.38,3.62,False,False,3. Promo-Using Repeat
450,33,Male,Coat,Outerwear,87,Minnesota,M,Magenta,Spring,2.6,No,2-Day Shipping,Yes,Yes,48,Venmo,Annually,Outerwear,49,1,365,108.75,21.75,43.5,38.5,49.38,27.62,True,False,2. High Spend Bargain Hunter
451,69,Male,Handbag,Accessories,75,Kansas,S,Black,Spring,4.4,No,Free Shipping,No,No,14,Credit Card,Weekly,Accessories,15,0,7,75.0,0.0,30.0,40.0,47.5,32.5,False,False,1. High Value Organic
452,50,Male,Shirt,Clothing,91,Georgia,XL,Gold,Summer,4.5,No,2-Day Shipping,Yes,Yes,29,Credit Card,Monthly,Clothing,30,1,30,113.75,22.75,45.5,40.5,51.88,29.12,True,False,2. High Spend Bargain Hunter
453,21,Female,Jacket,Outerwear,99,Minnesota,M,Beige,Fall,3.1,No,Express,Yes,Yes,18,Credit Card,Quarterly,Outerwear,19,1,90,123.75,24.75,49.5,44.5,56.88,32.12,False,False,2. High Spend Bargain Hunter
454,58,Male,Jewelry,Accessories,60,New York,M,Peach,Fall,3.1,No,Express,Yes,Yes,39,Cash,Fortnightly,Accessories,40,1,14,75.0,15.0,30.0,25.0,32.5,17.5,False,False,3. Promo-Using Repeat
455,41,Male,Pants,Clothing,61,Nebraska,S,Silver,Summer,3.5,No,Express,No,No,4,Cash,Fortnightly,Clothing,5,0,14,61.0,0.0,24.4,31.6,37.7,25.5,False,False,4. Mid-Tier Core
456,48,Male,Backpack,Accessories,59,Illinois,M,Indigo,Winter,4.3,No,2-Day Shipping,Yes,Yes,15,Credit Card,Annually,Accessories,16,1,365,73.75,14.75,29.5,24.5,31.88,17.12,False,False,3. Promo-Using Repeat
457,61,Male,Pants,Clothing,86,Nevada,L,Red,Winter,5.0,No,Standard,No,No,21,PayPal,Every 3 Months,Clothing,22,0,90,86.0,0.0,34.4,46.6,55.2,38.0,True,True,1. High Value Organic
458,40,Male,Skirt,Clothing,98,California,XL,Charcoal,Winter,3.2,No,2-Day Shipping,Yes,Yes,19,Bank Transfer,Bi-Weekly,Clothing,20,1,14,122.5,24.5,49.0,44.0,56.25,31.75,False,False,2. High Spend Bargain Hunter
459,53,Male,Socks,Clothing,71,Oklahoma,M,Pink,Winter,2.9,No,Free Shipping,Yes,Yes,2,Debit Card,Every 3 Months,Clothing,3,1,90,88.75,17.75,35.5,30.5,39.38,21.62,False,False,3. Promo-Using Repeat
460,58,Male,Shoes,Footwear,88,Missouri,M,Brown,Winter,2.7,No,Store Pickup,No,No,21,Bank Transfer,Bi-Weekly,Footwear,22,0,14,88.0,0.0,35.2,47.8,56.6,39.0,True,True,1. High Value Organic
461,22,Male,Hat,Accessories,81,Vermont,M,Purple,Spring,3.6,No,Free Shipping,Yes,Yes,33,Debit Card,Monthly,Accessories,34,1,30,101.25,20.25,40.5,35.5,45.62,25.38,True,False,2. High Spend Bargain Hunter
462,46,Female,Backpack,Accessories,55,Missouri,M,Gray,Summer,3.3,No,Store Pickup,No,No,23,PayPal,Annually,Accessories,24,0,365,55.0,0.0,22.0,28.0,33.5,22.5,False,False,1. High Value Organic
463,45,Male,Shirt,Clothing,40,North Carolina,M,Brown,Fall,4.3,No,Free Shipping,Yes,Yes,21,Credit Card,Fortnightly,Clothing,22,1,14,50.0,10.0,20.0,15.0,20.0,10.0,False,False,3. Promo-Using Repeat
464,62,Male,Coat,Outerwear,74,Florida,M,Lavender,Spring,3.3,No,Store Pickup,Yes,Yes,13,Venmo,Every 3 Months,Outerwear,14,1,90,92.5,18.5,37.0,32.0,41.25,22.75,False,False,3. Promo-Using Repeat
465,19,Female,Handbag,Accessories,26,Maryland,XL,Orange,Winter,2.5,Yes,Store Pickup,Yes,Yes,36,Credit Card,Fortnightly,Accessories,37,1,14,32.5,6.5,13.0,8.0,11.25,4.75,False,False,3. Promo-Using Repeat
466,70,Female,Sneakers,Footwear,90,Mississippi,L,Purple,Winter,2.6,Yes,Store Pickup,No,No,12,PayPal,Bi-Weekly,Footwear,13,0,14,90.0,0.0,36.0,49.0,58.0,40.0,False,False,1. High Value Organic
467,41,Female,Handbag,Accessories,37,Maryland,XL,Teal,Spring,3.4,No,Next Day Air,Yes,Yes,23,Venmo,Fortnightly,Accessories,24,1,14,46.25,9.25,18.5,13.5,18.12,8.88,False,False,3. Promo-Using Repeat
468,26,Female,Scarf,Accessories,43,Kansas,M,Brown,Winter,4.5,Yes,Express,Yes,Yes,45,Venmo,Weekly,Accessories,46,1,7,53.75,10.75,21.5,16.5,21.88,11.12,False,False,3. Promo-Using Repeat
469,49,Male,Scarf,Accessories,37,Alaska,M,Red,Summer,2.8,No,Standard,Yes,Yes,8,Bank Transfer,Every 3 Months,Accessories,9,1,90,46.25,9.25,18.5,13.5,18.12,8.88,False,False,3. Promo-Using Repeat
470,35,Male,Sweater,Clothing,78,West Virginia,L,Black,Fall,4.9,No,2-Day Shipping,Yes,Yes,14,PayPal,Monthly,Clothing,15,1,30,97.5,19.5,39.0,34.0,43.75,24.25,False,False,3. Promo-Using Repeat
471,42,Female,Sandals,Footwear,85,Illinois,S,Beige,Fall,4.3,Yes,Standard,No,No,15,Venmo,Fortnightly,Footwear,16,0,14,85.0,0.0,34.0,46.0,54.5,37.5,False,True,1. High Value Organic
472,29,Female,Shorts,Clothing,69,Maryland,M,Teal,Summer,3.5,No,Store Pickup,Yes,Yes,44,Cash,Fortnightly,Clothing,45,1,14,86.25,17.25,34.5,29.5,38.12,20.88,False,False,3. Promo-Using Repeat
473,58,Female,Sandals,Footwear,53,Wyoming,M,Lavender,Spring,3.2,No,Store Pickup,Yes,Yes,6,Cash,Bi-Weekly,Footwear,7,1,14,66.25,13.25,26.5,21.5,28.12,14.88,False,False,3. Promo-Using Repeat
474,20,Male,Socks,Clothing,93,Massachusetts,S,Peach,Winter,4.1,No,Standard,Yes,Yes,10,Venmo,Annually,Clothing,11,1,365,116.25,23.25,46.5,41.5,53.12,29.88,False,False,2. High Spend Bargain Hunter
475,49,Female,Shirt,Clothing,96,Oklahoma,S,Silver,Fall,4.7,No,Standard,No,No,37,Bank Transfer,Quarterly,Clothing,38,0,90,96.0,0.0,38.4,52.6,62.2,43.0,True,True,1. High Value Organic
476,57,Male,Backpack,Accessories,65,New Hampshire,S,Silver,Winter,3.0,Yes,Express,No,No,41,Cash,Fortnightly,Accessories,42,0,14,65.0,0.0,26.0,34.0,40.5,27.5,False,False,1. High Value Organic
477,69,Male,Sunglasses,Accessories,41,Illinois,L,Turquoise,Fall,3.6,No,Standard,Yes,Yes,39,Debit Card,Fortnightly,Accessories,40,1,14,51.25,10.25,20.5,15.5,20.62,10.38,False,False,3. Promo-Using Repeat
478,29,Male,Jewelry,Accessories,93,South Carolina,M,Yellow,Fall,3.9,Yes,2-Day Shipping,No,No,26,Credit Card,Monthly,Accessories,27,0,30,93.0,0.0,37.2,50.8,60.1,41.5,True,True,1. High Value Organic
479,27,Male,Shorts,Clothing,53,Massachusetts,S,Violet,Winter,3.7,No,Express,Yes,Yes,32,PayPal,Fortnightly,Clothing,33,1,14,66.25,13.25,26.5,21.5,28.12,14.88,False,False,3. Promo-Using Repeat
480,42,Male,Sweater,Clothing,58,Mississippi,M,Silver,Winter,3.3,No,Store Pickup,Yes,Yes,2,Bank Transfer,Annually,Clothing,3,1,365,72.5,14.5,29.0,24.0,31.25,16.75,False,False,3. Promo-Using Repeat
481,66,Female,Jewelry,Accessories,56,South Carolina,M,Green,Winter,2.6,No,2-Day Shipping,No,No,37,Bank Transfer,Quarterly,Accessories,38,0,90,56.0,0.0,22.4,28.6,34.2,23.0,False,False,1. High Value Organic
482,65,Female,Shoes,Footwear,35,Iowa,S,Maroon,Spring,4.2,Yes,2-Day Shipping,Yes,Yes,28,Debit Card,Every 3 Months,Footwear,29,1,90,43.75,8.75,17.5,12.5,16.88,8.12,False,False,3. Promo-Using Repeat
483,44,Male,Sunglasses,Accessories,46,Indiana,M,Gold,Summer,3.2,No,Standard,No,No,34,Debit Card,Every 3 Months,Accessories,35,0,90,46.0,0.0,18.4,22.6,27.2,18.0,False,False,4. Mid-Tier Core
484,26,Female,Pants,Clothing,73,Nebraska,XL,Turquoise,Fall,3.2,No,Express,Yes,Yes,38,Cash,Quarterly,Clothing,39,1,90,91.25,18.25,36.5,31.5,40.62,22.38,False,False,3. Promo-Using Repeat
485,48,Male,Blouse,Clothing,85,Arizona,S,Green,Spring,4.7,No,Next Day Air,No,No,31,PayPal,Every 3 Months,Clothing,32,0,90,85.0,0.0,34.0,46.0,54.5,37.5,True,True,1. High Value Organic
486,55,Male,Blouse,Clothing,82,Maine,L,Teal,Winter,3.6,Yes,Free Shipping,No,No,34,PayPal,Monthly,Clothing,35,0,30,82.0,0.0,32.8,44.2,52.4,36.0,True,True,1. High Value Organic
487,53,Male,Shoes,Footwear,68,Wyoming,XL,Turquoise,Spring,4.2,No,2-Day Shipping,Yes,Yes,45,Cash,Monthly,Footwear,46,1,30,85.0,17.0,34.0,29.0,37.5,20.5,False,False,3. Promo-Using Repeat
488,22,Male,Skirt,Clothing,35,Kentucky,S,Turquoise,Fall,4.3,No,Next Day Air,Yes,Yes,21,Cash,Monthly,Clothing,22,1,30,43.75,8.75,17.5,12.5,16.88,8.12,False,False,3. Promo-Using Repeat
489,55,Female,Shirt,Clothing,30,Louisiana,M,Magenta,Summer,3.0,Yes,Next Day Air,No,No,21,PayPal,Weekly,Clothing,22,0,7,30.0,0.0,12.0,13.0,16.0,10.0,False,False,4. Mid-Tier Core
490,46,Male,Dress,Clothing,34,New Jersey,L,Yellow,Fall,4.7,Yes,2-Day Shipping,No,No,22,Venmo,Bi-Weekly,Clothing,23,0,14,34.0,0.0,13.6,15.4,18.8,12.0,False,False,4. Mid-Tier Core
491,65,Male,Pants,Clothing,33,South Carolina,M,Indigo,Winter,2.6,No,Next Day Air,No,No,28,PayPal,Every 3 Months,Clothing,29,0,90,33.0,0.0,13.2,14.8,18.1,11.5,False,False,4. Mid-Tier Core
492,59,Male,Sneakers,Footwear,46,Maine,L,Magenta,Summer,4.9,No,Standard,No,No,25,Bank Transfer,Bi-Weekly,Footwear,26,0,14,46.0,0.0,18.4,22.6,27.2,18.0,False,False,4. Mid-Tier Core
493,23,Female,Jeans,Clothing,77,North Carolina,L,Teal,Spring,4.4,No,Standard,No,No,1,Venmo,Fortnightly,Clothing,2,0,14,77.0,0.0,30.8,41.2,48.9,33.5,False,False,4. Mid-Tier Core
494,62,Male,Blouse,Clothing,22,Arkansas,M,Teal,Winter,4.8,Yes,Free Shipping,Yes,Yes,35,PayPal,Annually,Clothing,36,1,365,27.5,5.5,11.0,6.0,8.75,3.25,False,False,3. Promo-Using Repeat
495,34,Male,Pants,Clothing,98,Alabama,M,Maroon,Summer,4.6,No,Standard,Yes,Yes,43,Debit Card,Quarterly,Clothing,44,1,90,122.5,24.5,49.0,44.0,56.25,31.75,True,False,2. High Spend Bargain Hunter
496,35,Female,Sunglasses,Accessories,60,Maryland,S,Pink,Summer,3.6,Yes,Express,No,No,26,Venmo,Bi-Weekly,Accessories,27,0,14,60.0,0.0,24.0,31.0,37.0,25.0,False,False,1. High Value Organic
497,58,Male,Pants,Clothing,51,Rhode Island,M,Magenta,Fall,3.0,No,Standard,No,No,35,Bank Transfer,Monthly,Clothing,36,0,30,51.0,0.0,20.4,25.6,30.7,20.5,False,False,4. Mid-Tier Core
498,42,Male,Sandals,Footwear,84,Oregon,S,Yellow,Fall,4.1,Yes,2-Day Shipping,Yes,Yes,36,PayPal,Annually,Footwear,37,1,365,105.0,21.0,42.0,37.0,47.5,26.5,True,False,2. High Spend Bargain Hunter
499,35,Male,Sandals,Footwear,60,North Carolina,M,Magenta,Fall,4.2,No,2-Day Shipping,Yes,Yes,26,Debit Card,Fortnightly,Footwear,27,1,14,75.0,15.0,30.0,25.0,32.5,17.5,False,False,3. Promo-Using Repeat
500,68,Female,Pants,Clothing,97,Georgia,M,Peach,Spring,3.7,No,Free Shipping,No,No,39,Cash,Every 3 Months,Clothing,40,0,90,97.0,0.0,38.8,53.2,62.9,43.5,True,True,1. High Value Organic
501,68,Male,Jacket,Outerwear,35,Rhode Island,L,Pink,Spring,3.6,No,Express,No,No,42,Cash,Quarterly,Outerwear,43,0,90,35.0,0.0,14.0,16.0,19.5,12.5,False,False,4. Mid-Tier Core
502,59,Female,Hat,Accessories,52,Utah,S,Olive,Spring,4.8,No,Store Pickup,No,No,25,Bank Transfer,Weekly,Accessories,26,0,7,52.0,0.0,20.8,26.2,31.4,21.0,False,False,4. Mid-Tier Core
503,35,Male,Scarf,Accessories,68,Nebraska,M,Black,Summer,3.5,No,Store Pickup,Yes,Yes,45,Cash,Weekly,Accessories,46,1,7,85.0,17.0,34.0,29.0,37.5,20.5,False,False,3. Promo-Using Repeat
504,42,Female,Hoodie,Clothing,96,Rhode Island,M,Gray,Fall,3.1,Yes,Free Shipping,No,No,44,Debit Card,Monthly,Clothing,45,0,30,96.0,0.0,38.4,52.6,62.2,43.0,True,True,1. High Value Organic
505,26,Male,Sneakers,Footwear,52,Massachusetts,S,Teal,Winter,4.5,No,Store Pickup,No,No,9,Cash,Weekly,Footwear,10,0,7,52.0,0.0,20.8,26.2,31.4,21.0,False,False,4. Mid-Tier Core
506,42,Female,Jeans,Clothing,63,Kansas,L,Olive,Spring,2.7,Yes,Standard,No,No,47,Cash,Weekly,Clothing,48,0,7,63.0,0.0,25.2,32.8,39.1,26.5,False,False,1. High Value Organic
507,59,Female,Sunglasses,Accessories,75,Illinois,M,Maroon,Winter,3.8,Yes,Store Pickup,No,No,3,Debit Card,Quarterly,Accessories,4,0,90,75.0,0.0,30.0,40.0,47.5,32.5,False,False,4. Mid-Tier Core
508,70,Male,Jewelry,Accessories,79,Maryland,L,White,Spring,3.1,No,Free Shipping,No,No,21,PayPal,Annually,Accessories,22,0,365,79.0,0.0,31.6,42.4,50.3,34.5,True,True,1. High Value Organic
509,70,Male,Dress,Clothing,49,Louisiana,L,Green,Winter,3.0,No,Next Day Air,No,No,5,Credit Card,Every 3 Months,Clothing,6,0,90,49.0,0.0,19.6,24.4,29.3,19.5,False,False,4. Mid-Tier Core
510,44,Male,Coat,Outerwear,45,Arizona,M,Red,Spring,4.4,No,Express,No,No,19,Debit Card,Quarterly,Outerwear,20,0,90,45.0,0.0,18.0,22.0,26.5,17.5,False,False,4. Mid-Tier Core
511,40,Male,Blouse,Clothing,31,Louisiana,M,Magenta,Winter,3.9,No,2-Day Shipping,Yes,Yes,28,Venmo,Quarterly,Clothing,29,1,90,38.75,7.75,15.5,10.5,14.38,6.62,False,False,3. Promo-Using Repeat
512,35,Male,Boots,Footwear,49,Indiana,M,Pink,Winter,3.7,No,Store Pickup,Yes,Yes,2,Venmo,Monthly,Footwear,3,1,30,61.25,12.25,24.5,19.5,25.62,13.38,False,False,3. Promo-Using Repeat
513,59,Female,Dress,Clothing,46,South Dakota,M,Gold,Winter,3.7,Yes,Store Pickup,No,No,14,Bank Transfer,Monthly,Clothing,15,0,30,46.0,0.0,18.4,22.6,27.2,18.0,False,False,4. Mid-Tier Core
514,29,Male,Shirt,Clothing,41,California,M,Purple,Spring,4.8,No,Free Shipping,No,No,9,PayPal,Weekly,Clothing,10,0,7,41.0,0.0,16.4,19.6,23.7,15.5,False,False,4. Mid-Tier Core
515,68,Female,Jewelry,Accessories,54,Iowa,M,Gold,Fall,4.6,No,Express,No,No,19,Credit Card,Weekly,Accessories,20,0,7,54.0,0.0,21.6,27.4,32.8,22.0,False,False,4. Mid-Tier Core
516,29,Male,Shorts,Clothing,30,New Jersey,M,Gray,Summer,2.5,No,Standard,Yes,Yes,13,Venmo,Weekly,Clothing,14,1,7,37.5,7.5,15.0,10.0,13.75,6.25,False,False,3. Promo-Using Repeat
517,65,Male,Sneakers,Footwear,41,Utah,XL,Black,Winter,3.1,No,Standard,Yes,Yes,31,Cash,Fortnightly,Footwear,32,1,14,51.25,10.25,20.5,15.5,20.62,10.38,False,False,3. Promo-Using Repeat
518,66,Female,Dress,Clothing,83,Maine,M,Maroon,Spring,4.6,No,2-Day Shipping,Yes,Yes,3,Cash,Monthly,Clothing,4,1,30,103.75,20.75,41.5,36.5,46.88,26.12,False,False,2. High Spend Bargain Hunter
519,70,Male,Jewelry,Accessories,37,West Virginia,M,Magenta,Winter,2.8,No,Next Day Air,Yes,Yes,6,PayPal,Annually,Accessories,7,1,365,46.25,9.25,18.5,13.5,18.12,8.88,False,False,3. Promo-Using Repeat
520,57,Male,Sunglasses,Accessories,22,Hawaii,L,Maroon,Fall,3.9,No,2-Day Shipping,No,No,9,Debit Card,Quarterly,Accessories,10,0,90,22.0,0.0,8.8,8.2,10.4,6.0,False,False,4. Mid-Tier Core
521,66,Male,Sneakers,Footwear,50,South Carolina,M,Black,Winter,5.0,No,Next Day Air,Yes,Yes,23,Venmo,Weekly,Footwear,24,1,7,62.5,12.5,25.0,20.0,26.25,13.75,False,False,3. Promo-Using Repeat
522,52,Male,Coat,Outerwear,40,Oregon,XL,Magenta,Winter,4.3,No,Standard,No,No,50,Venmo,Weekly,Outerwear,51,0,7,40.0,0.0,16.0,19.0,23.0,15.0,False,False,4. Mid-Tier Core
523,23,Male,Jewelry,Accessories,86,South Carolina,M,Charcoal,Winter,3.0,No,Express,No,No,35,PayPal,Monthly,Accessories,36,0,30,86.0,0.0,34.4,46.6,55.2,38.0,True,True,1. High Value Organic
524,56,Male,Sneakers,Footwear,66,Massachusetts,M,Orange,Summer,3.0,No,Express,No,No,8,Cash,Annually,Footwear,9,0,365,66.0,0.0,26.4,34.6,41.2,28.0,False,False,4. Mid-Tier Core
525,29,Male,Pants,Clothing,58,North Dakota,S,Indigo,Fall,4.7,Yes,Free Shipping,Yes,Yes,23,Cash,Bi-Weekly,Clothing,24,1,14,72.5,14.5,29.0,24.0,31.25,16.75,False,False,3. Promo-Using Repeat
526,66,Male,Socks,Clothing,99,South Dakota,L,Red,Winter,3.5,No,2-Day Shipping,No,No,16,Credit Card,Weekly,Clothing,17,0,7,99.0,0.0,39.6,54.4,64.3,44.5,False,True,1. High Value Organic
527,70,Male,Socks,Clothing,68,South Carolina,L,Cyan,Summer,3.8,No,Store Pickup,No,No,29,PayPal,Monthly,Clothing,30,0,30,68.0,0.0,27.2,35.8,42.6,29.0,False,False,1. High Value Organic
528,30,Female,Jacket,Outerwear,81,South Carolina,L,Red,Winter,3.3,No,Express,No,No,19,Credit Card,Monthly,Outerwear,20,0,30,81.0,0.0,32.4,43.6,51.7,35.5,False,True,1. High Value Organic
529,51,Male,Jeans,Clothing,87,Missouri,M,Magenta,Summer,3.3,Yes,2-Day Shipping,No,No,30,Venmo,Every 3 Months,Clothing,31,0,90,87.0,0.0,34.8,47.2,55.9,38.5,True,True,1. High Value Organic
530,33,Male,Pants,Clothing,31,Kansas,M,Red,Summer,3.4,Yes,Express,No,No,6,Credit Card,Annually,Clothing,7,0,365,31.0,0.0,12.4,13.6,16.7,10.5,False,False,4. Mid-Tier Core
531,45,Male,Jewelry,Accessories,57,Massachusetts,M,Pink,Winter,4.3,No,2-Day Shipping,Yes,Yes,34,Debit Card,Weekly,Accessories,35,1,7,71.25,14.25,28.5,23.5,30.62,16.38,False,False,3. Promo-Using Repeat
532,24,Male,Jewelry,Accessories,50,Colorado,M,Gold,Fall,2.9,No,Free Shipping,Yes,Yes,48,Debit Card,Every 3 Months,Accessories,49,1,90,62.5,12.5,25.0,20.0,26.25,13.75,False,False,3. Promo-Using Repeat
533,49,Male,Gloves,Accessories,37,Georgia,L,Turquoise,Fall,2.6,No,Store Pickup,No,No,19,Bank Transfer,Bi-Weekly,Accessories,20,0,14,37.0,0.0,14.8,17.2,20.9,13.5,False,False,4. Mid-Tier Core
534,28,Female,Jeans,Clothing,38,Hawaii,M,Violet,Winter,3.0,No,Next Day Air,Yes,Yes,26,PayPal,Weekly,Clothing,27,1,7,47.5,9.5,19.0,14.0,18.75,9.25,False,False,3. Promo-Using Repeat
535,21,Female,Hoodie,Clothing,57,California,L,Brown,Summer,3.7,No,2-Day Shipping,Yes,Yes,11,Debit Card,Weekly,Clothing,12,1,7,71.25,14.25,28.5,23.5,30.62,16.38,False,False,3. Promo-Using Repeat
536,31,Male,Boots,Footwear,28,Kansas,S,Teal,Fall,2.9,No,Standard,Yes,Yes,11,Venmo,Bi-Weekly,Footwear,12,1,14,35.0,7.0,14.0,9.0,12.5,5.5,False,False,3. Promo-Using Repeat
537,36,Male,Shoes,Footwear,40,Alaska,M,Lavender,Winter,3.1,No,Express,No,No,35,Debit Card,Bi-Weekly,Footwear,36,0,14,40.0,0.0,16.0,19.0,23.0,15.0,False,False,4. Mid-Tier Core
538,68,Male,Socks,Clothing,100,Illinois,S,Silver,Spring,2.5,No,Standard,Yes,Yes,45,Cash,Weekly,Clothing,46,1,7,125.0,25.0,50.0,45.0,57.5,32.5,True,False,2. High Spend Bargain Hunter
539,34,Male,Scarf,Accessories,47,New Hampshire,S,Cyan,Fall,4.5,No,Store Pickup,No,No,27,Cash,Bi-Weekly,Accessories,28,0,14,47.0,0.0,18.8,23.2,27.9,18.5,False,False,4. Mid-Tier Core
540,51,Female,Backpack,Accessories,98,Arkansas,L,Indigo,Winter,4.8,Yes,Next Day Air,No,No,28,PayPal,Every 3 Months,Accessories,29,0,90,98.0,0.0,39.2,53.8,63.6,44.0,True,True,1. High Value Organic
541,28,Male,Boots,Footwear,54,Ohio,XL,Red,Spring,3.5,Yes,Free Shipping,No,No,45,Debit Card,Annually,Footwear,46,0,365,54.0,0.0,21.6,27.4,32.8,22.0,False,False,4. Mid-Tier Core
542,66,Male,Sandals,Footwear,91,Nebraska,M,Charcoal,Spring,3.4,No,Store Pickup,No,No,39,PayPal,Every 3 Months,Footwear,40,0,90,91.0,0.0,36.4,49.6,58.7,40.5,True,True,1. High Value Organic
543,55,Female,Dress,Clothing,44,Montana,M,Charcoal,Summer,3.8,No,Free Shipping,Yes,Yes,20,Credit Card,Annually,Clothing,21,1,365,55.0,11.0,22.0,17.0,22.5,11.5,False,False,3. Promo-Using Repeat
544,40,Female,Dress,Clothing,80,Montana,S,Gold,Summer,4.4,No,Free Shipping,Yes,Yes,41,Debit Card,Weekly,Clothing,42,1,7,100.0,20.0,40.0,35.0,45.0,25.0,True,False,2. High Spend Bargain Hunter
545,61,Male,Jewelry,Accessories,58,New York,M,Purple,Spring,3.5,No,Standard,No,No,21,Credit Card,Every 3 Months,Accessories,22,0,90,58.0,0.0,23.2,29.8,35.6,24.0,False,False,1. High Value Organic
546,27,Male,Dress,Clothing,41,Massachusetts,M,Red,Summer,4.8,Yes,Store Pickup,Yes,Yes,43,Credit Card,Annually,Clothing,44,1,365,51.25,10.25,20.5,15.5,20.62,10.38,False,False,3. Promo-Using Repeat
547,19,Male,Sweater,Clothing,93,Idaho,XL,Purple,Winter,4.1,No,Store Pickup,No,No,44,Debit Card,Quarterly,Clothing,45,0,90,93.0,0.0,37.2,50.8,60.1,41.5,True,True,1. High Value Organic
548,50,Male,Blouse,Clothing,51,Oregon,S,Purple,Winter,2.7,No,Next Day Air,No,No,50,Debit Card,Monthly,Clothing,51,0,30,51.0,0.0,20.4,25.6,30.7,20.5,False,False,4. Mid-Tier Core
549,20,Male,Hoodie,Clothing,74,Colorado,M,Yellow,Summer,4.3,Yes,Next Day Air,No,No,49,Bank Transfer,Monthly,Clothing,50,0,30,74.0,0.0,29.6,39.4,46.8,32.0,False,True,1. High Value Organic
550,44,Male,Coat,Outerwear,53,Alaska,M,Cyan,Winter,3.8,No,2-Day Shipping,No,No,9,Venmo,Annually,Outerwear,10,0,365,53.0,0.0,21.2,26.8,32.1,21.5,False,False,4. Mid-Tier Core
551,38,Male,Hat,Accessories,88,Missouri,L,Brown,Winter,3.4,Yes,Store Pickup,No,No,8,Cash,Fortnightly,Accessories,9,0,14,88.0,0.0,35.2,47.8,56.6,39.0,False,False,4. Mid-Tier Core
552,28,Male,Hat,Accessories,44,North Dakota,L,Yellow,Fall,3.8,Yes,Express,Yes,Yes,4,Debit Card,Monthly,Accessories,5,1,30,55.0,11.0,22.0,17.0,22.5,11.5,False,False,3. Promo-Using Repeat
553,30,Male,Skirt,Clothing,87,Alabama,L,Violet,Fall,4.0,No,Next Day Air,Yes,Yes,39,PayPal,Every 3 Months,Clothing,40,1,90,108.75,21.75,43.5,38.5,49.38,27.62,True,False,2. High Spend Bargain Hunter
554,65,Male,Boots,Footwear,92,South Dakota,XL,Lavender,Summer,3.0,No,Standard,No,No,17,Cash,Bi-Weekly,Footwear,18,0,14,92.0,0.0,36.8,50.2,59.4,41.0,False,True,1. High Value Organic
555,44,Male,Socks,Clothing,98,South Carolina,L,Teal,Winter,3.3,No,Store Pickup,No,No,27,Venmo,Bi-Weekly,Clothing,28,0,14,98.0,0.0,39.2,53.8,63.6,44.0,True,True,1. High Value Organic
556,48,Female,Boots,Footwear,73,Oregon,S,Violet,Winter,4.1,No,Store Pickup,No,No,32,Credit Card,Monthly,Footwear,33,0,30,73.0,0.0,29.2,38.8,46.1,31.5,False,True,1. High Value Organic
557,67,Male,Sunglasses,Accessories,27,Mississippi,L,Gray,Spring,2.9,No,Store Pickup,Yes,Yes,27,PayPal,Weekly,Accessories,28,1,7,33.75,6.75,13.5,8.5,11.88,5.12,False,False,3. Promo-Using Repeat
558,46,Male,Hat,Accessories,35,Mississippi,L,Indigo,Fall,2.6,No,2-Day Shipping,No,No,41,PayPal,Weekly,Accessories,42,0,7,35.0,0.0,14.0,16.0,19.5,12.5,False,False,4. Mid-Tier Core
559,34,Male,Skirt,Clothing,58,Maryland,L,Pink,Spring,4.5,Yes,Standard,Yes,Yes,43,PayPal,Quarterly,Clothing,44,1,90,72.5,14.5,29.0,24.0,31.25,16.75,False,False,3. Promo-Using Repeat
560,22,Female,Sweater,Clothing,27,North Dakota,M,Orange,Spring,4.3,Yes,Express,Yes,Yes,12,Debit Card,Annually,Clothing,13,1,365,33.75,6.75,13.5,8.5,11.88,5.12,False,False,3. Promo-Using Repeat
561,22,Male,Shirt,Clothing,77,Ohio,M,Black,Spring,2.6,No,Next Day Air,No,No,14,Debit Card,Weekly,Clothing,15,0,7,77.0,0.0,30.8,41.2,48.9,33.5,False,False,1. High Value Organic
562,57,Male,Sweater,Clothing,73,Idaho,S,Cyan,Spring,3.3,No,Store Pickup,No,No,25,Debit Card,Quarterly,Clothing,26,0,90,73.0,0.0,29.2,38.8,46.1,31.5,False,True,1. High Value Organic
563,66,Male,Shirt,Clothing,49,Mississippi,XL,Turquoise,Fall,4.3,No,Next Day Air,No,No,49,PayPal,Every 3 Months,Clothing,50,0,90,49.0,0.0,19.6,24.4,29.3,19.5,False,False,4. Mid-Tier Core
564,28,Male,Boots,Footwear,81,Idaho,L,Cyan,Fall,3.9,No,Next Day Air,Yes,Yes,3,Cash,Bi-Weekly,Footwear,4,1,14,101.25,20.25,40.5,35.5,45.62,25.38,False,False,2. High Spend Bargain Hunter
565,64,Male,Jacket,Outerwear,91,North Carolina,M,Violet,Summer,2.9,No,2-Day Shipping,Yes,Yes,10,Bank Transfer,Every 3 Months,Outerwear,11,1,90,113.75,22.75,45.5,40.5,51.88,29.12,False,False,2. High Spend Bargain Hunter
566,38,Male,Blouse,Clothing,43,North Dakota,S,Gold,Winter,4.9,No,Free Shipping,Yes,Yes,24,Credit Card,Fortnightly,Clothing,25,1,14,53.75,10.75,21.5,16.5,21.88,11.12,False,False,3. Promo-Using Repeat
567,21,Female,Skirt,Clothing,76,Delaware,L,Gold,Winter,2.6,No,Standard,No,No,34,Credit Card,Every 3 Months,Clothing,35,0,90,76.0,0.0,30.4,40.6,48.2,33.0,False,True,1. High Value Organic
568,56,Female,Sunglasses,Accessories,94,Idaho,M,Violet,Winter,4.5,Yes,2-Day Shipping,No,No,37,Venmo,Bi-Weekly,Accessories,38,0,14,94.0,0.0,37.6,51.4,60.8,42.0,True,True,1. High Value Organic
569,24,Male,Skirt,Clothing,96,Georgia,M,Violet,Fall,3.3,Yes,Express,No,No,39,Credit Card,Monthly,Clothing,40,0,30,96.0,0.0,38.4,52.6,62.2,43.0,True,True,1. High Value Organic
570,56,Female,Dress,Clothing,87,Wyoming,L,Charcoal,Winter,3.2,No,Express,No,No,33,Venmo,Quarterly,Clothing,34,0,90,87.0,0.0,34.8,47.2,55.9,38.5,True,True,1. High Value Organic
571,45,Female,Shirt,Clothing,84,Delaware,M,Gray,Fall,3.1,Yes,Next Day Air,Yes,Yes,17,Bank Transfer,Bi-Weekly,Clothing,18,1,14,105.0,21.0,42.0,37.0,47.5,26.5,False,False,2. High Spend Bargain Hunter
572,70,Male,Sandals,Footwear,44,Maine,M,Charcoal,Fall,3.4,No,2-Day Shipping,No,No,37,Venmo,Weekly,Footwear,38,0,7,44.0,0.0,17.6,21.4,25.8,17.0,False,False,4. Mid-Tier Core
573,50,Male,Boots,Footwear,100,Texas,XL,Black,Fall,2.7,No,Next Day Air,No,No,25,Credit Card,Fortnightly,Footwear,26,0,14,100.0,0.0,40.0,55.0,65.0,45.0,True,True,1. High Value Organic
574,27,Male,Sweater,Clothing,65,Arizona,L,Charcoal,Spring,3.1,No,Store Pickup,No,No,24,Credit Card,Every 3 Months,Clothing,25,0,90,65.0,0.0,26.0,34.0,40.5,27.5,False,False,1. High Value Organic
575,47,Male,Jacket,Outerwear,82,New Hampshire,S,Teal,Winter,4.8,No,2-Day Shipping,No,No,23,PayPal,Quarterly,Outerwear,24,0,90,82.0,0.0,32.8,44.2,52.4,36.0,True,True,1. High Value Organic
576,27,Male,Jewelry,Accessories,89,Utah,XL,Violet,Summer,4.7,No,2-Day Shipping,No,No,37,Bank Transfer,Fortnightly,Accessories,38,0,14,89.0,0.0,35.6,48.4,57.3,39.5,True,True,1. High Value Organic
577,58,Male,Shirt,Clothing,98,Indiana,M,Indigo,Fall,3.8,No,Next Day Air,No,No,42,Venmo,Annually,Clothing,43,0,365,98.0,0.0,39.2,53.8,63.6,44.0,True,True,1. High Value Organic
578,29,Male,Dress,Clothing,31,Maryland,L,Pink,Summer,4.5,No,2-Day Shipping,Yes,Yes,18,Venmo,Weekly,Clothing,19,1,7,38.75,7.75,15.5,10.5,14.38,6.62,False,False,3. Promo-Using Repeat
579,48,Male,Backpack,Accessories,29,Maine,L,Turquoise,Summer,3.7,No,Next Day Air,Yes,Yes,15,Debit Card,Annually,Accessories,16,1,365,36.25,7.25,14.5,9.5,13.12,5.88,False,False,3. Promo-Using Repeat
580,67,Male,Shoes,Footwear,34,North Carolina,M,Olive,Fall,3.6,No,Next Day Air,Yes,Yes,26,Bank Transfer,Monthly,Footwear,27,1,30,42.5,8.5,17.0,12.0,16.25,7.75,False,False,3. Promo-Using Repeat
581,18,Male,Shoes,Footwear,20,Oklahoma,M,Orange,Winter,4.7,No,Standard,No,No,22,PayPal,Weekly,Footwear,23,0,7,20.0,0.0,8.0,7.0,9.0,5.0,False,False,4. Mid-Tier Core
582,50,Male,Blouse,Clothing,55,Oregon,S,Beige,Winter,4.0,No,Store Pickup,Yes,Yes,26,Cash,Monthly,Clothing,27,1,30,68.75,13.75,27.5,22.5,29.38,15.62,False,False,3. Promo-Using Repeat
583,28,Female,Dress,Clothing,62,Ohio,L,Yellow,Summer,3.2,No,Next Day Air,No,No,10,Credit Card,Weekly,Clothing,11,0,7,62.0,0.0,24.8,32.2,38.4,26.0,False,False,1. High Value Organic
584,59,Female,Dress,Clothing,51,Maryland,L,Brown,Winter,3.4,No,Free Shipping,Yes,Yes,17,Bank Transfer,Every 3 Months,Clothing,18,1,90,63.75,12.75,25.5,20.5,26.88,14.12,False,False,3. Promo-Using Repeat
585,26,Male,Shorts,Clothing,68,Kentucky,XL,Magenta,Summer,4.2,No,Standard,Yes,Yes,9,Venmo,Monthly,Clothing,10,1,30,85.0,17.0,34.0,29.0,37.5,20.5,False,False,3. Promo-Using Repeat
586,60,Male,Socks,Clothing,25,Oklahoma,L,Green,Summer,3.7,No,Next Day Air,No,No,37,Credit Card,Monthly,Clothing,38,0,30,25.0,0.0,10.0,10.0,12.5,7.5,False,False,4. Mid-Tier Core
587,43,Female,Sneakers,Footwear,91,South Carolina,L,Green,Fall,2.5,Yes,Free Shipping,Yes,Yes,24,PayPal,Bi-Weekly,Footwear,25,1,14,113.75,22.75,45.5,40.5,51.88,29.12,True,False,2. High Spend Bargain Hunter
588,30,Male,Sandals,Footwear,85,South Carolina,L,Olive,Fall,4.1,No,Free Shipping,No,No,1,Cash,Bi-Weekly,Footwear,2,0,14,85.0,0.0,34.0,46.0,54.5,37.5,False,False,4. Mid-Tier Core
589,32,Female,Handbag,Accessories,88,South Dakota,S,Olive,Summer,2.7,Yes,Express,Yes,Yes,27,Venmo,Monthly,Accessories,28,1,30,110.0,22.0,44.0,39.0,50.0,28.0,True,False,2. High Spend Bargain Hunter
590,26,Male,Boots,Footwear,68,South Carolina,S,Silver,Winter,3.2,No,2-Day Shipping,No,No,14,PayPal,Annually,Footwear,15,0,365,68.0,0.0,27.2,35.8,42.6,29.0,False,False,1. High Value Organic
591,43,Male,Belt,Accessories,47,Rhode Island,L,Yellow,Fall,3.6,No,Free Shipping,No,No,37,Debit Card,Every 3 Months,Accessories,38,0,90,47.0,0.0,18.8,23.2,27.9,18.5,False,False,4. Mid-Tier Core
592,56,Male,Socks,Clothing,58,Texas,M,White,Fall,4.3,No,Express,No,No,34,PayPal,Monthly,Clothing,35,0,30,58.0,0.0,23.2,29.8,35.6,24.0,False,False,1. High Value Organic
593,56,Female,Pants,Clothing,73,Florida,M,Gray,Winter,3.7,No,2-Day Shipping,No,No,43,Venmo,Fortnightly,Clothing,44,0,14,73.0,0.0,29.2,38.8,46.1,31.5,False,True,1. High Value Organic
594,28,Male,Sweater,Clothing,80,Vermont,L,Olive,Spring,4.6,No,Free Shipping,Yes,Yes,5,Bank Transfer,Monthly,Clothing,6,1,30,100.0,20.0,40.0,35.0,45.0,25.0,False,False,2. High Spend Bargain Hunter
595,65,Male,Hat,Accessories,56,Kentucky,M,Yellow,Spring,4.6,No,Standard,No,No,10,Cash,Quarterly,Accessories,11,0,90,56.0,0.0,22.4,28.6,34.2,23.0,False,False,1. High Value Organic
596,23,Male,Shoes,Footwear,85,Alaska,M,Teal,Winter,3.5,No,2-Day Shipping,No,No,15,Debit Card,Annually,Footwear,16,0,365,85.0,0.0,34.0,46.0,54.5,37.5,False,True,1. High Value Organic
597,22,Male,Coat,Outerwear,57,Arkansas,S,Orange,Fall,4.8,Yes,Free Shipping,No,No,34,Cash,Monthly,Outerwear,35,0,30,57.0,0.0,22.8,29.2,34.9,23.5,False,False,1. High Value Organic
598,48,Male,Handbag,Accessories,87,Wyoming,S,Green,Fall,3.5,No,Next Day Air,Yes,Yes,49,Bank Transfer,Every 3 Months,Accessories,50,1,90,108.75,21.75,43.5,38.5,49.38,27.62,True,False,2. High Spend Bargain Hunter
599,42,Female,Dress,Clothing,90,Indiana,M,Brown,Summer,2.7,No,2-Day Shipping,No,No,25,Cash,Weekly,Clothing,26,0,7,90.0,0.0,36.0,49.0,58.0,40.0,True,True,1. High Value Organic
600,30,Male,Pants,Clothing,96,Vermont,M,Yellow,Spring,4.6,No,Free Shipping,Yes,Yes,38,Bank Transfer,Weekly,Clothing,39,1,7,120.0,24.0,48.0,43.0,55.0,31.0,True,False,2. High Spend Bargain Hunter
601,58,Male,Sneakers,Footwear,23,Kansas,L,Green,Summer,4.8,Yes,Express,No,No,16,Credit Card,Weekly,Footwear,17,0,7,23.0,0.0,9.2,8.8,11.1,6.5,False,False,4. Mid-Tier Core
602,20,Male,Dress,Clothing,39,New Hampshire,M,Yellow,Summer,4.5,Yes,Free Shipping,No,No,30,Venmo,Every 3 Months,Clothing,31,0,90,39.0,0.0,15.6,18.4,22.3,14.5,False,False,4. Mid-Tier Core
603,25,Male,Jacket,Outerwear,86,Nevada,M,Cyan,Spring,4.6,No,2-Day Shipping,No,No,12,Debit Card,Quarterly,Outerwear,13,0,90,86.0,0.0,34.4,46.6,55.2,38.0,False,False,1. High Value Organic
604,64,Male,Hoodie,Clothing,71,Louisiana,L,Teal,Fall,2.7,No,Next Day Air,Yes,Yes,21,PayPal,Annually,Clothing,22,1,365,88.75,17.75,35.5,30.5,39.38,21.62,False,False,3. Promo-Using Repeat
605,26,Male,Sandals,Footwear,92,Delaware,L,Silver,Spring,2.7,No,Next Day Air,No,No,24,Credit Card,Fortnightly,Footwear,25,0,14,92.0,0.0,36.8,50.2,59.4,41.0,True,True,1. High Value Organic
606,45,Female,Sunglasses,Accessories,29,Nevada,M,Olive,Winter,3.8,Yes,Express,Yes,Yes,17,Bank Transfer,Monthly,Accessories,18,1,30,36.25,7.25,14.5,9.5,13.12,5.88,False,False,3. Promo-Using Repeat
607,64,Male,Sunglasses,Accessories,85,Mississippi,M,Purple,Fall,2.5,No,Store Pickup,No,No,16,Credit Card,Bi-Weekly,Accessories,17,0,14,85.0,0.0,34.0,46.0,54.5,37.5,False,True,1. High Value Organic
608,60,Male,Hat,Accessories,52,New Jersey,XL,Green,Spring,3.2,Yes,Store Pickup,No,No,30,Venmo,Bi-Weekly,Accessories,31,0,14,52.0,0.0,20.8,26.2,31.4,21.0,False,False,4. Mid-Tier Core
609,69,Male,Scarf,Accessories,83,Iowa,L,Yellow,Fall,3.6,No,Express,No,No,24,Venmo,Quarterly,Accessories,25,0,90,83.0,0.0,33.2,44.8,53.1,36.5,True,True,1. High Value Organic
610,50,Female,Sweater,Clothing,65,West Virginia,L,Beige,Winter,3.6,No,Store Pickup,No,No,48,Debit Card,Annually,Clothing,49,0,365,65.0,0.0,26.0,34.0,40.5,27.5,False,False,1. High Value Organic
611,20,Male,Scarf,Accessories,33,Utah,M,Olive,Spring,4.8,No,Express,Yes,Yes,27,Venmo,Quarterly,Accessories,28,1,90,41.25,8.25,16.5,11.5,15.62,7.38,False,False,3. Promo-Using Repeat
612,24,Female,Dress,Clothing,34,Kansas,L,Beige,Fall,4.2,Yes,Express,No,No,41,Cash,Weekly,Clothing,42,0,7,34.0,0.0,13.6,15.4,18.8,12.0,False,False,4. Mid-Tier Core
613,38,Male,Boots,Footwear,32,Tennessee,S,Orange,Winter,3.9,No,Next Day Air,No,No,9,Debit Card,Every 3 Months,Footwear,10,0,90,32.0,0.0,12.8,14.2,17.4,11.0,False,False,4. Mid-Tier Core
614,61,Female,Sunglasses,Accessories,52,Colorado,S,Olive,Spring,3.1,No,2-Day Shipping,Yes,Yes,44,Credit Card,Annually,Accessories,45,1,365,65.0,13.0,26.0,21.0,27.5,14.5,False,False,3. Promo-Using Repeat
615,65,Male,Socks,Clothing,44,Hawaii,M,Violet,Fall,2.5,No,Express,No,No,35,PayPal,Fortnightly,Clothing,36,0,14,44.0,0.0,17.6,21.4,25.8,17.0,False,False,4. Mid-Tier Core
616,42,Male,Dress,Clothing,88,Oregon,M,Brown,Summer,3.2,No,Express,Yes,Yes,2,Bank Transfer,Monthly,Clothing,3,1,30,110.0,22.0,44.0,39.0,50.0,28.0,False,False,2. High Spend Bargain Hunter
617,42,Female,Blouse,Clothing,66,Alabama,L,Indigo,Summer,4.0,Yes,Free Shipping,Yes,Yes,2,Credit Card,Weekly,Clothing,3,1,7,82.5,16.5,33.0,28.0,36.25,19.75,False,False,3. Promo-Using Repeat
618,25,Male,Jeans,Clothing,87,New Hampshire,S,Gold,Winter,3.0,No,Express,No,No,49,Cash,Fortnightly,Clothing,50,0,14,87.0,0.0,34.8,47.2,55.9,38.5,True,True,1. High Value Organic
619,49,Male,Shorts,Clothing,32,Maine,L,Indigo,Winter,4.1,No,Free Shipping,Yes,Yes,41,Credit Card,Annually,Clothing,42,1,365,40.0,8.0,16.0,11.0,15.0,7.0,False,False,3. Promo-Using Repeat
620,45,Male,Handbag,Accessories,63,Missouri,M,Red,Summer,3.1,No,Standard,No,No,14,PayPal,Every 3 Months,Accessories,15,0,90,63.0,0.0,25.2,32.8,39.1,26.5,False,False,1. High Value Organic
621,32,Male,Shoes,Footwear,77,South Dakota,M,Peach,Winter,3.5,No,Next Day Air,Yes,Yes,50,Credit Card,Every 3 Months,Footwear,51,1,90,96.25,19.25,38.5,33.5,43.12,23.88,False,False,3. Promo-Using Repeat
622,29,Female,Belt,Accessories,28,Nebraska,L,Beige,Summer,4.4,No,Store Pickup,No,No,24,Credit Card,Weekly,Accessories,25,0,7,28.0,0.0,11.2,11.8,14.6,9.0,False,False,4. Mid-Tier Core
623,66,Male,Blouse,Clothing,90,Indiana,M,Pink,Summer,3.7,No,Express,Yes,Yes,45,Venmo,Every 3 Months,Clothing,46,1,90,112.5,22.5,45.0,40.0,51.25,28.75,True,False,2. High Spend Bargain Hunter
624,20,Male,Shorts,Clothing,40,Vermont,M,Turquoise,Summer,4.4,Yes,2-Day Shipping,No,No,21,Venmo,Annually,Clothing,22,0,365,40.0,0.0,16.0,19.0,23.0,15.0,False,False,4. Mid-Tier Core
625,48,Male,Jacket,Outerwear,83,New York,L,Violet,Spring,3.7,No,2-Day Shipping,Yes,Yes,20,Cash,Monthly,Outerwear,21,1,30,103.75,20.75,41.5,36.5,46.88,26.12,True,False,2. High Spend Bargain Hunter
626,68,Female,Socks,Clothing,72,Wyoming,L,Indigo,Winter,3.7,No,Next Day Air,No,No,21,Credit Card,Weekly,Clothing,22,0,7,72.0,0.0,28.8,38.2,45.4,31.0,False,False,1. High Value Organic
627,62,Female,Jacket,Outerwear,48,Mississippi,XL,Lavender,Winter,3.3,No,Express,Yes,Yes,31,Credit Card,Every 3 Months,Outerwear,32,1,90,60.0,12.0,24.0,19.0,25.0,13.0,False,False,3. Promo-Using Repeat
628,66,Male,Sweater,Clothing,91,Kansas,S,Red,Spring,4.4,No,Next Day Air,Yes,Yes,4,Venmo,Bi-Weekly,Clothing,5,1,14,113.75,22.75,45.5,40.5,51.88,29.12,False,False,2. High Spend Bargain Hunter
629,55,Female,Jacket,Outerwear,75,Indiana,L,Silver,Spring,4.8,No,2-Day Shipping,No,No,31,Credit Card,Every 3 Months,Outerwear,32,0,90,75.0,0.0,30.0,40.0,47.5,32.5,False,True,1. High Value Organic
630,41,Female,Hoodie,Clothing,42,Minnesota,L,Olive,Fall,2.8,Yes,Express,No,No,7,Credit Card,Every 3 Months,Clothing,8,0,90,42.0,0.0,16.8,20.2,24.4,16.0,False,False,4. Mid-Tier Core
631,30,Male,Jewelry,Accessories,43,Ohio,L,White,Winter,4.9,No,Express,No,No,29,PayPal,Weekly,Accessories,30,0,7,43.0,0.0,17.2,20.8,25.1,16.5,False,False,4. Mid-Tier Core
632,45,Male,Handbag,Accessories,22,New Hampshire,L,Green,Spring,4.5,No,Standard,No,No,50,Credit Card,Bi-Weekly,Accessories,51,0,14,22.0,0.0,8.8,8.2,10.4,6.0,False,False,4. Mid-Tier Core
633,56,Female,Shirt,Clothing,45,Kentucky,L,Gray,Summer,3.2,No,Free Shipping,Yes,Yes,17,PayPal,Every 3 Months,Clothing,18,1,90,56.25,11.25,22.5,17.5,23.12,11.88,False,False,3. Promo-Using Repeat
634,26,Male,Pants,Clothing,89,Kentucky,L,Lavender,Spring,4.5,Yes,Next Day Air,No,No,50,PayPal,Monthly,Clothing,51,0,30,89.0,0.0,35.6,48.4,57.3,39.5,True,True,1. High Value Organic
635,53,Male,Scarf,Accessories,83,Montana,S,Gold,Spring,4.1,No,2-Day Shipping,No,No,1,Venmo,Every 3 Months,Accessories,2,0,90,83.0,0.0,33.2,44.8,53.1,36.5,False,False,4. Mid-Tier Core
636,43,Male,Blouse,Clothing,52,Georgia,M,Cyan,Fall,3.2,No,Express,No,No,12,Debit Card,Monthly,Clothing,13,0,30,52.0,0.0,20.8,26.2,31.4,21.0,False,False,4. Mid-Tier Core
637,18,Male,Jewelry,Accessories,22,Oklahoma,M,Red,Spring,4.5,No,Store Pickup,Yes,Yes,36,Debit Card,Fortnightly,Accessories,37,1,14,27.5,5.5,11.0,6.0,8.75,3.25,False,False,3. Promo-Using Repeat
638,37,Male,Hat,Accessories,62,Rhode Island,M,Charcoal,Spring,3.6,No,Next Day Air,Yes,Yes,20,Bank Transfer,Bi-Weekly,Accessories,21,1,14,77.5,15.5,31.0,26.0,33.75,18.25,False,False,3. Promo-Using Repeat
639,51,Male,Gloves,Accessories,92,Nevada,M,Green,Spring,4.5,No,2-Day Shipping,No,No,31,Credit Card,Annually,Accessories,32,0,365,92.0,0.0,36.8,50.2,59.4,41.0,True,True,1. High Value Organic
640,49,Female,Dress,Clothing,72,Texas,M,Pink,Fall,3.2,No,Next Day Air,No,No,48,PayPal,Annually,Clothing,49,0,365,72.0,0.0,28.8,38.2,45.4,31.0,False,False,1. High Value Organic
641,34,Male,Gloves,Accessories,49,Kansas,M,Yellow,Winter,4.3,No,2-Day Shipping,No,No,46,Venmo,Quarterly,Accessories,47,0,90,49.0,0.0,19.6,24.4,29.3,19.5,False,False,4. Mid-Tier Core
642,38,Male,Sandals,Footwear,38,Mississippi,XL,Yellow,Summer,4.7,No,Express,Yes,Yes,44,PayPal,Quarterly,Footwear,45,1,90,47.5,9.5,19.0,14.0,18.75,9.25,False,False,3. Promo-Using Repeat
643,57,Male,Sneakers,Footwear,80,West Virginia,M,Peach,Fall,4.2,No,Next Day Air,Yes,Yes,42,Debit Card,Fortnightly,Footwear,43,1,14,100.0,20.0,40.0,35.0,45.0,25.0,True,False,2. High Spend Bargain Hunter
644,20,Male,Hat,Accessories,32,Oklahoma,L,Brown,Winter,3.8,No,2-Day Shipping,Yes,Yes,23,Cash,Weekly,Accessories,24,1,7,40.0,8.0,16.0,11.0,15.0,7.0,False,False,3. Promo-Using Repeat
645,50,Female,Socks,Clothing,30,South Carolina,M,Pink,Fall,2.7,Yes,Store Pickup,Yes,Yes,47,Bank Transfer,Annually,Clothing,48,1,365,37.5,7.5,15.0,10.0,13.75,6.25,False,False,3. Promo-Using Repeat
646,36,Male,Belt,Accessories,25,Illinois,M,Red,Winter,4.2,No,Store Pickup,Yes,Yes,5,Credit Card,Annually,Accessories,6,1,365,31.25,6.25,12.5,7.5,10.62,4.38,False,False,3. Promo-Using Repeat
647,41,Male,Sandals,Footwear,36,Nebraska,M,Beige,Winter,3.1,No,2-Day Shipping,No,No,18,Credit Card,Annually,Footwear,19,0,365,36.0,0.0,14.4,16.6,20.2,13.0,False,False,4. Mid-Tier Core
648,61,Male,Jeans,Clothing,83,Minnesota,M,White,Spring,4.1,Yes,2-Day Shipping,Yes,Yes,4,Venmo,Annually,Clothing,5,1,365,103.75,20.75,41.5,36.5,46.88,26.12,False,False,2. High Spend Bargain Hunter
649,59,Male,Jeans,Clothing,37,Kentucky,M,Magenta,Spring,3.0,Yes,Next Day Air,Yes,Yes,3,Debit Card,Quarterly,Clothing,4,1,90,46.25,9.25,18.5,13.5,18.12,8.88,False,False,3. Promo-Using Repeat
650,46,Male,Jewelry,Accessories,23,New Hampshire,L,Gray,Spring,4.4,No,Express,Yes,Yes,23,PayPal,Bi-Weekly,Accessories,24,1,14,28.75,5.75,11.5,6.5,9.38,3.62,False,False,3. Promo-Using Repeat
651,38,Female,Sneakers,Footwear,57,Colorado,M,Green,Summer,4.0,No,2-Day Shipping,Yes,Yes,19,Bank Transfer,Fortnightly,Footwear,20,1,14,71.25,14.25,28.5,23.5,30.62,16.38,False,False,3. Promo-Using Repeat
652,31,Female,Gloves,Accessories,96,Iowa,L,Beige,Summer,4.0,No,2-Day Shipping,Yes,Yes,5,Bank Transfer,Every 3 Months,Accessories,6,1,90,120.0,24.0,48.0,43.0,55.0,31.0,False,False,2. High Spend Bargain Hunter
653,65,Male,Pants,Clothing,96,Missouri,S,Olive,Summer,2.5,Yes,Standard,Yes,Yes,34,Venmo,Annually,Clothing,35,1,365,120.0,24.0,48.0,43.0,55.0,31.0,True,False,2. High Spend Bargain Hunter
654,49,Male,Jacket,Outerwear,88,Massachusetts,L,Pink,Fall,4.6,No,Store Pickup,No,No,18,Debit Card,Every 3 Months,Outerwear,19,0,90,88.0,0.0,35.2,47.8,56.6,39.0,False,True,1. High Value Organic
655,45,Female,Blouse,Clothing,98,Rhode Island,L,Gray,Winter,2.8,No,Free Shipping,No,No,1,PayPal,Every 3 Months,Clothing,2,0,90,98.0,0.0,39.2,53.8,63.6,44.0,False,False,4. Mid-Tier Core
656,50,Female,Gloves,Accessories,39,Alabama,XL,Beige,Fall,2.8,No,Store Pickup,No,No,31,PayPal,Weekly,Accessories,32,0,7,39.0,0.0,15.6,18.4,22.3,14.5,False,False,4. Mid-Tier Core
657,26,Male,Skirt,Clothing,28,Maryland,M,Indigo,Spring,3.4,No,Express,No,No,50,Venmo,Bi-Weekly,Clothing,51,0,14,28.0,0.0,11.2,11.8,14.6,9.0,False,False,4. Mid-Tier Core
658,38,Male,Sweater,Clothing,66,Nevada,M,Magenta,Summer,3.0,No,2-Day Shipping,Yes,Yes,9,Venmo,Fortnightly,Clothing,10,1,14,82.5,16.5,33.0,28.0,36.25,19.75,False,False,3. Promo-Using Repeat
659,63,Male,Blouse,Clothing,89,Mississippi,L,Silver,Fall,4.6,No,Next Day Air,Yes,Yes,18,Cash,Annually,Clothing,19,1,365,111.25,22.25,44.5,39.5,50.62,28.38,False,False,2. High Spend Bargain Hunter
660,54,Male,Coat,Outerwear,46,Rhode Island,M,Indigo,Spring,4.2,Yes,Express,No,No,31,Debit Card,Annually,Outerwear,32,0,365,46.0,0.0,18.4,22.6,27.2,18.0,False,False,4. Mid-Tier Core
661,49,Male,Dress,Clothing,79,Nevada,S,Orange,Fall,4.1,No,Store Pickup,No,No,4,Credit Card,Annually,Clothing,5,0,365,79.0,0.0,31.6,42.4,50.3,34.5,False,False,4. Mid-Tier Core
662,69,Female,Dress,Clothing,38,Texas,L,Olive,Winter,4.3,No,2-Day Shipping,No,No,8,Cash,Bi-Weekly,Clothing,9,0,14,38.0,0.0,15.2,17.8,21.6,14.0,False,False,4. Mid-Tier Core
663,23,Female,Blouse,Clothing,24,Alabama,L,Red,Winter,5.0,Yes,Next Day Air,Yes,Yes,25,Cash,Bi-Weekly,Clothing,26,1,14,30.0,6.0,12.0,7.0,10.0,4.0,False,False,3. Promo-Using Repeat
664,35,Female,Boots,Footwear,52,North Carolina,L,Pink,Fall,4.4,No,Express,No,No,7,Bank Transfer,Quarterly,Footwear,8,0,90,52.0,0.0,20.8,26.2,31.4,21.0,False,False,4. Mid-Tier Core
665,42,Female,Belt,Accessories,41,Alabama,M,Peach,Fall,4.4,No,Express,Yes,Yes,13,Debit Card,Annually,Accessories,14,1,365,51.25,10.25,20.5,15.5,20.62,10.38,False,False,3. Promo-Using Repeat
666,50,Male,Handbag,Accessories,69,West Virginia,M,Red,Winter,4.4,No,Express,No,No,34,Bank Transfer,Quarterly,Accessories,35,0,90,69.0,0.0,27.6,36.4,43.3,29.5,False,False,1. High Value Organic
667,40,Female,Sneakers,Footwear,80,California,M,Gold,Winter,4.9,Yes,2-Day Shipping,No,No,22,Venmo,Every 3 Months,Footwear,23,0,90,80.0,0.0,32.0,43.0,51.0,35.0,True,True,1. High Value Organic
668,26,Female,Gloves,Accessories,69,Nevada,M,Purple,Summer,4.5,Yes,2-Day Shipping,Yes,Yes,13,Debit Card,Fortnightly,Accessories,14,1,14,86.25,17.25,34.5,29.5,38.12,20.88,False,False,3. Promo-Using Repeat
669,22,Male,Shorts,Clothing,49,West Virginia,L,Brown,Fall,4.3,No,2-Day Shipping,No,No,15,Debit Card,Bi-Weekly,Clothing,16,0,14,49.0,0.0,19.6,24.4,29.3,19.5,False,False,4. Mid-Tier Core
670,25,Male,Sunglasses,Accessories,55,Indiana,XL,Gray,Winter,3.2,Yes,Next Day Air,Yes,Yes,3,PayPal,Quarterly,Accessories,4,1,90,68.75,13.75,27.5,22.5,29.38,15.62,False,False,3. Promo-Using Repeat
671,46,Male,Scarf,Accessories,94,Illinois,M,Silver,Fall,4.6,Yes,Express,No,No,31,Credit Card,Quarterly,Accessories,32,0,90,94.0,0.0,37.6,51.4,60.8,42.0,True,True,1. High Value Organic
672,50,Male,Sandals,Footwear,99,Utah,M,Lavender,Winter,2.7,Yes,Store Pickup,No,No,40,PayPal,Every 3 Months,Footwear,41,0,90,99.0,0.0,39.6,54.4,64.3,44.5,True,True,1. High Value Organic
673,21,Male,Hoodie,Clothing,28,Delaware,M,Black,Spring,4.0,Yes,Next Day Air,Yes,Yes,6,Cash,Weekly,Clothing,7,1,7,35.0,7.0,14.0,9.0,12.5,5.5,False,False,3. Promo-Using Repeat
674,68,Male,Sunglasses,Accessories,38,Kentucky,S,Yellow,Fall,4.8,Yes,Next Day Air,No,No,17,Credit Card,Quarterly,Accessories,18,0,90,38.0,0.0,15.2,17.8,21.6,14.0,False,False,4. Mid-Tier Core
675,28,Male,Coat,Outerwear,21,Alabama,L,Magenta,Winter,3.8,No,Store Pickup,Yes,Yes,24,PayPal,Bi-Weekly,Outerwear,25,1,14,26.25,5.25,10.5,5.5,8.12,2.88,False,False,3. Promo-Using Repeat
676,68,Male,Backpack,Accessories,60,Maine,S,Teal,Winter,3.3,No,Express,No,No,12,Venmo,Annually,Accessories,13,0,365,60.0,0.0,24.0,31.0,37.0,25.0,False,False,1. High Value Organic
677,55,Male,Handbag,Accessories,80,Nevada,XL,Red,Spring,3.9,Yes,2-Day Shipping,No,No,43,PayPal,Bi-Weekly,Accessories,44,0,14,80.0,0.0,32.0,43.0,51.0,35.0,True,True,1. High Value Organic
678,67,Male,Jewelry,Accessories,74,Delaware,L,Yellow,Winter,4.6,No,2-Day Shipping,No,No,35,Cash,Quarterly,Accessories,36,0,90,74.0,0.0,29.6,39.4,46.8,32.0,False,True,1. High Value Organic
679,52,Male,Sneakers,Footwear,29,Maine,L,White,Winter,4.1,No,Store Pickup,No,No,23,Credit Card,Monthly,Footwear,24,0,30,29.0,0.0,11.6,12.4,15.3,9.5,False,False,4. Mid-Tier Core
680,38,Male,Gloves,Accessories,38,South Carolina,M,Turquoise,Summer,4.3,Yes,Store Pickup,No,No,6,Venmo,Annually,Accessories,7,0,365,38.0,0.0,15.2,17.8,21.6,14.0,False,False,4. Mid-Tier Core
681,33,Female,Boots,Footwear,88,South Dakota,L,Green,Fall,3.5,No,Standard,Yes,Yes,30,Cash,Annually,Footwear,31,1,365,110.0,22.0,44.0,39.0,50.0,28.0,True,False,2. High Spend Bargain Hunter
682,56,Male,Jeans,Clothing,79,North Carolina,M,Indigo,Summer,3.8,Yes,Express,Yes,Yes,39,Debit Card,Quarterly,Clothing,40,1,90,98.75,19.75,39.5,34.5,44.38,24.62,True,False,2. High Spend Bargain Hunter
683,35,Male,Dress,Clothing,58,Montana,L,Magenta,Summer,4.6,No,2-Day Shipping,No,No,44,Venmo,Annually,Clothing,45,0,365,58.0,0.0,23.2,29.8,35.6,24.0,False,False,1. High Value Organic
684,37,Male,Jewelry,Accessories,23,Iowa,M,Green,Winter,3.0,No,Express,Yes,Yes,14,Venmo,Monthly,Accessories,15,1,30,28.75,5.75,11.5,6.5,9.38,3.62,False,False,3. Promo-Using Repeat
685,52,Male,Jeans,Clothing,75,Delaware,M,Brown,Spring,3.7,Yes,Standard,No,No,41,Bank Transfer,Weekly,Clothing,42,0,7,75.0,0.0,30.0,40.0,47.5,32.5,False,True,1. High Value Organic
686,57,Male,Handbag,Accessories,56,Maine,M,Beige,Winter,4.2,No,Free Shipping,Yes,Yes,31,Cash,Bi-Weekly,Accessories,32,1,14,70.0,14.0,28.0,23.0,30.0,16.0,False,False,3. Promo-Using Repeat
687,23,Male,Backpack,Accessories,93,North Carolina,XL,Olive,Summer,4.0,No,Express,No,No,40,Credit Card,Fortnightly,Accessories,41,0,14,93.0,0.0,37.2,50.8,60.1,41.5,True,True,1. High Value Organic
688,46,Male,Sweater,Clothing,71,Nevada,L,Orange,Spring,2.6,No,Express,No,No,24,PayPal,Quarterly,Clothing,25,0,90,71.0,0.0,28.4,37.6,44.7,30.5,False,False,1. High Value Organic
689,33,Male,Sunglasses,Accessories,37,Georgia,M,Peach,Winter,3.8,No,Standard,No,No,45,Bank Transfer,Quarterly,Accessories,46,0,90,37.0,0.0,14.8,17.2,20.9,13.5,False,False,4. Mid-Tier Core
690,26,Male,Shorts,Clothing,40,Kansas,M,Brown,Summer,3.2,No,Standard,No,No,1,Credit Card,Bi-Weekly,Clothing,2,0,14,40.0,0.0,16.0,19.0,23.0,15.0,False,False,4. Mid-Tier Core
691,40,Male,Backpack,Accessories,99,Illinois,L,Violet,Summer,3.6,No,Express,Yes,Yes,32,Venmo,Bi-Weekly,Accessories,33,1,14,123.75,24.75,49.5,44.5,56.88,32.12,True,False,2. High Spend Bargain Hunter
692,46,Male,Boots,Footwear,90,Hawaii,XL,Yellow,Fall,3.3,No,Next Day Air,No,No,1,Cash,Quarterly,Footwear,2,0,90,90.0,0.0,36.0,49.0,58.0,40.0,False,False,4. Mid-Tier Core
693,50,Male,Belt,Accessories,88,California,M,Indigo,Summer,3.2,Yes,2-Day Shipping,No,No,29,Debit Card,Monthly,Accessories,30,0,30,88.0,0.0,35.2,47.8,56.6,39.0,True,True,1. High Value Organic
694,40,Male,Scarf,Accessories,73,South Dakota,M,Cyan,Winter,4.8,No,Standard,No,No,46,Cash,Every 3 Months,Accessories,47,0,90,73.0,0.0,29.2,38.8,46.1,31.5,False,True,1. High Value Organic
695,53,Male,Jacket,Outerwear,45,New York,L,Silver,Summer,4.6,No,Standard,Yes,Yes,7,Bank Transfer,Quarterly,Outerwear,8,1,90,56.25,11.25,22.5,17.5,23.12,11.88,False,False,3. Promo-Using Repeat
696,41,Male,Shorts,Clothing,87,Ohio,S,Beige,Winter,4.2,No,Next Day Air,No,No,26,Debit Card,Quarterly,Clothing,27,0,90,87.0,0.0,34.8,47.2,55.9,38.5,True,True,1. High Value Organic
697,20,Female,Jacket,Outerwear,62,Montana,S,Olive,Winter,2.5,No,Store Pickup,Yes,Yes,5,Debit Card,Quarterly,Outerwear,6,1,90,77.5,15.5,31.0,26.0,33.75,18.25,False,False,3. Promo-Using Repeat
698,27,Male,Coat,Outerwear,54,Louisiana,L,Olive,Spring,3.1,No,Free Shipping,Yes,Yes,50,Venmo,Weekly,Outerwear,51,1,7,67.5,13.5,27.0,22.0,28.75,15.25,False,False,3. Promo-Using Repeat
699,68,Male,Sweater,Clothing,44,New Jersey,M,Violet,Winter,5.0,Yes,Standard,No,No,48,PayPal,Bi-Weekly,Clothing,49,0,14,44.0,0.0,17.6,21.4,25.8,17.0,False,False,4. Mid-Tier Core
700,44,Male,Sweater,Clothing,97,Rhode Island,L,White,Summer,3.8,No,Free Shipping,No,No,6,Bank Transfer,Weekly,Clothing,7,0,7,97.0,0.0,38.8,53.2,62.9,43.5,False,False,4. Mid-Tier Core
701,27,Male,Skirt,Clothing,51,Florida,M,Olive,Fall,4.4,Yes,Standard,No,No,8,Bank Transfer,Quarterly,Clothing,9,0,90,51.0,0.0,20.4,25.6,30.7,20.5,False,False,4. Mid-Tier Core
702,59,Female,Skirt,Clothing,82,Texas,S,Red,Fall,4.6,No,Standard,No,No,7,Venmo,Fortnightly,Clothing,8,0,14,82.0,0.0,32.8,44.2,52.4,36.0,False,False,4. Mid-Tier Core
703,68,Male,Socks,Clothing,81,Georgia,L,Turquoise,Winter,4.7,Yes,Express,No,No,19,Venmo,Fortnightly,Clothing,20,0,14,81.0,0.0,32.4,43.6,51.7,35.5,False,True,1. High Value Organic
704,45,Male,Skirt,Clothing,89,Louisiana,M,Yellow,Fall,4.7,Yes,Standard,No,No,47,Credit Card,Bi-Weekly,Clothing,48,0,14,89.0,0.0,35.6,48.4,57.3,39.5,True,True,1. High Value Organic
705,19,Male,Sneakers,Footwear,68,Alabama,M,Beige,Spring,2.8,No,Free Shipping,Yes,Yes,23,Venmo,Monthly,Footwear,24,1,30,85.0,17.0,34.0,29.0,37.5,20.5,False,False,3. Promo-Using Repeat
706,27,Male,Sweater,Clothing,76,California,M,Olive,Spring,2.8,No,Next Day Air,No,No,33,Bank Transfer,Weekly,Clothing,34,0,7,76.0,0.0,30.4,40.6,48.2,33.0,False,True,1. High Value Organic
707,39,Male,Pants,Clothing,25,Indiana,M,Turquoise,Fall,3.5,No,Express,No,No,43,Cash,Weekly,Clothing,44,0,7,25.0,0.0,10.0,10.0,12.5,7.5,False,False,4. Mid-Tier Core
708,25,Female,Skirt,Clothing,47,Montana,XL,White,Spring,4.1,No,Free Shipping,Yes,Yes,16,Bank Transfer,Quarterly,Clothing,17,1,90,58.75,11.75,23.5,18.5,24.38,12.62,False,False,3. Promo-Using Repeat
709,39,Male,Shoes,Footwear,85,Nebraska,M,Brown,Fall,4.0,No,2-Day Shipping,No,No,21,Credit Card,Every 3 Months,Footwear,22,0,90,85.0,0.0,34.0,46.0,54.5,37.5,True,True,1. High Value Organic
710,49,Male,Handbag,Accessories,80,Utah,M,Olive,Fall,4.0,No,2-Day Shipping,Yes,Yes,22,Debit Card,Quarterly,Accessories,23,1,90,100.0,20.0,40.0,35.0,45.0,25.0,True,False,2. High Spend Bargain Hunter
711,46,Male,Sandals,Footwear,29,Alabama,S,Gold,Winter,4.1,No,Express,No,No,5,Cash,Monthly,Footwear,6,0,30,29.0,0.0,11.6,12.4,15.3,9.5,False,False,4. Mid-Tier Core
712,64,Male,Backpack,Accessories,70,Rhode Island,S,Peach,Fall,4.5,Yes,Free Shipping,No,No,34,PayPal,Monthly,Accessories,35,0,30,70.0,0.0,28.0,37.0,44.0,30.0,False,False,1. High Value Organic
713,70,Male,Dress,Clothing,60,Mississippi,M,Pink,Spring,2.6,No,Next Day Air,No,No,29,Credit Card,Fortnightly,Clothing,30,0,14,60.0,0.0,24.0,31.0,37.0,25.0,False,False,1. High Value Organic
714,43,Male,Sandals,Footwear,74,Wyoming,XL,Gray,Summer,2.8,Yes,Express,No,No,43,Credit Card,Bi-Weekly,Footwear,44,0,14,74.0,0.0,29.6,39.4,46.8,32.0,False,True,1. High Value Organic
715,29,Male,Belt,Accessories,90,Mississippi,XL,Gold,Summer,4.7,No,2-Day Shipping,Yes,Yes,18,Bank Transfer,Weekly,Accessories,19,1,7,112.5,22.5,45.0,40.0,51.25,28.75,False,False,2. High Spend Bargain Hunter
716,25,Male,Hat,Accessories,48,Alaska,M,Violet,Fall,3.0,No,Free Shipping,Yes,Yes,37,Debit Card,Weekly,Accessories,38,1,7,60.0,12.0,24.0,19.0,25.0,13.0,False,False,3. Promo-Using Repeat
717,34,Male,Sneakers,Footwear,82,North Dakota,M,Gold,Fall,2.9,No,2-Day Shipping,No,No,29,PayPal,Annually,Footwear,30,0,365,82.0,0.0,32.8,44.2,52.4,36.0,True,True,1. High Value Organic
718,43,Male,Hat,Accessories,31,Texas,L,Yellow,Spring,2.7,No,Express,Yes,Yes,26,Credit Card,Fortnightly,Accessories,27,1,14,38.75,7.75,15.5,10.5,14.38,6.62,False,False,3. Promo-Using Repeat
719,32,Male,Shoes,Footwear,25,New York,M,Pink,Winter,3.3,Yes,2-Day Shipping,No,No,5,Bank Transfer,Annually,Footwear,6,0,365,25.0,0.0,10.0,10.0,12.5,7.5,False,False,4. Mid-Tier Core
720,34,Male,Gloves,Accessories,75,Colorado,L,Yellow,Summer,4.2,Yes,2-Day Shipping,Yes,Yes,3,Credit Card,Annually,Accessories,4,1,365,93.75,18.75,37.5,32.5,41.88,23.12,False,False,3. Promo-Using Repeat
721,47,Male,Boots,Footwear,55,South Carolina,XL,Peach,Fall,3.0,Yes,2-Day Shipping,No,No,31,Credit Card,Weekly,Footwear,32,0,7,55.0,0.0,22.0,28.0,33.5,22.5,False,False,1. High Value Organic
722,61,Male,Skirt,Clothing,93,Nebraska,M,Charcoal,Fall,4.5,Yes,Free Shipping,Yes,Yes,14,Credit Card,Every 3 Months,Clothing,15,1,90,116.25,23.25,46.5,41.5,53.12,29.88,False,False,2. High Spend Bargain Hunter
723,53,Female,Shoes,Footwear,75,Vermont,S,Lavender,Winter,2.9,Yes,Next Day Air,No,No,39,Bank Transfer,Weekly,Footwear,40,0,7,75.0,0.0,30.0,40.0,47.5,32.5,False,True,1. High Value Organic
724,29,Female,Jacket,Outerwear,61,Delaware,L,Magenta,Spring,3.6,No,2-Day Shipping,No,No,37,Debit Card,Annually,Outerwear,38,0,365,61.0,0.0,24.4,31.6,37.7,25.5,False,False,1. High Value Organic
725,57,Female,Skirt,Clothing,69,South Dakota,S,Gold,Winter,3.8,Yes,2-Day Shipping,No,No,12,Venmo,Annually,Clothing,13,0,365,69.0,0.0,27.6,36.4,43.3,29.5,False,False,1. High Value Organic
726,36,Female,Gloves,Accessories,86,California,M,Red,Spring,2.6,No,Free Shipping,Yes,Yes,23,Credit Card,Every 3 Months,Accessories,24,1,90,107.5,21.5,43.0,38.0,48.75,27.25,True,False,2. High Spend Bargain Hunter
727,61,Male,Jewelry,Accessories,71,Nebraska,M,Indigo,Fall,3.9,No,2-Day Shipping,No,No,19,Debit Card,Annually,Accessories,20,0,365,71.0,0.0,28.4,37.6,44.7,30.5,False,False,1. High Value Organic
728,56,Male,Belt,Accessories,89,Oregon,L,Lavender,Spring,4.5,No,Next Day Air,No,No,17,Cash,Bi-Weekly,Accessories,18,0,14,89.0,0.0,35.6,48.4,57.3,39.5,False,True,1. High Value Organic
729,65,Male,Jewelry,Accessories,99,Indiana,XL,Peach,Summer,4.3,No,Free Shipping,No,No,44,Debit Card,Monthly,Accessories,45,0,30,99.0,0.0,39.6,54.4,64.3,44.5,True,True,1. High Value Organic
730,26,Male,Pants,Clothing,100,Hawaii,L,Brown,Summer,4.7,No,Next Day Air,Yes,Yes,25,Venmo,Fortnightly,Clothing,26,1,14,125.0,25.0,50.0,45.0,57.5,32.5,True,False,2. High Spend Bargain Hunter
731,23,Male,Pants,Clothing,23,Idaho,L,Olive,Fall,4.7,No,Next Day Air,Yes,Yes,1,Debit Card,Annually,Clothing,2,1,365,28.75,5.75,11.5,6.5,9.38,3.62,False,False,3. Promo-Using Repeat
732,52,Male,Jewelry,Accessories,61,Arkansas,M,Turquoise,Summer,3.6,No,2-Day Shipping,No,No,24,Credit Card,Every 3 Months,Accessories,25,0,90,61.0,0.0,24.4,31.6,37.7,25.5,False,False,1. High Value Organic
733,48,Male,Skirt,Clothing,63,Tennessee,M,Teal,Summer,4.9,No,Next Day Air,No,No,19,PayPal,Quarterly,Clothing,20,0,90,63.0,0.0,25.2,32.8,39.1,26.5,False,False,1. High Value Organic
734,53,Male,Handbag,Accessories,43,Oregon,M,Gold,Summer,4.0,No,2-Day Shipping,Yes,Yes,6,Debit Card,Bi-Weekly,Accessories,7,1,14,53.75,10.75,21.5,16.5,21.88,11.12,False,False,3. Promo-Using Repeat
735,55,Male,Socks,Clothing,87,Kansas,M,Orange,Summer,4.4,No,Express,No,No,3,Debit Card,Annually,Clothing,4,0,365,87.0,0.0,34.8,47.2,55.9,38.5,False,False,4. Mid-Tier Core
736,43,Male,Dress,Clothing,77,Utah,M,Charcoal,Winter,3.3,Yes,Store Pickup,No,No,11,Debit Card,Fortnightly,Clothing,12,0,14,77.0,0.0,30.8,41.2,48.9,33.5,False,False,1. High Value Organic
737,45,Male,Coat,Outerwear,22,Utah,S,Orange,Summer,2.7,No,2-Day Shipping,No,No,41,PayPal,Fortnightly,Outerwear,42,0,14,22.0,0.0,8.8,8.2,10.4,6.0,False,False,4. Mid-Tier Core
738,63,Male,Shoes,Footwear,33,Louisiana,M,Gray,Fall,3.2,No,Express,Yes,Yes,13,Venmo,Every 3 Months,Footwear,14,1,90,41.25,8.25,16.5,11.5,15.62,7.38,False,False,3. Promo-Using Repeat
739,41,Female,Jewelry,Accessories,27,Ohio,XL,Purple,Winter,3.8,No,2-Day Shipping,Yes,Yes,30,Debit Card,Every 3 Months,Accessories,31,1,90,33.75,6.75,13.5,8.5,11.88,5.12,False,False,3. Promo-Using Repeat
740,23,Male,Scarf,Accessories,63,North Carolina,S,Orange,Winter,4.8,No,Store Pickup,Yes,Yes,26,Bank Transfer,Fortnightly,Accessories,27,1,14,78.75,15.75,31.5,26.5,34.38,18.62,False,False,3. Promo-Using Repeat
741,46,Male,Belt,Accessories,96,West Virginia,M,White,Winter,2.6,Yes,2-Day Shipping,Yes,Yes,41,Bank Transfer,Weekly,Accessories,42,1,7,120.0,24.0,48.0,43.0,55.0,31.0,True,False,2. High Spend Bargain Hunter
742,57,Female,Skirt,Clothing,46,Kentucky,XL,White,Fall,3.9,Yes,Express,Yes,Yes,3,PayPal,Quarterly,Clothing,4,1,90,57.5,11.5,23.0,18.0,23.75,12.25,False,False,3. Promo-Using Repeat
743,33,Female,Scarf,Accessories,78,Wyoming,S,Magenta,Fall,4.8,No,2-Day Shipping,No,No,50,Credit Card,Every 3 Months,Accessories,51,0,90,78.0,0.0,31.2,41.8,49.6,34.0,False,True,1. High Value Organic
744,61,Male,Shoes,Footwear,76,Texas,XL,Orange,Summer,4.6,No,Store Pickup,Yes,Yes,21,Debit Card,Monthly,Footwear,22,1,30,95.0,19.0,38.0,33.0,42.5,23.5,False,False,3. Promo-Using Repeat
745,65,Female,Shorts,Clothing,23,Texas,L,Purple,Winter,4.8,Yes,Express,No,No,43,Venmo,Bi-Weekly,Clothing,44,0,14,23.0,0.0,9.2,8.8,11.1,6.5,False,False,4. Mid-Tier Core
746,45,Male,Jewelry,Accessories,87,Florida,L,Gray,Fall,4.5,Yes,Next Day Air,Yes,Yes,40,PayPal,Monthly,Accessories,41,1,30,108.75,21.75,43.5,38.5,49.38,27.62,True,False,2. High Spend Bargain Hunter
747,63,Female,Pants,Clothing,63,New York,XL,Violet,Spring,2.7,Yes,Free Shipping,No,No,44,Cash,Every 3 Months,Clothing,45,0,90,63.0,0.0,25.2,32.8,39.1,26.5,False,False,1. High Value Organic
748,46,Male,Sandals,Footwear,71,West Virginia,L,Indigo,Fall,3.7,No,Free Shipping,No,No,4,Debit Card,Bi-Weekly,Footwear,5,0,14,71.0,0.0,28.4,37.6,44.7,30.5,False,False,4. Mid-Tier Core
749,45,Male,Dress,Clothing,23,Maine,M,Red,Winter,3.2,No,Standard,Yes,Yes,5,Venmo,Annually,Clothing,6,1,365,28.75,5.75,11.5,6.5,9.38,3.62,False,False,3. Promo-Using Repeat
750,26,Male,Socks,Clothing,68,Mississippi,M,Beige,Spring,4.4,No,Next Day Air,No,No,19,PayPal,Quarterly,Clothing,20,0,90,68.0,0.0,27.2,35.8,42.6,29.0,False,False,1. High Value Organic
751,48,Male,Shirt,Clothing,64,Arkansas,M,Olive,Winter,3.8,No,Free Shipping,Yes,Yes,31,Cash,Every 3 Months,Clothing,32,1,90,80.0,16.0,32.0,27.0,35.0,19.0,False,False,3. Promo-Using Repeat
752,42,Male,Shoes,Footwear,34,South Dakota,M,Gold,Fall,3.4,No,2-Day Shipping,No,No,1,Cash,Weekly,Footwear,2,0,7,34.0,0.0,13.6,15.4,18.8,12.0,False,False,4. Mid-Tier Core
753,25,Female,Jacket,Outerwear,45,Arizona,M,Black,Winter,2.8,No,Standard,Yes,Yes,3,Credit Card,Weekly,Outerwear,4,1,7,56.25,11.25,22.5,17.5,23.12,11.88,False,False,3. Promo-Using Repeat
754,49,Male,Hoodie,Clothing,79,Indiana,M,Brown,Spring,4.2,Yes,Express,No,No,38,Debit Card,Monthly,Clothing,39,0,30,79.0,0.0,31.6,42.4,50.3,34.5,True,True,1. High Value Organic
755,20,Female,Jeans,Clothing,34,Arkansas,M,Indigo,Winter,3.5,No,Express,No,No,49,Cash,Bi-Weekly,Clothing,50,0,14,34.0,0.0,13.6,15.4,18.8,12.0,False,False,4. Mid-Tier Core
756,29,Male,Pants,Clothing,63,New Hampshire,S,White,Fall,4.7,No,Free Shipping,Yes,Yes,45,Cash,Quarterly,Clothing,46,1,90,78.75,15.75,31.5,26.5,34.38,18.62,False,False,3. Promo-Using Repeat
757,70,Male,Jacket,Outerwear,27,New Hampshire,M,Silver,Winter,2.9,Yes,Store Pickup,Yes,Yes,19,PayPal,Weekly,Outerwear,20,1,7,33.75,6.75,13.5,8.5,11.88,5.12,False,False,3. Promo-Using Repeat
758,19,Male,Shoes,Footwear,74,Alabama,M,Brown,Fall,2.9,No,Standard,No,No,13,Debit Card,Quarterly,Footwear,14,0,90,74.0,0.0,29.6,39.4,46.8,32.0,False,False,1. High Value Organic
759,34,Male,Dress,Clothing,47,Oklahoma,M,Yellow,Summer,3.1,Yes,Standard,No,No,42,Venmo,Annually,Clothing,43,0,365,47.0,0.0,18.8,23.2,27.9,18.5,False,False,4. Mid-Tier Core
760,27,Male,Sweater,Clothing,86,Montana,M,Orange,Fall,3.9,No,Free Shipping,Yes,Yes,22,Bank Transfer,Fortnightly,Clothing,23,1,14,107.5,21.5,43.0,38.0,48.75,27.25,True,False,2. High Spend Bargain Hunter
761,54,Female,Blouse,Clothing,83,New York,L,Violet,Fall,4.1,No,Free Shipping,Yes,Yes,48,Debit Card,Quarterly,Clothing,49,1,90,103.75,20.75,41.5,36.5,46.88,26.12,True,False,2. High Spend Bargain Hunter
762,56,Male,Shoes,Footwear,56,North Dakota,L,Indigo,Winter,4.3,No,Store Pickup,No,No,12,PayPal,Annually,Footwear,13,0,365,56.0,0.0,22.4,28.6,34.2,23.0,False,False,1. High Value Organic
763,69,Male,Jacket,Outerwear,79,Arkansas,S,Purple,Spring,3.1,No,Express,Yes,Yes,7,Bank Transfer,Annually,Outerwear,8,1,365,98.75,19.75,39.5,34.5,44.38,24.62,False,False,2. High Spend Bargain Hunter
764,25,Male,Sweater,Clothing,54,California,M,Green,Spring,4.3,Yes,Express,Yes,Yes,36,Credit Card,Bi-Weekly,Clothing,37,1,14,67.5,13.5,27.0,22.0,28.75,15.25,False,False,3. Promo-Using Repeat
765,36,Male,Jeans,Clothing,83,Mississippi,S,Yellow,Spring,3.0,No,Express,No,No,22,Bank Transfer,Bi-Weekly,Clothing,23,0,14,83.0,0.0,33.2,44.8,53.1,36.5,True,True,1. High Value Organic
766,60,Female,Jewelry,Accessories,20,Georgia,S,Black,Winter,2.9,Yes,Next Day Air,Yes,Yes,22,PayPal,Every 3 Months,Accessories,23,1,90,25.0,5.0,10.0,5.0,7.5,2.5,False,False,3. Promo-Using Repeat
767,43,Male,Shirt,Clothing,65,Minnesota,L,Gold,Spring,4.6,No,2-Day Shipping,Yes,Yes,29,Credit Card,Every 3 Months,Clothing,30,1,90,81.25,16.25,32.5,27.5,35.62,19.38,False,False,3. Promo-Using Repeat
768,59,Female,Coat,Outerwear,72,Kansas,L,Charcoal,Fall,2.6,Yes,Standard,Yes,Yes,20,Cash,Annually,Outerwear,21,1,365,90.0,18.0,36.0,31.0,40.0,22.0,False,False,3. Promo-Using Repeat
769,46,Female,Scarf,Accessories,63,Minnesota,M,Pink,Spring,3.9,No,Standard,No,No,14,Debit Card,Fortnightly,Accessories,15,0,14,63.0,0.0,25.2,32.8,39.1,26.5,False,False,1. High Value Organic
770,33,Male,Coat,Outerwear,99,Montana,L,Black,Fall,4.1,No,2-Day Shipping,Yes,Yes,47,PayPal,Every 3 Months,Outerwear,48,1,90,123.75,24.75,49.5,44.5,56.88,32.12,True,False,2. High Spend Bargain Hunter
771,46,Male,Pants,Clothing,89,Colorado,S,Yellow,Spring,3.3,No,2-Day Shipping,Yes,Yes,6,Venmo,Bi-Weekly,Clothing,7,1,14,111.25,22.25,44.5,39.5,50.62,28.38,False,False,2. High Spend Bargain Hunter
772,44,Male,Jacket,Outerwear,37,Nebraska,M,Lavender,Winter,4.5,No,Express,Yes,Yes,13,Cash,Annually,Outerwear,14,1,365,46.25,9.25,18.5,13.5,18.12,8.88,False,False,3. Promo-Using Repeat
773,53,Female,Jewelry,Accessories,38,Maryland,L,Magenta,Spring,4.8,No,Express,Yes,Yes,9,PayPal,Monthly,Accessories,10,1,30,47.5,9.5,19.0,14.0,18.75,9.25,False,False,3. Promo-Using Repeat
774,54,Male,Dress,Clothing,65,South Dakota,M,Purple,Spring,4.0,Yes,Store Pickup,No,No,21,Credit Card,Annually,Clothing,22,0,365,65.0,0.0,26.0,34.0,40.5,27.5,False,False,1. High Value Organic
775,30,Male,Boots,Footwear,24,Nebraska,XL,Violet,Summer,4.5,No,2-Day Shipping,No,No,14,Venmo,Bi-Weekly,Footwear,15,0,14,24.0,0.0,9.6,9.4,11.8,7.0,False,False,4. Mid-Tier Core
776,50,Male,Shoes,Footwear,35,Iowa,S,Green,Fall,2.7,No,Free Shipping,No,No,27,PayPal,Every 3 Months,Footwear,28,0,90,35.0,0.0,14.0,16.0,19.5,12.5,False,False,4. Mid-Tier Core
777,58,Male,Hoodie,Clothing,52,California,M,Teal,Winter,2.9,No,Standard,Yes,Yes,20,Cash,Quarterly,Clothing,21,1,90,65.0,13.0,26.0,21.0,27.5,14.5,False,False,3. Promo-Using Repeat
778,47,Female,Pants,Clothing,31,South Dakota,S,Red,Spring,3.0,Yes,Store Pickup,No,No,42,Bank Transfer,Every 3 Months,Clothing,43,0,90,31.0,0.0,12.4,13.6,16.7,10.5,False,False,4. Mid-Tier Core
779,49,Male,Hat,Accessories,32,Oklahoma,S,Charcoal,Winter,4.6,Yes,Express,No,No,23,Bank Transfer,Monthly,Accessories,24,0,30,32.0,0.0,12.8,14.2,17.4,11.0,False,False,4. Mid-Tier Core
780,60,Male,Jewelry,Accessories,25,Iowa,M,Orange,Fall,2.7,No,Express,Yes,Yes,34,PayPal,Every 3 Months,Accessories,35,1,90,31.25,6.25,12.5,7.5,10.62,4.38,False,False,3. Promo-Using Repeat
781,52,Male,Sandals,Footwear,59,Nevada,L,Lavender,Fall,3.9,No,Store Pickup,Yes,Yes,29,Cash,Every 3 Months,Footwear,30,1,90,73.75,14.75,29.5,24.5,31.88,17.12,False,False,3. Promo-Using Repeat
782,21,Male,Shirt,Clothing,24,Maryland,L,Green,Summer,4.1,No,2-Day Shipping,Yes,Yes,25,Venmo,Bi-Weekly,Clothing,26,1,14,30.0,6.0,12.0,7.0,10.0,4.0,False,False,3. Promo-Using Repeat
783,65,Male,Hat,Accessories,68,Rhode Island,M,Gray,Spring,2.7,No,Express,No,No,44,PayPal,Annually,Accessories,45,0,365,68.0,0.0,27.2,35.8,42.6,29.0,False,False,1. High Value Organic
784,25,Male,Gloves,Accessories,92,North Dakota,L,Gold,Summer,4.0,No,Store Pickup,No,No,44,Cash,Bi-Weekly,Accessories,45,0,14,92.0,0.0,36.8,50.2,59.4,41.0,True,True,1. High Value Organic
785,46,Male,Hat,Accessories,23,California,M,Teal,Winter,2.9,No,2-Day Shipping,No,No,32,Debit Card,Weekly,Accessories,33,0,7,23.0,0.0,9.2,8.8,11.1,6.5,False,False,4. Mid-Tier Core
786,66,Male,Scarf,Accessories,53,Wyoming,M,Cyan,Winter,3.9,No,Express,Yes,Yes,38,Bank Transfer,Fortnightly,Accessories,39,1,14,66.25,13.25,26.5,21.5,28.12,14.88,False,False,3. Promo-Using Repeat
787,18,Male,Jewelry,Accessories,46,Wyoming,S,Gray,Spring,2.6,No,Next Day Air,No,No,19,Credit Card,Annually,Accessories,20,0,365,46.0,0.0,18.4,22.6,27.2,18.0,False,False,4. Mid-Tier Core
788,36,Male,Boots,Footwear,76,Idaho,M,Silver,Spring,5.0,No,Free Shipping,No,No,26,Cash,Monthly,Footwear,27,0,30,76.0,0.0,30.4,40.6,48.2,33.0,False,True,1. High Value Organic
789,37,Male,Jacket,Outerwear,69,Alabama,M,Yellow,Winter,4.1,No,Store Pickup,No,No,8,Debit Card,Monthly,Outerwear,9,0,30,69.0,0.0,27.6,36.4,43.3,29.5,False,False,4. Mid-Tier Core
790,61,Male,Socks,Clothing,73,Indiana,M,White,Spring,3.8,No,Next Day Air,Yes,Yes,50,Bank Transfer,Monthly,Clothing,51,1,30,91.25,18.25,36.5,31.5,40.62,22.38,False,False,3. Promo-Using Repeat
791,34,Male,Coat,Outerwear,42,California,M,Green,Winter,4.5,No,Store Pickup,No,No,2,Bank Transfer,Bi-Weekly,Outerwear,3,0,14,42.0,0.0,16.8,20.2,24.4,16.0,False,False,4. Mid-Tier Core
792,26,Female,Skirt,Clothing,100,Arizona,M,Violet,Spring,4.2,No,Free Shipping,Yes,Yes,48,PayPal,Every 3 Months,Clothing,49,1,90,125.0,25.0,50.0,45.0,57.5,32.5,True,False,2. High Spend Bargain Hunter
793,30,Male,Scarf,Accessories,64,Kansas,L,Lavender,Winter,4.1,No,Standard,No,No,32,Credit Card,Bi-Weekly,Accessories,33,0,14,64.0,0.0,25.6,33.4,39.8,27.0,False,False,1. High Value Organic
794,35,Male,Backpack,Accessories,29,Colorado,L,Magenta,Winter,3.6,No,Store Pickup,No,No,4,Cash,Monthly,Accessories,5,0,30,29.0,0.0,11.6,12.4,15.3,9.5,False,False,4. Mid-Tier Core
795,40,Male,Jeans,Clothing,21,Colorado,S,Gray,Spring,3.1,No,Free Shipping,Yes,Yes,29,PayPal,Every 3 Months,Clothing,30,1,90,26.25,5.25,10.5,5.5,8.12,2.88,False,False,3. Promo-Using Repeat
796,18,Male,Scarf,Accessories,81,Oklahoma,L,Beige,Fall,3.1,No,Store Pickup,No,No,49,Debit Card,Fortnightly,Accessories,50,0,14,81.0,0.0,32.4,43.6,51.7,35.5,True,True,1. High Value Organic
797,27,Male,Shirt,Clothing,74,Florida,M,White,Winter,4.2,No,Free Shipping,No,No,46,PayPal,Fortnightly,Clothing,47,0,14,74.0,0.0,29.6,39.4,46.8,32.0,False,True,1. High Value Organic
798,67,Female,Dress,Clothing,46,North Carolina,XL,Gold,Spring,4.0,Yes,2-Day Shipping,No,No,24,Bank Transfer,Quarterly,Clothing,25,0,90,46.0,0.0,18.4,22.6,27.2,18.0,False,False,4. Mid-Tier Core
799,58,Male,Coat,Outerwear,21,Maine,L,Gold,Fall,4.1,No,Standard,Yes,Yes,45,PayPal,Quarterly,Outerwear,46,1,90,26.25,5.25,10.5,5.5,8.12,2.88,False,False,3. Promo-Using Repeat
800,42,Male,Shoes,Footwear,56,Idaho,XL,Red,Spring,4.4,No,Standard,Yes,Yes,35,Debit Card,Weekly,Footwear,36,1,7,70.0,14.0,28.0,23.0,30.0,16.0,False,False,3. Promo-Using Repeat
801,25,Male,Hat,Accessories,72,Utah,M,Charcoal,Fall,2.6,Yes,2-Day Shipping,No,No,20,Credit Card,Bi-Weekly,Accessories,21,0,14,72.0,0.0,28.8,38.2,45.4,31.0,False,False,1. High Value Organic
802,25,Male,Scarf,Accessories,22,Kentucky,M,Olive,Spring,3.0,No,Express,No,No,13,Debit Card,Fortnightly,Accessories,14,0,14,22.0,0.0,8.8,8.2,10.4,6.0,False,False,4. Mid-Tier Core
803,64,Male,Sunglasses,Accessories,82,Missouri,L,Silver,Summer,4.6,No,Next Day Air,No,No,46,Venmo,Weekly,Accessories,47,0,7,82.0,0.0,32.8,44.2,52.4,36.0,True,True,1. High Value Organic
804,31,Female,Scarf,Accessories,97,Massachusetts,M,Black,Spring,4.3,No,Next Day Air,No,No,12,Bank Transfer,Bi-Weekly,Accessories,13,0,14,97.0,0.0,38.8,53.2,62.9,43.5,False,False,1. High Value Organic
805,30,Male,Shoes,Footwear,70,Alaska,M,Silver,Fall,3.6,Yes,Store Pickup,No,No,45,PayPal,Monthly,Footwear,46,0,30,70.0,0.0,28.0,37.0,44.0,30.0,False,False,1. High Value Organic
806,50,Male,Shoes,Footwear,55,Illinois,XL,Teal,Summer,4.7,No,Express,No,No,25,Cash,Quarterly,Footwear,26,0,90,55.0,0.0,22.0,28.0,33.5,22.5,False,False,1. High Value Organic
807,40,Male,Jeans,Clothing,61,Colorado,M,Silver,Fall,2.8,No,2-Day Shipping,No,No,44,Cash,Bi-Weekly,Clothing,45,0,14,61.0,0.0,24.4,31.6,37.7,25.5,False,False,1. High Value Organic
808,39,Male,Gloves,Accessories,37,Vermont,M,Black,Winter,3.0,No,Standard,No,No,23,PayPal,Bi-Weekly,Accessories,24,0,14,37.0,0.0,14.8,17.2,20.9,13.5,False,False,4. Mid-Tier Core
809,43,Male,Scarf,Accessories,46,North Dakota,M,Orange,Summer,4.4,No,Free Shipping,No,No,15,Venmo,Quarterly,Accessories,16,0,90,46.0,0.0,18.4,22.6,27.2,18.0,False,False,4. Mid-Tier Core
810,22,Male,Dress,Clothing,33,Indiana,L,Pink,Summer,3.1,Yes,Express,No,No,4,PayPal,Fortnightly,Clothing,5,0,14,33.0,0.0,13.2,14.8,18.1,11.5,False,False,4. Mid-Tier Core
811,33,Male,Scarf,Accessories,57,Georgia,L,Peach,Spring,4.6,No,Standard,No,No,44,Cash,Every 3 Months,Accessories,45,0,90,57.0,0.0,22.8,29.2,34.9,23.5,False,False,1. High Value Organic
812,30,Male,Sandals,Footwear,52,Texas,M,Yellow,Winter,4.1,Yes,Next Day Air,No,No,48,PayPal,Annually,Footwear,49,0,365,52.0,0.0,20.8,26.2,31.4,21.0,False,False,4. Mid-Tier Core
813,48,Male,Blouse,Clothing,91,Georgia,S,Maroon,Fall,4.7,No,Standard,Yes,Yes,37,Bank Transfer,Quarterly,Clothing,38,1,90,113.75,22.75,45.5,40.5,51.88,29.12,True,False,2. High Spend Bargain Hunter
814,69,Male,Blouse,Clothing,75,Mississippi,XL,Lavender,Summer,3.1,No,Free Shipping,Yes,Yes,5,Cash,Quarterly,Clothing,6,1,90,93.75,18.75,37.5,32.5,41.88,23.12,False,False,3. Promo-Using Repeat
815,23,Female,Gloves,Accessories,69,New Hampshire,XL,Green,Summer,3.4,No,Next Day Air,No,No,29,Venmo,Bi-Weekly,Accessories,30,0,14,69.0,0.0,27.6,36.4,43.3,29.5,False,False,1. High Value Organic
816,70,Male,Sneakers,Footwear,89,Illinois,L,Olive,Fall,3.5,Yes,Next Day Air,No,No,36,Venmo,Fortnightly,Footwear,37,0,14,89.0,0.0,35.6,48.4,57.3,39.5,True,True,1. High Value Organic
817,68,Male,Belt,Accessories,74,Kentucky,M,Magenta,Spring,3.8,No,Store Pickup,Yes,Yes,8,Cash,Fortnightly,Accessories,9,1,14,92.5,18.5,37.0,32.0,41.25,22.75,False,False,3. Promo-Using Repeat
818,36,Male,Shoes,Footwear,43,Colorado,M,Brown,Spring,3.8,No,Free Shipping,No,No,32,PayPal,Every 3 Months,Footwear,33,0,90,43.0,0.0,17.2,20.8,25.1,16.5,False,False,4. Mid-Tier Core
819,57,Female,Coat,Outerwear,27,New York,M,Violet,Summer,3.5,No,Standard,No,No,49,Credit Card,Quarterly,Outerwear,50,0,90,27.0,0.0,10.8,11.2,13.9,8.5,False,False,4. Mid-Tier Core
820,18,Male,Handbag,Accessories,90,Montana,XL,Turquoise,Winter,3.7,No,2-Day Shipping,No,No,37,Venmo,Quarterly,Accessories,38,0,90,90.0,0.0,36.0,49.0,58.0,40.0,True,True,1. High Value Organic
821,44,Male,Backpack,Accessories,23,Colorado,M,Brown,Spring,3.0,No,Express,Yes,Yes,31,Cash,Fortnightly,Accessories,32,1,14,28.75,5.75,11.5,6.5,9.38,3.62,False,False,3. Promo-Using Repeat
822,66,Male,Gloves,Accessories,72,California,M,Yellow,Winter,2.6,Yes,2-Day Shipping,Yes,Yes,48,Debit Card,Bi-Weekly,Accessories,49,1,14,90.0,18.0,36.0,31.0,40.0,22.0,False,False,3. Promo-Using Repeat
823,47,Male,Jeans,Clothing,64,Montana,XL,Pink,Spring,4.0,No,Store Pickup,No,No,25,Debit Card,Annually,Clothing,26,0,365,64.0,0.0,25.6,33.4,39.8,27.0,False,False,1. High Value Organic
824,37,Female,Belt,Accessories,79,Nebraska,M,Violet,Spring,3.2,No,2-Day Shipping,No,No,20,PayPal,Monthly,Accessories,21,0,30,79.0,0.0,31.6,42.4,50.3,34.5,True,True,1. High Value Organic
825,63,Male,Gloves,Accessories,82,New Hampshire,S,Orange,Winter,2.6,No,Free Shipping,No,No,50,Debit Card,Monthly,Accessories,51,0,30,82.0,0.0,32.8,44.2,52.4,36.0,True,True,1. High Value Organic
826,25,Male,Hoodie,Clothing,41,Alabama,M,Gold,Winter,4.6,No,Express,No,No,31,Cash,Weekly,Clothing,32,0,7,41.0,0.0,16.4,19.6,23.7,15.5,False,False,4. Mid-Tier Core
827,21,Male,Belt,Accessories,23,West Virginia,L,Lavender,Fall,3.2,No,Store Pickup,No,No,37,Bank Transfer,Fortnightly,Accessories,38,0,14,23.0,0.0,9.2,8.8,11.1,6.5,False,False,4. Mid-Tier Core
828,60,Female,Boots,Footwear,99,Montana,L,Olive,Spring,2.8,Yes,Standard,Yes,Yes,10,Venmo,Bi-Weekly,Footwear,11,1,14,123.75,24.75,49.5,44.5,56.88,32.12,False,False,2. High Spend Bargain Hunter
829,40,Male,Pants,Clothing,90,Alabama,M,White,Summer,3.2,No,2-Day Shipping,No,No,6,PayPal,Quarterly,Clothing,7,0,90,90.0,0.0,36.0,49.0,58.0,40.0,False,False,4. Mid-Tier Core
830,55,Male,Sneakers,Footwear,58,Texas,M,Red,Spring,3.9,No,2-Day Shipping,No,No,46,Bank Transfer,Every 3 Months,Footwear,47,0,90,58.0,0.0,23.2,29.8,35.6,24.0,False,False,1. High Value Organic
831,18,Male,Shorts,Clothing,63,Vermont,XL,Peach,Summer,3.3,No,2-Day Shipping,Yes,Yes,11,PayPal,Weekly,Clothing,12,1,7,78.75,15.75,31.5,26.5,34.38,18.62,False,False,3. Promo-Using Repeat
832,69,Male,Pants,Clothing,63,Nebraska,L,Yellow,Winter,3.4,No,Standard,Yes,Yes,28,Cash,Bi-Weekly,Clothing,29,1,14,78.75,15.75,31.5,26.5,34.38,18.62,False,False,3. Promo-Using Repeat
833,40,Female,Jewelry,Accessories,71,Ohio,L,Peach,Winter,3.6,No,Express,No,No,39,Credit Card,Bi-Weekly,Accessories,40,0,14,71.0,0.0,28.4,37.6,44.7,30.5,False,False,1. High Value Organic
834,24,Male,Jacket,Outerwear,63,North Carolina,S,Charcoal,Summer,3.5,No,Standard,Yes,Yes,40,Credit Card,Every 3 Months,Outerwear,41,1,90,78.75,15.75,31.5,26.5,34.38,18.62,False,False,3. Promo-Using Repeat
835,35,Male,Blouse,Clothing,85,Oregon,L,Gold,Fall,3.8,No,2-Day Shipping,No,No,15,PayPal,Fortnightly,Clothing,16,0,14,85.0,0.0,34.0,46.0,54.5,37.5,False,True,1. High Value Organic
836,44,Male,Skirt,Clothing,52,Indiana,L,Purple,Winter,4.6,No,Next Day Air,No,No,2,Venmo,Every 3 Months,Clothing,3,0,90,52.0,0.0,20.8,26.2,31.4,21.0,False,False,4. Mid-Tier Core
837,39,Female,Skirt,Clothing,66,Mississippi,M,Turquoise,Spring,4.9,No,Next Day Air,Yes,Yes,41,Credit Card,Bi-Weekly,Clothing,42,1,14,82.5,16.5,33.0,28.0,36.25,19.75,False,False,3. Promo-Using Repeat
838,41,Male,Sunglasses,Accessories,87,Nevada,L,Lavender,Spring,3.6,Yes,Free Shipping,No,No,17,Bank Transfer,Bi-Weekly,Accessories,18,0,14,87.0,0.0,34.8,47.2,55.9,38.5,False,True,1. High Value Organic
839,38,Male,Boots,Footwear,32,Hawaii,S,Pink,Fall,2.9,Yes,2-Day Shipping,Yes,Yes,41,Debit Card,Every 3 Months,Footwear,42,1,90,40.0,8.0,16.0,11.0,15.0,7.0,False,False,3. Promo-Using Repeat
840,69,Male,Socks,Clothing,27,Colorado,M,Beige,Summer,4.9,No,2-Day Shipping,Yes,Yes,38,Cash,Fortnightly,Clothing,39,1,14,33.75,6.75,13.5,8.5,11.88,5.12,False,False,3. Promo-Using Repeat
841,38,Male,Backpack,Accessories,67,Delaware,M,Turquoise,Summer,4.0,No,Next Day Air,Yes,Yes,4,Debit Card,Quarterly,Accessories,5,1,90,83.75,16.75,33.5,28.5,36.88,20.12,False,False,3. Promo-Using Repeat
842,19,Male,Sneakers,Footwear,93,Massachusetts,L,Silver,Winter,4.0,No,Next Day Air,No,No,24,Venmo,Weekly,Footwear,25,0,7,93.0,0.0,37.2,50.8,60.1,41.5,True,True,1. High Value Organic
843,23,Male,Sweater,Clothing,54,Ohio,M,Magenta,Winter,3.2,Yes,Store Pickup,Yes,Yes,48,Cash,Every 3 Months,Clothing,49,1,90,67.5,13.5,27.0,22.0,28.75,15.25,False,False,3. Promo-Using Repeat
844,64,Female,Belt,Accessories,58,Massachusetts,L,Magenta,Winter,3.1,Yes,Express,No,No,24,Bank Transfer,Fortnightly,Accessories,25,0,14,58.0,0.0,23.2,29.8,35.6,24.0,False,False,1. High Value Organic
845,61,Male,Dress,Clothing,79,Nevada,L,Brown,Spring,4.2,No,Free Shipping,Yes,Yes,22,Debit Card,Annually,Clothing,23,1,365,98.75,19.75,39.5,34.5,44.38,24.62,True,False,2. High Spend Bargain Hunter
846,61,Male,Backpack,Accessories,90,Florida,M,Beige,Winter,2.6,No,Standard,Yes,Yes,13,Credit Card,Weekly,Accessories,14,1,7,112.5,22.5,45.0,40.0,51.25,28.75,False,False,2. High Spend Bargain Hunter
847,64,Male,Socks,Clothing,43,Kansas,M,Lavender,Summer,4.6,No,Next Day Air,Yes,Yes,40,PayPal,Annually,Clothing,41,1,365,53.75,10.75,21.5,16.5,21.88,11.12,False,False,3. Promo-Using Repeat
848,57,Male,Jacket,Outerwear,26,Arkansas,XL,Black,Spring,4.9,No,Store Pickup,No,No,10,Debit Card,Monthly,Outerwear,11,0,30,26.0,0.0,10.4,10.6,13.2,8.0,False,False,4. Mid-Tier Core
849,34,Male,Socks,Clothing,77,Delaware,M,Silver,Winter,4.3,Yes,Express,Yes,Yes,11,PayPal,Monthly,Clothing,12,1,30,96.25,19.25,38.5,33.5,43.12,23.88,False,False,3. Promo-Using Repeat
850,67,Female,Sunglasses,Accessories,91,Oregon,XL,Indigo,Fall,3.0,Yes,Standard,No,No,36,PayPal,Quarterly,Accessories,37,0,90,91.0,0.0,36.4,49.6,58.7,40.5,True,True,1. High Value Organic
851,54,Female,Jeans,Clothing,37,Alabama,L,Charcoal,Winter,3.3,No,Store Pickup,No,No,4,PayPal,Annually,Clothing,5,0,365,37.0,0.0,14.8,17.2,20.9,13.5,False,False,4. Mid-Tier Core
852,59,Male,Jewelry,Accessories,97,Delaware,XL,Teal,Winter,4.1,No,Free Shipping,No,No,44,Credit Card,Annually,Accessories,45,0,365,97.0,0.0,38.8,53.2,62.9,43.5,True,True,1. High Value Organic
853,27,Male,Shirt,Clothing,36,Alabama,L,Magenta,Winter,2.5,No,Express,Yes,Yes,15,Cash,Quarterly,Clothing,16,1,90,45.0,9.0,18.0,13.0,17.5,8.5,False,False,3. Promo-Using Repeat
854,49,Female,Dress,Clothing,39,Nebraska,M,Red,Winter,3.3,Yes,Next Day Air,No,No,19,Cash,Monthly,Clothing,20,0,30,39.0,0.0,15.6,18.4,22.3,14.5,False,False,4. Mid-Tier Core
855,53,Male,Shorts,Clothing,63,West Virginia,L,Lavender,Winter,3.9,No,Standard,Yes,Yes,27,Venmo,Fortnightly,Clothing,28,1,14,78.75,15.75,31.5,26.5,34.38,18.62,False,False,3. Promo-Using Repeat
856,62,Male,Jewelry,Accessories,51,West Virginia,M,Silver,Fall,4.8,No,Next Day Air,Yes,Yes,36,Venmo,Monthly,Accessories,37,1,30,63.75,12.75,25.5,20.5,26.88,14.12,False,False,3. Promo-Using Repeat
857,21,Male,Handbag,Accessories,87,North Dakota,L,Beige,Summer,4.1,No,Next Day Air,Yes,Yes,36,Bank Transfer,Weekly,Accessories,37,1,7,108.75,21.75,43.5,38.5,49.38,27.62,True,False,2. High Spend Bargain Hunter
858,59,Female,Coat,Outerwear,90,Hawaii,S,White,Spring,3.4,No,Free Shipping,Yes,Yes,21,Bank Transfer,Monthly,Outerwear,22,1,30,112.5,22.5,45.0,40.0,51.25,28.75,True,False,2. High Spend Bargain Hunter
859,46,Female,Pants,Clothing,37,Alabama,M,Maroon,Fall,3.1,No,2-Day Shipping,No,No,42,Bank Transfer,Bi-Weekly,Clothing,43,0,14,37.0,0.0,14.8,17.2,20.9,13.5,False,False,4. Mid-Tier Core
860,18,Female,Sandals,Footwear,83,Alaska,XL,Green,Spring,3.5,No,Standard,Yes,Yes,1,Debit Card,Fortnightly,Footwear,2,1,14,103.75,20.75,41.5,36.5,46.88,26.12,False,False,2. High Spend Bargain Hunter
861,68,Male,Handbag,Accessories,90,West Virginia,XL,Magenta,Fall,3.9,No,Store Pickup,Yes,Yes,21,Bank Transfer,Weekly,Accessories,22,1,7,112.5,22.5,45.0,40.0,51.25,28.75,True,False,2. High Spend Bargain Hunter
862,23,Male,Coat,Outerwear,52,South Dakota,L,Pink,Winter,4.1,No,2-Day Shipping,Yes,Yes,13,Credit Card,Annually,Outerwear,14,1,365,65.0,13.0,26.0,21.0,27.5,14.5,False,False,3. Promo-Using Repeat
863,55,Male,Socks,Clothing,85,Delaware,M,Violet,Winter,4.3,No,Free Shipping,No,No,38,Bank Transfer,Bi-Weekly,Clothing,39,0,14,85.0,0.0,34.0,46.0,54.5,37.5,True,True,1. High Value Organic
864,33,Male,Pants,Clothing,50,Nebraska,M,Beige,Fall,4.3,Yes,Free Shipping,Yes,Yes,27,PayPal,Weekly,Clothing,28,1,7,62.5,12.5,25.0,20.0,26.25,13.75,False,False,3. Promo-Using Repeat
865,30,Female,Pants,Clothing,28,Indiana,L,Lavender,Winter,2.6,No,Next Day Air,No,No,12,Debit Card,Weekly,Clothing,13,0,7,28.0,0.0,11.2,11.8,14.6,9.0,False,False,4. Mid-Tier Core
866,20,Female,Jewelry,Accessories,73,Alabama,M,Indigo,Summer,4.8,Yes,Next Day Air,Yes,Yes,30,Venmo,Weekly,Accessories,31,1,7,91.25,18.25,36.5,31.5,40.62,22.38,False,False,3. Promo-Using Repeat
867,61,Male,Sweater,Clothing,34,Alaska,M,Cyan,Fall,3.8,No,Next Day Air,Yes,Yes,35,PayPal,Weekly,Clothing,36,1,7,42.5,8.5,17.0,12.0,16.25,7.75,False,False,3. Promo-Using Repeat
868,65,Female,Scarf,Accessories,52,South Carolina,XL,Red,Summer,4.9,No,Free Shipping,No,No,30,Venmo,Bi-Weekly,Accessories,31,0,14,52.0,0.0,20.8,26.2,31.4,21.0,False,False,4. Mid-Tier Core
869,62,Male,Pants,Clothing,31,Ohio,S,Indigo,Fall,2.7,Yes,2-Day Shipping,No,No,4,Bank Transfer,Weekly,Clothing,5,0,7,31.0,0.0,12.4,13.6,16.7,10.5,False,False,4. Mid-Tier Core
870,64,Female,Socks,Clothing,70,Indiana,M,Indigo,Fall,3.3,No,2-Day Shipping,No,No,41,PayPal,Quarterly,Clothing,42,0,90,70.0,0.0,28.0,37.0,44.0,30.0,False,False,1. High Value Organic
871,44,Male,Sunglasses,Accessories,85,Colorado,M,Magenta,Winter,4.0,Yes,Store Pickup,No,No,5,Cash,Quarterly,Accessories,6,0,90,85.0,0.0,34.0,46.0,54.5,37.5,False,False,4. Mid-Tier Core
872,19,Female,Shoes,Footwear,56,Montana,M,Turquoise,Spring,4.6,No,Next Day Air,No,No,4,PayPal,Every 3 Months,Footwear,5,0,90,56.0,0.0,22.4,28.6,34.2,23.0,False,False,4. Mid-Tier Core
873,36,Male,Gloves,Accessories,54,Alaska,M,Green,Fall,3.3,Yes,Next Day Air,No,No,30,Venmo,Weekly,Accessories,31,0,7,54.0,0.0,21.6,27.4,32.8,22.0,False,False,4. Mid-Tier Core
874,34,Female,Scarf,Accessories,43,Georgia,M,Pink,Summer,4.4,Yes,Store Pickup,No,No,27,Credit Card,Quarterly,Accessories,28,0,90,43.0,0.0,17.2,20.8,25.1,16.5,False,False,4. Mid-Tier Core
875,34,Male,Dress,Clothing,87,Arkansas,L,Cyan,Fall,3.7,Yes,Next Day Air,Yes,Yes,38,Debit Card,Bi-Weekly,Clothing,39,1,14,108.75,21.75,43.5,38.5,49.38,27.62,True,False,2. High Spend Bargain Hunter
876,43,Female,Dress,Clothing,27,Louisiana,S,Peach,Winter,3.2,No,Store Pickup,Yes,Yes,32,Venmo,Bi-Weekly,Clothing,33,1,14,33.75,6.75,13.5,8.5,11.88,5.12,False,False,3. Promo-Using Repeat
877,19,Female,Hat,Accessories,45,Tennessee,M,Charcoal,Winter,4.4,No,Store Pickup,No,No,17,PayPal,Fortnightly,Accessories,18,0,14,45.0,0.0,18.0,22.0,26.5,17.5,False,False,4. Mid-Tier Core
878,48,Female,Jeans,Clothing,78,Louisiana,M,Pink,Fall,4.1,No,2-Day Shipping,Yes,Yes,20,Credit Card,Bi-Weekly,Clothing,21,1,14,97.5,19.5,39.0,34.0,43.75,24.25,False,False,3. Promo-Using Repeat
879,41,Male,Boots,Footwear,73,Idaho,XL,Charcoal,Winter,4.3,Yes,Free Shipping,Yes,Yes,8,Credit Card,Every 3 Months,Footwear,9,1,90,91.25,18.25,36.5,31.5,40.62,22.38,False,False,3. Promo-Using Repeat
880,39,Female,Sunglasses,Accessories,39,Maine,L,Beige,Summer,5.0,Yes,Store Pickup,No,No,14,PayPal,Monthly,Accessories,15,0,30,39.0,0.0,15.6,18.4,22.3,14.5,False,False,4. Mid-Tier Core
881,53,Male,Jacket,Outerwear,26,Massachusetts,M,Maroon,Spring,2.6,No,Store Pickup,Yes,Yes,14,Bank Transfer,Monthly,Outerwear,15,1,30,32.5,6.5,13.0,8.0,11.25,4.75,False,False,3. Promo-Using Repeat
882,68,Male,Hat,Accessories,99,Minnesota,M,Teal,Winter,4.9,No,Free Shipping,Yes,Yes,17,Venmo,Fortnightly,Accessories,18,1,14,123.75,24.75,49.5,44.5,56.88,32.12,False,False,2. High Spend Bargain Hunter
883,69,Male,Sandals,Footwear,91,Delaware,M,Yellow,Fall,3.1,Yes,Express,Yes,Yes,35,Credit Card,Weekly,Footwear,36,1,7,113.75,22.75,45.5,40.5,51.88,29.12,True,False,2. High Spend Bargain Hunter
884,62,Male,Blouse,Clothing,34,New Hampshire,M,Cyan,Spring,4.4,No,2-Day Shipping,No,No,40,PayPal,Quarterly,Clothing,41,0,90,34.0,0.0,13.6,15.4,18.8,12.0,False,False,4. Mid-Tier Core
885,56,Male,Sweater,Clothing,32,Maine,L,Silver,Winter,4.2,No,Express,Yes,Yes,36,Venmo,Annually,Clothing,37,1,365,40.0,8.0,16.0,11.0,15.0,7.0,False,False,3. Promo-Using Repeat
886,47,Female,Skirt,Clothing,65,Vermont,M,Lavender,Spring,4.8,No,2-Day Shipping,Yes,Yes,29,PayPal,Monthly,Clothing,30,1,30,81.25,16.25,32.5,27.5,35.62,19.38,False,False,3. Promo-Using Repeat
887,42,Female,Socks,Clothing,40,North Carolina,S,Magenta,Spring,3.7,No,Standard,No,No,21,PayPal,Monthly,Clothing,22,0,30,40.0,0.0,16.0,19.0,23.0,15.0,False,False,4. Mid-Tier Core
888,26,Female,Pants,Clothing,71,Ohio,M,Teal,Summer,3.5,No,Express,No,No,15,Venmo,Weekly,Clothing,16,0,7,71.0,0.0,28.4,37.6,44.7,30.5,False,False,1. High Value Organic
889,19,Male,Coat,Outerwear,92,West Virginia,M,Green,Summer,2.7,No,Free Shipping,No,No,11,Bank Transfer,Weekly,Outerwear,12,0,7,92.0,0.0,36.8,50.2,59.4,41.0,False,False,1. High Value Organic
890,27,Male,Jacket,Outerwear,26,Minnesota,M,Turquoise,Summer,2.7,Yes,Express,Yes,Yes,41,Debit Card,Weekly,Outerwear,42,1,7,32.5,6.5,13.0,8.0,11.25,4.75,False,False,3. Promo-Using Repeat
891,53,Male,Belt,Accessories,67,Texas,XL,Magenta,Winter,4.4,Yes,Next Day Air,Yes,Yes,50,Credit Card,Quarterly,Accessories,51,1,90,83.75,16.75,33.5,28.5,36.88,20.12,False,False,3. Promo-Using Repeat
892,68,Male,Jeans,Clothing,88,South Dakota,L,Peach,Summer,4.3,No,Standard,Yes,Yes,23,Venmo,Monthly,Clothing,24,1,30,110.0,22.0,44.0,39.0,50.0,28.0,True,False,2. High Spend Bargain Hunter
893,19,Female,Scarf,Accessories,81,California,L,Charcoal,Fall,3.9,Yes,Free Shipping,Yes,Yes,3,Debit Card,Bi-Weekly,Accessories,4,1,14,101.25,20.25,40.5,35.5,45.62,25.38,False,False,2. High Spend Bargain Hunter
894,70,Male,Sunglasses,Accessories,69,Kentucky,M,Orange,Winter,3.3,No,Next Day Air,No,No,35,Bank Transfer,Annually,Accessories,36,0,365,69.0,0.0,27.6,36.4,43.3,29.5,False,False,1. High Value Organic
895,35,Male,Sunglasses,Accessories,44,Arizona,M,Gold,Winter,3.8,No,Next Day Air,Yes,Yes,6,Venmo,Every 3 Months,Accessories,7,1,90,55.0,11.0,22.0,17.0,22.5,11.5,False,False,3. Promo-Using Repeat
896,54,Male,Handbag,Accessories,60,Maine,L,Gray,Fall,2.6,No,Standard,Yes,Yes,9,Cash,Every 3 Months,Accessories,10,1,90,75.0,15.0,30.0,25.0,32.5,17.5,False,False,3. Promo-Using Repeat
897,63,Female,Backpack,Accessories,100,Utah,M,Peach,Winter,4.3,No,Standard,No,No,35,PayPal,Every 3 Months,Accessories,36,0,90,100.0,0.0,40.0,55.0,65.0,45.0,True,True,1. High Value Organic
898,29,Male,Sneakers,Footwear,61,Oklahoma,XL,Charcoal,Winter,4.8,No,Standard,Yes,Yes,49,Cash,Bi-Weekly,Footwear,50,1,14,76.25,15.25,30.5,25.5,33.12,17.88,False,False,3. Promo-Using Repeat
899,65,Male,Blouse,Clothing,98,Mississippi,L,Lavender,Winter,2.8,No,Standard,No,No,30,Bank Transfer,Monthly,Clothing,31,0,30,98.0,0.0,39.2,53.8,63.6,44.0,True,True,1. High Value Organic
900,23,Female,Boots,Footwear,31,Maine,L,Beige,Fall,3.9,Yes,Store Pickup,No,No,7,Credit Card,Every 3 Months,Footwear,8,0,90,31.0,0.0,12.4,13.6,16.7,10.5,False,False,4. Mid-Tier Core
901,19,Female,Jeans,Clothing,60,North Carolina,S,Lavender,Spring,3.5,No,Express,Yes,Yes,21,Venmo,Bi-Weekly,Clothing,22,1,14,75.0,15.0,30.0,25.0,32.5,17.5,False,False,3. Promo-Using Repeat
902,41,Male,Backpack,Accessories,52,California,M,Magenta,Winter,3.1,No,Store Pickup,No,No,39,Cash,Weekly,Accessories,40,0,7,52.0,0.0,20.8,26.2,31.4,21.0,False,False,4. Mid-Tier Core
903,32,Male,Blouse,Clothing,37,New Jersey,M,Lavender,Fall,3.3,Yes,Standard,Yes,Yes,47,Venmo,Weekly,Clothing,48,1,7,46.25,9.25,18.5,13.5,18.12,8.88,False,False,3. Promo-Using Repeat
904,37,Male,Dress,Clothing,49,Iowa,L,Olive,Spring,3.6,No,Express,Yes,Yes,34,Bank Transfer,Weekly,Clothing,35,1,7,61.25,12.25,24.5,19.5,25.62,13.38,False,False,3. Promo-Using Repeat
905,19,Male,Coat,Outerwear,84,Florida,S,Purple,Winter,3.6,Yes,Store Pickup,No,No,26,Bank Transfer,Monthly,Outerwear,27,0,30,84.0,0.0,33.6,45.4,53.8,37.0,True,True,1. High Value Organic
906,47,Female,Sandals,Footwear,54,Minnesota,M,Black,Spring,3.6,No,Standard,No,No,38,PayPal,Bi-Weekly,Footwear,39,0,14,54.0,0.0,21.6,27.4,32.8,22.0,False,False,4. Mid-Tier Core
907,32,Male,Blouse,Clothing,62,Kansas,S,White,Spring,4.5,Yes,Next Day Air,No,No,10,Bank Transfer,Fortnightly,Clothing,11,0,14,62.0,0.0,24.8,32.2,38.4,26.0,False,False,1. High Value Organic
908,52,Female,Dress,Clothing,79,Alaska,M,Pink,Winter,4.5,No,Standard,No,No,34,Cash,Quarterly,Clothing,35,0,90,79.0,0.0,31.6,42.4,50.3,34.5,True,True,1. High Value Organic
909,57,Male,Handbag,Accessories,57,Idaho,M,Red,Summer,3.9,Yes,Express,Yes,Yes,47,PayPal,Bi-Weekly,Accessories,48,1,14,71.25,14.25,28.5,23.5,30.62,16.38,False,False,3. Promo-Using Repeat
910,21,Female,Sunglasses,Accessories,55,Maine,M,Beige,Summer,4.1,No,Store Pickup,Yes,Yes,35,PayPal,Weekly,Accessories,36,1,7,68.75,13.75,27.5,22.5,29.38,15.62,False,False,3. Promo-Using Repeat
911,55,Male,Belt,Accessories,78,Illinois,L,White,Winter,3.2,No,Express,No,No,14,Credit Card,Bi-Weekly,Accessories,15,0,14,78.0,0.0,31.2,41.8,49.6,34.0,False,False,1. High Value Organic
912,41,Male,Sweater,Clothing,45,Illinois,S,Peach,Spring,4.4,No,Free Shipping,No,No,8,Bank Transfer,Quarterly,Clothing,9,0,90,45.0,0.0,18.0,22.0,26.5,17.5,False,False,4. Mid-Tier Core
913,63,Male,Shorts,Clothing,44,Nevada,L,Beige,Summer,4.6,No,Store Pickup,Yes,Yes,10,Cash,Monthly,Clothing,11,1,30,55.0,11.0,22.0,17.0,22.5,11.5,False,False,3. Promo-Using Repeat
914,55,Male,Sunglasses,Accessories,28,Delaware,M,Charcoal,Winter,2.5,No,Next Day Air,Yes,Yes,47,Venmo,Every 3 Months,Accessories,48,1,90,35.0,7.0,14.0,9.0,12.5,5.5,False,False,3. Promo-Using Repeat
915,67,Male,Jacket,Outerwear,65,Oklahoma,M,Yellow,Summer,4.8,No,Next Day Air,No,No,27,PayPal,Fortnightly,Outerwear,28,0,14,65.0,0.0,26.0,34.0,40.5,27.5,False,False,1. High Value Organic
916,24,Female,Jacket,Outerwear,62,Oregon,S,Violet,Fall,2.5,No,Free Shipping,No,No,13,Cash,Weekly,Outerwear,14,0,7,62.0,0.0,24.8,32.2,38.4,26.0,False,False,1. High Value Organic
917,66,Male,Shoes,Footwear,22,Arizona,S,Maroon,Winter,3.7,No,Store Pickup,Yes,Yes,49,PayPal,Quarterly,Footwear,50,1,90,27.5,5.5,11.0,6.0,8.75,3.25,False,False,3. Promo-Using Repeat
918,40,Male,Gloves,Accessories,92,Colorado,L,Black,Summer,4.1,Yes,Express,No,No,26,Venmo,Every 3 Months,Accessories,27,0,90,92.0,0.0,36.8,50.2,59.4,41.0,True,True,1. High Value Organic
919,56,Male,Sunglasses,Accessories,88,West Virginia,M,Lavender,Spring,4.9,No,Next Day Air,No,No,38,PayPal,Quarterly,Accessories,39,0,90,88.0,0.0,35.2,47.8,56.6,39.0,True,True,1. High Value Organic
920,35,Female,Belt,Accessories,81,Hawaii,L,Magenta,Spring,4.4,No,Free Shipping,Yes,Yes,29,Bank Transfer,Annually,Accessories,30,1,365,101.25,20.25,40.5,35.5,45.62,25.38,True,False,2. High Spend Bargain Hunter
921,68,Female,Belt,Accessories,56,Iowa,L,Peach,Fall,2.9,No,Free Shipping,Yes,Yes,3,Debit Card,Every 3 Months,Accessories,4,1,90,70.0,14.0,28.0,23.0,30.0,16.0,False,False,3. Promo-Using Repeat
922,62,Male,Handbag,Accessories,38,California,M,Pink,Fall,3.8,Yes,Free Shipping,Yes,Yes,33,PayPal,Every 3 Months,Accessories,34,1,90,47.5,9.5,19.0,14.0,18.75,9.25,False,False,3. Promo-Using Repeat
923,52,Male,Socks,Clothing,50,Iowa,M,Olive,Winter,3.8,No,2-Day Shipping,Yes,Yes,22,Cash,Weekly,Clothing,23,1,7,62.5,12.5,25.0,20.0,26.25,13.75,False,False,3. Promo-Using Repeat
924,51,Male,Dress,Clothing,40,Illinois,XL,Black,Fall,2.8,No,Express,No,No,44,Venmo,Weekly,Clothing,45,0,7,40.0,0.0,16.0,19.0,23.0,15.0,False,False,4. Mid-Tier Core
925,54,Male,Hat,Accessories,100,Iowa,M,Green,Summer,3.7,No,2-Day Shipping,No,No,35,Cash,Fortnightly,Accessories,36,0,14,100.0,0.0,40.0,55.0,65.0,45.0,True,True,1. High Value Organic
926,39,Male,Handbag,Accessories,21,Utah,M,Gold,Spring,4.9,No,Free Shipping,No,No,15,Cash,Quarterly,Accessories,16,0,90,21.0,0.0,8.4,7.6,9.7,5.5,False,False,4. Mid-Tier Core
927,31,Female,Dress,Clothing,48,Oklahoma,S,Charcoal,Winter,3.5,No,Standard,Yes,Yes,36,PayPal,Weekly,Clothing,37,1,7,60.0,12.0,24.0,19.0,25.0,13.0,False,False,3. Promo-Using Repeat
928,31,Male,Jewelry,Accessories,27,Colorado,XL,Green,Summer,4.1,No,Store Pickup,No,No,12,Cash,Monthly,Accessories,13,0,30,27.0,0.0,10.8,11.2,13.9,8.5,False,False,4. Mid-Tier Core
929,54,Male,Scarf,Accessories,21,Tennessee,L,Yellow,Summer,4.3,No,Next Day Air,No,No,1,Cash,Bi-Weekly,Accessories,2,0,14,21.0,0.0,8.4,7.6,9.7,5.5,False,False,4. Mid-Tier Core
930,33,Male,Blouse,Clothing,41,South Dakota,M,Red,Summer,4.2,No,Next Day Air,No,No,10,Venmo,Every 3 Months,Clothing,11,0,90,41.0,0.0,16.4,19.6,23.7,15.5,False,False,4. Mid-Tier Core
931,69,Male,Sneakers,Footwear,43,Indiana,L,Black,Spring,4.3,No,Store Pickup,No,No,2,Debit Card,Quarterly,Footwear,3,0,90,43.0,0.0,17.2,20.8,25.1,16.5,False,False,4. Mid-Tier Core
932,27,Male,Handbag,Accessories,28,Nevada,S,Peach,Winter,3.0,Yes,Standard,No,No,7,Credit Card,Every 3 Months,Accessories,8,0,90,28.0,0.0,11.2,11.8,14.6,9.0,False,False,4. Mid-Tier Core
933,61,Male,Jacket,Outerwear,26,Wyoming,M,Lavender,Summer,2.9,No,Store Pickup,No,No,34,Bank Transfer,Fortnightly,Outerwear,35,0,14,26.0,0.0,10.4,10.6,13.2,8.0,False,False,4. Mid-Tier Core
934,59,Male,Sunglasses,Accessories,33,Nebraska,L,Indigo,Fall,2.6,No,Store Pickup,No,No,25,PayPal,Weekly,Accessories,26,0,7,33.0,0.0,13.2,14.8,18.1,11.5,False,False,4. Mid-Tier Core
935,18,Male,Sandals,Footwear,81,Oregon,L,Black,Spring,4.3,Yes,Free Shipping,No,No,47,Credit Card,Fortnightly,Footwear,48,0,14,81.0,0.0,32.4,43.6,51.7,35.5,True,True,1. High Value Organic
936,42,Female,Shirt,Clothing,97,New Hampshire,M,White,Fall,2.5,Yes,Store Pickup,Yes,Yes,1,Cash,Bi-Weekly,Clothing,2,1,14,121.25,24.25,48.5,43.5,55.62,31.38,False,False,2. High Spend Bargain Hunter
937,41,Male,Hoodie,Clothing,46,Minnesota,M,Gray,Fall,3.9,Yes,Free Shipping,No,No,23,Credit Card,Weekly,Clothing,24,0,7,46.0,0.0,18.4,22.6,27.2,18.0,False,False,4. Mid-Tier Core
938,30,Female,Jewelry,Accessories,30,Mississippi,M,Orange,Winter,3.1,No,2-Day Shipping,No,No,40,Credit Card,Monthly,Accessories,41,0,30,30.0,0.0,12.0,13.0,16.0,10.0,False,False,4. Mid-Tier Core
939,65,Male,Skirt,Clothing,61,Missouri,M,Peach,Winter,4.4,Yes,2-Day Shipping,No,No,46,Credit Card,Bi-Weekly,Clothing,47,0,14,61.0,0.0,24.4,31.6,37.7,25.5,False,False,1. High Value Organic
940,57,Female,Belt,Accessories,83,Oklahoma,M,Cyan,Winter,2.8,No,Free Shipping,No,No,32,Venmo,Monthly,Accessories,33,0,30,83.0,0.0,33.2,44.8,53.1,36.5,True,True,1. High Value Organic
941,29,Female,Sneakers,Footwear,67,Wyoming,L,Peach,Fall,4.5,Yes,Free Shipping,No,No,29,Credit Card,Fortnightly,Footwear,30,0,14,67.0,0.0,26.8,35.2,41.9,28.5,False,False,1. High Value Organic
942,39,Male,Dress,Clothing,65,West Virginia,S,Magenta,Spring,3.4,No,2-Day Shipping,Yes,Yes,5,Credit Card,Fortnightly,Clothing,6,1,14,81.25,16.25,32.5,27.5,35.62,19.38,False,False,3. Promo-Using Repeat
943,56,Male,Belt,Accessories,24,Nevada,M,Silver,Fall,2.7,No,Free Shipping,Yes,Yes,31,PayPal,Quarterly,Accessories,32,1,90,30.0,6.0,12.0,7.0,10.0,4.0,False,False,3. Promo-Using Repeat
944,20,Male,Skirt,Clothing,24,Arkansas,L,Turquoise,Summer,4.6,No,Next Day Air,Yes,Yes,32,Credit Card,Every 3 Months,Clothing,33,1,90,30.0,6.0,12.0,7.0,10.0,4.0,False,False,3. Promo-Using Repeat
945,37,Male,Sunglasses,Accessories,23,North Carolina,M,Orange,Spring,4.5,No,Express,No,No,4,Venmo,Quarterly,Accessories,5,0,90,23.0,0.0,9.2,8.8,11.1,6.5,False,False,4. Mid-Tier Core
946,70,Female,Sunglasses,Accessories,40,New York,M,Magenta,Spring,3.8,No,Store Pickup,No,No,6,Debit Card,Every 3 Months,Accessories,7,0,90,40.0,0.0,16.0,19.0,23.0,15.0,False,False,4. Mid-Tier Core
947,57,Male,Hoodie,Clothing,88,New Jersey,S,Peach,Summer,4.2,No,Store Pickup,Yes,Yes,31,Cash,Bi-Weekly,Clothing,32,1,14,110.0,22.0,44.0,39.0,50.0,28.0,True,False,2. High Spend Bargain Hunter
948,28,Female,Handbag,Accessories,83,Ohio,M,Cyan,Spring,2.8,No,Store Pickup,No,No,34,Venmo,Annually,Accessories,35,0,365,83.0,0.0,33.2,44.8,53.1,36.5,True,True,1. High Value Organic
949,27,Male,Jewelry,Accessories,37,Alaska,M,Peach,Spring,2.7,No,Express,No,No,7,PayPal,Weekly,Accessories,8,0,7,37.0,0.0,14.8,17.2,20.9,13.5,False,False,4. Mid-Tier Core
950,20,Male,Shoes,Footwear,63,Kansas,S,White,Winter,3.4,Yes,Standard,No,No,38,PayPal,Quarterly,Footwear,39,0,90,63.0,0.0,25.2,32.8,39.1,26.5,False,False,1. High Value Organic
951,21,Male,Skirt,Clothing,32,New Jersey,L,Brown,Spring,3.7,No,Express,No,No,49,Cash,Weekly,Clothing,50,0,7,32.0,0.0,12.8,14.2,17.4,11.0,False,False,4. Mid-Tier Core
952,36,Male,Jacket,Outerwear,60,Maryland,L,Orange,Fall,4.0,No,Standard,No,No,23,Debit Card,Bi-Weekly,Outerwear,24,0,14,60.0,0.0,24.0,31.0,37.0,25.0,False,False,1. High Value Organic
953,30,Male,Dress,Clothing,91,North Dakota,L,Red,Summer,2.7,Yes,Standard,Yes,Yes,50,PayPal,Monthly,Clothing,51,1,30,113.75,22.75,45.5,40.5,51.88,29.12,True,False,2. High Spend Bargain Hunter
954,47,Male,Scarf,Accessories,50,Delaware,M,Red,Summer,4.8,No,Next Day Air,No,No,36,Debit Card,Annually,Accessories,37,0,365,50.0,0.0,20.0,25.0,30.0,20.0,False,False,4. Mid-Tier Core
955,57,Female,Boots,Footwear,51,Ohio,M,Magenta,Spring,3.0,Yes,2-Day Shipping,Yes,Yes,42,Debit Card,Monthly,Footwear,43,1,30,63.75,12.75,25.5,20.5,26.88,14.12,False,False,3. Promo-Using Repeat
956,67,Female,Handbag,Accessories,21,Massachusetts,L,Turquoise,Spring,3.1,No,Standard,Yes,Yes,28,Venmo,Annually,Accessories,29,1,365,26.25,5.25,10.5,5.5,8.12,2.88,False,False,3. Promo-Using Repeat
957,45,Female,Jewelry,Accessories,88,Missouri,M,Maroon,Fall,4.2,No,2-Day Shipping,No,No,20,Cash,Every 3 Months,Accessories,21,0,90,88.0,0.0,35.2,47.8,56.6,39.0,True,True,1. High Value Organic
958,49,Male,Dress,Clothing,69,Iowa,L,Gold,Spring,3.5,No,Next Day Air,No,No,17,PayPal,Weekly,Clothing,18,0,7,69.0,0.0,27.6,36.4,43.3,29.5,False,False,1. High Value Organic
959,69,Male,Backpack,Accessories,97,Utah,L,Olive,Winter,4.7,No,Store Pickup,No,No,31,PayPal,Every 3 Months,Accessories,32,0,90,97.0,0.0,38.8,53.2,62.9,43.5,True,True,1. High Value Organic
960,23,Male,Jewelry,Accessories,27,West Virginia,S,Olive,Summer,3.4,No,2-Day Shipping,Yes,Yes,19,Bank Transfer,Quarterly,Accessories,20,1,90,33.75,6.75,13.5,8.5,11.88,5.12,False,False,3. Promo-Using Repeat
961,34,Male,Jacket,Outerwear,82,Vermont,M,Gold,Summer,4.7,No,Free Shipping,No,No,25,Credit Card,Annually,Outerwear,26,0,365,82.0,0.0,32.8,44.2,52.4,36.0,True,True,1. High Value Organic
962,32,Male,Gloves,Accessories,40,Ohio,XL,Gold,Winter,4.9,No,Standard,No,No,49,PayPal,Quarterly,Accessories,50,0,90,40.0,0.0,16.0,19.0,23.0,15.0,False,False,4. Mid-Tier Core
963,21,Male,Belt,Accessories,76,South Carolina,L,Brown,Fall,3.2,Yes,2-Day Shipping,Yes,Yes,26,PayPal,Annually,Accessories,27,1,365,95.0,19.0,38.0,33.0,42.5,23.5,False,False,3. Promo-Using Repeat
964,31,Male,Gloves,Accessories,63,Florida,S,Silver,Summer,4.7,Yes,2-Day Shipping,Yes,Yes,41,Cash,Every 3 Months,Accessories,42,1,90,78.75,15.75,31.5,26.5,34.38,18.62,False,False,3. Promo-Using Repeat
965,54,Male,Handbag,Accessories,98,Alaska,S,Red,Winter,2.8,No,Free Shipping,Yes,Yes,48,Cash,Weekly,Accessories,49,1,7,122.5,24.5,49.0,44.0,56.25,31.75,True,False,2. High Spend Bargain Hunter
966,57,Male,Sandals,Footwear,43,Mississippi,L,Cyan,Fall,4.7,No,2-Day Shipping,Yes,Yes,15,Cash,Weekly,Footwear,16,1,7,53.75,10.75,21.5,16.5,21.88,11.12,False,False,3. Promo-Using Repeat
967,55,Male,Jewelry,Accessories,51,Texas,XL,Brown,Spring,2.6,No,Standard,Yes,Yes,34,PayPal,Quarterly,Accessories,35,1,90,63.75,12.75,25.5,20.5,26.88,14.12,False,False,3. Promo-Using Repeat
968,30,Female,Handbag,Accessories,54,Delaware,M,Indigo,Winter,3.5,No,2-Day Shipping,No,No,40,Credit Card,Weekly,Accessories,41,0,7,54.0,0.0,21.6,27.4,32.8,22.0,False,False,4. Mid-Tier Core
969,57,Female,Jacket,Outerwear,26,South Dakota,L,Black,Spring,3.0,No,Standard,No,No,46,Debit Card,Monthly,Outerwear,47,0,30,26.0,0.0,10.4,10.6,13.2,8.0,False,False,4. Mid-Tier Core
970,31,Male,Jacket,Outerwear,43,Wyoming,M,Silver,Summer,2.8,No,Next Day Air,No,No,28,Cash,Weekly,Outerwear,29,0,7,43.0,0.0,17.2,20.8,25.1,16.5,False,False,4. Mid-Tier Core
971,27,Female,Blouse,Clothing,86,Oregon,M,Teal,Winter,4.5,No,2-Day Shipping,No,No,37,PayPal,Bi-Weekly,Clothing,38,0,14,86.0,0.0,34.4,46.6,55.2,38.0,True,True,1. High Value Organic
972,38,Male,Scarf,Accessories,40,Illinois,L,Silver,Winter,3.5,No,Store Pickup,Yes,Yes,1,Bank Transfer,Weekly,Accessories,2,1,7,50.0,10.0,20.0,15.0,20.0,10.0,False,False,3. Promo-Using Repeat
973,59,Male,Backpack,Accessories,25,Florida,M,Indigo,Fall,5.0,No,Standard,No,No,49,Bank Transfer,Monthly,Accessories,50,0,30,25.0,0.0,10.0,10.0,12.5,7.5,False,False,4. Mid-Tier Core
974,66,Male,Sneakers,Footwear,63,Nevada,L,Olive,Winter,2.9,No,Free Shipping,No,No,19,Debit Card,Quarterly,Footwear,20,0,90,63.0,0.0,25.2,32.8,39.1,26.5,False,False,1. High Value Organic
975,62,Female,Scarf,Accessories,55,California,M,Teal,Summer,4.4,No,Store Pickup,Yes,Yes,14,Venmo,Bi-Weekly,Accessories,15,1,14,68.75,13.75,27.5,22.5,29.38,15.62,False,False,3. Promo-Using Repeat
976,32,Male,Jacket,Outerwear,74,Hawaii,L,Gold,Spring,3.9,No,Store Pickup,No,No,16,Debit Card,Fortnightly,Outerwear,17,0,14,74.0,0.0,29.6,39.4,46.8,32.0,False,True,1. High Value Organic
977,48,Female,Scarf,Accessories,72,Nebraska,M,Purple,Fall,5.0,Yes,Store Pickup,Yes,Yes,22,Venmo,Weekly,Accessories,23,1,7,90.0,18.0,36.0,31.0,40.0,22.0,False,False,3. Promo-Using Repeat
978,21,Male,Skirt,Clothing,20,Tennessee,M,White,Winter,3.3,No,Free Shipping,Yes,Yes,20,PayPal,Bi-Weekly,Clothing,21,1,14,25.0,5.0,10.0,5.0,7.5,2.5,False,False,3. Promo-Using Repeat
979,39,Female,Sneakers,Footwear,88,Vermont,M,Indigo,Winter,2.8,No,Store Pickup,No,No,12,PayPal,Weekly,Footwear,13,0,7,88.0,0.0,35.2,47.8,56.6,39.0,False,False,1. High Value Organic
980,40,Male,Sweater,Clothing,36,Texas,M,Turquoise,Winter,3.6,Yes,Store Pickup,Yes,Yes,28,Bank Transfer,Weekly,Clothing,29,1,7,45.0,9.0,18.0,13.0,17.5,8.5,False,False,3. Promo-Using Repeat
981,55,Male,Sunglasses,Accessories,51,Missouri,M,Gray,Summer,4.6,No,Next Day Air,No,No,47,Debit Card,Every 3 Months,Accessories,48,0,90,51.0,0.0,20.4,25.6,30.7,20.5,False,False,4. Mid-Tier Core
982,52,Male,Dress,Clothing,81,Oregon,M,Brown,Fall,3.0,No,Next Day Air,No,No,21,Credit Card,Monthly,Clothing,22,0,30,81.0,0.0,32.4,43.6,51.7,35.5,True,True,1. High Value Organic
983,66,Female,Dress,Clothing,100,Nebraska,M,Magenta,Winter,3.4,No,2-Day Shipping,No,No,30,Credit Card,Fortnightly,Clothing,31,0,14,100.0,0.0,40.0,55.0,65.0,45.0,True,True,1. High Value Organic
984,47,Female,Jacket,Outerwear,74,Arizona,M,Charcoal,Spring,4.7,No,2-Day Shipping,No,No,16,PayPal,Every 3 Months,Outerwear,17,0,90,74.0,0.0,29.6,39.4,46.8,32.0,False,True,1. High Value Organic
985,44,Male,Pants,Clothing,54,New York,M,Pink,Spring,2.7,Yes,Store Pickup,Yes,Yes,20,Bank Transfer,Bi-Weekly,Clothing,21,1,14,67.5,13.5,27.0,22.0,28.75,15.25,False,False,3. Promo-Using Repeat
986,56,Male,Coat,Outerwear,69,New York,M,Brown,Spring,4.8,No,2-Day Shipping,Yes,Yes,43,Cash,Every 3 Months,Outerwear,44,1,90,86.25,17.25,34.5,29.5,38.12,20.88,False,False,3. Promo-Using Repeat
987,58,Female,Sunglasses,Accessories,26,South Dakota,M,Maroon,Fall,2.8,Yes,Free Shipping,Yes,Yes,14,PayPal,Fortnightly,Accessories,15,1,14,32.5,6.5,13.0,8.0,11.25,4.75,False,False,3. Promo-Using Repeat
988,45,Female,Shoes,Footwear,40,California,S,Charcoal,Fall,2.6,Yes,Express,No,No,18,Credit Card,Fortnightly,Footwear,19,0,14,40.0,0.0,16.0,19.0,23.0,15.0,False,False,4. Mid-Tier Core
989,70,Male,Hoodie,Clothing,85,Vermont,M,Charcoal,Winter,4.9,No,Next Day Air,No,No,3,Venmo,Monthly,Clothing,4,0,30,85.0,0.0,34.0,46.0,54.5,37.5,False,False,4. Mid-Tier Core
990,52,Male,Dress,Clothing,48,Rhode Island,L,Cyan,Fall,3.9,No,Next Day Air,Yes,Yes,18,Credit Card,Quarterly,Clothing,19,1,90,60.0,12.0,24.0,19.0,25.0,13.0,False,False,3. Promo-Using Repeat
991,57,Male,Pants,Clothing,35,Hawaii,L,Brown,Winter,2.8,No,Express,Yes,Yes,37,Venmo,Weekly,Clothing,38,1,7,43.75,8.75,17.5,12.5,16.88,8.12,False,False,3. Promo-Using Repeat
992,32,Male,Hat,Accessories,91,California,S,Pink,Summer,3.3,Yes,Free Shipping,No,No,18,PayPal,Every 3 Months,Accessories,19,0,90,91.0,0.0,36.4,49.6,58.7,40.5,False,True,1. High Value Organic
993,32,Female,Dress,Clothing,57,South Carolina,M,Gray,Winter,2.8,Yes,Store Pickup,Yes,Yes,10,Cash,Bi-Weekly,Clothing,11,1,14,71.25,14.25,28.5,23.5,30.62,16.38,False,False,3. Promo-Using Repeat
994,31,Female,Skirt,Clothing,48,Hawaii,M,Teal,Spring,3.6,No,Free Shipping,Yes,Yes,22,Credit Card,Weekly,Clothing,23,1,7,60.0,12.0,24.0,19.0,25.0,13.0,False,False,3. Promo-Using Repeat
995,53,Male,Belt,Accessories,50,Vermont,M,Brown,Winter,2.9,No,2-Day Shipping,Yes,Yes,22,PayPal,Every 3 Months,Accessories,23,1,90,62.5,12.5,25.0,20.0,26.25,13.75,False,False,3. Promo-Using Repeat
996,40,Male,Scarf,Accessories,59,Nebraska,M,Red,Winter,3.6,No,2-Day Shipping,No,No,5,Bank Transfer,Fortnightly,Accessories,6,0,14,59.0,0.0,23.6,30.4,36.3,24.5,False,False,4. Mid-Tier Core
997,27,Male,Shorts,Clothing,87,Iowa,S,Olive,Winter,3.5,No,Express,No,No,43,Credit Card,Weekly,Clothing,44,0,7,87.0,0.0,34.8,47.2,55.9,38.5,True,True,1. High Value Organic
998,32,Female,Skirt,Clothing,52,Wyoming,L,Beige,Fall,2.8,No,Standard,No,No,29,Debit Card,Monthly,Clothing,30,0,30,52.0,0.0,20.8,26.2,31.4,21.0,False,False,4. Mid-Tier Core
999,62,Male,Hoodie,Clothing,84,New York,M,Peach,Fall,4.8,Yes,Store Pickup,No,No,5,Cash,Every 3 Months,Clothing,6,0,90,84.0,0.0,33.6,45.4,53.8,37.0,False,False,4. Mid-Tier Core
1000,41,Female,Jeans,Clothing,90,North Dakota,L,Green,Winter,4.6,Yes,Express,No,No,37,PayPal,Monthly,Clothing,38,0,30,90.0,0.0,36.0,49.0,58.0,40.0,True,True,1. High Value Organic
1001,45,Male,Sandals,Footwear,96,Vermont,S,Pink,Fall,3.3,No,Standard,Yes,Yes,31,Venmo,Bi-Weekly,Footwear,32,1,14,120.0,24.0,48.0,43.0,55.0,31.0,True,False,2. High Spend Bargain Hunter
1002,27,Male,Boots,Footwear,67,Arkansas,S,Turquoise,Fall,5.0,No,2-Day Shipping,Yes,Yes,42,PayPal,Bi-Weekly,Footwear,43,1,14,83.75,16.75,33.5,28.5,36.88,20.12,False,False,3. Promo-Using Repeat
1003,55,Male,Hat,Accessories,100,New York,M,Green,Spring,2.7,No,Standard,No,No,35,Cash,Annually,Accessories,36,0,365,100.0,0.0,40.0,55.0,65.0,45.0,True,True,1. High Value Organic
1004,37,Male,Shoes,Footwear,72,Ohio,M,Red,Winter,4.5,No,Standard,No,No,30,Debit Card,Quarterly,Footwear,31,0,90,72.0,0.0,28.8,38.2,45.4,31.0,False,False,1. High Value Organic
1005,39,Female,Blouse,Clothing,20,Illinois,M,Green,Fall,4.7,No,Free Shipping,Yes,Yes,46,Bank Transfer,Fortnightly,Clothing,47,1,14,25.0,5.0,10.0,5.0,7.5,2.5,False,False,3. Promo-Using Repeat
1006,40,Male,Handbag,Accessories,21,Maine,L,Brown,Winter,4.4,No,Standard,No,No,29,Debit Card,Fortnightly,Accessories,30,0,14,21.0,0.0,8.4,7.6,9.7,5.5,False,False,4. Mid-Tier Core
1007,33,Male,Sandals,Footwear,53,Kentucky,M,Purple,Summer,4.6,No,Express,No,No,17,PayPal,Weekly,Footwear,18,0,7,53.0,0.0,21.2,26.8,32.1,21.5,False,False,4. Mid-Tier Core
1008,62,Male,Hoodie,Clothing,70,Maryland,XL,Red,Summer,4.0,No,Free Shipping,Yes,Yes,25,PayPal,Every 3 Months,Clothing,26,1,90,87.5,17.5,35.0,30.0,38.75,21.25,False,False,3. Promo-Using Repeat
1009,29,Male,Shoes,Footwear,69,North Dakota,M,Brown,Fall,3.9,No,Express,Yes,Yes,45,PayPal,Monthly,Footwear,46,1,30,86.25,17.25,34.5,29.5,38.12,20.88,False,False,3. Promo-Using Repeat
1010,32,Male,Pants,Clothing,91,Alaska,L,Olive,Summer,2.8,Yes,Store Pickup,No,No,4,Credit Card,Bi-Weekly,Clothing,5,0,14,91.0,0.0,36.4,49.6,58.7,40.5,False,False,4. Mid-Tier Core
1011,61,Male,Shoes,Footwear,66,Texas,L,Pink,Winter,2.7,No,Next Day Air,Yes,Yes,30,Credit Card,Weekly,Footwear,31,1,7,82.5,16.5,33.0,28.0,36.25,19.75,False,False,3. Promo-Using Repeat
1012,69,Male,Jewelry,Accessories,54,Tennessee,M,Pink,Summer,4.3,No,Standard,No,No,14,Debit Card,Annually,Accessories,15,0,365,54.0,0.0,21.6,27.4,32.8,22.0,False,False,4. Mid-Tier Core
1013,70,Female,Backpack,Accessories,91,New York,M,Orange,Fall,4.5,No,Express,No,No,30,Bank Transfer,Every 3 Months,Accessories,31,0,90,91.0,0.0,36.4,49.6,58.7,40.5,True,True,1. High Value Organic
1014,57,Male,Belt,Accessories,53,Arizona,M,Olive,Winter,4.8,Yes,Store Pickup,Yes,Yes,21,Credit Card,Monthly,Accessories,22,1,30,66.25,13.25,26.5,21.5,28.12,14.88,False,False,3. Promo-Using Repeat
1015,42,Male,Shoes,Footwear,58,New Jersey,M,Beige,Fall,4.5,Yes,Free Shipping,Yes,Yes,39,Bank Transfer,Bi-Weekly,Footwear,40,1,14,72.5,14.5,29.0,24.0,31.25,16.75,False,False,3. Promo-Using Repeat
1016,49,Male,Shoes,Footwear,47,Alabama,M,Purple,Spring,2.7,Yes,Store Pickup,No,No,1,Bank Transfer,Bi-Weekly,Footwear,2,0,14,47.0,0.0,18.8,23.2,27.9,18.5,False,False,4. Mid-Tier Core
1017,45,Male,Skirt,Clothing,100,Kentucky,XL,Yellow,Fall,3.6,No,Free Shipping,No,No,47,Cash,Annually,Clothing,48,0,365,100.0,0.0,40.0,55.0,65.0,45.0,True,True,1. High Value Organic
1018,27,Male,Jewelry,Accessories,64,New York,XL,White,Winter,4.0,No,Free Shipping,Yes,Yes,27,Debit Card,Fortnightly,Accessories,28,1,14,80.0,16.0,32.0,27.0,35.0,19.0,False,False,3. Promo-Using Repeat
1019,48,Female,Scarf,Accessories,77,South Dakota,M,Silver,Summer,4.2,No,Next Day Air,Yes,Yes,14,Venmo,Bi-Weekly,Accessories,15,1,14,96.25,19.25,38.5,33.5,43.12,23.88,False,False,3. Promo-Using Repeat
1020,34,Male,Handbag,Accessories,33,Mississippi,M,Purple,Winter,2.7,No,Express,No,No,30,PayPal,Bi-Weekly,Accessories,31,0,14,33.0,0.0,13.2,14.8,18.1,11.5,False,False,4. Mid-Tier Core
1021,61,Female,Jewelry,Accessories,81,Indiana,M,Peach,Winter,4.4,No,Express,Yes,Yes,23,Debit Card,Every 3 Months,Accessories,24,1,90,101.25,20.25,40.5,35.5,45.62,25.38,True,False,2. High Spend Bargain Hunter
1022,60,Female,Jacket,Outerwear,63,Kansas,M,Yellow,Spring,3.4,Yes,Free Shipping,No,No,13,PayPal,Annually,Outerwear,14,0,365,63.0,0.0,25.2,32.8,39.1,26.5,False,False,1. High Value Organic
1023,50,Male,Socks,Clothing,36,Tennessee,L,Peach,Summer,3.0,No,Free Shipping,Yes,Yes,34,Debit Card,Bi-Weekly,Clothing,35,1,14,45.0,9.0,18.0,13.0,17.5,8.5,False,False,3. Promo-Using Repeat
1024,43,Female,Sneakers,Footwear,86,Florida,M,Red,Winter,3.5,Yes,Next Day Air,Yes,Yes,42,Venmo,Monthly,Footwear,43,1,30,107.5,21.5,43.0,38.0,48.75,27.25,True,False,2. High Spend Bargain Hunter
1025,37,Male,Dress,Clothing,37,Texas,L,Lavender,Spring,4.7,No,2-Day Shipping,No,No,27,PayPal,Quarterly,Clothing,28,0,90,37.0,0.0,14.8,17.2,20.9,13.5,False,False,4. Mid-Tier Core
1026,36,Female,Hat,Accessories,59,Mississippi,S,Green,Spring,2.7,No,Express,Yes,Yes,4,PayPal,Bi-Weekly,Accessories,5,1,14,73.75,14.75,29.5,24.5,31.88,17.12,False,False,3. Promo-Using Repeat
1027,50,Male,Sandals,Footwear,84,Alabama,L,Green,Spring,4.9,No,Store Pickup,No,No,43,Debit Card,Quarterly,Footwear,44,0,90,84.0,0.0,33.6,45.4,53.8,37.0,True,True,1. High Value Organic
1028,42,Male,Jacket,Outerwear,36,North Carolina,S,Green,Fall,2.6,Yes,Free Shipping,No,No,46,Cash,Quarterly,Outerwear,47,0,90,36.0,0.0,14.4,16.6,20.2,13.0,False,False,4. Mid-Tier Core
1029,22,Male,Coat,Outerwear,45,Nevada,L,Lavender,Winter,4.9,No,Standard,No,No,37,PayPal,Fortnightly,Outerwear,38,0,14,45.0,0.0,18.0,22.0,26.5,17.5,False,False,4. Mid-Tier Core
1030,47,Male,Hoodie,Clothing,36,Utah,XL,Pink,Summer,3.7,No,Next Day Air,No,No,42,Cash,Weekly,Clothing,43,0,7,36.0,0.0,14.4,16.6,20.2,13.0,False,False,4. Mid-Tier Core
1031,45,Male,Sandals,Footwear,65,Colorado,L,Silver,Summer,3.8,Yes,Standard,No,No,35,PayPal,Monthly,Footwear,36,0,30,65.0,0.0,26.0,34.0,40.5,27.5,False,False,1. High Value Organic
1032,61,Male,Boots,Footwear,27,Maine,M,Magenta,Summer,4.4,No,Standard,No,No,38,Credit Card,Annually,Footwear,39,0,365,27.0,0.0,10.8,11.2,13.9,8.5,False,False,4. Mid-Tier Core
1033,38,Female,Pants,Clothing,66,Indiana,M,Black,Summer,4.7,Yes,Store Pickup,No,No,18,Bank Transfer,Weekly,Clothing,19,0,7,66.0,0.0,26.4,34.6,41.2,28.0,False,False,1. High Value Organic
1034,56,Female,Socks,Clothing,90,Montana,L,Black,Spring,3.2,Yes,Free Shipping,No,No,32,Venmo,Monthly,Clothing,33,0,30,90.0,0.0,36.0,49.0,58.0,40.0,True,True,1. High Value Organic
1035,65,Male,Scarf,Accessories,34,Kansas,XL,Purple,Summer,3.4,No,2-Day Shipping,No,No,15,Cash,Bi-Weekly,Accessories,16,0,14,34.0,0.0,13.6,15.4,18.8,12.0,False,False,4. Mid-Tier Core
1036,45,Female,Backpack,Accessories,81,North Dakota,XL,Maroon,Spring,3.7,No,Next Day Air,No,No,4,Debit Card,Weekly,Accessories,5,0,7,81.0,0.0,32.4,43.6,51.7,35.5,False,False,4. Mid-Tier Core
1037,37,Male,Belt,Accessories,68,Georgia,M,Teal,Winter,3.1,Yes,Express,No,No,15,Venmo,Weekly,Accessories,16,0,7,68.0,0.0,27.2,35.8,42.6,29.0,False,False,1. High Value Organic
1038,58,Male,Hat,Accessories,96,Rhode Island,S,Olive,Summer,4.9,No,Express,Yes,Yes,42,Cash,Quarterly,Accessories,43,1,90,120.0,24.0,48.0,43.0,55.0,31.0,True,False,2. High Spend Bargain Hunter
1039,52,Male,Belt,Accessories,74,West Virginia,M,Lavender,Summer,3.7,No,Free Shipping,Yes,Yes,11,Credit Card,Weekly,Accessories,12,1,7,92.5,18.5,37.0,32.0,41.25,22.75,False,False,3. Promo-Using Repeat
1040,61,Male,Sneakers,Footwear,38,Oklahoma,L,Yellow,Summer,3.6,Yes,Standard,No,No,29,Debit Card,Quarterly,Footwear,30,0,90,38.0,0.0,15.2,17.8,21.6,14.0,False,False,4. Mid-Tier Core
1041,35,Female,Sneakers,Footwear,67,Hawaii,M,Silver,Summer,3.3,Yes,Store Pickup,No,No,30,Debit Card,Weekly,Footwear,31,0,7,67.0,0.0,26.8,35.2,41.9,28.5,False,False,1. High Value Organic
1042,64,Male,Hat,Accessories,37,Kansas,L,Indigo,Fall,2.9,No,2-Day Shipping,Yes,Yes,36,Cash,Weekly,Accessories,37,1,7,46.25,9.25,18.5,13.5,18.12,8.88,False,False,3. Promo-Using Repeat
1043,63,Female,Sunglasses,Accessories,95,Alaska,M,Magenta,Spring,4.8,No,Next Day Air,Yes,Yes,13,Bank Transfer,Annually,Accessories,14,1,365,118.75,23.75,47.5,42.5,54.38,30.62,False,False,2. High Spend Bargain Hunter
1044,35,Female,Coat,Outerwear,62,Alabama,S,Magenta,Spring,4.6,No,Free Shipping,No,No,29,Cash,Annually,Outerwear,30,0,365,62.0,0.0,24.8,32.2,38.4,26.0,False,False,1. High Value Organic
1045,40,Male,Sneakers,Footwear,78,Texas,M,Teal,Fall,4.0,No,Express,No,No,49,Cash,Weekly,Footwear,50,0,7,78.0,0.0,31.2,41.8,49.6,34.0,False,True,1. High Value Organic
1046,28,Male,Jewelry,Accessories,85,Wyoming,S,Orange,Winter,4.5,No,Standard,No,No,27,Bank Transfer,Bi-Weekly,Accessories,28,0,14,85.0,0.0,34.0,46.0,54.5,37.5,True,True,1. High Value Organic
1047,22,Male,Boots,Footwear,79,Rhode Island,S,Violet,Winter,4.6,No,Store Pickup,Yes,Yes,48,Bank Transfer,Every 3 Months,Footwear,49,1,90,98.75,19.75,39.5,34.5,44.38,24.62,True,False,2. High Spend Bargain Hunter
1048,42,Male,Socks,Clothing,58,Massachusetts,M,Green,Spring,3.8,No,Free Shipping,No,No,34,PayPal,Bi-Weekly,Clothing,35,0,14,58.0,0.0,23.2,29.8,35.6,24.0,False,False,1. High Value Organic
1049,18,Male,Jacket,Outerwear,98,Indiana,L,Olive,Winter,4.1,Yes,Next Day Air,Yes,Yes,45,Cash,Weekly,Outerwear,46,1,7,122.5,24.5,49.0,44.0,56.25,31.75,True,False,2. High Spend Bargain Hunter
1050,35,Male,Dress,Clothing,94,Wyoming,S,Maroon,Fall,3.4,No,Free Shipping,Yes,Yes,31,Venmo,Monthly,Clothing,32,1,30,117.5,23.5,47.0,42.0,53.75,30.25,True,False,2. High Spend Bargain Hunter
1051,32,Male,Backpack,Accessories,67,Arizona,M,Turquoise,Spring,3.9,Yes,Free Shipping,No,No,32,Debit Card,Every 3 Months,Accessories,33,0,90,67.0,0.0,26.8,35.2,41.9,28.5,False,False,1. High Value Organic
1052,20,Male,Dress,Clothing,62,Utah,XL,Turquoise,Winter,3.1,Yes,Free Shipping,No,No,3,Bank Transfer,Weekly,Clothing,4,0,7,62.0,0.0,24.8,32.2,38.4,26.0,False,False,4. Mid-Tier Core
1053,63,Female,Hoodie,Clothing,45,Arizona,M,Yellow,Winter,3.0,Yes,Next Day Air,No,No,49,Cash,Quarterly,Clothing,50,0,90,45.0,0.0,18.0,22.0,26.5,17.5,False,False,4. Mid-Tier Core
1054,55,Male,Skirt,Clothing,25,North Carolina,S,Yellow,Summer,3.1,No,Standard,Yes,Yes,24,Bank Transfer,Weekly,Clothing,25,1,7,31.25,6.25,12.5,7.5,10.62,4.38,False,False,3. Promo-Using Repeat
1055,57,Male,Coat,Outerwear,100,Montana,M,Red,Fall,2.7,No,Next Day Air,Yes,Yes,33,Debit Card,Bi-Weekly,Outerwear,34,1,14,125.0,25.0,50.0,45.0,57.5,32.5,True,False,2. High Spend Bargain Hunter
1056,62,Male,Shoes,Footwear,25,Maryland,L,Red,Winter,3.0,Yes,Free Shipping,Yes,Yes,17,PayPal,Weekly,Footwear,18,1,7,31.25,6.25,12.5,7.5,10.62,4.38,False,False,3. Promo-Using Repeat
1057,35,Female,Belt,Accessories,27,Maine,M,Maroon,Fall,4.6,No,Free Shipping,Yes,Yes,1,PayPal,Monthly,Accessories,2,1,30,33.75,6.75,13.5,8.5,11.88,5.12,False,False,3. Promo-Using Repeat
1058,47,Female,Scarf,Accessories,69,Missouri,M,Gold,Spring,4.6,No,Next Day Air,No,No,6,Debit Card,Monthly,Accessories,7,0,30,69.0,0.0,27.6,36.4,43.3,29.5,False,False,4. Mid-Tier Core
1059,41,Male,Blouse,Clothing,81,Illinois,XL,Magenta,Fall,3.7,No,Standard,No,No,10,Cash,Fortnightly,Clothing,11,0,14,81.0,0.0,32.4,43.6,51.7,35.5,False,False,1. High Value Organic
1060,45,Male,Shirt,Clothing,84,Idaho,L,Charcoal,Spring,4.9,No,2-Day Shipping,Yes,Yes,21,Venmo,Quarterly,Clothing,22,1,90,105.0,21.0,42.0,37.0,47.5,26.5,True,False,2. High Spend Bargain Hunter
1061,66,Female,Sneakers,Footwear,92,Alaska,L,Purple,Winter,4.8,Yes,Store Pickup,Yes,Yes,27,Venmo,Annually,Footwear,28,1,365,115.0,23.0,46.0,41.0,52.5,29.5,True,False,2. High Spend Bargain Hunter
1062,64,Male,Scarf,Accessories,29,South Carolina,XL,Black,Fall,4.5,No,Store Pickup,No,No,5,PayPal,Fortnightly,Accessories,6,0,14,29.0,0.0,11.6,12.4,15.3,9.5,False,False,4. Mid-Tier Core
1063,55,Male,Shirt,Clothing,82,South Dakota,L,Lavender,Fall,2.6,No,Express,Yes,Yes,8,PayPal,Bi-Weekly,Clothing,9,1,14,102.5,20.5,41.0,36.0,46.25,25.75,False,False,2. High Spend Bargain Hunter
1064,54,Male,Gloves,Accessories,38,Kentucky,L,Gray,Summer,3.8,No,Express,No,No,6,Venmo,Monthly,Accessories,7,0,30,38.0,0.0,15.2,17.8,21.6,14.0,False,False,4. Mid-Tier Core
1065,21,Male,Hat,Accessories,83,Georgia,S,Lavender,Spring,4.9,No,2-Day Shipping,No,No,29,Debit Card,Annually,Accessories,30,0,365,83.0,0.0,33.2,44.8,53.1,36.5,True,True,1. High Value Organic
1066,40,Female,Belt,Accessories,21,Alaska,L,Cyan,Summer,3.2,No,Next Day Air,Yes,Yes,9,Cash,Bi-Weekly,Accessories,10,1,14,26.25,5.25,10.5,5.5,8.12,2.88,False,False,3. Promo-Using Repeat
1067,64,Male,Dress,Clothing,76,Iowa,S,Silver,Spring,2.8,No,Express,No,No,48,PayPal,Fortnightly,Clothing,49,0,14,76.0,0.0,30.4,40.6,48.2,33.0,False,True,1. High Value Organic
1068,58,Male,Coat,Outerwear,73,North Dakota,M,White,Spring,4.0,No,Free Shipping,No,No,8,PayPal,Weekly,Outerwear,9,0,7,73.0,0.0,29.2,38.8,46.1,31.5,False,False,4. Mid-Tier Core
1069,31,Male,Shorts,Clothing,23,Ohio,S,Silver,Winter,2.8,Yes,Express,Yes,Yes,3,Venmo,Fortnightly,Clothing,4,1,14,28.75,5.75,11.5,6.5,9.38,3.62,False,False,3. Promo-Using Repeat
1070,47,Female,Shorts,Clothing,67,Nevada,M,Black,Fall,3.8,No,Standard,Yes,Yes,17,Debit Card,Every 3 Months,Clothing,18,1,90,83.75,16.75,33.5,28.5,36.88,20.12,False,False,3. Promo-Using Repeat
1071,69,Female,Shoes,Footwear,95,Kentucky,S,Red,Summer,4.0,Yes,Store Pickup,No,No,26,Cash,Fortnightly,Footwear,27,0,14,95.0,0.0,38.0,52.0,61.5,42.5,True,True,1. High Value Organic
1072,60,Male,Belt,Accessories,33,South Carolina,L,Olive,Summer,4.9,No,Free Shipping,No,No,15,Credit Card,Annually,Accessories,16,0,365,33.0,0.0,13.2,14.8,18.1,11.5,False,False,4. Mid-Tier Core
1073,56,Male,Hoodie,Clothing,83,Missouri,L,Yellow,Spring,2.5,No,Free Shipping,Yes,Yes,32,Cash,Weekly,Clothing,33,1,7,103.75,20.75,41.5,36.5,46.88,26.12,True,False,2. High Spend Bargain Hunter
1074,32,Male,Jeans,Clothing,37,Oklahoma,XL,Charcoal,Fall,3.3,No,Next Day Air,No,No,38,PayPal,Weekly,Clothing,39,0,7,37.0,0.0,14.8,17.2,20.9,13.5,False,False,4. Mid-Tier Core
1075,49,Male,Hoodie,Clothing,72,Louisiana,L,Pink,Spring,4.6,No,2-Day Shipping,Yes,Yes,3,Debit Card,Weekly,Clothing,4,1,7,90.0,18.0,36.0,31.0,40.0,22.0,False,False,3. Promo-Using Repeat
1076,35,Male,Sneakers,Footwear,40,Maine,S,Beige,Fall,2.7,No,Next Day Air,No,No,23,Cash,Monthly,Footwear,24,0,30,40.0,0.0,16.0,19.0,23.0,15.0,False,False,4. Mid-Tier Core
1077,50,Female,Belt,Accessories,73,South Carolina,M,Gray,Summer,3.5,No,Next Day Air,Yes,Yes,31,Debit Card,Fortnightly,Accessories,32,1,14,91.25,18.25,36.5,31.5,40.62,22.38,False,False,3. Promo-Using Repeat
1078,36,Female,Backpack,Accessories,78,South Carolina,S,Charcoal,Winter,2.6,No,Next Day Air,Yes,Yes,33,Credit Card,Monthly,Accessories,34,1,30,97.5,19.5,39.0,34.0,43.75,24.25,False,False,3. Promo-Using Repeat
1079,24,Male,Jewelry,Accessories,21,Oklahoma,M,Gold,Winter,3.7,No,Next Day Air,Yes,Yes,41,PayPal,Annually,Accessories,42,1,365,26.25,5.25,10.5,5.5,8.12,2.88,False,False,3. Promo-Using Repeat
1080,25,Male,Hoodie,Clothing,82,Minnesota,XL,Charcoal,Winter,4.9,No,Express,Yes,Yes,31,Cash,Monthly,Clothing,32,1,30,102.5,20.5,41.0,36.0,46.25,25.75,True,False,2. High Spend Bargain Hunter
1081,50,Male,Hoodie,Clothing,58,Idaho,M,Green,Spring,3.9,No,Standard,No,No,1,Venmo,Annually,Clothing,2,0,365,58.0,0.0,23.2,29.8,35.6,24.0,False,False,4. Mid-Tier Core
1082,25,Male,Sandals,Footwear,70,Illinois,S,Gold,Fall,2.8,No,Standard,No,No,47,Venmo,Bi-Weekly,Footwear,48,0,14,70.0,0.0,28.0,37.0,44.0,30.0,False,False,1. High Value Organic
1083,34,Male,Dress,Clothing,84,Utah,M,Brown,Summer,3.9,No,2-Day Shipping,Yes,Yes,12,Credit Card,Every 3 Months,Clothing,13,1,90,105.0,21.0,42.0,37.0,47.5,26.5,False,False,2. High Spend Bargain Hunter
1084,29,Male,Skirt,Clothing,70,Illinois,L,Gray,Winter,4.2,No,2-Day Shipping,Yes,Yes,45,Debit Card,Fortnightly,Clothing,46,1,14,87.5,17.5,35.0,30.0,38.75,21.25,False,False,3. Promo-Using Repeat
1085,55,Female,Backpack,Accessories,56,South Carolina,M,Violet,Fall,5.0,Yes,Standard,No,No,10,Venmo,Every 3 Months,Accessories,11,0,90,56.0,0.0,22.4,28.6,34.2,23.0,False,False,1. High Value Organic
1086,32,Male,Sandals,Footwear,81,Wyoming,M,Teal,Spring,3.8,Yes,Express,No,No,26,PayPal,Fortnightly,Footwear,27,0,14,81.0,0.0,32.4,43.6,51.7,35.5,True,True,1. High Value Organic
1087,67,Male,Scarf,Accessories,55,New York,M,Teal,Winter,4.5,No,Standard,No,No,33,Bank Transfer,Weekly,Accessories,34,0,7,55.0,0.0,22.0,28.0,33.5,22.5,False,False,1. High Value Organic
1088,64,Female,Dress,Clothing,75,Vermont,L,Yellow,Summer,3.1,Yes,Next Day Air,Yes,Yes,7,PayPal,Annually,Clothing,8,1,365,93.75,18.75,37.5,32.5,41.88,23.12,False,False,3. Promo-Using Repeat
1089,47,Female,Hoodie,Clothing,48,Vermont,M,Brown,Spring,3.4,Yes,Store Pickup,No,No,8,Cash,Every 3 Months,Clothing,9,0,90,48.0,0.0,19.2,23.8,28.6,19.0,False,False,4. Mid-Tier Core
1090,19,Male,Gloves,Accessories,35,Massachusetts,M,Beige,Spring,2.7,Yes,2-Day Shipping,Yes,Yes,2,Credit Card,Annually,Accessories,3,1,365,43.75,8.75,17.5,12.5,16.88,8.12,False,False,3. Promo-Using Repeat
1091,37,Female,Sweater,Clothing,44,New Hampshire,L,Teal,Summer,4.5,Yes,2-Day Shipping,Yes,Yes,2,Bank Transfer,Every 3 Months,Clothing,3,1,90,55.0,11.0,22.0,17.0,22.5,11.5,False,False,3. Promo-Using Repeat
1092,55,Male,Scarf,Accessories,70,Maryland,M,Charcoal,Winter,3.2,No,Next Day Air,No,No,14,Debit Card,Weekly,Accessories,15,0,7,70.0,0.0,28.0,37.0,44.0,30.0,False,False,1. High Value Organic
1093,21,Female,Belt,Accessories,80,New Hampshire,L,Charcoal,Fall,2.5,No,Store Pickup,Yes,Yes,21,Bank Transfer,Every 3 Months,Accessories,22,1,90,100.0,20.0,40.0,35.0,45.0,25.0,True,False,2. High Spend Bargain Hunter
1094,58,Male,Handbag,Accessories,99,New Jersey,S,Magenta,Winter,4.2,No,Standard,Yes,Yes,20,Debit Card,Every 3 Months,Accessories,21,1,90,123.75,24.75,49.5,44.5,56.88,32.12,True,False,2. High Spend Bargain Hunter
1095,49,Male,Sneakers,Footwear,45,Georgia,L,Charcoal,Winter,3.7,Yes,Standard,No,No,9,Debit Card,Quarterly,Footwear,10,0,90,45.0,0.0,18.0,22.0,26.5,17.5,False,False,4. Mid-Tier Core
1096,59,Female,Hoodie,Clothing,30,Arizona,M,Maroon,Spring,3.1,No,Next Day Air,No,No,3,PayPal,Monthly,Clothing,4,0,30,30.0,0.0,12.0,13.0,16.0,10.0,False,False,4. Mid-Tier Core
1097,22,Female,Hoodie,Clothing,57,New Hampshire,L,Cyan,Fall,2.8,Yes,2-Day Shipping,No,No,41,Credit Card,Bi-Weekly,Clothing,42,0,14,57.0,0.0,22.8,29.2,34.9,23.5,False,False,1. High Value Organic
1098,36,Male,Sunglasses,Accessories,70,Georgia,S,Orange,Spring,3.0,Yes,Store Pickup,No,No,3,Debit Card,Quarterly,Accessories,4,0,90,70.0,0.0,28.0,37.0,44.0,30.0,False,False,4. Mid-Tier Core
1099,48,Male,Coat,Outerwear,45,North Carolina,S,Pink,Fall,3.7,No,Standard,No,No,33,Credit Card,Quarterly,Outerwear,34,0,90,45.0,0.0,18.0,22.0,26.5,17.5,False,False,4. Mid-Tier Core
1100,21,Female,Shirt,Clothing,70,Mississippi,M,Orange,Spring,4.4,Yes,Next Day Air,Yes,Yes,24,Bank Transfer,Monthly,Clothing,25,1,30,87.5,17.5,35.0,30.0,38.75,21.25,False,False,3. Promo-Using Repeat
1101,66,Male,Jewelry,Accessories,84,Texas,S,Olive,Fall,4.3,No,Standard,No,No,35,PayPal,Weekly,Accessories,36,0,7,84.0,0.0,33.6,45.4,53.8,37.0,True,True,1. High Value Organic
1102,26,Male,Sandals,Footwear,88,West Virginia,S,Brown,Fall,3.3,No,Standard,Yes,Yes,36,Credit Card,Annually,Footwear,37,1,365,110.0,22.0,44.0,39.0,50.0,28.0,True,False,2. High Spend Bargain Hunter
1103,48,Female,Sneakers,Footwear,40,South Dakota,M,Gold,Spring,3.2,Yes,Store Pickup,Yes,Yes,49,Debit Card,Every 3 Months,Footwear,50,1,90,50.0,10.0,20.0,15.0,20.0,10.0,False,False,3. Promo-Using Repeat
1104,35,Male,Belt,Accessories,83,Minnesota,M,Teal,Winter,2.6,Yes,Standard,Yes,Yes,31,Cash,Quarterly,Accessories,32,1,90,103.75,20.75,41.5,36.5,46.88,26.12,True,False,2. High Spend Bargain Hunter
1105,62,Male,Skirt,Clothing,71,Idaho,M,Black,Summer,4.2,No,2-Day Shipping,No,No,22,PayPal,Monthly,Clothing,23,0,30,71.0,0.0,28.4,37.6,44.7,30.5,False,False,1. High Value Organic
1106,59,Male,Dress,Clothing,50,Idaho,S,Silver,Winter,2.6,No,Standard,No,No,35,Bank Transfer,Monthly,Clothing,36,0,30,50.0,0.0,20.0,25.0,30.0,20.0,False,False,4. Mid-Tier Core
1107,63,Female,Coat,Outerwear,67,New York,M,Lavender,Spring,3.8,No,Next Day Air,No,No,22,Credit Card,Monthly,Outerwear,23,0,30,67.0,0.0,26.8,35.2,41.9,28.5,False,False,1. High Value Organic
1108,68,Male,Scarf,Accessories,28,Idaho,S,Green,Spring,2.8,No,Standard,Yes,Yes,19,Venmo,Quarterly,Accessories,20,1,90,35.0,7.0,14.0,9.0,12.5,5.5,False,False,3. Promo-Using Repeat
1109,27,Male,Shoes,Footwear,54,Illinois,M,Purple,Summer,3.6,No,Store Pickup,No,No,47,Bank Transfer,Every 3 Months,Footwear,48,0,90,54.0,0.0,21.6,27.4,32.8,22.0,False,False,4. Mid-Tier Core
1110,46,Male,Shoes,Footwear,100,Ohio,L,Green,Fall,2.6,No,Express,No,No,5,PayPal,Annually,Footwear,6,0,365,100.0,0.0,40.0,55.0,65.0,45.0,False,False,4. Mid-Tier Core
1111,48,Female,Pants,Clothing,86,Indiana,L,Gold,Spring,3.0,No,Free Shipping,Yes,Yes,41,Credit Card,Weekly,Clothing,42,1,7,107.5,21.5,43.0,38.0,48.75,27.25,True,False,2. High Spend Bargain Hunter
1112,38,Female,Jacket,Outerwear,46,Colorado,S,Black,Winter,4.4,No,Store Pickup,Yes,Yes,42,Bank Transfer,Monthly,Outerwear,43,1,30,57.5,11.5,23.0,18.0,23.75,12.25,False,False,3. Promo-Using Repeat
1113,18,Male,Shorts,Clothing,71,Kansas,S,Charcoal,Fall,4.6,No,Free Shipping,Yes,Yes,29,Cash,Fortnightly,Clothing,30,1,14,88.75,17.75,35.5,30.5,39.38,21.62,False,False,3. Promo-Using Repeat
1114,46,Male,Sandals,Footwear,71,Colorado,XL,Orange,Winter,3.3,Yes,Next Day Air,No,No,7,Venmo,Quarterly,Footwear,8,0,90,71.0,0.0,28.4,37.6,44.7,30.5,False,False,4. Mid-Tier Core
1115,55,Male,Jeans,Clothing,69,Maryland,XL,Beige,Summer,3.7,No,2-Day Shipping,Yes,Yes,20,PayPal,Bi-Weekly,Clothing,21,1,14,86.25,17.25,34.5,29.5,38.12,20.88,False,False,3. Promo-Using Repeat
1116,34,Male,Belt,Accessories,33,Oklahoma,L,Maroon,Spring,4.9,Yes,Store Pickup,Yes,Yes,5,Venmo,Bi-Weekly,Accessories,6,1,14,41.25,8.25,16.5,11.5,15.62,7.38,False,False,3. Promo-Using Repeat
1117,30,Male,Jacket,Outerwear,90,Massachusetts,M,Gray,Fall,3.7,No,Free Shipping,No,No,23,Credit Card,Bi-Weekly,Outerwear,24,0,14,90.0,0.0,36.0,49.0,58.0,40.0,True,True,1. High Value Organic
1118,44,Male,Shirt,Clothing,64,California,M,Cyan,Winter,2.5,Yes,2-Day Shipping,Yes,Yes,46,PayPal,Fortnightly,Clothing,47,1,14,80.0,16.0,32.0,27.0,35.0,19.0,False,False,3. Promo-Using Repeat
1119,49,Male,Shirt,Clothing,36,Florida,L,Green,Fall,3.3,Yes,Standard,No,No,6,PayPal,Every 3 Months,Clothing,7,0,90,36.0,0.0,14.4,16.6,20.2,13.0,False,False,4. Mid-Tier Core
1120,36,Male,Boots,Footwear,63,Massachusetts,M,Black,Spring,4.9,No,Store Pickup,No,No,10,Venmo,Every 3 Months,Footwear,11,0,90,63.0,0.0,25.2,32.8,39.1,26.5,False,False,1. High Value Organic
1121,32,Female,Jacket,Outerwear,91,Kentucky,S,Red,Fall,3.8,Yes,Standard,No,No,49,Credit Card,Quarterly,Outerwear,50,0,90,91.0,0.0,36.4,49.6,58.7,40.5,True,True,1. High Value Organic
1122,32,Male,Shirt,Clothing,100,North Carolina,M,Indigo,Winter,3.8,No,Standard,Yes,Yes,8,Debit Card,Bi-Weekly,Clothing,9,1,14,125.0,25.0,50.0,45.0,57.5,32.5,False,False,2. High Spend Bargain Hunter
1123,48,Male,Dress,Clothing,46,West Virginia,M,Gray,Spring,4.9,No,2-Day Shipping,No,No,1,PayPal,Annually,Clothing,2,0,365,46.0,0.0,18.4,22.6,27.2,18.0,False,False,4. Mid-Tier Core
1124,67,Male,Hat,Accessories,91,Idaho,L,Green,Fall,4.9,Yes,Free Shipping,No,No,9,Cash,Monthly,Accessories,10,0,30,91.0,0.0,36.4,49.6,58.7,40.5,False,False,4. Mid-Tier Core
1125,66,Male,Jacket,Outerwear,74,Tennessee,XL,Red,Fall,3.7,No,Standard,Yes,Yes,10,Debit Card,Bi-Weekly,Outerwear,11,1,14,92.5,18.5,37.0,32.0,41.25,22.75,False,False,3. Promo-Using Repeat
1126,32,Male,Scarf,Accessories,28,Nebraska,M,Indigo,Spring,4.5,No,Store Pickup,Yes,Yes,25,PayPal,Fortnightly,Accessories,26,1,14,35.0,7.0,14.0,9.0,12.5,5.5,False,False,3. Promo-Using Repeat
1127,26,Female,Shoes,Footwear,79,Vermont,M,Silver,Spring,3.8,No,Store Pickup,Yes,Yes,5,Bank Transfer,Bi-Weekly,Footwear,6,1,14,98.75,19.75,39.5,34.5,44.38,24.62,False,False,2. High Spend Bargain Hunter
1128,61,Male,Sweater,Clothing,38,Colorado,M,Orange,Fall,3.9,No,Standard,Yes,Yes,50,Credit Card,Annually,Clothing,51,1,365,47.5,9.5,19.0,14.0,18.75,9.25,False,False,3. Promo-Using Repeat
1129,22,Male,Gloves,Accessories,61,Louisiana,M,Green,Fall,2.5,No,Standard,Yes,Yes,41,Credit Card,Bi-Weekly,Accessories,42,1,14,76.25,15.25,30.5,25.5,33.12,17.88,False,False,3. Promo-Using Repeat
1130,30,Male,Sweater,Clothing,96,Utah,S,Magenta,Fall,3.2,No,Free Shipping,Yes,Yes,15,Venmo,Weekly,Clothing,16,1,7,120.0,24.0,48.0,43.0,55.0,31.0,False,False,2. High Spend Bargain Hunter
1131,58,Male,Boots,Footwear,72,Minnesota,S,Charcoal,Spring,4.1,Yes,Store Pickup,Yes,Yes,3,Bank Transfer,Bi-Weekly,Footwear,4,1,14,90.0,18.0,36.0,31.0,40.0,22.0,False,False,3. Promo-Using Repeat
1132,18,Male,Shorts,Clothing,33,Tennessee,L,Silver,Spring,2.7,Yes,Next Day Air,Yes,Yes,49,Bank Transfer,Every 3 Months,Clothing,50,1,90,41.25,8.25,16.5,11.5,15.62,7.38,False,False,3. Promo-Using Repeat
1133,40,Male,Sweater,Clothing,44,New York,XL,Orange,Spring,2.5,No,Standard,Yes,Yes,35,Cash,Monthly,Clothing,36,1,30,55.0,11.0,22.0,17.0,22.5,11.5,False,False,3. Promo-Using Repeat
1134,52,Female,Gloves,Accessories,20,Idaho,S,Gold,Fall,5.0,No,Express,Yes,Yes,39,Cash,Quarterly,Accessories,40,1,90,25.0,5.0,10.0,5.0,7.5,2.5,False,False,3. Promo-Using Repeat
1135,39,Female,Hoodie,Clothing,94,North Dakota,S,Purple,Winter,3.9,No,Standard,No,No,30,Debit Card,Annually,Clothing,31,0,365,94.0,0.0,37.6,51.4,60.8,42.0,True,True,1. High Value Organic
1136,63,Female,Belt,Accessories,67,Nevada,M,Charcoal,Spring,4.5,No,Store Pickup,Yes,Yes,20,Cash,Quarterly,Accessories,21,1,90,83.75,16.75,33.5,28.5,36.88,20.12,False,False,3. Promo-Using Repeat
1137,35,Male,Gloves,Accessories,53,California,M,Gold,Winter,3.4,No,Express,No,No,9,Venmo,Quarterly,Accessories,10,0,90,53.0,0.0,21.2,26.8,32.1,21.5,False,False,4. Mid-Tier Core
1138,35,Male,Pants,Clothing,52,Rhode Island,M,Orange,Winter,4.9,No,2-Day Shipping,Yes,Yes,12,Venmo,Every 3 Months,Clothing,13,1,90,65.0,13.0,26.0,21.0,27.5,14.5,False,False,3. Promo-Using Repeat
1139,59,Male,Jewelry,Accessories,72,Indiana,XL,Purple,Summer,3.3,Yes,Next Day Air,No,No,44,PayPal,Every 3 Months,Accessories,45,0,90,72.0,0.0,28.8,38.2,45.4,31.0,False,False,1. High Value Organic
1140,38,Male,Shorts,Clothing,67,Indiana,M,White,Fall,4.9,No,Free Shipping,Yes,Yes,15,Bank Transfer,Quarterly,Clothing,16,1,90,83.75,16.75,33.5,28.5,36.88,20.12,False,False,3. Promo-Using Repeat
1141,34,Male,Coat,Outerwear,77,Utah,M,Green,Spring,3.2,No,Standard,No,No,7,PayPal,Weekly,Outerwear,8,0,7,77.0,0.0,30.8,41.2,48.9,33.5,False,False,4. Mid-Tier Core
1142,32,Male,Jacket,Outerwear,33,Massachusetts,S,Yellow,Spring,3.5,Yes,Store Pickup,No,No,20,Debit Card,Quarterly,Outerwear,21,0,90,33.0,0.0,13.2,14.8,18.1,11.5,False,False,4. Mid-Tier Core
1143,19,Male,Jeans,Clothing,59,Colorado,S,Lavender,Fall,3.6,No,2-Day Shipping,No,No,15,Venmo,Bi-Weekly,Clothing,16,0,14,59.0,0.0,23.6,30.4,36.3,24.5,False,False,1. High Value Organic
1144,55,Female,Shoes,Footwear,90,Delaware,S,Black,Winter,3.4,Yes,Express,No,No,48,Cash,Bi-Weekly,Footwear,49,0,14,90.0,0.0,36.0,49.0,58.0,40.0,True,True,1. High Value Organic
1145,53,Male,Sandals,Footwear,42,Kansas,XL,Pink,Spring,4.2,No,Express,Yes,Yes,39,PayPal,Weekly,Footwear,40,1,7,52.5,10.5,21.0,16.0,21.25,10.75,False,False,3. Promo-Using Repeat
1146,40,Female,Scarf,Accessories,40,Indiana,M,Maroon,Spring,3.2,No,Standard,No,No,6,Debit Card,Quarterly,Accessories,7,0,90,40.0,0.0,16.0,19.0,23.0,15.0,False,False,4. Mid-Tier Core
1147,56,Male,Dress,Clothing,25,Montana,XL,Green,Fall,4.3,No,Express,Yes,Yes,23,Venmo,Every 3 Months,Clothing,24,1,90,31.25,6.25,12.5,7.5,10.62,4.38,False,False,3. Promo-Using Repeat
1148,54,Male,Jeans,Clothing,57,Missouri,S,Gold,Spring,2.8,No,Standard,Yes,Yes,48,Bank Transfer,Every 3 Months,Clothing,49,1,90,71.25,14.25,28.5,23.5,30.62,16.38,False,False,3. Promo-Using Repeat
1149,70,Female,Jacket,Outerwear,45,Vermont,S,Gold,Winter,3.9,No,2-Day Shipping,Yes,Yes,24,Venmo,Monthly,Outerwear,25,1,30,56.25,11.25,22.5,17.5,23.12,11.88,False,False,3. Promo-Using Repeat
1150,52,Male,Backpack,Accessories,96,Oregon,M,Silver,Spring,2.6,Yes,Free Shipping,Yes,Yes,45,Debit Card,Bi-Weekly,Accessories,46,1,14,120.0,24.0,48.0,43.0,55.0,31.0,True,False,2. High Spend Bargain Hunter
1151,20,Male,Gloves,Accessories,33,New Hampshire,L,Olive,Spring,2.7,No,Store Pickup,Yes,Yes,1,Venmo,Annually,Accessories,2,1,365,41.25,8.25,16.5,11.5,15.62,7.38,False,False,3. Promo-Using Repeat
1152,20,Female,Scarf,Accessories,100,Iowa,M,Pink,Spring,3.1,No,Store Pickup,No,No,30,Credit Card,Every 3 Months,Accessories,31,0,90,100.0,0.0,40.0,55.0,65.0,45.0,True,True,1. High Value Organic
1153,43,Male,Dress,Clothing,28,South Dakota,L,Gold,Spring,3.7,Yes,Express,No,No,19,Bank Transfer,Weekly,Clothing,20,0,7,28.0,0.0,11.2,11.8,14.6,9.0,False,False,4. Mid-Tier Core
1154,45,Male,Scarf,Accessories,29,Missouri,L,Olive,Fall,3.5,No,Next Day Air,Yes,Yes,42,PayPal,Weekly,Accessories,43,1,7,36.25,7.25,14.5,9.5,13.12,5.88,False,False,3. Promo-Using Repeat
1155,70,Male,Boots,Footwear,85,New Jersey,S,Gold,Spring,4.8,Yes,2-Day Shipping,No,No,36,Cash,Annually,Footwear,37,0,365,85.0,0.0,34.0,46.0,54.5,37.5,True,True,1. High Value Organic
1156,36,Male,Hat,Accessories,36,Maine,L,Pink,Spring,4.1,Yes,Store Pickup,Yes,Yes,27,PayPal,Every 3 Months,Accessories,28,1,90,45.0,9.0,18.0,13.0,17.5,8.5,False,False,3. Promo-Using Repeat
1157,55,Female,Dress,Clothing,34,Tennessee,S,Red,Fall,2.8,Yes,Store Pickup,Yes,Yes,19,Credit Card,Weekly,Clothing,20,1,7,42.5,8.5,17.0,12.0,16.25,7.75,False,False,3. Promo-Using Repeat
1158,55,Female,Jewelry,Accessories,62,Ohio,M,Black,Spring,3.6,No,Express,Yes,Yes,47,Cash,Quarterly,Accessories,48,1,90,77.5,15.5,31.0,26.0,33.75,18.25,False,False,3. Promo-Using Repeat
1159,67,Female,Boots,Footwear,32,Ohio,S,Magenta,Winter,3.4,No,Standard,No,No,14,Debit Card,Monthly,Footwear,15,0,30,32.0,0.0,12.8,14.2,17.4,11.0,False,False,4. Mid-Tier Core
1160,41,Male,Coat,Outerwear,84,Nevada,M,Brown,Fall,4.6,No,Store Pickup,No,No,41,Debit Card,Fortnightly,Outerwear,42,0,14,84.0,0.0,33.6,45.4,53.8,37.0,True,True,1. High Value Organic
1161,33,Male,Boots,Footwear,29,North Dakota,M,Yellow,Winter,4.6,No,Store Pickup,No,No,4,PayPal,Monthly,Footwear,5,0,30,29.0,0.0,11.6,12.4,15.3,9.5,False,False,4. Mid-Tier Core
1162,53,Male,Sweater,Clothing,23,Kentucky,M,Indigo,Summer,3.0,No,2-Day Shipping,No,No,18,Venmo,Weekly,Clothing,19,0,7,23.0,0.0,9.2,8.8,11.1,6.5,False,False,4. Mid-Tier Core
1163,43,Male,Handbag,Accessories,61,Kansas,M,Olive,Summer,3.3,No,2-Day Shipping,No,No,7,Credit Card,Weekly,Accessories,8,0,7,61.0,0.0,24.4,31.6,37.7,25.5,False,False,4. Mid-Tier Core
1164,46,Female,Hat,Accessories,75,Ohio,XL,Silver,Winter,3.1,No,Express,Yes,Yes,9,PayPal,Weekly,Accessories,10,1,7,93.75,18.75,37.5,32.5,41.88,23.12,False,False,3. Promo-Using Repeat
1165,36,Male,Coat,Outerwear,68,Alabama,M,Black,Spring,3.6,No,2-Day Shipping,No,No,17,Venmo,Monthly,Outerwear,18,0,30,68.0,0.0,27.2,35.8,42.6,29.0,False,False,1. High Value Organic
1166,35,Female,Hoodie,Clothing,64,Tennessee,L,Orange,Fall,4.7,No,Store Pickup,Yes,Yes,40,Debit Card,Every 3 Months,Clothing,41,1,90,80.0,16.0,32.0,27.0,35.0,19.0,False,False,3. Promo-Using Repeat
1167,58,Male,Sandals,Footwear,27,New York,L,Beige,Spring,4.5,No,Express,No,No,34,Cash,Weekly,Footwear,35,0,7,27.0,0.0,10.8,11.2,13.9,8.5,False,False,4. Mid-Tier Core
1168,61,Male,Shoes,Footwear,32,Maryland,M,Magenta,Spring,2.7,No,Store Pickup,No,No,33,PayPal,Bi-Weekly,Footwear,34,0,14,32.0,0.0,12.8,14.2,17.4,11.0,False,False,4. Mid-Tier Core
1169,27,Female,Skirt,Clothing,58,South Dakota,S,Green,Summer,4.1,No,Express,Yes,Yes,44,Venmo,Weekly,Clothing,45,1,7,72.5,14.5,29.0,24.0,31.25,16.75,False,False,3. Promo-Using Repeat
1170,55,Male,Scarf,Accessories,45,Utah,S,Gray,Winter,4.8,No,2-Day Shipping,No,No,5,Cash,Fortnightly,Accessories,6,0,14,45.0,0.0,18.0,22.0,26.5,17.5,False,False,4. Mid-Tier Core
1171,30,Male,Jacket,Outerwear,85,Rhode Island,L,Red,Winter,4.4,Yes,Free Shipping,Yes,Yes,15,Bank Transfer,Fortnightly,Outerwear,16,1,14,106.25,21.25,42.5,37.5,48.12,26.88,False,False,2. High Spend Bargain Hunter
1172,42,Female,Shoes,Footwear,27,Texas,M,Black,Winter,3.5,No,Store Pickup,Yes,Yes,30,Bank Transfer,Fortnightly,Footwear,31,1,14,33.75,6.75,13.5,8.5,11.88,5.12,False,False,3. Promo-Using Repeat
1173,59,Male,Sunglasses,Accessories,89,Alaska,L,Pink,Winter,4.5,No,Free Shipping,Yes,Yes,44,PayPal,Annually,Accessories,45,1,365,111.25,22.25,44.5,39.5,50.62,28.38,True,False,2. High Spend Bargain Hunter
1174,30,Male,Shorts,Clothing,89,Arkansas,S,Orange,Winter,3.2,No,2-Day Shipping,No,No,35,Bank Transfer,Bi-Weekly,Clothing,36,0,14,89.0,0.0,35.6,48.4,57.3,39.5,True,True,1. High Value Organic
1175,35,Male,Scarf,Accessories,35,Rhode Island,M,Black,Summer,4.0,Yes,Free Shipping,Yes,Yes,24,Venmo,Bi-Weekly,Accessories,25,1,14,43.75,8.75,17.5,12.5,16.88,8.12,False,False,3. Promo-Using Repeat
1176,53,Male,Belt,Accessories,85,Massachusetts,L,Peach,Summer,4.0,Yes,Express,Yes,Yes,44,Bank Transfer,Every 3 Months,Accessories,45,1,90,106.25,21.25,42.5,37.5,48.12,26.88,True,False,2. High Spend Bargain Hunter
1177,36,Female,Dress,Clothing,69,South Dakota,M,Olive,Fall,3.4,No,Free Shipping,Yes,Yes,40,Debit Card,Every 3 Months,Clothing,41,1,90,86.25,17.25,34.5,29.5,38.12,20.88,False,False,3. Promo-Using Repeat
1178,58,Male,Jeans,Clothing,87,Alaska,S,Maroon,Spring,4.8,No,Standard,Yes,Yes,38,Cash,Annually,Clothing,39,1,365,108.75,21.75,43.5,38.5,49.38,27.62,True,False,2. High Spend Bargain Hunter
1179,37,Female,Jacket,Outerwear,46,Idaho,XL,Olive,Spring,4.9,Yes,Next Day Air,Yes,Yes,10,Bank Transfer,Weekly,Outerwear,11,1,7,57.5,11.5,23.0,18.0,23.75,12.25,False,False,3. Promo-Using Repeat
1180,53,Male,Sunglasses,Accessories,38,Oklahoma,S,Lavender,Winter,3.5,No,Free Shipping,No,No,39,Bank Transfer,Bi-Weekly,Accessories,40,0,14,38.0,0.0,15.2,17.8,21.6,14.0,False,False,4. Mid-Tier Core
1181,64,Male,Hat,Accessories,69,Wyoming,L,Maroon,Summer,4.7,Yes,Next Day Air,Yes,Yes,37,Venmo,Quarterly,Accessories,38,1,90,86.25,17.25,34.5,29.5,38.12,20.88,False,False,3. Promo-Using Repeat
1182,54,Male,Dress,Clothing,98,Nevada,L,Beige,Winter,3.0,No,Standard,Yes,Yes,28,Cash,Annually,Clothing,29,1,365,122.5,24.5,49.0,44.0,56.25,31.75,True,False,2. High Spend Bargain Hunter
1183,39,Male,Jewelry,Accessories,94,Montana,XL,Pink,Fall,3.1,No,Standard,Yes,Yes,16,Credit Card,Every 3 Months,Accessories,17,1,90,117.5,23.5,47.0,42.0,53.75,30.25,False,False,2. High Spend Bargain Hunter
1184,40,Male,Jacket,Outerwear,95,Minnesota,M,Silver,Fall,4.1,No,Store Pickup,No,No,34,PayPal,Weekly,Outerwear,35,0,7,95.0,0.0,38.0,52.0,61.5,42.5,True,True,1. High Value Organic
1185,18,Male,Dress,Clothing,60,South Dakota,S,Beige,Spring,3.1,No,Store Pickup,Yes,Yes,31,Venmo,Fortnightly,Clothing,32,1,14,75.0,15.0,30.0,25.0,32.5,17.5,False,False,3. Promo-Using Repeat
1186,28,Male,Hoodie,Clothing,29,Ohio,M,Purple,Fall,3.7,No,Express,Yes,Yes,15,Debit Card,Every 3 Months,Clothing,16,1,90,36.25,7.25,14.5,9.5,13.12,5.88,False,False,3. Promo-Using Repeat
1187,19,Male,Belt,Accessories,78,Alabama,M,Brown,Summer,5.0,No,2-Day Shipping,No,No,12,Venmo,Annually,Accessories,13,0,365,78.0,0.0,31.2,41.8,49.6,34.0,False,False,1. High Value Organic
1188,69,Male,Coat,Outerwear,68,Maryland,L,Yellow,Spring,3.6,No,Free Shipping,Yes,Yes,24,PayPal,Every 3 Months,Outerwear,25,1,90,85.0,17.0,34.0,29.0,37.5,20.5,False,False,3. Promo-Using Repeat
1189,20,Male,Coat,Outerwear,67,Colorado,M,Peach,Spring,3.2,Yes,Next Day Air,Yes,Yes,29,Debit Card,Every 3 Months,Outerwear,30,1,90,83.75,16.75,33.5,28.5,36.88,20.12,False,False,3. Promo-Using Repeat
1190,60,Male,Shirt,Clothing,79,Maine,M,Brown,Spring,4.2,No,2-Day Shipping,No,No,10,Venmo,Bi-Weekly,Clothing,11,0,14,79.0,0.0,31.6,42.4,50.3,34.5,False,False,1. High Value Organic
1191,53,Male,Pants,Clothing,79,Ohio,M,Beige,Summer,4.6,Yes,Store Pickup,No,No,45,PayPal,Monthly,Clothing,46,0,30,79.0,0.0,31.6,42.4,50.3,34.5,True,True,1. High Value Organic
1192,61,Male,Shoes,Footwear,42,West Virginia,L,Purple,Winter,2.9,Yes,Next Day Air,No,No,14,Venmo,Weekly,Footwear,15,0,7,42.0,0.0,16.8,20.2,24.4,16.0,False,False,4. Mid-Tier Core
1193,43,Male,Skirt,Clothing,33,West Virginia,L,Maroon,Summer,4.2,Yes,Free Shipping,No,No,13,Debit Card,Weekly,Clothing,14,0,7,33.0,0.0,13.2,14.8,18.1,11.5,False,False,4. Mid-Tier Core
1194,41,Female,Boots,Footwear,91,Indiana,L,Gray,Fall,3.4,No,Store Pickup,Yes,Yes,42,Cash,Quarterly,Footwear,43,1,90,113.75,22.75,45.5,40.5,51.88,29.12,True,False,2. High Spend Bargain Hunter
1195,22,Male,Shirt,Clothing,98,New York,XL,Charcoal,Fall,4.4,No,Free Shipping,No,No,15,Bank Transfer,Fortnightly,Clothing,16,0,14,98.0,0.0,39.2,53.8,63.6,44.0,False,True,1. High Value Organic
1196,33,Male,Scarf,Accessories,66,New Jersey,S,Gray,Summer,3.0,No,Next Day Air,No,No,18,Credit Card,Weekly,Accessories,19,0,7,66.0,0.0,26.4,34.6,41.2,28.0,False,False,1. High Value Organic
1197,65,Male,Hat,Accessories,65,Alaska,XL,Peach,Spring,3.0,Yes,Express,No,No,46,Credit Card,Monthly,Accessories,47,0,30,65.0,0.0,26.0,34.0,40.5,27.5,False,False,1. High Value Organic
1198,59,Male,Jeans,Clothing,87,Arkansas,L,Indigo,Spring,4.1,No,2-Day Shipping,Yes,Yes,13,Venmo,Every 3 Months,Clothing,14,1,90,108.75,21.75,43.5,38.5,49.38,27.62,False,False,2. High Spend Bargain Hunter
1199,69,Male,Shorts,Clothing,32,Colorado,S,Violet,Spring,3.9,No,Store Pickup,Yes,Yes,1,Credit Card,Weekly,Clothing,2,1,7,40.0,8.0,16.0,11.0,15.0,7.0,False,False,3. Promo-Using Repeat
1200,18,Male,Shoes,Footwear,58,New York,S,Beige,Winter,2.6,No,Free Shipping,No,No,6,Debit Card,Monthly,Footwear,7,0,30,58.0,0.0,23.2,29.8,35.6,24.0,False,False,4. Mid-Tier Core
1201,62,Male,Sneakers,Footwear,23,Maryland,M,Gray,Summer,3.2,No,Standard,No,No,17,Cash,Quarterly,Footwear,18,0,90,23.0,0.0,9.2,8.8,11.1,6.5,False,False,4. Mid-Tier Core
1202,41,Male,Jeans,Clothing,69,Nebraska,M,Beige,Winter,2.7,No,Next Day Air,Yes,Yes,49,Cash,Every 3 Months,Clothing,50,1,90,86.25,17.25,34.5,29.5,38.12,20.88,False,False,3. Promo-Using Repeat
1203,19,Male,Skirt,Clothing,34,Tennessee,M,Orange,Spring,4.8,No,Next Day Air,No,No,37,Venmo,Monthly,Clothing,38,0,30,34.0,0.0,13.6,15.4,18.8,12.0,False,False,4. Mid-Tier Core
1204,26,Male,Scarf,Accessories,97,Ohio,M,Violet,Spring,2.8,No,Next Day Air,No,No,2,Credit Card,Monthly,Accessories,3,0,30,97.0,0.0,38.8,53.2,62.9,43.5,False,False,4. Mid-Tier Core
1205,45,Male,Handbag,Accessories,70,North Carolina,S,White,Winter,4.1,No,2-Day Shipping,No,No,47,Cash,Annually,Accessories,48,0,365,70.0,0.0,28.0,37.0,44.0,30.0,False,False,1. High Value Organic
1206,45,Male,Dress,Clothing,50,South Carolina,M,Olive,Winter,4.2,No,Next Day Air,Yes,Yes,25,Credit Card,Fortnightly,Clothing,26,1,14,62.5,12.5,25.0,20.0,26.25,13.75,False,False,3. Promo-Using Repeat
1207,52,Female,Jeans,Clothing,51,Montana,M,Charcoal,Spring,2.8,Yes,Next Day Air,Yes,Yes,47,Debit Card,Every 3 Months,Clothing,48,1,90,63.75,12.75,25.5,20.5,26.88,14.12,False,False,3. Promo-Using Repeat
1208,38,Male,Dress,Clothing,60,South Carolina,M,Purple,Summer,3.8,No,Next Day Air,No,No,43,Debit Card,Every 3 Months,Clothing,44,0,90,60.0,0.0,24.0,31.0,37.0,25.0,False,False,1. High Value Organic
1209,57,Male,Backpack,Accessories,24,Hawaii,S,Lavender,Spring,3.9,No,Store Pickup,No,No,38,Credit Card,Bi-Weekly,Accessories,39,0,14,24.0,0.0,9.6,9.4,11.8,7.0,False,False,4. Mid-Tier Core
1210,28,Male,Belt,Accessories,59,Nevada,M,Brown,Fall,3.8,No,2-Day Shipping,Yes,Yes,42,Bank Transfer,Annually,Accessories,43,1,365,73.75,14.75,29.5,24.5,31.88,17.12,False,False,3. Promo-Using Repeat
1211,27,Male,Hat,Accessories,33,Indiana,M,Peach,Fall,3.9,No,Next Day Air,Yes,Yes,48,Cash,Weekly,Accessories,49,1,7,41.25,8.25,16.5,11.5,15.62,7.38,False,False,3. Promo-Using Repeat
1212,46,Female,Scarf,Accessories,88,Colorado,L,Purple,Summer,4.8,Yes,Free Shipping,Yes,Yes,19,Venmo,Monthly,Accessories,20,1,30,110.0,22.0,44.0,39.0,50.0,28.0,False,False,2. High Spend Bargain Hunter
1213,69,Male,Gloves,Accessories,88,Iowa,L,Magenta,Winter,4.8,Yes,Store Pickup,Yes,Yes,11,Cash,Fortnightly,Accessories,12,1,14,110.0,22.0,44.0,39.0,50.0,28.0,False,False,2. High Spend Bargain Hunter
1214,27,Male,Scarf,Accessories,72,Vermont,S,Silver,Spring,3.4,No,Free Shipping,Yes,Yes,38,Venmo,Every 3 Months,Accessories,39,1,90,90.0,18.0,36.0,31.0,40.0,22.0,False,False,3. Promo-Using Repeat
1215,60,Male,Sweater,Clothing,35,North Carolina,L,Charcoal,Summer,4.9,No,Store Pickup,Yes,Yes,5,Cash,Monthly,Clothing,6,1,30,43.75,8.75,17.5,12.5,16.88,8.12,False,False,3. Promo-Using Repeat
1216,25,Male,Sunglasses,Accessories,99,Illinois,L,Gray,Winter,4.3,Yes,Store Pickup,Yes,Yes,41,Credit Card,Bi-Weekly,Accessories,42,1,14,123.75,24.75,49.5,44.5,56.88,32.12,True,False,2. High Spend Bargain Hunter
1217,59,Male,Handbag,Accessories,94,South Carolina,L,Purple,Fall,4.4,No,Standard,No,No,15,Credit Card,Monthly,Accessories,16,0,30,94.0,0.0,37.6,51.4,60.8,42.0,False,True,1. High Value Organic
1218,45,Female,Sneakers,Footwear,53,Rhode Island,L,Brown,Spring,3.5,No,2-Day Shipping,No,No,43,Bank Transfer,Every 3 Months,Footwear,44,0,90,53.0,0.0,21.2,26.8,32.1,21.5,False,False,4. Mid-Tier Core
1219,38,Male,Shoes,Footwear,50,Idaho,L,Pink,Summer,4.6,Yes,Express,Yes,Yes,13,Credit Card,Bi-Weekly,Footwear,14,1,14,62.5,12.5,25.0,20.0,26.25,13.75,False,False,3. Promo-Using Repeat
1220,53,Male,Shirt,Clothing,86,Rhode Island,XL,Gold,Fall,4.4,Yes,Next Day Air,Yes,Yes,3,Credit Card,Weekly,Clothing,4,1,7,107.5,21.5,43.0,38.0,48.75,27.25,False,False,2. High Spend Bargain Hunter
1221,50,Female,Boots,Footwear,96,Hawaii,XL,Magenta,Winter,4.8,Yes,Store Pickup,Yes,Yes,41,Cash,Every 3 Months,Footwear,42,1,90,120.0,24.0,48.0,43.0,55.0,31.0,True,False,2. High Spend Bargain Hunter
1222,28,Male,Handbag,Accessories,45,New Jersey,L,Silver,Winter,2.9,No,Store Pickup,No,No,28,Cash,Bi-Weekly,Accessories,29,0,14,45.0,0.0,18.0,22.0,26.5,17.5,False,False,4. Mid-Tier Core
1223,66,Male,Shoes,Footwear,52,Maryland,M,Brown,Spring,3.0,No,Express,No,No,38,Venmo,Annually,Footwear,39,0,365,52.0,0.0,20.8,26.2,31.4,21.0,False,False,4. Mid-Tier Core
1224,59,Male,Sneakers,Footwear,44,Maryland,S,Yellow,Summer,4.5,Yes,Standard,Yes,Yes,45,Bank Transfer,Annually,Footwear,46,1,365,55.0,11.0,22.0,17.0,22.5,11.5,False,False,3. Promo-Using Repeat
1225,64,Male,Hat,Accessories,56,South Carolina,M,Yellow,Winter,3.9,No,Express,No,No,17,Cash,Every 3 Months,Accessories,18,0,90,56.0,0.0,22.4,28.6,34.2,23.0,False,False,1. High Value Organic
1226,36,Male,Gloves,Accessories,59,Colorado,M,Beige,Fall,3.1,No,2-Day Shipping,Yes,Yes,44,Cash,Every 3 Months,Accessories,45,1,90,73.75,14.75,29.5,24.5,31.88,17.12,False,False,3. Promo-Using Repeat
1227,34,Male,Belt,Accessories,28,Kansas,M,Red,Fall,3.6,No,Next Day Air,Yes,Yes,30,Cash,Weekly,Accessories,31,1,7,35.0,7.0,14.0,9.0,12.5,5.5,False,False,3. Promo-Using Repeat
1228,46,Male,Skirt,Clothing,36,South Carolina,S,Indigo,Winter,3.6,No,Standard,No,No,46,Credit Card,Quarterly,Clothing,47,0,90,36.0,0.0,14.4,16.6,20.2,13.0,False,False,4. Mid-Tier Core
1229,25,Female,Skirt,Clothing,21,New Hampshire,M,Maroon,Fall,2.9,No,Standard,No,No,6,Debit Card,Weekly,Clothing,7,0,7,21.0,0.0,8.4,7.6,9.7,5.5,False,False,4. Mid-Tier Core
1230,36,Male,Jeans,Clothing,62,Tennessee,M,Indigo,Spring,4.8,Yes,2-Day Shipping,No,No,10,Debit Card,Quarterly,Clothing,11,0,90,62.0,0.0,24.8,32.2,38.4,26.0,False,False,1. High Value Organic
1231,60,Male,Shirt,Clothing,54,Georgia,M,White,Summer,4.9,Yes,Express,Yes,Yes,17,Debit Card,Bi-Weekly,Clothing,18,1,14,67.5,13.5,27.0,22.0,28.75,15.25,False,False,3. Promo-Using Repeat
1232,39,Male,Sandals,Footwear,97,Mississippi,M,Lavender,Spring,3.4,Yes,Store Pickup,No,No,24,PayPal,Quarterly,Footwear,25,0,90,97.0,0.0,38.8,53.2,62.9,43.5,True,True,1. High Value Organic
1233,23,Male,Shirt,Clothing,60,Arkansas,M,Peach,Summer,2.7,No,Express,No,No,31,Credit Card,Fortnightly,Clothing,32,0,14,60.0,0.0,24.0,31.0,37.0,25.0,False,False,1. High Value Organic
1234,26,Female,Jacket,Outerwear,29,West Virginia,L,Brown,Spring,4.7,Yes,Standard,Yes,Yes,21,Cash,Quarterly,Outerwear,22,1,90,36.25,7.25,14.5,9.5,13.12,5.88,False,False,3. Promo-Using Repeat
1235,19,Male,Hat,Accessories,62,Missouri,M,Indigo,Winter,2.8,No,Store Pickup,No,No,9,PayPal,Weekly,Accessories,10,0,7,62.0,0.0,24.8,32.2,38.4,26.0,False,False,4. Mid-Tier Core
1236,42,Male,Scarf,Accessories,75,Montana,M,Orange,Fall,3.3,No,Store Pickup,Yes,Yes,10,Bank Transfer,Every 3 Months,Accessories,11,1,90,93.75,18.75,37.5,32.5,41.88,23.12,False,False,3. Promo-Using Repeat
1237,41,Female,Shorts,Clothing,39,Alaska,M,Cyan,Spring,3.7,No,Next Day Air,No,No,43,Credit Card,Annually,Clothing,44,0,365,39.0,0.0,15.6,18.4,22.3,14.5,False,False,4. Mid-Tier Core
1238,50,Female,Blouse,Clothing,64,Colorado,M,Cyan,Fall,4.4,No,Free Shipping,No,No,14,PayPal,Weekly,Clothing,15,0,7,64.0,0.0,25.6,33.4,39.8,27.0,False,False,1. High Value Organic
1239,68,Female,Sandals,Footwear,76,North Carolina,XL,Silver,Winter,4.7,No,Next Day Air,Yes,Yes,38,Bank Transfer,Quarterly,Footwear,39,1,90,95.0,19.0,38.0,33.0,42.5,23.5,False,False,3. Promo-Using Repeat
1240,28,Male,Jacket,Outerwear,100,Kansas,L,Pink,Winter,4.0,No,Express,No,No,41,Bank Transfer,Monthly,Outerwear,42,0,30,100.0,0.0,40.0,55.0,65.0,45.0,True,True,1. High Value Organic
1241,58,Male,Backpack,Accessories,56,Maine,M,Olive,Summer,4.0,Yes,Next Day Air,Yes,Yes,40,Bank Transfer,Bi-Weekly,Accessories,41,1,14,70.0,14.0,28.0,23.0,30.0,16.0,False,False,3. Promo-Using Repeat
1242,32,Female,Shorts,Clothing,25,West Virginia,L,Pink,Fall,2.6,No,Free Shipping,No,No,25,PayPal,Weekly,Clothing,26,0,7,25.0,0.0,10.0,10.0,12.5,7.5,False,False,4. Mid-Tier Core
1243,42,Male,Jeans,Clothing,95,Minnesota,M,Silver,Fall,3.2,No,Express,No,No,7,Credit Card,Weekly,Clothing,8,0,7,95.0,0.0,38.0,52.0,61.5,42.5,False,False,4. Mid-Tier Core
1244,68,Male,Sandals,Footwear,26,Arizona,M,Cyan,Fall,2.6,No,2-Day Shipping,No,No,12,Venmo,Fortnightly,Footwear,13,0,14,26.0,0.0,10.4,10.6,13.2,8.0,False,False,4. Mid-Tier Core
1245,64,Male,Hoodie,Clothing,77,South Dakota,M,Orange,Summer,2.6,Yes,Free Shipping,Yes,Yes,34,Credit Card,Monthly,Clothing,35,1,30,96.25,19.25,38.5,33.5,43.12,23.88,False,False,3. Promo-Using Repeat
1246,24,Female,Scarf,Accessories,82,Kansas,S,Green,Summer,3.4,Yes,Next Day Air,No,No,48,Cash,Fortnightly,Accessories,49,0,14,82.0,0.0,32.8,44.2,52.4,36.0,True,True,1. High Value Organic
1247,67,Female,Sneakers,Footwear,76,Nevada,M,Maroon,Summer,3.7,No,Next Day Air,No,No,8,Bank Transfer,Weekly,Footwear,9,0,7,76.0,0.0,30.4,40.6,48.2,33.0,False,False,4. Mid-Tier Core
1248,29,Female,Boots,Footwear,92,North Carolina,M,Purple,Summer,4.3,Yes,Standard,Yes,Yes,26,Cash,Bi-Weekly,Footwear,27,1,14,115.0,23.0,46.0,41.0,52.5,29.5,True,False,2. High Spend Bargain Hunter
1249,51,Male,Hoodie,Clothing,90,New Jersey,L,Peach,Winter,3.4,No,Free Shipping,Yes,Yes,27,Cash,Bi-Weekly,Clothing,28,1,14,112.5,22.5,45.0,40.0,51.25,28.75,True,False,2. High Spend Bargain Hunter
1250,18,Male,Skirt,Clothing,25,New Hampshire,M,Gray,Fall,3.4,No,Store Pickup,Yes,Yes,48,PayPal,Every 3 Months,Clothing,49,1,90,31.25,6.25,12.5,7.5,10.62,4.38,False,False,3. Promo-Using Repeat
1251,50,Male,Pants,Clothing,29,Idaho,M,White,Fall,2.8,No,Store Pickup,No,No,32,Credit Card,Quarterly,Clothing,33,0,90,29.0,0.0,11.6,12.4,15.3,9.5,False,False,4. Mid-Tier Core
1252,52,Female,Coat,Outerwear,31,Hawaii,L,Brown,Summer,4.6,No,Standard,No,No,42,Bank Transfer,Every 3 Months,Outerwear,43,0,90,31.0,0.0,12.4,13.6,16.7,10.5,False,False,4. Mid-Tier Core
1253,52,Female,Jewelry,Accessories,72,Alaska,L,Violet,Fall,2.9,No,Free Shipping,Yes,Yes,32,Debit Card,Weekly,Accessories,33,1,7,90.0,18.0,36.0,31.0,40.0,22.0,False,False,3. Promo-Using Repeat
1254,37,Male,Jacket,Outerwear,68,Oklahoma,M,Pink,Winter,2.9,No,Express,No,No,7,Credit Card,Fortnightly,Outerwear,8,0,14,68.0,0.0,27.2,35.8,42.6,29.0,False,False,4. Mid-Tier Core
1255,20,Male,Hat,Accessories,70,Florida,L,Pink,Fall,4.1,No,Next Day Air,Yes,Yes,44,Debit Card,Annually,Accessories,45,1,365,87.5,17.5,35.0,30.0,38.75,21.25,False,False,3. Promo-Using Repeat
1256,29,Male,Pants,Clothing,81,Mississippi,M,Teal,Spring,3.2,No,Express,Yes,Yes,39,PayPal,Monthly,Clothing,40,1,30,101.25,20.25,40.5,35.5,45.62,25.38,True,False,2. High Spend Bargain Hunter
1257,29,Male,Pants,Clothing,48,California,M,Magenta,Summer,3.9,Yes,2-Day Shipping,Yes,Yes,22,Credit Card,Weekly,Clothing,23,1,7,60.0,12.0,24.0,19.0,25.0,13.0,False,False,3. Promo-Using Repeat
1258,63,Male,Shorts,Clothing,65,Indiana,M,Teal,Fall,3.4,No,2-Day Shipping,No,No,40,Cash,Monthly,Clothing,41,0,30,65.0,0.0,26.0,34.0,40.5,27.5,False,False,1. High Value Organic
1259,68,Male,Shorts,Clothing,67,Oklahoma,M,Red,Summer,3.4,No,2-Day Shipping,Yes,Yes,36,Bank Transfer,Weekly,Clothing,37,1,7,83.75,16.75,33.5,28.5,36.88,20.12,False,False,3. Promo-Using Repeat
1260,33,Female,Gloves,Accessories,75,Nebraska,S,Green,Fall,3.8,No,Next Day Air,Yes,Yes,23,PayPal,Bi-Weekly,Accessories,24,1,14,93.75,18.75,37.5,32.5,41.88,23.12,False,False,3. Promo-Using Repeat
1261,26,Male,Hoodie,Clothing,82,Nevada,M,Olive,Summer,4.6,No,2-Day Shipping,Yes,Yes,5,Debit Card,Every 3 Months,Clothing,6,1,90,102.5,20.5,41.0,36.0,46.25,25.75,False,False,2. High Spend Bargain Hunter
1262,39,Female,Sneakers,Footwear,54,Colorado,S,Silver,Fall,3.5,No,Free Shipping,No,No,2,Debit Card,Every 3 Months,Footwear,3,0,90,54.0,0.0,21.6,27.4,32.8,22.0,False,False,4. Mid-Tier Core
1263,51,Male,Belt,Accessories,71,California,S,Violet,Winter,2.6,No,Store Pickup,Yes,Yes,37,Debit Card,Monthly,Accessories,38,1,30,88.75,17.75,35.5,30.5,39.38,21.62,False,False,3. Promo-Using Repeat
1264,51,Male,Pants,Clothing,28,Oregon,M,Brown,Spring,4.1,No,Free Shipping,Yes,Yes,21,Venmo,Quarterly,Clothing,22,1,90,35.0,7.0,14.0,9.0,12.5,5.5,False,False,3. Promo-Using Repeat
1265,18,Female,Jewelry,Accessories,26,Louisiana,XL,Violet,Summer,4.8,No,Express,No,No,50,PayPal,Weekly,Accessories,51,0,7,26.0,0.0,10.4,10.6,13.2,8.0,False,False,4. Mid-Tier Core
1266,50,Male,Sandals,Footwear,59,Oregon,XL,Magenta,Spring,4.3,No,Standard,Yes,Yes,22,Venmo,Bi-Weekly,Footwear,23,1,14,73.75,14.75,29.5,24.5,31.88,17.12,False,False,3. Promo-Using Repeat
1267,20,Male,Sunglasses,Accessories,30,Arkansas,L,Magenta,Summer,2.9,No,Express,Yes,Yes,11,Debit Card,Fortnightly,Accessories,12,1,14,37.5,7.5,15.0,10.0,13.75,6.25,False,False,3. Promo-Using Repeat
1268,54,Male,Sweater,Clothing,64,Georgia,L,Pink,Spring,3.7,No,Free Shipping,Yes,Yes,16,Credit Card,Bi-Weekly,Clothing,17,1,14,80.0,16.0,32.0,27.0,35.0,19.0,False,False,3. Promo-Using Repeat
1269,23,Male,Sandals,Footwear,86,Rhode Island,XL,Maroon,Winter,4.1,No,Free Shipping,No,No,50,PayPal,Monthly,Footwear,51,0,30,86.0,0.0,34.4,46.6,55.2,38.0,True,True,1. High Value Organic
1270,41,Male,Pants,Clothing,77,South Dakota,M,Indigo,Spring,3.4,No,Express,Yes,Yes,40,Venmo,Monthly,Clothing,41,1,30,96.25,19.25,38.5,33.5,43.12,23.88,False,False,3. Promo-Using Repeat
1271,65,Male,Blouse,Clothing,57,Tennessee,M,Purple,Summer,3.8,Yes,Free Shipping,Yes,Yes,18,Debit Card,Monthly,Clothing,19,1,30,71.25,14.25,28.5,23.5,30.62,16.38,False,False,3. Promo-Using Repeat
1272,67,Female,Dress,Clothing,36,Alaska,M,Silver,Spring,4.6,No,Free Shipping,No,No,28,Credit Card,Quarterly,Clothing,29,0,90,36.0,0.0,14.4,16.6,20.2,13.0,False,False,4. Mid-Tier Core
1273,67,Male,Scarf,Accessories,84,Ohio,M,Purple,Summer,3.3,No,Express,No,No,31,Venmo,Quarterly,Accessories,32,0,90,84.0,0.0,33.6,45.4,53.8,37.0,True,True,1. High Value Organic
1274,47,Male,Pants,Clothing,94,Idaho,L,Orange,Fall,4.7,Yes,Standard,Yes,Yes,13,Bank Transfer,Bi-Weekly,Clothing,14,1,14,117.5,23.5,47.0,42.0,53.75,30.25,False,False,2. High Spend Bargain Hunter
1275,48,Male,Jeans,Clothing,80,Maine,M,Olive,Winter,2.6,No,Express,Yes,Yes,32,Bank Transfer,Annually,Clothing,33,1,365,100.0,20.0,40.0,35.0,45.0,25.0,True,False,2. High Spend Bargain Hunter
1276,30,Male,Scarf,Accessories,95,Delaware,M,Red,Spring,4.2,No,2-Day Shipping,Yes,Yes,34,Credit Card,Monthly,Accessories,35,1,30,118.75,23.75,47.5,42.5,54.38,30.62,True,False,2. High Spend Bargain Hunter
1277,38,Female,Shoes,Footwear,32,Alabama,M,Charcoal,Fall,4.9,Yes,Standard,No,No,40,Debit Card,Bi-Weekly,Footwear,41,0,14,32.0,0.0,12.8,14.2,17.4,11.0,False,False,4. Mid-Tier Core
1278,37,Male,Dress,Clothing,34,Indiana,M,Turquoise,Fall,3.2,No,Free Shipping,No,No,10,Credit Card,Fortnightly,Clothing,11,0,14,34.0,0.0,13.6,15.4,18.8,12.0,False,False,4. Mid-Tier Core
1279,36,Male,Pants,Clothing,37,Maryland,L,White,Winter,4.5,Yes,2-Day Shipping,No,No,47,Cash,Annually,Clothing,48,0,365,37.0,0.0,14.8,17.2,20.9,13.5,False,False,4. Mid-Tier Core
1280,40,Male,Sandals,Footwear,20,Arkansas,S,Black,Spring,2.9,No,Standard,Yes,Yes,36,Credit Card,Weekly,Footwear,37,1,7,25.0,5.0,10.0,5.0,7.5,2.5,False,False,3. Promo-Using Repeat
1281,36,Male,Shorts,Clothing,95,Massachusetts,L,Charcoal,Fall,3.2,No,Free Shipping,No,No,46,Cash,Annually,Clothing,47,0,365,95.0,0.0,38.0,52.0,61.5,42.5,True,True,1. High Value Organic
1282,26,Male,Shoes,Footwear,88,Kentucky,M,Orange,Winter,3.5,No,Store Pickup,No,No,43,Debit Card,Bi-Weekly,Footwear,44,0,14,88.0,0.0,35.2,47.8,56.6,39.0,True,True,1. High Value Organic
1283,27,Male,Dress,Clothing,65,Mississippi,L,Maroon,Fall,3.4,No,Free Shipping,No,No,34,Venmo,Bi-Weekly,Clothing,35,0,14,65.0,0.0,26.0,34.0,40.5,27.5,False,False,1. High Value Organic
1284,63,Male,Coat,Outerwear,42,Idaho,M,Red,Winter,2.8,No,Express,No,No,2,Venmo,Every 3 Months,Outerwear,3,0,90,42.0,0.0,16.8,20.2,24.4,16.0,False,False,4. Mid-Tier Core
1285,25,Male,Shorts,Clothing,37,Iowa,M,Cyan,Winter,4.0,No,Free Shipping,Yes,Yes,4,PayPal,Quarterly,Clothing,5,1,90,46.25,9.25,18.5,13.5,18.12,8.88,False,False,3. Promo-Using Repeat
1286,36,Male,Coat,Outerwear,59,Minnesota,M,Indigo,Winter,4.7,No,Standard,No,No,6,Bank Transfer,Bi-Weekly,Outerwear,7,0,14,59.0,0.0,23.6,30.4,36.3,24.5,False,False,4. Mid-Tier Core
1287,54,Male,Pants,Clothing,66,Mississippi,L,Yellow,Summer,3.5,No,Next Day Air,No,No,13,Bank Transfer,Every 3 Months,Clothing,14,0,90,66.0,0.0,26.4,34.6,41.2,28.0,False,False,1. High Value Organic
1288,69,Female,Sunglasses,Accessories,33,West Virginia,M,Pink,Fall,4.6,No,Standard,No,No,2,Venmo,Quarterly,Accessories,3,0,90,33.0,0.0,13.2,14.8,18.1,11.5,False,False,4. Mid-Tier Core
1289,35,Female,Hoodie,Clothing,56,South Carolina,M,Purple,Summer,3.5,No,2-Day Shipping,No,No,10,Venmo,Monthly,Clothing,11,0,30,56.0,0.0,22.4,28.6,34.2,23.0,False,False,1. High Value Organic
1290,26,Male,Dress,Clothing,82,California,M,Beige,Fall,3.1,No,Free Shipping,No,No,23,Venmo,Bi-Weekly,Clothing,24,0,14,82.0,0.0,32.8,44.2,52.4,36.0,True,True,1. High Value Organic
1291,65,Male,Shirt,Clothing,96,South Carolina,M,Charcoal,Fall,4.2,No,Standard,No,No,14,Credit Card,Quarterly,Clothing,15,0,90,96.0,0.0,38.4,52.6,62.2,43.0,False,False,1. High Value Organic
1292,57,Male,Boots,Footwear,63,Tennessee,M,Red,Summer,3.0,No,Express,Yes,Yes,12,Debit Card,Monthly,Footwear,13,1,30,78.75,15.75,31.5,26.5,34.38,18.62,False,False,3. Promo-Using Repeat
1293,37,Male,Hat,Accessories,41,West Virginia,L,Cyan,Spring,3.8,No,Standard,Yes,Yes,13,PayPal,Monthly,Accessories,14,1,30,51.25,10.25,20.5,15.5,20.62,10.38,False,False,3. Promo-Using Repeat
1294,20,Male,Dress,Clothing,22,New York,M,Orange,Summer,3.9,No,Store Pickup,No,No,45,Debit Card,Quarterly,Clothing,46,0,90,22.0,0.0,8.8,8.2,10.4,6.0,False,False,4. Mid-Tier Core
1295,68,Female,Scarf,Accessories,60,Louisiana,M,Yellow,Winter,3.8,No,Express,Yes,Yes,28,Venmo,Quarterly,Accessories,29,1,90,75.0,15.0,30.0,25.0,32.5,17.5,False,False,3. Promo-Using Repeat
1296,65,Male,Coat,Outerwear,29,North Carolina,M,Peach,Spring,4.4,No,Standard,No,No,23,Venmo,Bi-Weekly,Outerwear,24,0,14,29.0,0.0,11.6,12.4,15.3,9.5,False,False,4. Mid-Tier Core
1297,56,Female,Jewelry,Accessories,48,Florida,M,Gold,Spring,4.3,No,Express,Yes,Yes,25,Debit Card,Annually,Accessories,26,1,365,60.0,12.0,24.0,19.0,25.0,13.0,False,False,3. Promo-Using Repeat
1298,43,Female,Sandals,Footwear,90,Alaska,M,Orange,Summer,3.2,No,Standard,No,No,44,Venmo,Quarterly,Footwear,45,0,90,90.0,0.0,36.0,49.0,58.0,40.0,True,True,1. High Value Organic
1299,19,Male,Pants,Clothing,43,Iowa,M,Yellow,Fall,3.0,No,Free Shipping,Yes,Yes,34,Venmo,Annually,Clothing,35,1,365,53.75,10.75,21.5,16.5,21.88,11.12,False,False,3. Promo-Using Repeat
1300,69,Male,Shirt,Clothing,98,Montana,L,Beige,Spring,4.5,Yes,Express,Yes,Yes,20,Debit Card,Fortnightly,Clothing,21,1,14,122.5,24.5,49.0,44.0,56.25,31.75,True,False,2. High Spend Bargain Hunter
1301,64,Male,Sunglasses,Accessories,26,Louisiana,M,White,Winter,2.5,Yes,Store Pickup,No,No,30,PayPal,Quarterly,Accessories,31,0,90,26.0,0.0,10.4,10.6,13.2,8.0,False,False,4. Mid-Tier Core
1302,31,Male,Gloves,Accessories,73,Delaware,L,Red,Spring,4.6,No,Standard,No,No,4,Credit Card,Every 3 Months,Accessories,5,0,90,73.0,0.0,29.2,38.8,46.1,31.5,False,False,4. Mid-Tier Core
1303,65,Male,Scarf,Accessories,39,South Carolina,S,Charcoal,Spring,3.5,No,Store Pickup,No,No,4,Debit Card,Every 3 Months,Accessories,5,0,90,39.0,0.0,15.6,18.4,22.3,14.5,False,False,4. Mid-Tier Core
1304,64,Female,Belt,Accessories,95,New Hampshire,M,Teal,Fall,3.5,No,Express,No,No,5,Debit Card,Monthly,Accessories,6,0,30,95.0,0.0,38.0,52.0,61.5,42.5,False,False,4. Mid-Tier Core
1305,50,Male,Boots,Footwear,40,Florida,XL,Green,Winter,3.0,Yes,Free Shipping,No,No,28,Cash,Weekly,Footwear,29,0,7,40.0,0.0,16.0,19.0,23.0,15.0,False,False,4. Mid-Tier Core
1306,30,Female,Sunglasses,Accessories,81,California,M,Yellow,Summer,3.8,No,Standard,No,No,9,Credit Card,Bi-Weekly,Accessories,10,0,14,81.0,0.0,32.4,43.6,51.7,35.5,False,False,4. Mid-Tier Core
1307,50,Male,Backpack,Accessories,22,Minnesota,M,Gray,Spring,3.9,No,Store Pickup,No,No,35,Cash,Annually,Accessories,36,0,365,22.0,0.0,8.8,8.2,10.4,6.0,False,False,4. Mid-Tier Core
1308,41,Male,Shoes,Footwear,41,Alabama,M,White,Spring,3.0,Yes,Next Day Air,No,No,27,Credit Card,Monthly,Footwear,28,0,30,41.0,0.0,16.4,19.6,23.7,15.5,False,False,4. Mid-Tier Core
1309,66,Male,Jewelry,Accessories,38,Utah,XL,Green,Fall,2.6,No,Express,No,No,11,Venmo,Every 3 Months,Accessories,12,0,90,38.0,0.0,15.2,17.8,21.6,14.0,False,False,4. Mid-Tier Core
1310,64,Male,Blouse,Clothing,50,Kentucky,XL,Red,Spring,3.9,No,Free Shipping,No,No,30,PayPal,Weekly,Clothing,31,0,7,50.0,0.0,20.0,25.0,30.0,20.0,False,False,4. Mid-Tier Core
1311,22,Female,Dress,Clothing,87,Missouri,M,Silver,Fall,2.7,Yes,Express,No,No,43,Credit Card,Weekly,Clothing,44,0,7,87.0,0.0,34.8,47.2,55.9,38.5,True,True,1. High Value Organic
1312,34,Male,Boots,Footwear,22,Nevada,L,Pink,Spring,3.6,No,Store Pickup,Yes,Yes,36,Credit Card,Annually,Footwear,37,1,365,27.5,5.5,11.0,6.0,8.75,3.25,False,False,3. Promo-Using Repeat
1313,52,Male,Belt,Accessories,87,Illinois,M,Pink,Fall,2.9,Yes,Store Pickup,Yes,Yes,7,Debit Card,Bi-Weekly,Accessories,8,1,14,108.75,21.75,43.5,38.5,49.38,27.62,False,False,2. High Spend Bargain Hunter
1314,49,Male,Socks,Clothing,93,West Virginia,S,Gray,Summer,4.8,Yes,Standard,No,No,16,Bank Transfer,Every 3 Months,Clothing,17,0,90,93.0,0.0,37.2,50.8,60.1,41.5,False,True,1. High Value Organic
1315,53,Male,Shoes,Footwear,37,Alabama,S,Olive,Summer,3.9,No,Standard,No,No,48,Bank Transfer,Annually,Footwear,49,0,365,37.0,0.0,14.8,17.2,20.9,13.5,False,False,4. Mid-Tier Core
1316,53,Male,Socks,Clothing,37,Minnesota,M,Beige,Summer,2.7,No,2-Day Shipping,No,No,24,Credit Card,Annually,Clothing,25,0,365,37.0,0.0,14.8,17.2,20.9,13.5,False,False,4. Mid-Tier Core
1317,39,Male,Sneakers,Footwear,64,Kansas,M,Lavender,Spring,4.7,Yes,Standard,No,No,23,PayPal,Fortnightly,Footwear,24,0,14,64.0,0.0,25.6,33.4,39.8,27.0,False,False,1. High Value Organic
1318,51,Male,Shirt,Clothing,65,Idaho,M,Yellow,Winter,4.7,Yes,Express,No,No,21,Debit Card,Weekly,Clothing,22,0,7,65.0,0.0,26.0,34.0,40.5,27.5,False,False,1. High Value Organic
1319,63,Male,Shirt,Clothing,71,Idaho,XL,Pink,Summer,4.3,No,Express,Yes,Yes,8,Bank Transfer,Monthly,Clothing,9,1,30,88.75,17.75,35.5,30.5,39.38,21.62,False,False,3. Promo-Using Repeat
1320,59,Male,Sweater,Clothing,73,Texas,M,Violet,Spring,4.8,No,2-Day Shipping,Yes,Yes,44,Venmo,Monthly,Clothing,45,1,30,91.25,18.25,36.5,31.5,40.62,22.38,False,False,3. Promo-Using Repeat
1321,25,Female,Jewelry,Accessories,88,Hawaii,L,Red,Spring,2.8,No,Free Shipping,Yes,Yes,49,Debit Card,Weekly,Accessories,50,1,7,110.0,22.0,44.0,39.0,50.0,28.0,True,False,2. High Spend Bargain Hunter
1322,64,Male,Jacket,Outerwear,36,South Carolina,M,Magenta,Spring,4.2,No,Store Pickup,No,No,13,Cash,Bi-Weekly,Outerwear,14,0,14,36.0,0.0,14.4,16.6,20.2,13.0,False,False,4. Mid-Tier Core
1323,36,Male,Socks,Clothing,87,Oklahoma,M,Silver,Summer,2.9,Yes,Free Shipping,No,No,16,Credit Card,Bi-Weekly,Clothing,17,0,14,87.0,0.0,34.8,47.2,55.9,38.5,False,True,1. High Value Organic
1324,49,Male,Scarf,Accessories,64,Tennessee,L,Teal,Spring,2.5,No,2-Day Shipping,No,No,18,Venmo,Every 3 Months,Accessories,19,0,90,64.0,0.0,25.6,33.4,39.8,27.0,False,False,1. High Value Organic
1325,47,Male,Jeans,Clothing,76,North Dakota,L,Indigo,Fall,3.4,No,Store Pickup,No,No,4,Cash,Every 3 Months,Clothing,5,0,90,76.0,0.0,30.4,40.6,48.2,33.0,False,False,4. Mid-Tier Core
1326,53,Male,Dress,Clothing,92,Texas,S,Teal,Winter,4.8,No,Express,Yes,Yes,26,Debit Card,Monthly,Clothing,27,1,30,115.0,23.0,46.0,41.0,52.5,29.5,True,False,2. High Spend Bargain Hunter
1327,48,Male,Pants,Clothing,29,Indiana,L,Teal,Spring,3.5,No,Free Shipping,No,No,24,PayPal,Annually,Clothing,25,0,365,29.0,0.0,11.6,12.4,15.3,9.5,False,False,4. Mid-Tier Core
1328,39,Male,Hoodie,Clothing,51,Oklahoma,M,Violet,Fall,3.9,No,Standard,Yes,Yes,8,Cash,Quarterly,Clothing,9,1,90,63.75,12.75,25.5,20.5,26.88,14.12,False,False,3. Promo-Using Repeat
1329,23,Male,Shoes,Footwear,88,Idaho,L,Gray,Summer,4.3,No,2-Day Shipping,No,No,26,Venmo,Quarterly,Footwear,27,0,90,88.0,0.0,35.2,47.8,56.6,39.0,True,True,1. High Value Organic
1330,52,Male,Scarf,Accessories,96,South Carolina,M,Black,Spring,4.2,No,Free Shipping,Yes,Yes,9,Cash,Quarterly,Accessories,10,1,90,120.0,24.0,48.0,43.0,55.0,31.0,False,False,2. High Spend Bargain Hunter
1331,37,Male,Sandals,Footwear,29,Alabama,L,Teal,Winter,3.0,No,Standard,No,No,30,Credit Card,Monthly,Footwear,31,0,30,29.0,0.0,11.6,12.4,15.3,9.5,False,False,4. Mid-Tier Core
1332,39,Male,Shoes,Footwear,73,Idaho,M,Silver,Winter,3.5,No,Express,Yes,Yes,10,Debit Card,Weekly,Footwear,11,1,7,91.25,18.25,36.5,31.5,40.62,22.38,False,False,3. Promo-Using Repeat
1333,60,Male,Sweater,Clothing,52,Kentucky,M,Beige,Winter,5.0,No,Store Pickup,No,No,4,Venmo,Quarterly,Clothing,5,0,90,52.0,0.0,20.8,26.2,31.4,21.0,False,False,4. Mid-Tier Core
1334,69,Female,Shoes,Footwear,71,Oregon,M,Green,Summer,5.0,No,Express,Yes,Yes,41,Venmo,Bi-Weekly,Footwear,42,1,14,88.75,17.75,35.5,30.5,39.38,21.62,False,False,3. Promo-Using Repeat
1335,53,Male,Handbag,Accessories,77,North Carolina,S,Gray,Fall,3.0,No,Free Shipping,Yes,Yes,17,PayPal,Fortnightly,Accessories,18,1,14,96.25,19.25,38.5,33.5,43.12,23.88,False,False,3. Promo-Using Repeat
1336,50,Male,Sandals,Footwear,94,North Dakota,M,Cyan,Fall,3.4,Yes,Next Day Air,Yes,Yes,18,Venmo,Monthly,Footwear,19,1,30,117.5,23.5,47.0,42.0,53.75,30.25,False,False,2. High Spend Bargain Hunter
1337,29,Female,Shorts,Clothing,82,Idaho,L,Magenta,Winter,4.8,No,Free Shipping,No,No,38,Venmo,Quarterly,Clothing,39,0,90,82.0,0.0,32.8,44.2,52.4,36.0,True,True,1. High Value Organic
1338,64,Male,Pants,Clothing,74,Minnesota,M,Turquoise,Summer,2.9,Yes,2-Day Shipping,Yes,Yes,47,Cash,Quarterly,Clothing,48,1,90,92.5,18.5,37.0,32.0,41.25,22.75,False,False,3. Promo-Using Repeat
1339,18,Male,Jacket,Outerwear,32,Maryland,XL,Silver,Spring,4.0,No,Free Shipping,No,No,46,PayPal,Every 3 Months,Outerwear,47,0,90,32.0,0.0,12.8,14.2,17.4,11.0,False,False,4. Mid-Tier Core
1340,18,Female,Backpack,Accessories,33,Mississippi,L,Silver,Winter,2.5,No,2-Day Shipping,No,No,35,Cash,Monthly,Accessories,36,0,30,33.0,0.0,13.2,14.8,18.1,11.5,False,False,4. Mid-Tier Core
1341,33,Male,Scarf,Accessories,29,Oklahoma,L,Turquoise,Fall,3.0,No,Standard,No,No,32,Venmo,Every 3 Months,Accessories,33,0,90,29.0,0.0,11.6,12.4,15.3,9.5,False,False,4. Mid-Tier Core
1342,23,Male,Pants,Clothing,95,Nevada,M,Charcoal,Winter,2.9,No,2-Day Shipping,No,No,40,Cash,Weekly,Clothing,41,0,7,95.0,0.0,38.0,52.0,61.5,42.5,True,True,1. High Value Organic
1343,44,Male,Scarf,Accessories,64,Massachusetts,L,Beige,Summer,2.9,No,Free Shipping,Yes,Yes,39,PayPal,Fortnightly,Accessories,40,1,14,80.0,16.0,32.0,27.0,35.0,19.0,False,False,3. Promo-Using Repeat
1344,28,Male,Shorts,Clothing,46,Nebraska,S,Gold,Winter,3.9,Yes,Next Day Air,No,No,3,PayPal,Monthly,Clothing,4,0,30,46.0,0.0,18.4,22.6,27.2,18.0,False,False,4. Mid-Tier Core
1345,65,Male,Jewelry,Accessories,69,New Jersey,L,Orange,Fall,3.9,No,Standard,Yes,Yes,36,Cash,Monthly,Accessories,37,1,30,86.25,17.25,34.5,29.5,38.12,20.88,False,False,3. Promo-Using Repeat
1346,55,Male,Hat,Accessories,28,Texas,M,Cyan,Fall,4.5,Yes,Express,Yes,Yes,46,PayPal,Monthly,Accessories,47,1,30,35.0,7.0,14.0,9.0,12.5,5.5,False,False,3. Promo-Using Repeat
1347,55,Male,Dress,Clothing,67,South Dakota,M,Turquoise,Spring,2.5,Yes,Free Shipping,No,No,40,Venmo,Weekly,Clothing,41,0,7,67.0,0.0,26.8,35.2,41.9,28.5,False,False,1. High Value Organic
1348,56,Male,Gloves,Accessories,92,Louisiana,S,Gold,Winter,3.9,Yes,Express,Yes,Yes,40,PayPal,Every 3 Months,Accessories,41,1,90,115.0,23.0,46.0,41.0,52.5,29.5,True,False,2. High Spend Bargain Hunter
1349,33,Female,Jewelry,Accessories,84,Mississippi,XL,Charcoal,Fall,3.9,Yes,Standard,No,No,31,Cash,Monthly,Accessories,32,0,30,84.0,0.0,33.6,45.4,53.8,37.0,True,True,1. High Value Organic
1350,69,Male,Hat,Accessories,78,Delaware,M,Red,Fall,3.0,No,Express,Yes,Yes,2,Cash,Every 3 Months,Accessories,3,1,90,97.5,19.5,39.0,34.0,43.75,24.25,False,False,3. Promo-Using Repeat
1351,67,Male,Handbag,Accessories,22,West Virginia,L,Orange,Fall,4.1,No,2-Day Shipping,Yes,Yes,45,Debit Card,Bi-Weekly,Accessories,46,1,14,27.5,5.5,11.0,6.0,8.75,3.25,False,False,3. Promo-Using Repeat
1352,36,Male,Hat,Accessories,29,Ohio,L,Teal,Winter,3.9,No,Store Pickup,Yes,Yes,24,Venmo,Every 3 Months,Accessories,25,1,90,36.25,7.25,14.5,9.5,13.12,5.88,False,False,3. Promo-Using Repeat
1353,29,Male,Jewelry,Accessories,57,Tennessee,S,Green,Fall,3.2,No,Express,No,No,8,Credit Card,Bi-Weekly,Accessories,9,0,14,57.0,0.0,22.8,29.2,34.9,23.5,False,False,4. Mid-Tier Core
1354,34,Male,Socks,Clothing,47,New York,M,Yellow,Spring,2.7,No,Express,No,No,20,Debit Card,Quarterly,Clothing,21,0,90,47.0,0.0,18.8,23.2,27.9,18.5,False,False,4. Mid-Tier Core
1355,65,Male,Sweater,Clothing,83,Montana,M,Yellow,Spring,3.5,No,Store Pickup,Yes,Yes,20,PayPal,Every 3 Months,Clothing,21,1,90,103.75,20.75,41.5,36.5,46.88,26.12,True,False,2. High Spend Bargain Hunter
1356,26,Male,Jeans,Clothing,82,Maine,M,Silver,Summer,3.3,Yes,Express,Yes,Yes,10,Venmo,Annually,Clothing,11,1,365,102.5,20.5,41.0,36.0,46.25,25.75,False,False,2. High Spend Bargain Hunter
1357,34,Female,Skirt,Clothing,74,Montana,XL,Charcoal,Fall,3.0,No,Store Pickup,No,No,28,Bank Transfer,Weekly,Clothing,29,0,7,74.0,0.0,29.6,39.4,46.8,32.0,False,True,1. High Value Organic
1358,40,Male,Sandals,Footwear,80,Iowa,L,Green,Fall,4.7,Yes,Free Shipping,Yes,Yes,24,Venmo,Annually,Footwear,25,1,365,100.0,20.0,40.0,35.0,45.0,25.0,True,False,2. High Spend Bargain Hunter
1359,45,Female,Coat,Outerwear,37,Maryland,XL,Gray,Winter,4.1,No,Standard,No,No,33,Debit Card,Weekly,Outerwear,34,0,7,37.0,0.0,14.8,17.2,20.9,13.5,False,False,4. Mid-Tier Core
1360,27,Male,Backpack,Accessories,21,Kansas,M,Green,Winter,4.0,No,Next Day Air,Yes,Yes,44,Venmo,Fortnightly,Accessories,45,1,14,26.25,5.25,10.5,5.5,8.12,2.88,False,False,3. Promo-Using Repeat
1361,19,Male,Sweater,Clothing,70,Missouri,S,Peach,Winter,2.6,No,Free Shipping,No,No,31,Debit Card,Fortnightly,Clothing,32,0,14,70.0,0.0,28.0,37.0,44.0,30.0,False,False,1. High Value Organic
1362,67,Male,Shorts,Clothing,89,North Carolina,M,Turquoise,Summer,4.3,No,Next Day Air,No,No,28,PayPal,Weekly,Clothing,29,0,7,89.0,0.0,35.6,48.4,57.3,39.5,True,True,1. High Value Organic
1363,52,Male,Socks,Clothing,39,Delaware,M,Lavender,Summer,4.7,Yes,Standard,No,No,4,Venmo,Monthly,Clothing,5,0,30,39.0,0.0,15.6,18.4,22.3,14.5,False,False,4. Mid-Tier Core
1364,70,Male,Sneakers,Footwear,63,Iowa,S,Gray,Summer,4.7,Yes,Standard,No,No,41,PayPal,Weekly,Footwear,42,0,7,63.0,0.0,25.2,32.8,39.1,26.5,False,False,1. High Value Organic
1365,56,Male,Hat,Accessories,25,Oklahoma,M,Turquoise,Winter,3.1,No,Next Day Air,No,No,18,Bank Transfer,Quarterly,Accessories,19,0,90,25.0,0.0,10.0,10.0,12.5,7.5,False,False,4. Mid-Tier Core
1366,21,Female,Handbag,Accessories,20,New Jersey,M,Gray,Summer,4.0,No,Express,Yes,Yes,48,PayPal,Annually,Accessories,49,1,365,25.0,5.0,10.0,5.0,7.5,2.5,False,False,3. Promo-Using Repeat
1367,27,Male,Pants,Clothing,70,West Virginia,M,Cyan,Winter,4.8,No,Next Day Air,Yes,Yes,8,Venmo,Monthly,Clothing,9,1,30,87.5,17.5,35.0,30.0,38.75,21.25,False,False,3. Promo-Using Repeat
1368,41,Female,Sweater,Clothing,78,Vermont,S,Silver,Fall,3.7,No,Next Day Air,No,No,41,Credit Card,Monthly,Clothing,42,0,30,78.0,0.0,31.2,41.8,49.6,34.0,False,True,1. High Value Organic
1369,51,Male,Jewelry,Accessories,89,Maryland,M,Peach,Fall,2.8,No,Express,No,No,21,Credit Card,Quarterly,Accessories,22,0,90,89.0,0.0,35.6,48.4,57.3,39.5,True,True,1. High Value Organic
1370,65,Male,Sweater,Clothing,22,Colorado,M,Brown,Spring,4.0,No,2-Day Shipping,Yes,Yes,9,Debit Card,Annually,Clothing,10,1,365,27.5,5.5,11.0,6.0,8.75,3.25,False,False,3. Promo-Using Repeat
1371,41,Female,Dress,Clothing,80,Mississippi,L,Peach,Spring,4.3,No,Store Pickup,No,No,25,Venmo,Monthly,Clothing,26,0,30,80.0,0.0,32.0,43.0,51.0,35.0,True,True,1. High Value Organic
1372,64,Female,Dress,Clothing,22,Minnesota,M,Gold,Spring,3.4,No,Free Shipping,Yes,Yes,50,Debit Card,Monthly,Clothing,51,1,30,27.5,5.5,11.0,6.0,8.75,3.25,False,False,3. Promo-Using Repeat
1373,48,Female,Sunglasses,Accessories,81,New Hampshire,L,White,Summer,4.2,No,2-Day Shipping,No,No,27,Debit Card,Fortnightly,Accessories,28,0,14,81.0,0.0,32.4,43.6,51.7,35.5,True,True,1. High Value Organic
1374,32,Male,Hoodie,Clothing,76,Alabama,L,Purple,Summer,4.9,Yes,Standard,Yes,Yes,25,PayPal,Annually,Clothing,26,1,365,95.0,19.0,38.0,33.0,42.5,23.5,False,False,3. Promo-Using Repeat
1375,33,Female,Dress,Clothing,36,Maryland,M,Peach,Fall,2.8,Yes,Next Day Air,Yes,Yes,12,Bank Transfer,Bi-Weekly,Clothing,13,1,14,45.0,9.0,18.0,13.0,17.5,8.5,False,False,3. Promo-Using Repeat
1376,32,Male,Sneakers,Footwear,49,Colorado,M,Turquoise,Spring,3.1,No,Store Pickup,No,No,48,Debit Card,Weekly,Footwear,49,0,7,49.0,0.0,19.6,24.4,29.3,19.5,False,False,4. Mid-Tier Core
1377,27,Female,Pants,Clothing,46,New York,L,Olive,Summer,4.5,No,Next Day Air,No,No,17,Cash,Every 3 Months,Clothing,18,0,90,46.0,0.0,18.4,22.6,27.2,18.0,False,False,4. Mid-Tier Core
1378,49,Male,Jewelry,Accessories,27,Maine,L,Brown,Winter,2.8,No,Free Shipping,Yes,Yes,41,Bank Transfer,Monthly,Accessories,42,1,30,33.75,6.75,13.5,8.5,11.88,5.12,False,False,3. Promo-Using Repeat
1379,29,Female,Dress,Clothing,35,North Dakota,M,Indigo,Fall,4.3,No,Standard,No,No,12,Venmo,Fortnightly,Clothing,13,0,14,35.0,0.0,14.0,16.0,19.5,12.5,False,False,4. Mid-Tier Core
1380,65,Female,Gloves,Accessories,97,North Dakota,L,Silver,Fall,3.9,Yes,Next Day Air,No,No,36,Bank Transfer,Annually,Accessories,37,0,365,97.0,0.0,38.8,53.2,62.9,43.5,True,True,1. High Value Organic
1381,62,Male,Sneakers,Footwear,23,Missouri,M,Magenta,Fall,4.2,No,Next Day Air,Yes,Yes,17,Debit Card,Every 3 Months,Footwear,18,1,90,28.75,5.75,11.5,6.5,9.38,3.62,False,False,3. Promo-Using Repeat
1382,68,Male,Sunglasses,Accessories,32,Colorado,M,Olive,Summer,2.6,Yes,Express,No,No,49,PayPal,Weekly,Accessories,50,0,7,32.0,0.0,12.8,14.2,17.4,11.0,False,False,4. Mid-Tier Core
1383,19,Male,Sunglasses,Accessories,50,Rhode Island,S,Charcoal,Winter,3.6,Yes,Next Day Air,Yes,Yes,41,Cash,Quarterly,Accessories,42,1,90,62.5,12.5,25.0,20.0,26.25,13.75,False,False,3. Promo-Using Repeat
1384,57,Male,Shoes,Footwear,23,Iowa,XL,Red,Summer,2.6,Yes,Next Day Air,No,No,14,Bank Transfer,Monthly,Footwear,15,0,30,23.0,0.0,9.2,8.8,11.1,6.5,False,False,4. Mid-Tier Core
1385,44,Female,Dress,Clothing,31,Louisiana,M,Orange,Spring,3.4,No,Standard,No,No,17,Credit Card,Fortnightly,Clothing,18,0,14,31.0,0.0,12.4,13.6,16.7,10.5,False,False,4. Mid-Tier Core
1386,69,Female,Shorts,Clothing,36,Delaware,L,Black,Winter,4.8,Yes,Store Pickup,Yes,Yes,24,Bank Transfer,Every 3 Months,Clothing,25,1,90,45.0,9.0,18.0,13.0,17.5,8.5,False,False,3. Promo-Using Repeat
1387,70,Male,Sneakers,Footwear,49,West Virginia,S,Gold,Spring,3.4,No,Standard,No,No,32,Debit Card,Fortnightly,Footwear,33,0,14,49.0,0.0,19.6,24.4,29.3,19.5,False,False,4. Mid-Tier Core
1388,18,Male,Pants,Clothing,69,Rhode Island,M,Magenta,Fall,3.3,No,Standard,Yes,Yes,3,Bank Transfer,Bi-Weekly,Clothing,4,1,14,86.25,17.25,34.5,29.5,38.12,20.88,False,False,3. Promo-Using Repeat
1389,53,Female,Boots,Footwear,43,Georgia,XL,White,Fall,3.6,Yes,2-Day Shipping,No,No,45,Venmo,Weekly,Footwear,46,0,7,43.0,0.0,17.2,20.8,25.1,16.5,False,False,4. Mid-Tier Core
1390,44,Male,Jeans,Clothing,31,Rhode Island,L,Turquoise,Winter,3.5,Yes,Express,Yes,Yes,20,Venmo,Fortnightly,Clothing,21,1,14,38.75,7.75,15.5,10.5,14.38,6.62,False,False,3. Promo-Using Repeat
1391,65,Female,Sweater,Clothing,40,Delaware,S,Yellow,Fall,3.0,Yes,Store Pickup,No,No,38,Bank Transfer,Annually,Clothing,39,0,365,40.0,0.0,16.0,19.0,23.0,15.0,False,False,4. Mid-Tier Core
1392,56,Male,Sunglasses,Accessories,31,South Carolina,M,Turquoise,Spring,2.7,Yes,Standard,No,No,50,PayPal,Annually,Accessories,51,0,365,31.0,0.0,12.4,13.6,16.7,10.5,False,False,4. Mid-Tier Core
1393,64,Male,Jewelry,Accessories,53,New Jersey,M,Teal,Winter,4.4,Yes,Free Shipping,No,No,27,Credit Card,Monthly,Accessories,28,0,30,53.0,0.0,21.2,26.8,32.1,21.5,False,False,4. Mid-Tier Core
1394,43,Female,Sweater,Clothing,42,Maryland,L,Silver,Winter,4.6,Yes,Express,No,No,38,Venmo,Bi-Weekly,Clothing,39,0,14,42.0,0.0,16.8,20.2,24.4,16.0,False,False,4. Mid-Tier Core
1395,66,Female,Boots,Footwear,51,Nevada,XL,Yellow,Winter,4.4,No,Next Day Air,No,No,9,Debit Card,Weekly,Footwear,10,0,7,51.0,0.0,20.4,25.6,30.7,20.5,False,False,4. Mid-Tier Core
1396,40,Male,Shoes,Footwear,86,Georgia,L,White,Winter,4.9,Yes,Free Shipping,Yes,Yes,14,Debit Card,Every 3 Months,Footwear,15,1,90,107.5,21.5,43.0,38.0,48.75,27.25,False,False,2. High Spend Bargain Hunter
1397,48,Male,Belt,Accessories,41,Missouri,M,Gray,Summer,3.3,No,2-Day Shipping,Yes,Yes,46,Venmo,Fortnightly,Accessories,47,1,14,51.25,10.25,20.5,15.5,20.62,10.38,False,False,3. Promo-Using Repeat
1398,62,Male,Handbag,Accessories,58,Maine,L,Purple,Fall,2.5,No,Free Shipping,No,No,38,Credit Card,Quarterly,Accessories,39,0,90,58.0,0.0,23.2,29.8,35.6,24.0,False,False,1. High Value Organic
1399,51,Male,Pants,Clothing,58,Colorado,L,Peach,Winter,4.6,No,Free Shipping,No,No,6,Cash,Annually,Clothing,7,0,365,58.0,0.0,23.2,29.8,35.6,24.0,False,False,4. Mid-Tier Core
1400,58,Male,Shorts,Clothing,87,New Hampshire,L,Pink,Fall,3.1,No,Next Day Air,Yes,Yes,20,PayPal,Weekly,Clothing,21,1,7,108.75,21.75,43.5,38.5,49.38,27.62,True,False,2. High Spend Bargain Hunter
1401,42,Male,Dress,Clothing,20,Minnesota,L,Brown,Winter,3.4,No,Free Shipping,No,No,50,PayPal,Annually,Clothing,51,0,365,20.0,0.0,8.0,7.0,9.0,5.0,False,False,4. Mid-Tier Core
1402,25,Male,Hat,Accessories,61,South Dakota,L,Turquoise,Spring,3.0,Yes,Store Pickup,Yes,Yes,28,Credit Card,Annually,Accessories,29,1,365,76.25,15.25,30.5,25.5,33.12,17.88,False,False,3. Promo-Using Repeat
1403,28,Female,Socks,Clothing,78,Iowa,M,Magenta,Spring,3.4,Yes,Next Day Air,No,No,46,Debit Card,Fortnightly,Clothing,47,0,14,78.0,0.0,31.2,41.8,49.6,34.0,False,True,1. High Value Organic
1404,54,Male,Sneakers,Footwear,37,Ohio,L,Red,Fall,4.9,No,Store Pickup,No,No,11,Cash,Annually,Footwear,12,0,365,37.0,0.0,14.8,17.2,20.9,13.5,False,False,4. Mid-Tier Core
1405,44,Male,Jacket,Outerwear,39,Massachusetts,L,Teal,Winter,2.6,No,Express,No,No,1,Debit Card,Bi-Weekly,Outerwear,2,0,14,39.0,0.0,15.6,18.4,22.3,14.5,False,False,4. Mid-Tier Core
1406,27,Male,Coat,Outerwear,27,Utah,M,Turquoise,Fall,4.1,No,Standard,No,No,45,Debit Card,Fortnightly,Outerwear,46,0,14,27.0,0.0,10.8,11.2,13.9,8.5,False,False,4. Mid-Tier Core
1407,66,Male,Boots,Footwear,71,Rhode Island,M,Olive,Spring,4.3,Yes,Free Shipping,Yes,Yes,23,Credit Card,Fortnightly,Footwear,24,1,14,88.75,17.75,35.5,30.5,39.38,21.62,False,False,3. Promo-Using Repeat
1408,63,Male,Backpack,Accessories,62,Missouri,M,Gold,Fall,3.6,No,Free Shipping,No,No,17,Debit Card,Quarterly,Accessories,18,0,90,62.0,0.0,24.8,32.2,38.4,26.0,False,False,1. High Value Organic
1409,55,Female,Scarf,Accessories,49,West Virginia,S,Violet,Spring,4.9,Yes,Store Pickup,No,No,18,Debit Card,Weekly,Accessories,19,0,7,49.0,0.0,19.6,24.4,29.3,19.5,False,False,4. Mid-Tier Core
1410,60,Male,Skirt,Clothing,24,Wyoming,M,Gold,Fall,3.9,No,Standard,No,No,15,Cash,Weekly,Clothing,16,0,7,24.0,0.0,9.6,9.4,11.8,7.0,False,False,4. Mid-Tier Core
1411,19,Male,Dress,Clothing,77,Indiana,L,Magenta,Winter,3.2,Yes,2-Day Shipping,No,No,9,PayPal,Monthly,Clothing,10,0,30,77.0,0.0,30.8,41.2,48.9,33.5,False,False,4. Mid-Tier Core
1412,53,Female,Scarf,Accessories,36,West Virginia,M,Brown,Fall,2.6,No,Standard,No,No,9,PayPal,Bi-Weekly,Accessories,10,0,14,36.0,0.0,14.4,16.6,20.2,13.0,False,False,4. Mid-Tier Core
1413,25,Male,Belt,Accessories,60,Maryland,M,Olive,Spring,4.8,No,Standard,Yes,Yes,2,Credit Card,Fortnightly,Accessories,3,1,14,75.0,15.0,30.0,25.0,32.5,17.5,False,False,3. Promo-Using Repeat
1414,28,Male,Belt,Accessories,78,Arkansas,L,Pink,Spring,3.1,No,Express,No,No,47,Cash,Bi-Weekly,Accessories,48,0,14,78.0,0.0,31.2,41.8,49.6,34.0,False,True,1. High Value Organic
1415,69,Male,Shoes,Footwear,60,Texas,M,Silver,Fall,4.7,Yes,Free Shipping,Yes,Yes,23,PayPal,Annually,Footwear,24,1,365,75.0,15.0,30.0,25.0,32.5,17.5,False,False,3. Promo-Using Repeat
1416,40,Female,Shirt,Clothing,89,Mississippi,S,Indigo,Spring,3.4,No,Free Shipping,No,No,19,Cash,Annually,Clothing,20,0,365,89.0,0.0,35.6,48.4,57.3,39.5,False,True,1. High Value Organic
1417,19,Female,Jeans,Clothing,23,Iowa,M,Silver,Winter,3.9,Yes,Free Shipping,No,No,36,Cash,Annually,Clothing,37,0,365,23.0,0.0,9.2,8.8,11.1,6.5,False,False,4. Mid-Tier Core
1418,35,Male,Sneakers,Footwear,24,Georgia,M,Yellow,Spring,3.5,No,2-Day Shipping,No,No,45,Cash,Annually,Footwear,46,0,365,24.0,0.0,9.6,9.4,11.8,7.0,False,False,4. Mid-Tier Core
1419,34,Male,Gloves,Accessories,36,Rhode Island,XL,Charcoal,Fall,3.3,No,Next Day Air,Yes,Yes,9,PayPal,Every 3 Months,Accessories,10,1,90,45.0,9.0,18.0,13.0,17.5,8.5,False,False,3. Promo-Using Repeat
1420,39,Male,Hat,Accessories,83,Minnesota,L,Silver,Spring,4.3,No,2-Day Shipping,No,No,38,Bank Transfer,Weekly,Accessories,39,0,7,83.0,0.0,33.2,44.8,53.1,36.5,True,True,1. High Value Organic
1421,28,Male,Backpack,Accessories,63,Kansas,L,Charcoal,Spring,3.0,No,Express,No,No,34,Credit Card,Annually,Accessories,35,0,365,63.0,0.0,25.2,32.8,39.1,26.5,False,False,1. High Value Organic
1422,51,Male,Dress,Clothing,56,Alaska,L,Lavender,Fall,3.3,Yes,Next Day Air,Yes,Yes,48,Credit Card,Fortnightly,Clothing,49,1,14,70.0,14.0,28.0,23.0,30.0,16.0,False,False,3. Promo-Using Repeat
1423,47,Male,Sweater,Clothing,39,Nebraska,M,Teal,Winter,4.0,No,Free Shipping,Yes,Yes,37,Venmo,Every 3 Months,Clothing,38,1,90,48.75,9.75,19.5,14.5,19.38,9.62,False,False,3. Promo-Using Repeat
1424,36,Male,Shorts,Clothing,81,New Jersey,M,Magenta,Spring,4.3,Yes,Next Day Air,No,No,36,Cash,Fortnightly,Clothing,37,0,14,81.0,0.0,32.4,43.6,51.7,35.5,True,True,1. High Value Organic
1425,25,Female,Sandals,Footwear,42,Wyoming,M,White,Spring,4.3,No,Free Shipping,Yes,Yes,26,Venmo,Annually,Footwear,27,1,365,52.5,10.5,21.0,16.0,21.25,10.75,False,False,3. Promo-Using Repeat
1426,39,Male,Skirt,Clothing,85,Alabama,L,Indigo,Fall,2.5,No,Standard,Yes,Yes,18,Venmo,Every 3 Months,Clothing,19,1,90,106.25,21.25,42.5,37.5,48.12,26.88,False,False,2. High Spend Bargain Hunter
1427,69,Male,Socks,Clothing,84,Maine,L,Turquoise,Winter,3.6,No,Store Pickup,No,No,20,Cash,Every 3 Months,Clothing,21,0,90,84.0,0.0,33.6,45.4,53.8,37.0,True,True,1. High Value Organic
1428,55,Male,Shoes,Footwear,49,Hawaii,M,Red,Spring,4.9,No,Next Day Air,Yes,Yes,34,Bank Transfer,Quarterly,Footwear,35,1,90,61.25,12.25,24.5,19.5,25.62,13.38,False,False,3. Promo-Using Repeat
1429,37,Female,Hoodie,Clothing,45,South Carolina,M,Charcoal,Spring,2.6,No,Express,Yes,Yes,5,Cash,Bi-Weekly,Clothing,6,1,14,56.25,11.25,22.5,17.5,23.12,11.88,False,False,3. Promo-Using Repeat
1430,61,Male,Socks,Clothing,78,Maryland,L,White,Fall,3.1,No,Free Shipping,Yes,Yes,27,Bank Transfer,Every 3 Months,Clothing,28,1,90,97.5,19.5,39.0,34.0,43.75,24.25,False,False,3. Promo-Using Repeat
1431,70,Male,Shoes,Footwear,48,Texas,S,Indigo,Fall,3.2,No,Free Shipping,Yes,Yes,22,Bank Transfer,Annually,Footwear,23,1,365,60.0,12.0,24.0,19.0,25.0,13.0,False,False,3. Promo-Using Repeat
1432,57,Female,Gloves,Accessories,50,Minnesota,M,Yellow,Fall,4.0,Yes,2-Day Shipping,No,No,26,Cash,Quarterly,Accessories,27,0,90,50.0,0.0,20.0,25.0,30.0,20.0,False,False,4. Mid-Tier Core
1433,54,Male,Sunglasses,Accessories,58,Arizona,L,Olive,Summer,4.2,Yes,Express,No,No,18,Bank Transfer,Every 3 Months,Accessories,19,0,90,58.0,0.0,23.2,29.8,35.6,24.0,False,False,1. High Value Organic
1434,20,Male,Sandals,Footwear,62,Kentucky,M,Olive,Winter,4.3,No,Standard,No,No,13,Debit Card,Quarterly,Footwear,14,0,90,62.0,0.0,24.8,32.2,38.4,26.0,False,False,1. High Value Organic
1435,56,Female,Shoes,Footwear,56,Nebraska,M,Gold,Spring,4.2,Yes,2-Day Shipping,No,No,15,PayPal,Annually,Footwear,16,0,365,56.0,0.0,22.4,28.6,34.2,23.0,False,False,1. High Value Organic
1436,36,Male,Shirt,Clothing,21,New York,M,Charcoal,Summer,2.9,No,Standard,Yes,Yes,24,Cash,Annually,Clothing,25,1,365,26.25,5.25,10.5,5.5,8.12,2.88,False,False,3. Promo-Using Repeat
1437,54,Female,Jeans,Clothing,24,Tennessee,L,Black,Summer,2.7,No,Standard,Yes,Yes,15,Credit Card,Every 3 Months,Clothing,16,1,90,30.0,6.0,12.0,7.0,10.0,4.0,False,False,3. Promo-Using Repeat
1438,57,Male,Dress,Clothing,25,Rhode Island,L,Cyan,Spring,4.7,No,Store Pickup,Yes,Yes,26,PayPal,Quarterly,Clothing,27,1,90,31.25,6.25,12.5,7.5,10.62,4.38,False,False,3. Promo-Using Repeat
1439,46,Male,Shirt,Clothing,45,Arizona,XL,White,Summer,5.0,No,2-Day Shipping,Yes,Yes,8,Cash,Fortnightly,Clothing,9,1,14,56.25,11.25,22.5,17.5,23.12,11.88,False,False,3. Promo-Using Repeat
1440,34,Female,Backpack,Accessories,79,Massachusetts,L,Purple,Spring,3.7,No,Next Day Air,Yes,Yes,38,PayPal,Bi-Weekly,Accessories,39,1,14,98.75,19.75,39.5,34.5,44.38,24.62,True,False,2. High Spend Bargain Hunter
1441,21,Male,Dress,Clothing,39,Arkansas,M,Teal,Spring,2.8,No,Standard,Yes,Yes,18,Credit Card,Every 3 Months,Clothing,19,1,90,48.75,9.75,19.5,14.5,19.38,9.62,False,False,3. Promo-Using Repeat
1442,23,Female,Shirt,Clothing,84,Delaware,S,Magenta,Winter,4.6,No,Standard,Yes,Yes,13,Bank Transfer,Annually,Clothing,14,1,365,105.0,21.0,42.0,37.0,47.5,26.5,False,False,2. High Spend Bargain Hunter
1443,68,Female,Pants,Clothing,77,Vermont,S,Olive,Fall,4.5,No,Next Day Air,No,No,42,Bank Transfer,Annually,Clothing,43,0,365,77.0,0.0,30.8,41.2,48.9,33.5,False,True,1. High Value Organic
1444,36,Male,Boots,Footwear,58,Maryland,L,Yellow,Fall,4.1,No,2-Day Shipping,Yes,Yes,42,Venmo,Every 3 Months,Footwear,43,1,90,72.5,14.5,29.0,24.0,31.25,16.75,False,False,3. Promo-Using Repeat
1445,47,Male,Sneakers,Footwear,76,Arizona,S,Charcoal,Summer,4.9,No,Express,Yes,Yes,11,Bank Transfer,Annually,Footwear,12,1,365,95.0,19.0,38.0,33.0,42.5,23.5,False,False,3. Promo-Using Repeat
1446,30,Female,Gloves,Accessories,34,Iowa,S,Red,Fall,4.8,Yes,Store Pickup,Yes,Yes,2,Debit Card,Monthly,Accessories,3,1,30,42.5,8.5,17.0,12.0,16.25,7.75,False,False,3. Promo-Using Repeat
1447,23,Male,Blouse,Clothing,44,Idaho,M,Charcoal,Winter,2.9,No,Store Pickup,No,No,48,Cash,Bi-Weekly,Clothing,49,0,14,44.0,0.0,17.6,21.4,25.8,17.0,False,False,4. Mid-Tier Core
1448,51,Female,Shirt,Clothing,55,Arizona,M,Silver,Summer,3.4,No,2-Day Shipping,No,No,36,Debit Card,Quarterly,Clothing,37,0,90,55.0,0.0,22.0,28.0,33.5,22.5,False,False,1. High Value Organic
1449,52,Male,Handbag,Accessories,38,Texas,L,Beige,Summer,4.3,No,Next Day Air,No,No,35,Cash,Quarterly,Accessories,36,0,90,38.0,0.0,15.2,17.8,21.6,14.0,False,False,4. Mid-Tier Core
1450,30,Male,Jewelry,Accessories,93,Nebraska,L,Indigo,Winter,3.5,No,Next Day Air,No,No,6,Cash,Annually,Accessories,7,0,365,93.0,0.0,37.2,50.8,60.1,41.5,False,False,4. Mid-Tier Core
1451,58,Female,Pants,Clothing,30,North Dakota,M,Lavender,Summer,3.6,No,Store Pickup,Yes,Yes,41,Venmo,Fortnightly,Clothing,42,1,14,37.5,7.5,15.0,10.0,13.75,6.25,False,False,3. Promo-Using Repeat
1452,36,Male,Shirt,Clothing,85,Mississippi,M,Gold,Summer,4.9,No,Store Pickup,No,No,33,Venmo,Weekly,Clothing,34,0,7,85.0,0.0,34.0,46.0,54.5,37.5,True,True,1. High Value Organic
1453,64,Female,Sandals,Footwear,83,Tennessee,L,Gold,Winter,3.7,No,Standard,Yes,Yes,12,Debit Card,Bi-Weekly,Footwear,13,1,14,103.75,20.75,41.5,36.5,46.88,26.12,False,False,2. High Spend Bargain Hunter
1454,48,Male,Pants,Clothing,59,Arizona,M,Purple,Spring,2.9,No,Next Day Air,No,No,41,PayPal,Quarterly,Clothing,42,0,90,59.0,0.0,23.6,30.4,36.3,24.5,False,False,1. High Value Organic
1455,35,Female,Dress,Clothing,75,Illinois,M,Maroon,Summer,3.5,No,Store Pickup,No,No,12,Credit Card,Fortnightly,Clothing,13,0,14,75.0,0.0,30.0,40.0,47.5,32.5,False,False,1. High Value Organic
1456,32,Male,Socks,Clothing,35,Alaska,M,Maroon,Spring,4.4,Yes,Express,No,No,4,Credit Card,Annually,Clothing,5,0,365,35.0,0.0,14.0,16.0,19.5,12.5,False,False,4. Mid-Tier Core
1457,66,Male,Shorts,Clothing,80,Arkansas,L,Violet,Summer,3.4,No,Free Shipping,No,No,48,PayPal,Weekly,Clothing,49,0,7,80.0,0.0,32.0,43.0,51.0,35.0,True,True,1. High Value Organic
1458,44,Male,Pants,Clothing,43,Maine,L,Gray,Winter,4.6,Yes,Express,Yes,Yes,3,Debit Card,Fortnightly,Clothing,4,1,14,53.75,10.75,21.5,16.5,21.88,11.12,False,False,3. Promo-Using Repeat
1459,59,Female,Gloves,Accessories,95,Missouri,M,Purple,Spring,4.4,No,Standard,No,No,34,PayPal,Monthly,Accessories,35,0,30,95.0,0.0,38.0,52.0,61.5,42.5,True,True,1. High Value Organic
1460,36,Male,Jeans,Clothing,89,South Carolina,L,Violet,Spring,3.4,Yes,Free Shipping,No,No,31,Debit Card,Bi-Weekly,Clothing,32,0,14,89.0,0.0,35.6,48.4,57.3,39.5,True,True,1. High Value Organic
1461,42,Female,Gloves,Accessories,31,Nevada,M,Orange,Winter,4.8,No,Store Pickup,Yes,Yes,17,Debit Card,Annually,Accessories,18,1,365,38.75,7.75,15.5,10.5,14.38,6.62,False,False,3. Promo-Using Repeat
1462,59,Female,Sunglasses,Accessories,37,Maine,XL,Lavender,Summer,2.7,Yes,Express,No,No,11,Cash,Weekly,Accessories,12,0,7,37.0,0.0,14.8,17.2,20.9,13.5,False,False,4. Mid-Tier Core
1463,70,Female,Skirt,Clothing,89,Illinois,M,Violet,Spring,3.7,Yes,2-Day Shipping,No,No,34,Debit Card,Quarterly,Clothing,35,0,90,89.0,0.0,35.6,48.4,57.3,39.5,True,True,1. High Value Organic
1464,55,Female,Handbag,Accessories,88,Mississippi,M,Olive,Fall,3.3,No,Free Shipping,No,No,1,Debit Card,Weekly,Accessories,2,0,7,88.0,0.0,35.2,47.8,56.6,39.0,False,False,4. Mid-Tier Core
1465,21,Female,Jacket,Outerwear,60,Missouri,XL,Pink,Summer,2.8,Yes,Standard,No,No,46,PayPal,Fortnightly,Outerwear,47,0,14,60.0,0.0,24.0,31.0,37.0,25.0,False,False,1. High Value Organic
1466,34,Male,Dress,Clothing,37,Wyoming,M,Olive,Spring,4.7,No,Standard,Yes,Yes,48,Debit Card,Weekly,Clothing,49,1,7,46.25,9.25,18.5,13.5,18.12,8.88,False,False,3. Promo-Using Repeat
1467,56,Male,Shorts,Clothing,37,South Dakota,M,Cyan,Summer,2.7,No,Store Pickup,Yes,Yes,9,Debit Card,Annually,Clothing,10,1,365,46.25,9.25,18.5,13.5,18.12,8.88,False,False,3. Promo-Using Repeat
1468,68,Male,Pants,Clothing,89,Wyoming,L,Teal,Winter,4.1,No,Store Pickup,No,No,48,PayPal,Quarterly,Clothing,49,0,90,89.0,0.0,35.6,48.4,57.3,39.5,True,True,1. High Value Organic
1469,33,Male,Dress,Clothing,27,Texas,S,Peach,Spring,2.8,No,Standard,Yes,Yes,32,Bank Transfer,Quarterly,Clothing,33,1,90,33.75,6.75,13.5,8.5,11.88,5.12,False,False,3. Promo-Using Repeat
1470,26,Male,Shirt,Clothing,47,Georgia,M,Olive,Spring,4.4,Yes,2-Day Shipping,No,No,10,PayPal,Every 3 Months,Clothing,11,0,90,47.0,0.0,18.8,23.2,27.9,18.5,False,False,4. Mid-Tier Core
1471,30,Female,Dress,Clothing,59,Louisiana,M,Cyan,Summer,3.2,No,Express,Yes,Yes,25,Cash,Fortnightly,Clothing,26,1,14,73.75,14.75,29.5,24.5,31.88,17.12,False,False,3. Promo-Using Repeat
1472,68,Male,Dress,Clothing,50,Missouri,S,Silver,Winter,3.2,No,Express,No,No,27,Cash,Quarterly,Clothing,28,0,90,50.0,0.0,20.0,25.0,30.0,20.0,False,False,4. Mid-Tier Core
1473,36,Male,Boots,Footwear,66,New York,L,Turquoise,Summer,4.1,Yes,Free Shipping,Yes,Yes,15,Venmo,Every 3 Months,Footwear,16,1,90,82.5,16.5,33.0,28.0,36.25,19.75,False,False,3. Promo-Using Repeat
1474,60,Female,Skirt,Clothing,68,Massachusetts,M,Maroon,Summer,3.9,Yes,Standard,No,No,10,Debit Card,Every 3 Months,Clothing,11,0,90,68.0,0.0,27.2,35.8,42.6,29.0,False,False,1. High Value Organic
1475,48,Female,Skirt,Clothing,39,Illinois,M,Maroon,Winter,4.0,No,2-Day Shipping,No,No,29,Debit Card,Quarterly,Clothing,30,0,90,39.0,0.0,15.6,18.4,22.3,14.5,False,False,4. Mid-Tier Core
1476,67,Female,Scarf,Accessories,41,Kansas,S,Magenta,Fall,2.6,No,Next Day Air,Yes,Yes,32,Credit Card,Weekly,Accessories,33,1,7,51.25,10.25,20.5,15.5,20.62,10.38,False,False,3. Promo-Using Repeat
1477,56,Female,Dress,Clothing,30,Kansas,L,Gold,Summer,4.3,No,Free Shipping,Yes,Yes,18,PayPal,Quarterly,Clothing,19,1,90,37.5,7.5,15.0,10.0,13.75,6.25,False,False,3. Promo-Using Repeat
1478,41,Female,Jeans,Clothing,21,Kansas,M,White,Spring,2.6,Yes,Standard,Yes,Yes,9,Bank Transfer,Weekly,Clothing,10,1,7,26.25,5.25,10.5,5.5,8.12,2.88,False,False,3. Promo-Using Repeat
1479,51,Male,Dress,Clothing,90,Nevada,S,Maroon,Summer,3.7,Yes,Next Day Air,No,No,48,Bank Transfer,Fortnightly,Clothing,49,0,14,90.0,0.0,36.0,49.0,58.0,40.0,True,True,1. High Value Organic
1480,24,Female,Belt,Accessories,69,Minnesota,M,Green,Winter,4.6,No,Store Pickup,No,No,14,Credit Card,Bi-Weekly,Accessories,15,0,14,69.0,0.0,27.6,36.4,43.3,29.5,False,False,1. High Value Organic
1481,56,Male,Sandals,Footwear,93,Maine,L,Indigo,Fall,3.1,No,Next Day Air,No,No,21,Credit Card,Monthly,Footwear,22,0,30,93.0,0.0,37.2,50.8,60.1,41.5,True,True,1. High Value Organic
1482,44,Female,Sweater,Clothing,33,Arkansas,L,Gold,Fall,3.4,No,Express,No,No,16,Bank Transfer,Bi-Weekly,Clothing,17,0,14,33.0,0.0,13.2,14.8,18.1,11.5,False,False,4. Mid-Tier Core
1483,24,Male,Socks,Clothing,64,Montana,L,Orange,Spring,2.6,Yes,Standard,Yes,Yes,16,Cash,Every 3 Months,Clothing,17,1,90,80.0,16.0,32.0,27.0,35.0,19.0,False,False,3. Promo-Using Repeat
1484,32,Male,Pants,Clothing,62,Wyoming,L,Beige,Summer,2.6,No,Free Shipping,No,No,34,Venmo,Weekly,Clothing,35,0,7,62.0,0.0,24.8,32.2,38.4,26.0,False,False,1. High Value Organic
1485,31,Female,Hoodie,Clothing,52,Montana,S,Peach,Spring,4.9,No,Standard,No,No,4,PayPal,Quarterly,Clothing,5,0,90,52.0,0.0,20.8,26.2,31.4,21.0,False,False,4. Mid-Tier Core
1486,62,Male,Gloves,Accessories,89,South Carolina,M,Magenta,Fall,4.0,Yes,Free Shipping,No,No,7,PayPal,Monthly,Accessories,8,0,30,89.0,0.0,35.6,48.4,57.3,39.5,False,False,4. Mid-Tier Core
1487,30,Male,Jewelry,Accessories,73,North Carolina,M,Silver,Summer,4.7,No,2-Day Shipping,No,No,7,Bank Transfer,Quarterly,Accessories,8,0,90,73.0,0.0,29.2,38.8,46.1,31.5,False,False,4. Mid-Tier Core
1488,21,Female,Scarf,Accessories,20,South Dakota,M,Red,Winter,2.9,No,Standard,No,No,41,PayPal,Fortnightly,Accessories,42,0,14,20.0,0.0,8.0,7.0,9.0,5.0,False,False,4. Mid-Tier Core
1489,30,Female,Sweater,Clothing,59,Nebraska,S,Indigo,Fall,4.2,No,Free Shipping,No,No,31,PayPal,Quarterly,Clothing,32,0,90,59.0,0.0,23.6,30.4,36.3,24.5,False,False,1. High Value Organic
1490,63,Male,Jewelry,Accessories,53,Florida,S,Turquoise,Winter,4.3,No,Standard,No,No,29,Credit Card,Annually,Accessories,30,0,365,53.0,0.0,21.2,26.8,32.1,21.5,False,False,4. Mid-Tier Core
1491,33,Male,Sneakers,Footwear,61,Missouri,XL,Orange,Winter,4.2,Yes,Express,No,No,28,Debit Card,Bi-Weekly,Footwear,29,0,14,61.0,0.0,24.4,31.6,37.7,25.5,False,False,1. High Value Organic
1492,65,Male,Jewelry,Accessories,36,North Carolina,L,Beige,Fall,4.4,Yes,Free Shipping,Yes,Yes,29,Cash,Annually,Accessories,30,1,365,45.0,9.0,18.0,13.0,17.5,8.5,False,False,3. Promo-Using Repeat
1493,62,Male,Hat,Accessories,71,Nebraska,L,Turquoise,Fall,4.8,No,Store Pickup,Yes,Yes,26,PayPal,Weekly,Accessories,27,1,7,88.75,17.75,35.5,30.5,39.38,21.62,False,False,3. Promo-Using Repeat
1494,35,Female,Jacket,Outerwear,92,Oklahoma,M,Gold,Spring,3.2,No,Next Day Air,No,No,3,Debit Card,Bi-Weekly,Outerwear,4,0,14,92.0,0.0,36.8,50.2,59.4,41.0,False,False,4. Mid-Tier Core
1495,69,Male,Shirt,Clothing,53,Montana,M,White,Fall,4.5,No,Store Pickup,No,No,30,Venmo,Every 3 Months,Clothing,31,0,90,53.0,0.0,21.2,26.8,32.1,21.5,False,False,4. Mid-Tier Core
1496,39,Female,Sneakers,Footwear,80,Texas,L,Silver,Summer,2.8,No,Standard,No,No,16,Credit Card,Bi-Weekly,Footwear,17,0,14,80.0,0.0,32.0,43.0,51.0,35.0,False,True,1. High Value Organic
1497,55,Male,Jeans,Clothing,49,Nevada,M,Orange,Summer,3.4,No,Next Day Air,Yes,Yes,8,Debit Card,Monthly,Clothing,9,1,30,61.25,12.25,24.5,19.5,25.62,13.38,False,False,3. Promo-Using Repeat
1498,31,Male,Scarf,Accessories,29,Oklahoma,XL,Indigo,Spring,2.9,No,Next Day Air,No,No,37,Credit Card,Weekly,Accessories,38,0,7,29.0,0.0,11.6,12.4,15.3,9.5,False,False,4. Mid-Tier Core
1499,24,Male,Blouse,Clothing,96,Delaware,L,Brown,Winter,4.2,No,Store Pickup,No,No,2,Credit Card,Weekly,Clothing,3,0,7,96.0,0.0,38.4,52.6,62.2,43.0,False,False,4. Mid-Tier Core
1500,32,Male,Shirt,Clothing,54,Arkansas,M,Yellow,Spring,2.5,Yes,2-Day Shipping,No,No,49,Credit Card,Annually,Clothing,50,0,365,54.0,0.0,21.6,27.4,32.8,22.0,False,False,4. Mid-Tier Core
1501,46,Male,Shorts,Clothing,97,Maine,L,Red,Spring,3.0,Yes,2-Day Shipping,Yes,Yes,28,PayPal,Quarterly,Clothing,29,1,90,121.25,24.25,48.5,43.5,55.62,31.38,True,False,2. High Spend Bargain Hunter
1502,54,Male,Gloves,Accessories,23,Alaska,L,Lavender,Spring,2.9,No,Next Day Air,No,No,3,Cash,Weekly,Accessories,4,0,7,23.0,0.0,9.2,8.8,11.1,6.5,False,False,4. Mid-Tier Core
1503,20,Male,Sandals,Footwear,47,Mississippi,M,Maroon,Fall,4.9,Yes,Store Pickup,No,No,11,Cash,Bi-Weekly,Footwear,12,0,14,47.0,0.0,18.8,23.2,27.9,18.5,False,False,4. Mid-Tier Core
1504,30,Female,Dress,Clothing,34,South Carolina,L,Brown,Winter,3.0,No,Next Day Air,No,No,50,Cash,Weekly,Clothing,51,0,7,34.0,0.0,13.6,15.4,18.8,12.0,False,False,4. Mid-Tier Core
1505,47,Male,Hat,Accessories,49,Montana,M,Maroon,Spring,2.5,No,Next Day Air,Yes,Yes,25,Cash,Every 3 Months,Accessories,26,1,90,61.25,12.25,24.5,19.5,25.62,13.38,False,False,3. Promo-Using Repeat
1506,56,Male,Gloves,Accessories,62,Massachusetts,M,Violet,Spring,3.7,No,Standard,Yes,Yes,28,Cash,Quarterly,Accessories,29,1,90,77.5,15.5,31.0,26.0,33.75,18.25,False,False,3. Promo-Using Repeat
1507,64,Male,Socks,Clothing,36,Nevada,M,Indigo,Fall,3.7,No,Express,No,No,42,Cash,Every 3 Months,Clothing,43,0,90,36.0,0.0,14.4,16.6,20.2,13.0,False,False,4. Mid-Tier Core
1508,32,Female,Dress,Clothing,76,Maryland,L,Silver,Fall,2.8,Yes,Standard,Yes,Yes,20,Bank Transfer,Monthly,Clothing,21,1,30,95.0,19.0,38.0,33.0,42.5,23.5,False,False,3. Promo-Using Repeat
1509,57,Female,Hoodie,Clothing,91,Maine,M,Red,Spring,3.7,Yes,Standard,Yes,Yes,31,Debit Card,Annually,Clothing,32,1,365,113.75,22.75,45.5,40.5,51.88,29.12,True,False,2. High Spend Bargain Hunter
1510,34,Male,Boots,Footwear,69,Delaware,M,Green,Spring,2.7,No,Store Pickup,No,No,43,Credit Card,Monthly,Footwear,44,0,30,69.0,0.0,27.6,36.4,43.3,29.5,False,False,1. High Value Organic
1511,50,Male,Shoes,Footwear,26,Hawaii,M,Gray,Spring,3.9,No,Next Day Air,Yes,Yes,3,Debit Card,Weekly,Footwear,4,1,7,32.5,6.5,13.0,8.0,11.25,4.75,False,False,3. Promo-Using Repeat
1512,51,Male,Dress,Clothing,74,Wyoming,L,Gray,Fall,3.4,No,Standard,Yes,Yes,23,Debit Card,Annually,Clothing,24,1,365,92.5,18.5,37.0,32.0,41.25,22.75,False,False,3. Promo-Using Repeat
1513,54,Male,Shirt,Clothing,65,Texas,L,Charcoal,Summer,3.1,No,Store Pickup,No,No,9,PayPal,Annually,Clothing,10,0,365,65.0,0.0,26.0,34.0,40.5,27.5,False,False,4. Mid-Tier Core
1514,64,Male,Handbag,Accessories,77,Georgia,M,Turquoise,Winter,3.7,No,2-Day Shipping,No,No,48,Credit Card,Fortnightly,Accessories,49,0,14,77.0,0.0,30.8,41.2,48.9,33.5,False,True,1. High Value Organic
1515,70,Male,Sneakers,Footwear,40,Maryland,S,Turquoise,Fall,2.6,Yes,Standard,No,No,34,Debit Card,Weekly,Footwear,35,0,7,40.0,0.0,16.0,19.0,23.0,15.0,False,False,4. Mid-Tier Core
1516,18,Female,Blouse,Clothing,23,Nebraska,L,Red,Spring,3.4,Yes,2-Day Shipping,Yes,Yes,22,Cash,Annually,Clothing,23,1,365,28.75,5.75,11.5,6.5,9.38,3.62,False,False,3. Promo-Using Repeat
1517,23,Male,Boots,Footwear,85,Montana,L,Turquoise,Fall,4.5,Yes,Express,No,No,19,PayPal,Fortnightly,Footwear,20,0,14,85.0,0.0,34.0,46.0,54.5,37.5,False,True,1. High Value Organic
1518,21,Female,Dress,Clothing,68,Maine,M,Purple,Fall,3.0,No,Store Pickup,Yes,Yes,23,Cash,Quarterly,Clothing,24,1,90,85.0,17.0,34.0,29.0,37.5,20.5,False,False,3. Promo-Using Repeat
1519,41,Male,Sweater,Clothing,80,Massachusetts,L,Teal,Spring,4.0,No,Next Day Air,No,No,42,Credit Card,Quarterly,Clothing,43,0,90,80.0,0.0,32.0,43.0,51.0,35.0,True,True,1. High Value Organic
1520,55,Male,Boots,Footwear,72,Alaska,M,White,Spring,2.9,No,Next Day Air,Yes,Yes,8,Venmo,Monthly,Footwear,9,1,30,90.0,18.0,36.0,31.0,40.0,22.0,False,False,3. Promo-Using Repeat
1521,19,Male,Boots,Footwear,24,Idaho,L,Pink,Spring,3.2,No,Next Day Air,No,No,43,PayPal,Annually,Footwear,44,0,365,24.0,0.0,9.6,9.4,11.8,7.0,False,False,4. Mid-Tier Core
1522,36,Female,Shirt,Clothing,38,Colorado,M,Cyan,Fall,4.6,No,Free Shipping,Yes,Yes,16,PayPal,Every 3 Months,Clothing,17,1,90,47.5,9.5,19.0,14.0,18.75,9.25,False,False,3. Promo-Using Repeat
1523,41,Female,Gloves,Accessories,80,Florida,M,Purple,Spring,3.3,No,2-Day Shipping,Yes,Yes,25,Debit Card,Bi-Weekly,Accessories,26,1,14,100.0,20.0,40.0,35.0,45.0,25.0,True,False,2. High Spend Bargain Hunter
1524,68,Male,Dress,Clothing,92,Florida,S,Purple,Summer,3.6,Yes,Next Day Air,Yes,Yes,46,Bank Transfer,Bi-Weekly,Clothing,47,1,14,115.0,23.0,46.0,41.0,52.5,29.5,True,False,2. High Spend Bargain Hunter
1525,63,Female,Backpack,Accessories,94,Kansas,S,Turquoise,Spring,4.7,No,2-Day Shipping,Yes,Yes,47,Credit Card,Fortnightly,Accessories,48,1,14,117.5,23.5,47.0,42.0,53.75,30.25,True,False,2. High Spend Bargain Hunter
1526,51,Male,Scarf,Accessories,92,Massachusetts,M,Peach,Spring,4.5,Yes,Store Pickup,No,No,18,PayPal,Monthly,Accessories,19,0,30,92.0,0.0,36.8,50.2,59.4,41.0,False,True,1. High Value Organic
1527,55,Female,Sandals,Footwear,42,Illinois,M,Lavender,Fall,4.7,No,Store Pickup,Yes,Yes,7,Bank Transfer,Weekly,Footwear,8,1,7,52.5,10.5,21.0,16.0,21.25,10.75,False,False,3. Promo-Using Repeat
1528,29,Male,Backpack,Accessories,60,Idaho,S,Indigo,Winter,2.7,No,Store Pickup,No,No,50,Cash,Bi-Weekly,Accessories,51,0,14,60.0,0.0,24.0,31.0,37.0,25.0,False,False,1. High Value Organic
1529,66,Male,Dress,Clothing,33,Indiana,S,Orange,Spring,4.2,No,Express,No,No,11,Cash,Quarterly,Clothing,12,0,90,33.0,0.0,13.2,14.8,18.1,11.5,False,False,4. Mid-Tier Core
1530,21,Female,Belt,Accessories,79,Mississippi,XL,Peach,Fall,4.7,Yes,Express,No,No,19,Venmo,Every 3 Months,Accessories,20,0,90,79.0,0.0,31.6,42.4,50.3,34.5,False,True,1. High Value Organic
1531,62,Male,Handbag,Accessories,41,Illinois,S,Silver,Spring,4.1,Yes,Express,Yes,Yes,33,Credit Card,Bi-Weekly,Accessories,34,1,14,51.25,10.25,20.5,15.5,20.62,10.38,False,False,3. Promo-Using Repeat
1532,35,Male,Sneakers,Footwear,85,Delaware,XL,Orange,Summer,3.4,Yes,Store Pickup,Yes,Yes,20,Venmo,Fortnightly,Footwear,21,1,14,106.25,21.25,42.5,37.5,48.12,26.88,True,False,2. High Spend Bargain Hunter
1533,41,Male,Shoes,Footwear,71,Colorado,L,Olive,Summer,4.5,No,Next Day Air,No,No,24,PayPal,Fortnightly,Footwear,25,0,14,71.0,0.0,28.4,37.6,44.7,30.5,False,False,1. High Value Organic
1534,68,Male,Blouse,Clothing,31,North Carolina,S,Gold,Spring,2.7,No,Free Shipping,No,No,35,Cash,Fortnightly,Clothing,36,0,14,31.0,0.0,12.4,13.6,16.7,10.5,False,False,4. Mid-Tier Core
1535,22,Male,Pants,Clothing,71,Montana,M,Yellow,Fall,3.2,No,2-Day Shipping,No,No,26,Venmo,Bi-Weekly,Clothing,27,0,14,71.0,0.0,28.4,37.6,44.7,30.5,False,False,1. High Value Organic
1536,45,Male,Shorts,Clothing,35,Georgia,L,Silver,Spring,3.3,No,Express,No,No,18,Cash,Weekly,Clothing,19,0,7,35.0,0.0,14.0,16.0,19.5,12.5,False,False,4. Mid-Tier Core
1537,50,Male,Jewelry,Accessories,31,Arkansas,M,Purple,Summer,4.4,No,Express,Yes,Yes,3,Debit Card,Monthly,Accessories,4,1,30,38.75,7.75,15.5,10.5,14.38,6.62,False,False,3. Promo-Using Repeat
1538,59,Male,Shirt,Clothing,37,Delaware,M,Gold,Winter,5.0,No,Express,No,No,44,PayPal,Monthly,Clothing,45,0,30,37.0,0.0,14.8,17.2,20.9,13.5,False,False,4. Mid-Tier Core
1539,54,Male,Boots,Footwear,89,Ohio,M,Charcoal,Winter,3.6,No,Standard,No,No,2,Cash,Weekly,Footwear,3,0,7,89.0,0.0,35.6,48.4,57.3,39.5,False,False,4. Mid-Tier Core
1540,36,Male,Skirt,Clothing,97,Idaho,S,Gray,Summer,4.7,Yes,Store Pickup,No,No,7,Credit Card,Bi-Weekly,Clothing,8,0,14,97.0,0.0,38.8,53.2,62.9,43.5,False,False,4. Mid-Tier Core
1541,55,Female,Shorts,Clothing,52,Alaska,L,Black,Spring,4.8,Yes,Free Shipping,Yes,Yes,10,Credit Card,Quarterly,Clothing,11,1,90,65.0,13.0,26.0,21.0,27.5,14.5,False,False,3. Promo-Using Repeat
1542,42,Female,Coat,Outerwear,98,North Dakota,S,Orange,Winter,3.8,No,Standard,Yes,Yes,25,Cash,Bi-Weekly,Outerwear,26,1,14,122.5,24.5,49.0,44.0,56.25,31.75,True,False,2. High Spend Bargain Hunter
1543,18,Female,Hat,Accessories,40,New Jersey,L,Maroon,Spring,3.7,No,Express,No,No,11,Debit Card,Bi-Weekly,Accessories,12,0,14,40.0,0.0,16.0,19.0,23.0,15.0,False,False,4. Mid-Tier Core
1544,35,Female,Socks,Clothing,71,Nebraska,M,Purple,Fall,2.8,Yes,Free Shipping,Yes,Yes,29,Bank Transfer,Every 3 Months,Clothing,30,1,90,88.75,17.75,35.5,30.5,39.38,21.62,False,False,3. Promo-Using Repeat
1545,43,Female,Shirt,Clothing,78,Colorado,L,Teal,Spring,2.8,No,2-Day Shipping,Yes,Yes,31,Credit Card,Quarterly,Clothing,32,1,90,97.5,19.5,39.0,34.0,43.75,24.25,False,False,3. Promo-Using Repeat
1546,38,Female,Coat,Outerwear,73,New York,XL,Green,Winter,4.6,No,Standard,No,No,4,PayPal,Quarterly,Outerwear,5,0,90,73.0,0.0,29.2,38.8,46.1,31.5,False,False,4. Mid-Tier Core
1547,28,Male,Sneakers,Footwear,85,Tennessee,S,Gold,Spring,4.6,No,2-Day Shipping,Yes,Yes,28,Bank Transfer,Fortnightly,Footwear,29,1,14,106.25,21.25,42.5,37.5,48.12,26.88,True,False,2. High Spend Bargain Hunter
1548,18,Male,Dress,Clothing,52,Massachusetts,L,Olive,Spring,3.4,No,Store Pickup,No,No,36,PayPal,Annually,Clothing,37,0,365,52.0,0.0,20.8,26.2,31.4,21.0,False,False,4. Mid-Tier Core
1549,67,Male,Shirt,Clothing,100,West Virginia,S,Pink,Spring,3.2,Yes,Standard,No,No,44,PayPal,Annually,Clothing,45,0,365,100.0,0.0,40.0,55.0,65.0,45.0,True,True,1. High Value Organic
1550,23,Male,Sneakers,Footwear,72,Mississippi,M,Yellow,Winter,2.8,Yes,Free Shipping,No,No,45,Debit Card,Quarterly,Footwear,46,0,90,72.0,0.0,28.8,38.2,45.4,31.0,False,False,1. High Value Organic
1551,33,Male,Skirt,Clothing,38,Minnesota,S,Pink,Summer,4.8,Yes,2-Day Shipping,No,No,9,Debit Card,Quarterly,Clothing,10,0,90,38.0,0.0,15.2,17.8,21.6,14.0,False,False,4. Mid-Tier Core
1552,38,Male,Shoes,Footwear,25,Kansas,M,Lavender,Winter,2.7,No,Free Shipping,Yes,Yes,35,Cash,Quarterly,Footwear,36,1,90,31.25,6.25,12.5,7.5,10.62,4.38,False,False,3. Promo-Using Repeat
1553,29,Male,Belt,Accessories,66,Illinois,M,Peach,Spring,4.6,Yes,Standard,No,No,22,Bank Transfer,Quarterly,Accessories,23,0,90,66.0,0.0,26.4,34.6,41.2,28.0,False,False,1. High Value Organic
1554,62,Male,Jewelry,Accessories,94,Maryland,XL,Gold,Spring,3.2,Yes,Free Shipping,Yes,Yes,17,Cash,Monthly,Accessories,18,1,30,117.5,23.5,47.0,42.0,53.75,30.25,False,False,2. High Spend Bargain Hunter
1555,59,Male,Shoes,Footwear,31,Alaska,L,Black,Winter,3.5,No,2-Day Shipping,Yes,Yes,49,Venmo,Annually,Footwear,50,1,365,38.75,7.75,15.5,10.5,14.38,6.62,False,False,3. Promo-Using Repeat
1556,47,Male,Dress,Clothing,86,Delaware,L,White,Spring,3.2,No,Next Day Air,No,No,36,Venmo,Every 3 Months,Clothing,37,0,90,86.0,0.0,34.4,46.6,55.2,38.0,True,True,1. High Value Organic
1557,65,Male,Sweater,Clothing,59,Delaware,M,Violet,Spring,3.0,No,Express,Yes,Yes,47,Debit Card,Annually,Clothing,48,1,365,73.75,14.75,29.5,24.5,31.88,17.12,False,False,3. Promo-Using Repeat
1558,63,Female,Socks,Clothing,21,Massachusetts,XL,Purple,Summer,3.7,No,Express,Yes,Yes,16,Venmo,Every 3 Months,Clothing,17,1,90,26.25,5.25,10.5,5.5,8.12,2.88,False,False,3. Promo-Using Repeat
1559,24,Male,Hoodie,Clothing,55,Colorado,XL,Black,Spring,4.3,No,Standard,No,No,50,Cash,Quarterly,Clothing,51,0,90,55.0,0.0,22.0,28.0,33.5,22.5,False,False,1. High Value Organic
1560,36,Male,Sunglasses,Accessories,48,Texas,M,Charcoal,Fall,2.6,No,Express,Yes,Yes,10,Bank Transfer,Annually,Accessories,11,1,365,60.0,12.0,24.0,19.0,25.0,13.0,False,False,3. Promo-Using Repeat
1561,27,Male,Shirt,Clothing,39,Georgia,S,Purple,Fall,4.4,No,Express,Yes,Yes,43,Cash,Annually,Clothing,44,1,365,48.75,9.75,19.5,14.5,19.38,9.62,False,False,3. Promo-Using Repeat
1562,28,Female,Shirt,Clothing,49,West Virginia,M,Indigo,Summer,4.1,Yes,Free Shipping,No,No,22,Debit Card,Weekly,Clothing,23,0,7,49.0,0.0,19.6,24.4,29.3,19.5,False,False,4. Mid-Tier Core
1563,27,Male,Shoes,Footwear,64,New Jersey,L,Yellow,Spring,3.3,No,Express,No,No,21,Venmo,Weekly,Footwear,22,0,7,64.0,0.0,25.6,33.4,39.8,27.0,False,False,1. High Value Organic
1564,24,Male,Sneakers,Footwear,71,California,S,Orange,Fall,4.2,No,Next Day Air,Yes,Yes,32,Credit Card,Every 3 Months,Footwear,33,1,90,88.75,17.75,35.5,30.5,39.38,21.62,False,False,3. Promo-Using Repeat
1565,42,Male,Handbag,Accessories,38,South Dakota,L,Beige,Spring,2.6,No,2-Day Shipping,No,No,10,Cash,Bi-Weekly,Accessories,11,0,14,38.0,0.0,15.2,17.8,21.6,14.0,False,False,4. Mid-Tier Core
1566,25,Male,Sweater,Clothing,67,North Dakota,L,Orange,Fall,4.3,Yes,Express,Yes,Yes,42,Debit Card,Quarterly,Clothing,43,1,90,83.75,16.75,33.5,28.5,36.88,20.12,False,False,3. Promo-Using Repeat
1567,36,Male,Shirt,Clothing,36,Delaware,M,Maroon,Spring,4.4,No,Free Shipping,No,No,4,PayPal,Fortnightly,Clothing,5,0,14,36.0,0.0,14.4,16.6,20.2,13.0,False,False,4. Mid-Tier Core
1568,40,Female,Handbag,Accessories,21,Massachusetts,XL,Green,Summer,3.0,Yes,Standard,No,No,4,Bank Transfer,Every 3 Months,Accessories,5,0,90,21.0,0.0,8.4,7.6,9.7,5.5,False,False,4. Mid-Tier Core
1569,45,Male,Jewelry,Accessories,93,Arizona,S,Green,Spring,4.2,No,Express,Yes,Yes,33,Credit Card,Fortnightly,Accessories,34,1,14,116.25,23.25,46.5,41.5,53.12,29.88,True,False,2. High Spend Bargain Hunter
1570,41,Male,Coat,Outerwear,38,Nebraska,S,Orange,Summer,2.9,Yes,Next Day Air,No,No,5,PayPal,Fortnightly,Outerwear,6,0,14,38.0,0.0,15.2,17.8,21.6,14.0,False,False,4. Mid-Tier Core
1571,33,Male,Jacket,Outerwear,94,Missouri,L,Charcoal,Summer,4.8,Yes,2-Day Shipping,Yes,Yes,47,Cash,Annually,Outerwear,48,1,365,117.5,23.5,47.0,42.0,53.75,30.25,True,False,2. High Spend Bargain Hunter
1572,46,Male,Backpack,Accessories,42,South Carolina,M,Lavender,Winter,4.8,No,Store Pickup,No,No,24,Bank Transfer,Quarterly,Accessories,25,0,90,42.0,0.0,16.8,20.2,24.4,16.0,False,False,4. Mid-Tier Core
1573,46,Female,Dress,Clothing,71,New Jersey,L,Pink,Winter,3.2,No,Express,No,No,24,Cash,Quarterly,Clothing,25,0,90,71.0,0.0,28.4,37.6,44.7,30.5,False,False,1. High Value Organic
1574,54,Female,Jacket,Outerwear,38,Tennessee,M,Yellow,Spring,4.2,No,Standard,Yes,Yes,40,Venmo,Weekly,Outerwear,41,1,7,47.5,9.5,19.0,14.0,18.75,9.25,False,False,3. Promo-Using Repeat
1575,37,Female,Jewelry,Accessories,23,Ohio,M,Indigo,Winter,4.5,No,Next Day Air,No,No,37,Bank Transfer,Weekly,Accessories,38,0,7,23.0,0.0,9.2,8.8,11.1,6.5,False,False,4. Mid-Tier Core
1576,21,Male,Coat,Outerwear,63,Florida,XL,Magenta,Spring,3.7,Yes,Standard,Yes,Yes,40,Debit Card,Monthly,Outerwear,41,1,30,78.75,15.75,31.5,26.5,34.38,18.62,False,False,3. Promo-Using Repeat
1577,46,Female,Jeans,Clothing,88,Arkansas,M,Turquoise,Spring,5.0,No,2-Day Shipping,Yes,Yes,16,Bank Transfer,Bi-Weekly,Clothing,17,1,14,110.0,22.0,44.0,39.0,50.0,28.0,False,False,2. High Spend Bargain Hunter
1578,53,Female,Pants,Clothing,41,New York,M,Turquoise,Spring,4.8,Yes,Standard,Yes,Yes,33,Credit Card,Bi-Weekly,Clothing,34,1,14,51.25,10.25,20.5,15.5,20.62,10.38,False,False,3. Promo-Using Repeat
1579,34,Male,Sweater,Clothing,82,South Dakota,XL,Orange,Summer,3.6,No,Standard,Yes,Yes,13,Debit Card,Bi-Weekly,Clothing,14,1,14,102.5,20.5,41.0,36.0,46.25,25.75,False,False,2. High Spend Bargain Hunter
1580,65,Male,Pants,Clothing,32,Rhode Island,M,Peach,Winter,2.6,No,Express,No,No,41,Debit Card,Quarterly,Clothing,42,0,90,32.0,0.0,12.8,14.2,17.4,11.0,False,False,4. Mid-Tier Core
1581,64,Male,Coat,Outerwear,79,North Carolina,M,Red,Fall,3.3,No,Free Shipping,No,No,49,Debit Card,Quarterly,Outerwear,50,0,90,79.0,0.0,31.6,42.4,50.3,34.5,True,True,1. High Value Organic
1582,65,Female,Sweater,Clothing,85,Arizona,M,Silver,Summer,4.3,No,Store Pickup,Yes,Yes,21,Venmo,Annually,Clothing,22,1,365,106.25,21.25,42.5,37.5,48.12,26.88,True,False,2. High Spend Bargain Hunter
1583,40,Male,Socks,Clothing,44,Montana,XL,Orange,Winter,4.3,No,Next Day Air,No,No,47,Bank Transfer,Fortnightly,Clothing,48,0,14,44.0,0.0,17.6,21.4,25.8,17.0,False,False,4. Mid-Tier Core
1584,58,Female,Belt,Accessories,49,Iowa,S,Black,Fall,2.8,No,2-Day Shipping,Yes,Yes,9,Debit Card,Bi-Weekly,Accessories,10,1,14,61.25,12.25,24.5,19.5,25.62,13.38,False,False,3. Promo-Using Repeat
1585,33,Male,Handbag,Accessories,81,Oklahoma,S,Indigo,Winter,4.8,No,Store Pickup,No,No,31,Debit Card,Fortnightly,Accessories,32,0,14,81.0,0.0,32.4,43.6,51.7,35.5,True,True,1. High Value Organic
1586,43,Female,Hat,Accessories,57,Nevada,L,Lavender,Spring,2.6,No,Standard,Yes,Yes,33,PayPal,Bi-Weekly,Accessories,34,1,14,71.25,14.25,28.5,23.5,30.62,16.38,False,False,3. Promo-Using Repeat
1587,52,Male,Sandals,Footwear,59,Utah,L,Yellow,Fall,4.8,No,Store Pickup,Yes,Yes,38,Venmo,Weekly,Footwear,39,1,7,73.75,14.75,29.5,24.5,31.88,17.12,False,False,3. Promo-Using Repeat
1588,64,Male,Skirt,Clothing,99,Texas,S,Turquoise,Fall,2.9,No,Standard,Yes,Yes,31,Cash,Fortnightly,Clothing,32,1,14,123.75,24.75,49.5,44.5,56.88,32.12,True,False,2. High Spend Bargain Hunter
1589,57,Male,Blouse,Clothing,48,North Dakota,M,Brown,Fall,4.9,Yes,Standard,Yes,Yes,4,Credit Card,Weekly,Clothing,5,1,7,60.0,12.0,24.0,19.0,25.0,13.0,False,False,3. Promo-Using Repeat
1590,42,Male,Shirt,Clothing,95,Kansas,M,Magenta,Fall,3.2,Yes,Free Shipping,No,No,18,Bank Transfer,Fortnightly,Clothing,19,0,14,95.0,0.0,38.0,52.0,61.5,42.5,False,True,1. High Value Organic
1591,23,Male,Jacket,Outerwear,70,Tennessee,M,Teal,Winter,3.5,Yes,2-Day Shipping,Yes,Yes,50,Debit Card,Every 3 Months,Outerwear,51,1,90,87.5,17.5,35.0,30.0,38.75,21.25,False,False,3. Promo-Using Repeat
1592,54,Male,Jewelry,Accessories,67,Nevada,XL,Beige,Winter,2.8,No,Standard,No,No,1,PayPal,Bi-Weekly,Accessories,2,0,14,67.0,0.0,26.8,35.2,41.9,28.5,False,False,4. Mid-Tier Core
1593,46,Male,Sweater,Clothing,90,Delaware,S,Gray,Spring,4.1,Yes,Standard,Yes,Yes,43,Credit Card,Monthly,Clothing,44,1,30,112.5,22.5,45.0,40.0,51.25,28.75,True,False,2. High Spend Bargain Hunter
1594,56,Male,Handbag,Accessories,21,California,L,Yellow,Winter,3.7,No,Next Day Air,No,No,5,Cash,Every 3 Months,Accessories,6,0,90,21.0,0.0,8.4,7.6,9.7,5.5,False,False,4. Mid-Tier Core
1595,48,Female,Blouse,Clothing,57,Arkansas,M,Purple,Fall,4.9,No,Free Shipping,Yes,Yes,21,Debit Card,Monthly,Clothing,22,1,30,71.25,14.25,28.5,23.5,30.62,16.38,False,False,3. Promo-Using Repeat
1596,20,Female,Sneakers,Footwear,35,Kansas,S,Brown,Summer,2.6,No,Free Shipping,No,No,20,Venmo,Monthly,Footwear,21,0,30,35.0,0.0,14.0,16.0,19.5,12.5,False,False,4. Mid-Tier Core
1597,19,Female,Belt,Accessories,86,Utah,S,Green,Winter,4.6,Yes,Express,Yes,Yes,5,Debit Card,Fortnightly,Accessories,6,1,14,107.5,21.5,43.0,38.0,48.75,27.25,False,False,2. High Spend Bargain Hunter
1598,70,Female,Backpack,Accessories,61,Montana,L,Pink,Summer,4.1,No,Free Shipping,No,No,22,PayPal,Quarterly,Accessories,23,0,90,61.0,0.0,24.4,31.6,37.7,25.5,False,False,1. High Value Organic
1599,48,Male,Shirt,Clothing,29,Missouri,L,Yellow,Fall,3.2,No,Express,Yes,Yes,11,Debit Card,Weekly,Clothing,12,1,7,36.25,7.25,14.5,9.5,13.12,5.88,False,False,3. Promo-Using Repeat
1600,61,Female,Coat,Outerwear,81,North Dakota,L,Silver,Summer,4.2,No,2-Day Shipping,Yes,Yes,29,Venmo,Quarterly,Outerwear,30,1,90,101.25,20.25,40.5,35.5,45.62,25.38,True,False,2. High Spend Bargain Hunter
1601,61,Male,Scarf,Accessories,76,Hawaii,M,Silver,Fall,3.5,No,Next Day Air,No,No,39,Cash,Quarterly,Accessories,40,0,90,76.0,0.0,30.4,40.6,48.2,33.0,False,True,1. High Value Organic
1602,62,Female,Sweater,Clothing,99,Vermont,M,Olive,Summer,2.8,Yes,2-Day Shipping,No,No,25,Credit Card,Annually,Clothing,26,0,365,99.0,0.0,39.6,54.4,64.3,44.5,True,True,1. High Value Organic
1603,44,Male,Gloves,Accessories,64,Nebraska,XL,Silver,Summer,4.1,Yes,2-Day Shipping,Yes,Yes,13,Venmo,Bi-Weekly,Accessories,14,1,14,80.0,16.0,32.0,27.0,35.0,19.0,False,False,3. Promo-Using Repeat
1604,69,Female,Coat,Outerwear,83,Delaware,S,Violet,Winter,4.3,Yes,Express,No,No,36,Cash,Weekly,Outerwear,37,0,7,83.0,0.0,33.2,44.8,53.1,36.5,True,True,1. High Value Organic
1605,58,Male,Scarf,Accessories,20,New York,M,Pink,Fall,3.8,Yes,Next Day Air,No,No,42,Cash,Bi-Weekly,Accessories,43,0,14,20.0,0.0,8.0,7.0,9.0,5.0,False,False,4. Mid-Tier Core
1606,53,Male,Gloves,Accessories,56,North Carolina,XL,Magenta,Fall,4.2,Yes,Store Pickup,Yes,Yes,19,Venmo,Every 3 Months,Accessories,20,1,90,70.0,14.0,28.0,23.0,30.0,16.0,False,False,3. Promo-Using Repeat
1607,51,Male,Hoodie,Clothing,89,Tennessee,M,Peach,Winter,4.0,Yes,Standard,No,No,32,Credit Card,Bi-Weekly,Clothing,33,0,14,89.0,0.0,35.6,48.4,57.3,39.5,True,True,1. High Value Organic
1608,65,Female,Pants,Clothing,21,Rhode Island,S,White,Fall,4.7,No,Store Pickup,Yes,Yes,5,Bank Transfer,Annually,Clothing,6,1,365,26.25,5.25,10.5,5.5,8.12,2.88,False,False,3. Promo-Using Repeat
1609,34,Female,Shirt,Clothing,59,Alaska,L,Green,Fall,3.5,No,Free Shipping,Yes,Yes,28,Venmo,Fortnightly,Clothing,29,1,14,73.75,14.75,29.5,24.5,31.88,17.12,False,False,3. Promo-Using Repeat
1610,51,Male,Belt,Accessories,39,Nebraska,M,Gray,Fall,4.6,No,Express,No,No,30,Cash,Annually,Accessories,31,0,365,39.0,0.0,15.6,18.4,22.3,14.5,False,False,4. Mid-Tier Core
1611,28,Female,Pants,Clothing,42,Texas,L,Maroon,Spring,2.6,No,Store Pickup,No,No,40,Bank Transfer,Bi-Weekly,Clothing,41,0,14,42.0,0.0,16.8,20.2,24.4,16.0,False,False,4. Mid-Tier Core
1612,36,Female,Jeans,Clothing,69,Missouri,L,Orange,Fall,3.5,No,Next Day Air,Yes,Yes,48,Credit Card,Bi-Weekly,Clothing,49,1,14,86.25,17.25,34.5,29.5,38.12,20.88,False,False,3. Promo-Using Repeat
1613,58,Male,Socks,Clothing,92,West Virginia,M,Violet,Winter,3.6,No,Free Shipping,No,No,7,Venmo,Monthly,Clothing,8,0,30,92.0,0.0,36.8,50.2,59.4,41.0,False,False,4. Mid-Tier Core
1614,47,Male,Dress,Clothing,26,Illinois,XL,Magenta,Fall,3.8,No,Free Shipping,Yes,Yes,37,Debit Card,Bi-Weekly,Clothing,38,1,14,32.5,6.5,13.0,8.0,11.25,4.75,False,False,3. Promo-Using Repeat
1615,29,Female,Backpack,Accessories,51,North Carolina,M,Beige,Spring,3.8,No,Free Shipping,Yes,Yes,40,Bank Transfer,Annually,Accessories,41,1,365,63.75,12.75,25.5,20.5,26.88,14.12,False,False,3. Promo-Using Repeat
1616,33,Female,Sweater,Clothing,86,Ohio,L,Pink,Fall,4.1,No,Standard,No,No,14,Bank Transfer,Bi-Weekly,Clothing,15,0,14,86.0,0.0,34.4,46.6,55.2,38.0,False,False,1. High Value Organic
1617,62,Male,Jewelry,Accessories,66,Illinois,L,Orange,Summer,5.0,No,Standard,Yes,Yes,45,Venmo,Monthly,Accessories,46,1,30,82.5,16.5,33.0,28.0,36.25,19.75,False,False,3. Promo-Using Repeat
1618,53,Male,Blouse,Clothing,52,North Dakota,L,Brown,Summer,4.5,No,Next Day Air,No,No,14,Venmo,Weekly,Clothing,15,0,7,52.0,0.0,20.8,26.2,31.4,21.0,False,False,4. Mid-Tier Core
1619,64,Male,Gloves,Accessories,51,Hawaii,L,Purple,Fall,4.3,No,Store Pickup,Yes,Yes,33,Cash,Annually,Accessories,34,1,365,63.75,12.75,25.5,20.5,26.88,14.12,False,False,3. Promo-Using Repeat
1620,66,Female,Hat,Accessories,25,Wyoming,S,Charcoal,Summer,3.0,Yes,Free Shipping,Yes,Yes,3,Bank Transfer,Monthly,Accessories,4,1,30,31.25,6.25,12.5,7.5,10.62,4.38,False,False,3. Promo-Using Repeat
1621,50,Male,Gloves,Accessories,81,Idaho,XL,Violet,Fall,4.8,No,Next Day Air,Yes,Yes,20,Venmo,Quarterly,Accessories,21,1,90,101.25,20.25,40.5,35.5,45.62,25.38,True,False,2. High Spend Bargain Hunter
1622,49,Male,Shorts,Clothing,62,Mississippi,L,Black,Fall,4.0,Yes,Standard,No,No,25,Venmo,Quarterly,Clothing,26,0,90,62.0,0.0,24.8,32.2,38.4,26.0,False,False,1. High Value Organic
1623,30,Male,Jewelry,Accessories,56,Illinois,L,Beige,Fall,4.6,No,Free Shipping,No,No,40,Credit Card,Annually,Accessories,41,0,365,56.0,0.0,22.4,28.6,34.2,23.0,False,False,1. High Value Organic
1624,45,Female,Dress,Clothing,98,Alabama,L,Green,Summer,3.3,Yes,2-Day Shipping,Yes,Yes,44,Cash,Quarterly,Clothing,45,1,90,122.5,24.5,49.0,44.0,56.25,31.75,True,False,2. High Spend Bargain Hunter
1625,38,Male,Skirt,Clothing,85,New Hampshire,L,Cyan,Summer,3.7,No,Express,Yes,Yes,12,Credit Card,Quarterly,Clothing,13,1,90,106.25,21.25,42.5,37.5,48.12,26.88,False,False,2. High Spend Bargain Hunter
1626,64,Male,Dress,Clothing,48,Utah,XL,Gold,Spring,3.0,No,2-Day Shipping,Yes,Yes,48,Bank Transfer,Quarterly,Clothing,49,1,90,60.0,12.0,24.0,19.0,25.0,13.0,False,False,3. Promo-Using Repeat
1627,29,Female,Shorts,Clothing,51,Louisiana,S,Green,Spring,4.8,No,Store Pickup,No,No,46,Cash,Quarterly,Clothing,47,0,90,51.0,0.0,20.4,25.6,30.7,20.5,False,False,4. Mid-Tier Core
1628,53,Male,Sunglasses,Accessories,97,Vermont,L,Purple,Spring,4.5,No,Free Shipping,No,No,18,PayPal,Annually,Accessories,19,0,365,97.0,0.0,38.8,53.2,62.9,43.5,False,True,1. High Value Organic
1629,57,Male,Skirt,Clothing,26,Vermont,L,Yellow,Winter,4.9,No,2-Day Shipping,Yes,Yes,19,PayPal,Annually,Clothing,20,1,365,32.5,6.5,13.0,8.0,11.25,4.75,False,False,3. Promo-Using Repeat
1630,68,Female,Sunglasses,Accessories,86,New Jersey,M,Maroon,Spring,2.6,No,Express,Yes,Yes,48,Cash,Fortnightly,Accessories,49,1,14,107.5,21.5,43.0,38.0,48.75,27.25,True,False,2. High Spend Bargain Hunter
1631,63,Male,Jeans,Clothing,53,Alaska,M,Cyan,Summer,3.8,No,Store Pickup,No,No,11,Debit Card,Bi-Weekly,Clothing,12,0,14,53.0,0.0,21.2,26.8,32.1,21.5,False,False,4. Mid-Tier Core
1632,36,Male,Belt,Accessories,66,Ohio,L,Magenta,Fall,2.6,No,Next Day Air,Yes,Yes,35,PayPal,Every 3 Months,Accessories,36,1,90,82.5,16.5,33.0,28.0,36.25,19.75,False,False,3. Promo-Using Repeat
1633,24,Male,Sunglasses,Accessories,63,Montana,M,Maroon,Winter,3.4,No,Store Pickup,No,No,28,Debit Card,Fortnightly,Accessories,29,0,14,63.0,0.0,25.2,32.8,39.1,26.5,False,False,1. High Value Organic
1634,24,Male,Jeans,Clothing,80,South Dakota,S,Turquoise,Winter,2.7,Yes,2-Day Shipping,Yes,Yes,37,Venmo,Quarterly,Clothing,38,1,90,100.0,20.0,40.0,35.0,45.0,25.0,True,False,2. High Spend Bargain Hunter
1635,31,Male,Sneakers,Footwear,90,Ohio,XL,Purple,Summer,4.4,No,Free Shipping,Yes,Yes,49,Bank Transfer,Bi-Weekly,Footwear,50,1,14,112.5,22.5,45.0,40.0,51.25,28.75,True,False,2. High Spend Bargain Hunter
1636,58,Male,Handbag,Accessories,81,Utah,M,Red,Fall,4.3,No,Store Pickup,Yes,Yes,16,Bank Transfer,Every 3 Months,Accessories,17,1,90,101.25,20.25,40.5,35.5,45.62,25.38,False,False,2. High Spend Bargain Hunter
1637,51,Female,Sneakers,Footwear,39,Mississippi,XL,Magenta,Winter,4.7,Yes,2-Day Shipping,Yes,Yes,42,Bank Transfer,Quarterly,Footwear,43,1,90,48.75,9.75,19.5,14.5,19.38,9.62,False,False,3. Promo-Using Repeat
1638,61,Male,Hat,Accessories,73,Utah,L,Silver,Fall,3.1,No,Next Day Air,Yes,Yes,41,Bank Transfer,Bi-Weekly,Accessories,42,1,14,91.25,18.25,36.5,31.5,40.62,22.38,False,False,3. Promo-Using Repeat
1639,67,Male,Pants,Clothing,36,Nevada,L,Silver,Winter,2.6,Yes,Express,Yes,Yes,39,Bank Transfer,Monthly,Clothing,40,1,30,45.0,9.0,18.0,13.0,17.5,8.5,False,False,3. Promo-Using Repeat
1640,21,Female,Pants,Clothing,96,Arizona,M,Purple,Winter,4.5,No,2-Day Shipping,No,No,41,Credit Card,Every 3 Months,Clothing,42,0,90,96.0,0.0,38.4,52.6,62.2,43.0,True,True,1. High Value Organic
1641,44,Male,Shoes,Footwear,52,Hawaii,XL,Peach,Fall,4.0,No,Express,No,No,20,Debit Card,Monthly,Footwear,21,0,30,52.0,0.0,20.8,26.2,31.4,21.0,False,False,4. Mid-Tier Core
1642,35,Female,Shoes,Footwear,37,Maine,M,Gold,Fall,4.1,Yes,Free Shipping,No,No,47,Bank Transfer,Every 3 Months,Footwear,48,0,90,37.0,0.0,14.8,17.2,20.9,13.5,False,False,4. Mid-Tier Core
1643,28,Male,Shoes,Footwear,86,Georgia,S,Teal,Winter,3.9,No,Store Pickup,No,No,43,Bank Transfer,Fortnightly,Footwear,44,0,14,86.0,0.0,34.4,46.6,55.2,38.0,True,True,1. High Value Organic
1644,39,Male,Sandals,Footwear,92,Indiana,S,Gray,Fall,3.8,No,Standard,Yes,Yes,14,Debit Card,Monthly,Footwear,15,1,30,115.0,23.0,46.0,41.0,52.5,29.5,False,False,2. High Spend Bargain Hunter
1645,66,Female,Handbag,Accessories,36,South Dakota,L,Black,Summer,4.3,No,Store Pickup,Yes,Yes,1,Venmo,Bi-Weekly,Accessories,2,1,14,45.0,9.0,18.0,13.0,17.5,8.5,False,False,3. Promo-Using Repeat
1646,27,Male,Dress,Clothing,30,California,M,Olive,Winter,4.7,No,Standard,Yes,Yes,29,Debit Card,Annually,Clothing,30,1,365,37.5,7.5,15.0,10.0,13.75,6.25,False,False,3. Promo-Using Repeat
1647,41,Male,Hoodie,Clothing,52,Maryland,M,Gray,Fall,4.5,Yes,Next Day Air,Yes,Yes,36,Cash,Every 3 Months,Clothing,37,1,90,65.0,13.0,26.0,21.0,27.5,14.5,False,False,3. Promo-Using Repeat
1648,29,Male,Sunglasses,Accessories,85,Nevada,L,Purple,Fall,3.9,No,Next Day Air,Yes,Yes,17,Credit Card,Monthly,Accessories,18,1,30,106.25,21.25,42.5,37.5,48.12,26.88,False,False,2. High Spend Bargain Hunter
1649,50,Female,Boots,Footwear,70,Utah,M,Olive,Summer,4.0,No,Store Pickup,Yes,Yes,50,Credit Card,Every 3 Months,Footwear,51,1,90,87.5,17.5,35.0,30.0,38.75,21.25,False,False,3. Promo-Using Repeat
1650,35,Male,Boots,Footwear,59,Colorado,S,Charcoal,Spring,2.8,Yes,Store Pickup,No,No,10,Cash,Every 3 Months,Footwear,11,0,90,59.0,0.0,23.6,30.4,36.3,24.5,False,False,1. High Value Organic
1651,66,Male,Shirt,Clothing,55,Vermont,L,Turquoise,Fall,2.8,No,Standard,No,No,19,Debit Card,Weekly,Clothing,20,0,7,55.0,0.0,22.0,28.0,33.5,22.5,False,False,1. High Value Organic
1652,18,Male,Scarf,Accessories,54,New York,M,Green,Spring,3.1,No,Store Pickup,No,No,1,Bank Transfer,Quarterly,Accessories,2,0,90,54.0,0.0,21.6,27.4,32.8,22.0,False,False,4. Mid-Tier Core
1653,68,Male,Dress,Clothing,77,Delaware,M,Black,Summer,3.3,No,Next Day Air,No,No,9,Bank Transfer,Monthly,Clothing,10,0,30,77.0,0.0,30.8,41.2,48.9,33.5,False,False,4. Mid-Tier Core
1654,28,Female,Scarf,Accessories,69,Massachusetts,M,Charcoal,Summer,4.8,No,Standard,Yes,Yes,50,Credit Card,Fortnightly,Accessories,51,1,14,86.25,17.25,34.5,29.5,38.12,20.88,False,False,3. Promo-Using Repeat
1655,23,Female,Shorts,Clothing,70,Maine,XL,Yellow,Winter,3.6,Yes,Store Pickup,No,No,28,Credit Card,Fortnightly,Clothing,29,0,14,70.0,0.0,28.0,37.0,44.0,30.0,False,False,1. High Value Organic
1656,60,Male,Sandals,Footwear,85,Missouri,M,Green,Winter,4.0,No,Free Shipping,No,No,20,Venmo,Every 3 Months,Footwear,21,0,90,85.0,0.0,34.0,46.0,54.5,37.5,True,True,1. High Value Organic
1657,67,Female,Shorts,Clothing,56,Colorado,S,Magenta,Fall,3.3,Yes,2-Day Shipping,No,No,45,Bank Transfer,Quarterly,Clothing,46,0,90,56.0,0.0,22.4,28.6,34.2,23.0,False,False,1. High Value Organic
1658,37,Female,Hoodie,Clothing,63,California,L,Yellow,Fall,4.8,No,Store Pickup,No,No,18,PayPal,Annually,Clothing,19,0,365,63.0,0.0,25.2,32.8,39.1,26.5,False,False,1. High Value Organic
1659,19,Male,Dress,Clothing,23,South Dakota,L,Green,Spring,4.9,Yes,Express,No,No,8,Cash,Every 3 Months,Clothing,9,0,90,23.0,0.0,9.2,8.8,11.1,6.5,False,False,4. Mid-Tier Core
1660,65,Female,Scarf,Accessories,42,Iowa,M,Teal,Winter,3.5,No,Express,No,No,42,Cash,Quarterly,Accessories,43,0,90,42.0,0.0,16.8,20.2,24.4,16.0,False,False,4. Mid-Tier Core
1661,52,Male,Sunglasses,Accessories,91,Alaska,M,Pink,Summer,2.9,No,Express,Yes,Yes,10,PayPal,Every 3 Months,Accessories,11,1,90,113.75,22.75,45.5,40.5,51.88,29.12,False,False,2. High Spend Bargain Hunter
1662,63,Male,Dress,Clothing,46,Colorado,M,Peach,Spring,2.9,No,Standard,Yes,Yes,33,Bank Transfer,Annually,Clothing,34,1,365,57.5,11.5,23.0,18.0,23.75,12.25,False,False,3. Promo-Using Repeat
1663,68,Male,Backpack,Accessories,39,Texas,S,White,Spring,4.8,No,Next Day Air,Yes,Yes,36,Bank Transfer,Every 3 Months,Accessories,37,1,90,48.75,9.75,19.5,14.5,19.38,9.62,False,False,3. Promo-Using Repeat
1664,69,Female,Coat,Outerwear,61,Georgia,XL,Indigo,Spring,4.4,No,Standard,No,No,32,PayPal,Every 3 Months,Outerwear,33,0,90,61.0,0.0,24.4,31.6,37.7,25.5,False,False,1. High Value Organic
1665,63,Female,Pants,Clothing,40,New Hampshire,XL,Beige,Winter,2.5,No,Free Shipping,Yes,Yes,46,Cash,Bi-Weekly,Clothing,47,1,14,50.0,10.0,20.0,15.0,20.0,10.0,False,False,3. Promo-Using Repeat
1666,34,Male,Hoodie,Clothing,90,Arizona,S,Yellow,Summer,4.1,No,Store Pickup,No,No,28,PayPal,Monthly,Clothing,29,0,30,90.0,0.0,36.0,49.0,58.0,40.0,True,True,1. High Value Organic
1667,23,Male,Dress,Clothing,58,Alabama,M,Green,Summer,3.7,No,Free Shipping,No,No,7,Cash,Annually,Clothing,8,0,365,58.0,0.0,23.2,29.8,35.6,24.0,False,False,4. Mid-Tier Core
1668,32,Male,Hat,Accessories,51,Alaska,XL,Black,Spring,3.5,No,Standard,Yes,Yes,38,Cash,Monthly,Accessories,39,1,30,63.75,12.75,25.5,20.5,26.88,14.12,False,False,3. Promo-Using Repeat
1669,18,Male,Sandals,Footwear,86,North Dakota,M,Magenta,Winter,3.2,No,Standard,Yes,Yes,19,PayPal,Annually,Footwear,20,1,365,107.5,21.5,43.0,38.0,48.75,27.25,False,False,2. High Spend Bargain Hunter
1670,29,Male,Hoodie,Clothing,79,Arkansas,M,Black,Spring,3.6,Yes,Standard,No,No,28,Credit Card,Every 3 Months,Clothing,29,0,90,79.0,0.0,31.6,42.4,50.3,34.5,True,True,1. High Value Organic
1671,44,Male,Sunglasses,Accessories,21,North Carolina,L,Gold,Summer,3.8,Yes,Standard,Yes,Yes,19,Bank Transfer,Monthly,Accessories,20,1,30,26.25,5.25,10.5,5.5,8.12,2.88,False,False,3. Promo-Using Repeat
1672,67,Female,Socks,Clothing,92,Kentucky,S,Pink,Summer,3.7,No,Next Day Air,No,No,8,Debit Card,Weekly,Clothing,9,0,7,92.0,0.0,36.8,50.2,59.4,41.0,False,False,4. Mid-Tier Core
1673,26,Male,Sneakers,Footwear,46,Georgia,S,Lavender,Spring,3.9,No,Next Day Air,No,No,33,Bank Transfer,Annually,Footwear,34,0,365,46.0,0.0,18.4,22.6,27.2,18.0,False,False,4. Mid-Tier Core
1674,69,Male,Socks,Clothing,34,Arkansas,M,Magenta,Spring,3.3,No,Express,No,No,23,Credit Card,Weekly,Clothing,24,0,7,34.0,0.0,13.6,15.4,18.8,12.0,False,False,4. Mid-Tier Core
1675,46,Male,Pants,Clothing,59,Vermont,S,Violet,Winter,3.1,No,Next Day Air,No,No,4,PayPal,Quarterly,Clothing,5,0,90,59.0,0.0,23.6,30.4,36.3,24.5,False,False,4. Mid-Tier Core
1676,35,Male,Backpack,Accessories,55,Missouri,L,Pink,Fall,4.3,No,2-Day Shipping,Yes,Yes,11,PayPal,Annually,Accessories,12,1,365,68.75,13.75,27.5,22.5,29.38,15.62,False,False,3. Promo-Using Repeat
1677,25,Male,Sunglasses,Accessories,62,Mississippi,XL,Maroon,Fall,4.8,No,Free Shipping,No,No,21,Debit Card,Monthly,Accessories,22,0,30,62.0,0.0,24.8,32.2,38.4,26.0,False,False,1. High Value Organic
1678,22,Male,Hat,Accessories,33,Missouri,L,Yellow,Winter,4.9,Yes,Next Day Air,No,No,13,Bank Transfer,Weekly,Accessories,14,0,7,33.0,0.0,13.2,14.8,18.1,11.5,False,False,4. Mid-Tier Core
1679,21,Male,Sandals,Footwear,87,Wyoming,M,Charcoal,Fall,5.0,No,Next Day Air,No,No,30,Bank Transfer,Bi-Weekly,Footwear,31,0,14,87.0,0.0,34.8,47.2,55.9,38.5,True,True,1. High Value Organic
1680,52,Male,Shirt,Clothing,60,Alabama,M,Lavender,Summer,2.6,No,Store Pickup,No,No,16,Venmo,Annually,Clothing,17,0,365,60.0,0.0,24.0,31.0,37.0,25.0,False,False,1. High Value Organic
1681,36,Male,Sandals,Footwear,63,Idaho,M,Peach,Spring,4.3,No,Standard,Yes,Yes,6,Debit Card,Annually,Footwear,7,1,365,78.75,15.75,31.5,26.5,34.38,18.62,False,False,3. Promo-Using Repeat
1682,64,Male,Boots,Footwear,65,Alabama,XL,Brown,Winter,2.5,No,Store Pickup,No,No,41,Bank Transfer,Weekly,Footwear,42,0,7,65.0,0.0,26.0,34.0,40.5,27.5,False,False,1. High Value Organic
1683,29,Female,Hoodie,Clothing,42,Delaware,L,Pink,Spring,3.3,No,Store Pickup,No,No,47,Venmo,Bi-Weekly,Clothing,48,0,14,42.0,0.0,16.8,20.2,24.4,16.0,False,False,4. Mid-Tier Core
1684,20,Male,Boots,Footwear,44,Colorado,S,White,Winter,4.7,Yes,Free Shipping,Yes,Yes,19,PayPal,Bi-Weekly,Footwear,20,1,14,55.0,11.0,22.0,17.0,22.5,11.5,False,False,3. Promo-Using Repeat
1685,45,Male,Pants,Clothing,38,Alabama,M,Charcoal,Summer,3.9,Yes,Standard,Yes,Yes,11,PayPal,Monthly,Clothing,12,1,30,47.5,9.5,19.0,14.0,18.75,9.25,False,False,3. Promo-Using Repeat
1686,25,Female,Shorts,Clothing,66,New York,XL,Yellow,Summer,4.4,No,Free Shipping,Yes,Yes,15,Credit Card,Every 3 Months,Clothing,16,1,90,82.5,16.5,33.0,28.0,36.25,19.75,False,False,3. Promo-Using Repeat
1687,34,Male,Belt,Accessories,29,South Carolina,L,Purple,Winter,5.0,Yes,Express,Yes,Yes,36,PayPal,Weekly,Accessories,37,1,7,36.25,7.25,14.5,9.5,13.12,5.88,False,False,3. Promo-Using Repeat
1688,31,Male,Sunglasses,Accessories,33,Texas,L,Black,Spring,4.0,Yes,Store Pickup,No,No,28,Cash,Quarterly,Accessories,29,0,90,33.0,0.0,13.2,14.8,18.1,11.5,False,False,4. Mid-Tier Core
1689,63,Male,Backpack,Accessories,26,Ohio,M,Cyan,Winter,2.5,No,2-Day Shipping,No,No,47,Debit Card,Fortnightly,Accessories,48,0,14,26.0,0.0,10.4,10.6,13.2,8.0,False,False,4. Mid-Tier Core
1690,57,Male,Coat,Outerwear,49,Montana,M,Silver,Winter,3.4,Yes,Express,Yes,Yes,30,Credit Card,Bi-Weekly,Outerwear,31,1,14,61.25,12.25,24.5,19.5,25.62,13.38,False,False,3. Promo-Using Repeat
1691,47,Female,Coat,Outerwear,34,Idaho,M,Maroon,Spring,5.0,Yes,Standard,No,No,47,Debit Card,Fortnightly,Outerwear,48,0,14,34.0,0.0,13.6,15.4,18.8,12.0,False,False,4. Mid-Tier Core
1692,67,Female,Belt,Accessories,97,West Virginia,L,Beige,Spring,2.6,No,2-Day Shipping,No,No,9,Cash,Annually,Accessories,10,0,365,97.0,0.0,38.8,53.2,62.9,43.5,False,False,4. Mid-Tier Core
1693,44,Female,Sweater,Clothing,63,Georgia,M,Turquoise,Fall,2.9,No,Next Day Air,Yes,Yes,43,PayPal,Weekly,Clothing,44,1,7,78.75,15.75,31.5,26.5,34.38,18.62,False,False,3. Promo-Using Repeat
1694,70,Male,Socks,Clothing,57,Nevada,S,Beige,Spring,3.9,No,Standard,Yes,Yes,41,Cash,Bi-Weekly,Clothing,42,1,14,71.25,14.25,28.5,23.5,30.62,16.38,False,False,3. Promo-Using Repeat
1695,53,Female,Socks,Clothing,92,Louisiana,S,Gold,Fall,5.0,No,Standard,Yes,Yes,2,PayPal,Quarterly,Clothing,3,1,90,115.0,23.0,46.0,41.0,52.5,29.5,False,False,2. High Spend Bargain Hunter
1696,30,Male,Dress,Clothing,84,Kansas,M,Cyan,Fall,3.2,No,Store Pickup,No,No,4,Debit Card,Bi-Weekly,Clothing,5,0,14,84.0,0.0,33.6,45.4,53.8,37.0,False,False,4. Mid-Tier Core
1697,30,Male,Dress,Clothing,87,Maine,L,Yellow,Winter,4.8,No,Express,No,No,12,PayPal,Weekly,Clothing,13,0,7,87.0,0.0,34.8,47.2,55.9,38.5,False,False,1. High Value Organic
1698,70,Female,Jeans,Clothing,67,Indiana,L,Cyan,Spring,3.2,No,Next Day Air,No,No,24,Venmo,Bi-Weekly,Clothing,25,0,14,67.0,0.0,26.8,35.2,41.9,28.5,False,False,1. High Value Organic
1699,32,Male,Blouse,Clothing,47,Missouri,M,Gray,Summer,2.9,Yes,Standard,Yes,Yes,8,Bank Transfer,Weekly,Clothing,9,1,7,58.75,11.75,23.5,18.5,24.38,12.62,False,False,3. Promo-Using Repeat
1700,53,Male,Coat,Outerwear,90,Minnesota,L,Maroon,Winter,4.5,No,Next Day Air,Yes,Yes,10,Debit Card,Every 3 Months,Outerwear,11,1,90,112.5,22.5,45.0,40.0,51.25,28.75,False,False,2. High Spend Bargain Hunter
1701,26,Male,Skirt,Clothing,70,Montana,L,Purple,Spring,4.2,No,Standard,No,No,42,Venmo,Fortnightly,Clothing,43,0,14,70.0,0.0,28.0,37.0,44.0,30.0,False,False,1. High Value Organic
1702,68,Male,Hat,Accessories,28,Georgia,S,Maroon,Summer,2.8,No,Express,No,No,5,Debit Card,Fortnightly,Accessories,6,0,14,28.0,0.0,11.2,11.8,14.6,9.0,False,False,4. Mid-Tier Core
1703,66,Male,Coat,Outerwear,94,North Dakota,S,Red,Fall,5.0,Yes,Free Shipping,No,No,37,PayPal,Bi-Weekly,Outerwear,38,0,14,94.0,0.0,37.6,51.4,60.8,42.0,True,True,1. High Value Organic
1704,25,Male,Sunglasses,Accessories,82,North Carolina,XL,Peach,Winter,3.3,No,2-Day Shipping,Yes,Yes,26,Bank Transfer,Weekly,Accessories,27,1,7,102.5,20.5,41.0,36.0,46.25,25.75,True,False,2. High Spend Bargain Hunter
1705,28,Male,Jeans,Clothing,31,New York,XL,Indigo,Winter,3.7,No,Free Shipping,No,No,41,Cash,Monthly,Clothing,42,0,30,31.0,0.0,12.4,13.6,16.7,10.5,False,False,4. Mid-Tier Core
1706,48,Male,Blouse,Clothing,35,Nevada,L,Cyan,Winter,4.9,No,Express,No,No,22,PayPal,Quarterly,Clothing,23,0,90,35.0,0.0,14.0,16.0,19.5,12.5,False,False,4. Mid-Tier Core
1707,69,Female,Skirt,Clothing,40,Delaware,M,Cyan,Winter,3.9,No,Standard,Yes,Yes,30,Cash,Bi-Weekly,Clothing,31,1,14,50.0,10.0,20.0,15.0,20.0,10.0,False,False,3. Promo-Using Repeat
1708,26,Female,Pants,Clothing,70,Georgia,M,Orange,Fall,3.9,Yes,Next Day Air,No,No,11,Cash,Bi-Weekly,Clothing,12,0,14,70.0,0.0,28.0,37.0,44.0,30.0,False,False,1. High Value Organic
1709,35,Female,Boots,Footwear,45,Arkansas,M,Pink,Winter,4.6,No,Store Pickup,Yes,Yes,13,PayPal,Quarterly,Footwear,14,1,90,56.25,11.25,22.5,17.5,23.12,11.88,False,False,3. Promo-Using Repeat
1710,60,Female,Shirt,Clothing,85,New York,M,Pink,Spring,4.6,No,Next Day Air,Yes,Yes,34,PayPal,Weekly,Clothing,35,1,7,106.25,21.25,42.5,37.5,48.12,26.88,True,False,2. High Spend Bargain Hunter
1711,46,Male,Boots,Footwear,80,Rhode Island,L,Orange,Spring,4.4,Yes,Free Shipping,Yes,Yes,32,Cash,Weekly,Footwear,33,1,7,100.0,20.0,40.0,35.0,45.0,25.0,True,False,2. High Spend Bargain Hunter
1712,41,Male,Handbag,Accessories,70,Iowa,M,Purple,Summer,3.3,Yes,Standard,Yes,Yes,38,Bank Transfer,Bi-Weekly,Accessories,39,1,14,87.5,17.5,35.0,30.0,38.75,21.25,False,False,3. Promo-Using Repeat
1713,36,Male,Skirt,Clothing,82,South Dakota,M,Olive,Spring,2.9,Yes,Next Day Air,Yes,Yes,11,PayPal,Bi-Weekly,Clothing,12,1,14,102.5,20.5,41.0,36.0,46.25,25.75,False,False,2. High Spend Bargain Hunter
1714,65,Male,Coat,Outerwear,20,Delaware,XL,White,Fall,2.9,Yes,Next Day Air,No,No,29,Debit Card,Weekly,Outerwear,30,0,7,20.0,0.0,8.0,7.0,9.0,5.0,False,False,4. Mid-Tier Core
1715,41,Male,Shirt,Clothing,24,Maine,XL,Charcoal,Spring,3.1,Yes,Express,Yes,Yes,6,Bank Transfer,Quarterly,Clothing,7,1,90,30.0,6.0,12.0,7.0,10.0,4.0,False,False,3. Promo-Using Repeat
1716,64,Male,Jeans,Clothing,24,Indiana,L,Pink,Spring,2.8,No,Next Day Air,Yes,Yes,12,Debit Card,Fortnightly,Clothing,13,1,14,30.0,6.0,12.0,7.0,10.0,4.0,False,False,3. Promo-Using Repeat
1717,51,Male,Dress,Clothing,75,Maine,M,Indigo,Winter,4.7,No,Store Pickup,Yes,Yes,49,Credit Card,Annually,Clothing,50,1,365,93.75,18.75,37.5,32.5,41.88,23.12,False,False,3. Promo-Using Repeat
1718,51,Male,Socks,Clothing,97,New York,L,Pink,Winter,3.8,No,Next Day Air,No,No,10,Debit Card,Annually,Clothing,11,0,365,97.0,0.0,38.8,53.2,62.9,43.5,False,False,1. High Value Organic
1719,49,Male,Boots,Footwear,25,Louisiana,M,Yellow,Spring,4.6,No,Free Shipping,No,No,36,Bank Transfer,Bi-Weekly,Footwear,37,0,14,25.0,0.0,10.0,10.0,12.5,7.5,False,False,4. Mid-Tier Core
1720,57,Male,Shirt,Clothing,89,Maine,S,Gray,Spring,4.6,Yes,Express,Yes,Yes,48,Bank Transfer,Weekly,Clothing,49,1,7,111.25,22.25,44.5,39.5,50.62,28.38,True,False,2. High Spend Bargain Hunter
1721,52,Female,Gloves,Accessories,46,Utah,S,White,Winter,2.6,No,Store Pickup,No,No,30,Venmo,Annually,Accessories,31,0,365,46.0,0.0,18.4,22.6,27.2,18.0,False,False,4. Mid-Tier Core
1722,47,Male,Sunglasses,Accessories,75,Oklahoma,M,Pink,Fall,3.8,No,Express,No,No,14,PayPal,Monthly,Accessories,15,0,30,75.0,0.0,30.0,40.0,47.5,32.5,False,False,1. High Value Organic
1723,60,Male,Sneakers,Footwear,96,Florida,L,White,Summer,3.6,No,Free Shipping,Yes,Yes,50,Debit Card,Annually,Footwear,51,1,365,120.0,24.0,48.0,43.0,55.0,31.0,True,False,2. High Spend Bargain Hunter
1724,64,Male,Shirt,Clothing,60,Arkansas,S,Black,Fall,4.2,No,Express,Yes,Yes,25,Venmo,Monthly,Clothing,26,1,30,75.0,15.0,30.0,25.0,32.5,17.5,False,False,3. Promo-Using Repeat
1725,52,Male,Boots,Footwear,36,Tennessee,M,Olive,Summer,2.9,No,Standard,Yes,Yes,31,PayPal,Weekly,Footwear,32,1,7,45.0,9.0,18.0,13.0,17.5,8.5,False,False,3. Promo-Using Repeat
1726,65,Female,Boots,Footwear,52,Rhode Island,M,Maroon,Fall,2.7,No,Express,Yes,Yes,46,Venmo,Annually,Footwear,47,1,365,65.0,13.0,26.0,21.0,27.5,14.5,False,False,3. Promo-Using Repeat
1727,52,Male,Hoodie,Clothing,85,Texas,M,Gold,Spring,3.6,Yes,Free Shipping,No,No,2,Cash,Every 3 Months,Clothing,3,0,90,85.0,0.0,34.0,46.0,54.5,37.5,False,False,4. Mid-Tier Core
1728,48,Male,Dress,Clothing,66,Arkansas,M,Gold,Summer,2.7,No,Store Pickup,No,No,14,Credit Card,Fortnightly,Clothing,15,0,14,66.0,0.0,26.4,34.6,41.2,28.0,False,False,1. High Value Organic
1729,34,Male,Gloves,Accessories,27,Nebraska,L,Gray,Spring,2.9,No,Free Shipping,No,No,19,Credit Card,Bi-Weekly,Accessories,20,0,14,27.0,0.0,10.8,11.2,13.9,8.5,False,False,4. Mid-Tier Core
1730,68,Female,Jeans,Clothing,35,Tennessee,S,Cyan,Summer,3.1,No,Free Shipping,Yes,Yes,9,Bank Transfer,Every 3 Months,Clothing,10,1,90,43.75,8.75,17.5,12.5,16.88,8.12,False,False,3. Promo-Using Repeat
1731,22,Male,Jewelry,Accessories,64,Vermont,M,Indigo,Summer,2.8,No,Free Shipping,Yes,Yes,6,Bank Transfer,Bi-Weekly,Accessories,7,1,14,80.0,16.0,32.0,27.0,35.0,19.0,False,False,3. Promo-Using Repeat
1732,45,Female,Blouse,Clothing,72,Iowa,L,Violet,Spring,3.3,No,2-Day Shipping,Yes,Yes,7,Bank Transfer,Quarterly,Clothing,8,1,90,90.0,18.0,36.0,31.0,40.0,22.0,False,False,3. Promo-Using Repeat
1733,28,Male,Handbag,Accessories,38,Louisiana,M,Pink,Fall,4.5,No,2-Day Shipping,No,No,33,Debit Card,Annually,Accessories,34,0,365,38.0,0.0,15.2,17.8,21.6,14.0,False,False,4. Mid-Tier Core
1734,46,Male,Sandals,Footwear,68,Oklahoma,M,Lavender,Spring,4.0,Yes,Next Day Air,No,No,7,Credit Card,Quarterly,Footwear,8,0,90,68.0,0.0,27.2,35.8,42.6,29.0,False,False,4. Mid-Tier Core
1735,22,Female,Hat,Accessories,75,Hawaii,L,Orange,Summer,4.8,Yes,2-Day Shipping,Yes,Yes,5,Debit Card,Quarterly,Accessories,6,1,90,93.75,18.75,37.5,32.5,41.88,23.12,False,False,3. Promo-Using Repeat
1736,18,Male,Shoes,Footwear,67,Missouri,L,Green,Winter,3.4,No,Express,No,No,15,Cash,Annually,Footwear,16,0,365,67.0,0.0,26.8,35.2,41.9,28.5,False,False,1. High Value Organic
1737,38,Male,Jacket,Outerwear,22,Idaho,L,Yellow,Spring,3.1,No,Free Shipping,No,No,31,Cash,Quarterly,Outerwear,32,0,90,22.0,0.0,8.8,8.2,10.4,6.0,False,False,4. Mid-Tier Core
1738,30,Male,Socks,Clothing,78,Utah,L,Black,Winter,4.7,Yes,2-Day Shipping,No,No,28,Credit Card,Monthly,Clothing,29,0,30,78.0,0.0,31.2,41.8,49.6,34.0,False,True,1. High Value Organic
1739,67,Female,Blouse,Clothing,55,California,XL,Red,Summer,3.3,Yes,Store Pickup,Yes,Yes,3,Credit Card,Bi-Weekly,Clothing,4,1,14,68.75,13.75,27.5,22.5,29.38,15.62,False,False,3. Promo-Using Repeat
1740,68,Male,Jacket,Outerwear,96,Maine,M,Violet,Spring,4.8,No,Express,Yes,Yes,25,Cash,Quarterly,Outerwear,26,1,90,120.0,24.0,48.0,43.0,55.0,31.0,True,False,2. High Spend Bargain Hunter
1741,46,Male,Boots,Footwear,23,Alabama,XL,Charcoal,Summer,4.7,Yes,Next Day Air,No,No,26,Bank Transfer,Quarterly,Footwear,27,0,90,23.0,0.0,9.2,8.8,11.1,6.5,False,False,4. Mid-Tier Core
1742,34,Male,Skirt,Clothing,61,Arizona,M,Brown,Summer,4.6,No,Standard,No,No,45,PayPal,Annually,Clothing,46,0,365,61.0,0.0,24.4,31.6,37.7,25.5,False,False,1. High Value Organic
1743,19,Male,Shorts,Clothing,28,Georgia,M,Gray,Winter,4.4,No,Next Day Air,No,No,13,Debit Card,Monthly,Clothing,14,0,30,28.0,0.0,11.2,11.8,14.6,9.0,False,False,4. Mid-Tier Core
1744,38,Female,Gloves,Accessories,54,Indiana,M,Purple,Winter,4.8,No,Standard,No,No,50,Credit Card,Every 3 Months,Accessories,51,0,90,54.0,0.0,21.6,27.4,32.8,22.0,False,False,4. Mid-Tier Core
1745,44,Male,Coat,Outerwear,55,Alabama,XL,Teal,Fall,3.6,No,Standard,No,No,26,PayPal,Weekly,Outerwear,27,0,7,55.0,0.0,22.0,28.0,33.5,22.5,False,False,1. High Value Organic
1746,21,Female,Handbag,Accessories,56,Colorado,M,Orange,Winter,2.7,No,2-Day Shipping,No,No,17,Bank Transfer,Fortnightly,Accessories,18,0,14,56.0,0.0,22.4,28.6,34.2,23.0,False,False,1. High Value Organic
1747,63,Male,Jeans,Clothing,21,Rhode Island,L,Beige,Fall,2.8,No,Express,No,No,6,Credit Card,Quarterly,Clothing,7,0,90,21.0,0.0,8.4,7.6,9.7,5.5,False,False,4. Mid-Tier Core
1748,50,Male,Pants,Clothing,38,New Hampshire,S,Indigo,Summer,4.7,No,Store Pickup,No,No,34,Venmo,Quarterly,Clothing,35,0,90,38.0,0.0,15.2,17.8,21.6,14.0,False,False,4. Mid-Tier Core
1749,40,Female,Jewelry,Accessories,100,Maine,M,Yellow,Fall,2.6,Yes,Next Day Air,Yes,Yes,40,Bank Transfer,Monthly,Accessories,41,1,30,125.0,25.0,50.0,45.0,57.5,32.5,True,False,2. High Spend Bargain Hunter
1750,58,Male,Sweater,Clothing,21,Tennessee,M,Brown,Fall,4.7,Yes,Express,No,No,45,Bank Transfer,Weekly,Clothing,46,0,7,21.0,0.0,8.4,7.6,9.7,5.5,False,False,4. Mid-Tier Core
1751,50,Female,Gloves,Accessories,41,Minnesota,M,Olive,Summer,4.8,Yes,Standard,Yes,Yes,12,Cash,Quarterly,Accessories,13,1,90,51.25,10.25,20.5,15.5,20.62,10.38,False,False,3. Promo-Using Repeat
1752,43,Male,Hat,Accessories,92,Oregon,XL,Purple,Summer,3.6,No,Free Shipping,No,No,47,PayPal,Weekly,Accessories,48,0,7,92.0,0.0,36.8,50.2,59.4,41.0,True,True,1. High Value Organic
1753,54,Female,Dress,Clothing,84,Arkansas,M,Maroon,Spring,3.7,No,2-Day Shipping,Yes,Yes,3,PayPal,Weekly,Clothing,4,1,7,105.0,21.0,42.0,37.0,47.5,26.5,False,False,2. High Spend Bargain Hunter
1754,53,Female,Boots,Footwear,78,North Dakota,L,Gray,Winter,3.1,No,Free Shipping,Yes,Yes,14,Debit Card,Bi-Weekly,Footwear,15,1,14,97.5,19.5,39.0,34.0,43.75,24.25,False,False,3. Promo-Using Repeat
1755,21,Female,Boots,Footwear,23,Florida,M,Silver,Spring,3.9,No,Express,Yes,Yes,19,Venmo,Fortnightly,Footwear,20,1,14,28.75,5.75,11.5,6.5,9.38,3.62,False,False,3. Promo-Using Repeat
1756,52,Male,Sunglasses,Accessories,45,South Dakota,M,Maroon,Spring,4.7,No,Express,Yes,Yes,30,Cash,Every 3 Months,Accessories,31,1,90,56.25,11.25,22.5,17.5,23.12,11.88,False,False,3. Promo-Using Repeat
1757,28,Female,Dress,Clothing,49,New Jersey,S,Orange,Summer,2.7,No,Next Day Air,No,No,42,PayPal,Fortnightly,Clothing,43,0,14,49.0,0.0,19.6,24.4,29.3,19.5,False,False,4. Mid-Tier Core
1758,41,Male,Scarf,Accessories,34,Utah,M,Green,Summer,4.0,No,Express,No,No,29,Credit Card,Every 3 Months,Accessories,30,0,90,34.0,0.0,13.6,15.4,18.8,12.0,False,False,4. Mid-Tier Core
1759,27,Male,Handbag,Accessories,76,Rhode Island,S,Beige,Summer,3.3,No,Express,No,No,1,Bank Transfer,Weekly,Accessories,2,0,7,76.0,0.0,30.4,40.6,48.2,33.0,False,False,4. Mid-Tier Core
1760,31,Male,Skirt,Clothing,93,New York,S,Brown,Spring,4.1,Yes,Next Day Air,No,No,21,Credit Card,Monthly,Clothing,22,0,30,93.0,0.0,37.2,50.8,60.1,41.5,True,True,1. High Value Organic
1761,28,Female,Dress,Clothing,41,Texas,L,Gold,Fall,4.0,No,Next Day Air,Yes,Yes,45,Debit Card,Fortnightly,Clothing,46,1,14,51.25,10.25,20.5,15.5,20.62,10.38,False,False,3. Promo-Using Repeat
1762,19,Male,Belt,Accessories,76,Illinois,M,Gold,Summer,4.4,No,Store Pickup,Yes,Yes,10,Cash,Quarterly,Accessories,11,1,90,95.0,19.0,38.0,33.0,42.5,23.5,False,False,3. Promo-Using Repeat
1763,19,Male,Shorts,Clothing,50,Louisiana,M,Maroon,Spring,4.2,No,Standard,No,No,13,Cash,Weekly,Clothing,14,0,7,50.0,0.0,20.0,25.0,30.0,20.0,False,False,4. Mid-Tier Core
1764,30,Female,Jeans,Clothing,64,Georgia,S,Cyan,Fall,4.1,No,Next Day Air,Yes,Yes,34,Bank Transfer,Weekly,Clothing,35,1,7,80.0,16.0,32.0,27.0,35.0,19.0,False,False,3. Promo-Using Repeat
1765,44,Female,Shoes,Footwear,38,Iowa,XL,Pink,Fall,3.8,No,Next Day Air,No,No,19,Credit Card,Quarterly,Footwear,20,0,90,38.0,0.0,15.2,17.8,21.6,14.0,False,False,4. Mid-Tier Core
1766,56,Male,Belt,Accessories,63,Arizona,L,Beige,Spring,4.5,No,Standard,Yes,Yes,8,Debit Card,Quarterly,Accessories,9,1,90,78.75,15.75,31.5,26.5,34.38,18.62,False,False,3. Promo-Using Repeat
1767,56,Male,Sweater,Clothing,43,Hawaii,M,Yellow,Summer,3.0,No,2-Day Shipping,Yes,Yes,31,Venmo,Every 3 Months,Clothing,32,1,90,53.75,10.75,21.5,16.5,21.88,11.12,False,False,3. Promo-Using Repeat
1768,36,Male,Shoes,Footwear,30,Florida,L,Lavender,Fall,3.2,No,Free Shipping,No,No,10,Bank Transfer,Every 3 Months,Footwear,11,0,90,30.0,0.0,12.0,13.0,16.0,10.0,False,False,4. Mid-Tier Core
1769,38,Male,Backpack,Accessories,91,Iowa,S,Yellow,Summer,4.2,No,Express,Yes,Yes,37,Debit Card,Monthly,Accessories,38,1,30,113.75,22.75,45.5,40.5,51.88,29.12,True,False,2. High Spend Bargain Hunter
1770,54,Male,Jacket,Outerwear,37,Indiana,M,Violet,Summer,4.1,No,Next Day Air,No,No,29,Bank Transfer,Fortnightly,Outerwear,30,0,14,37.0,0.0,14.8,17.2,20.9,13.5,False,False,4. Mid-Tier Core
1771,40,Male,Jacket,Outerwear,75,Delaware,XL,Gold,Fall,3.2,Yes,Next Day Air,No,No,21,Credit Card,Every 3 Months,Outerwear,22,0,90,75.0,0.0,30.0,40.0,47.5,32.5,False,True,1. High Value Organic
1772,22,Male,Pants,Clothing,37,Kentucky,M,Olive,Winter,3.6,No,Standard,Yes,Yes,21,Credit Card,Weekly,Clothing,22,1,7,46.25,9.25,18.5,13.5,18.12,8.88,False,False,3. Promo-Using Repeat
1773,42,Male,Hoodie,Clothing,43,New York,L,Violet,Fall,3.8,No,Standard,Yes,Yes,8,PayPal,Monthly,Clothing,9,1,30,53.75,10.75,21.5,16.5,21.88,11.12,False,False,3. Promo-Using Repeat
1774,57,Female,Jeans,Clothing,36,Hawaii,L,Red,Winter,3.8,No,Next Day Air,No,No,15,Bank Transfer,Monthly,Clothing,16,0,30,36.0,0.0,14.4,16.6,20.2,13.0,False,False,4. Mid-Tier Core
1775,48,Male,Hat,Accessories,25,California,M,Peach,Spring,4.2,No,2-Day Shipping,No,No,13,Credit Card,Annually,Accessories,14,0,365,25.0,0.0,10.0,10.0,12.5,7.5,False,False,4. Mid-Tier Core
1776,66,Male,Handbag,Accessories,50,Oklahoma,L,Lavender,Fall,4.5,No,2-Day Shipping,Yes,Yes,3,Credit Card,Annually,Accessories,4,1,365,62.5,12.5,25.0,20.0,26.25,13.75,False,False,3. Promo-Using Repeat
1777,47,Female,Shorts,Clothing,50,Louisiana,S,Red,Winter,2.9,Yes,Next Day Air,No,No,42,PayPal,Bi-Weekly,Clothing,43,0,14,50.0,0.0,20.0,25.0,30.0,20.0,False,False,4. Mid-Tier Core
1778,62,Female,Shirt,Clothing,92,Georgia,S,White,Spring,3.5,Yes,Next Day Air,No,No,37,Cash,Fortnightly,Clothing,38,0,14,92.0,0.0,36.8,50.2,59.4,41.0,True,True,1. High Value Organic
1779,60,Female,Dress,Clothing,97,Indiana,M,White,Spring,3.4,Yes,Express,Yes,Yes,18,Debit Card,Every 3 Months,Clothing,19,1,90,121.25,24.25,48.5,43.5,55.62,31.38,False,False,2. High Spend Bargain Hunter
1780,35,Female,Sandals,Footwear,53,Arizona,M,Orange,Spring,4.1,Yes,Store Pickup,Yes,Yes,39,PayPal,Quarterly,Footwear,40,1,90,66.25,13.25,26.5,21.5,28.12,14.88,False,False,3. Promo-Using Repeat
1781,20,Male,Hat,Accessories,41,Rhode Island,M,Orange,Fall,2.6,No,Standard,Yes,Yes,16,PayPal,Quarterly,Accessories,17,1,90,51.25,10.25,20.5,15.5,20.62,10.38,False,False,3. Promo-Using Repeat
1782,22,Male,Sneakers,Footwear,36,Louisiana,L,Gold,Fall,4.8,No,Free Shipping,No,No,3,Bank Transfer,Fortnightly,Footwear,4,0,14,36.0,0.0,14.4,16.6,20.2,13.0,False,False,4. Mid-Tier Core
1783,21,Male,Dress,Clothing,38,Arkansas,S,Purple,Spring,3.7,No,Free Shipping,No,No,12,Bank Transfer,Every 3 Months,Clothing,13,0,90,38.0,0.0,15.2,17.8,21.6,14.0,False,False,4. Mid-Tier Core
1784,59,Female,Socks,Clothing,46,Wyoming,M,Gray,Winter,4.6,No,Express,No,No,37,Debit Card,Bi-Weekly,Clothing,38,0,14,46.0,0.0,18.4,22.6,27.2,18.0,False,False,4. Mid-Tier Core
1785,37,Male,Coat,Outerwear,64,Maine,M,Beige,Winter,3.3,Yes,Free Shipping,No,No,43,Cash,Annually,Outerwear,44,0,365,64.0,0.0,25.6,33.4,39.8,27.0,False,False,1. High Value Organic
1786,63,Female,Backpack,Accessories,37,Alabama,S,Maroon,Fall,2.6,Yes,Next Day Air,No,No,31,Venmo,Weekly,Accessories,32,0,7,37.0,0.0,14.8,17.2,20.9,13.5,False,False,4. Mid-Tier Core
1787,22,Male,Belt,Accessories,85,North Carolina,M,Magenta,Winter,4.9,Yes,2-Day Shipping,Yes,Yes,49,Cash,Monthly,Accessories,50,1,30,106.25,21.25,42.5,37.5,48.12,26.88,True,False,2. High Spend Bargain Hunter
1788,50,Female,Sneakers,Footwear,52,Tennessee,M,White,Spring,4.2,No,Next Day Air,Yes,Yes,35,Cash,Quarterly,Footwear,36,1,90,65.0,13.0,26.0,21.0,27.5,14.5,False,False,3. Promo-Using Repeat
1789,40,Male,Shoes,Footwear,51,Alabama,L,Peach,Fall,4.4,No,2-Day Shipping,Yes,Yes,48,Bank Transfer,Annually,Footwear,49,1,365,63.75,12.75,25.5,20.5,26.88,14.12,False,False,3. Promo-Using Repeat
1790,46,Female,Sweater,Clothing,92,Montana,M,Cyan,Winter,4.8,No,Express,Yes,Yes,12,Venmo,Weekly,Clothing,13,1,7,115.0,23.0,46.0,41.0,52.5,29.5,False,False,2. High Spend Bargain Hunter
1791,65,Female,Jacket,Outerwear,42,Indiana,L,Teal,Winter,2.6,No,2-Day Shipping,No,No,48,PayPal,Weekly,Outerwear,49,0,7,42.0,0.0,16.8,20.2,24.4,16.0,False,False,4. Mid-Tier Core
1792,19,Male,Pants,Clothing,76,Illinois,M,Violet,Spring,2.8,No,Store Pickup,No,No,31,Venmo,Monthly,Clothing,32,0,30,76.0,0.0,30.4,40.6,48.2,33.0,False,True,1. High Value Organic
1793,46,Male,Sandals,Footwear,69,Utah,M,Maroon,Winter,4.2,Yes,Standard,No,No,24,Cash,Monthly,Footwear,25,0,30,69.0,0.0,27.6,36.4,43.3,29.5,False,False,1. High Value Organic
1794,70,Male,Sneakers,Footwear,20,Mississippi,S,Peach,Spring,4.5,Yes,Next Day Air,No,No,15,Bank Transfer,Monthly,Footwear,16,0,30,20.0,0.0,8.0,7.0,9.0,5.0,False,False,4. Mid-Tier Core
1795,35,Female,Blouse,Clothing,69,Ohio,M,Orange,Summer,4.3,No,Free Shipping,No,No,41,Bank Transfer,Every 3 Months,Clothing,42,0,90,69.0,0.0,27.6,36.4,43.3,29.5,False,False,1. High Value Organic
1796,36,Male,Hoodie,Clothing,78,South Dakota,M,Orange,Fall,4.3,Yes,Store Pickup,No,No,3,PayPal,Bi-Weekly,Clothing,4,0,14,78.0,0.0,31.2,41.8,49.6,34.0,False,False,4. Mid-Tier Core
1797,58,Female,Boots,Footwear,41,Nevada,M,Orange,Fall,4.6,Yes,Free Shipping,No,No,9,Bank Transfer,Quarterly,Footwear,10,0,90,41.0,0.0,16.4,19.6,23.7,15.5,False,False,4. Mid-Tier Core
1798,42,Male,Backpack,Accessories,30,Georgia,L,Pink,Spring,4.4,Yes,Express,Yes,Yes,5,Debit Card,Every 3 Months,Accessories,6,1,90,37.5,7.5,15.0,10.0,13.75,6.25,False,False,3. Promo-Using Repeat
1799,65,Female,Jewelry,Accessories,100,Texas,XL,Olive,Spring,3.5,No,2-Day Shipping,No,No,38,Bank Transfer,Bi-Weekly,Accessories,39,0,14,100.0,0.0,40.0,55.0,65.0,45.0,True,True,1. High Value Organic
1800,39,Female,Sneakers,Footwear,85,Alaska,M,Gray,Winter,3.2,No,Store Pickup,Yes,Yes,31,Cash,Annually,Footwear,32,1,365,106.25,21.25,42.5,37.5,48.12,26.88,True,False,2. High Spend Bargain Hunter
1801,53,Female,Shoes,Footwear,96,Mississippi,XL,Beige,Summer,4.9,No,2-Day Shipping,No,No,37,Debit Card,Quarterly,Footwear,38,0,90,96.0,0.0,38.4,52.6,62.2,43.0,True,True,1. High Value Organic
1802,67,Male,Dress,Clothing,76,Hawaii,M,Lavender,Fall,2.7,No,2-Day Shipping,No,No,29,Bank Transfer,Fortnightly,Clothing,30,0,14,76.0,0.0,30.4,40.6,48.2,33.0,False,True,1. High Value Organic
1803,55,Male,Backpack,Accessories,58,New York,M,Brown,Spring,4.1,No,2-Day Shipping,Yes,Yes,34,Venmo,Quarterly,Accessories,35,1,90,72.5,14.5,29.0,24.0,31.25,16.75,False,False,3. Promo-Using Repeat
1804,64,Female,Shirt,Clothing,28,Oklahoma,XL,Olive,Fall,2.8,Yes,Express,Yes,Yes,35,Bank Transfer,Bi-Weekly,Clothing,36,1,14,35.0,7.0,14.0,9.0,12.5,5.5,False,False,3. Promo-Using Repeat
1805,18,Male,Shorts,Clothing,87,Tennessee,L,Black,Winter,2.9,No,Standard,No,No,1,Cash,Fortnightly,Clothing,2,0,14,87.0,0.0,34.8,47.2,55.9,38.5,False,False,4. Mid-Tier Core
1806,22,Male,Hat,Accessories,44,Louisiana,M,White,Fall,3.9,No,Standard,Yes,Yes,36,Debit Card,Monthly,Accessories,37,1,30,55.0,11.0,22.0,17.0,22.5,11.5,False,False,3. Promo-Using Repeat
1807,53,Male,Blouse,Clothing,71,Iowa,XL,Violet,Fall,3.4,No,Store Pickup,Yes,Yes,45,Venmo,Quarterly,Clothing,46,1,90,88.75,17.75,35.5,30.5,39.38,21.62,False,False,3. Promo-Using Repeat
1808,18,Female,Boots,Footwear,88,Nevada,L,Lavender,Fall,4.9,Yes,Store Pickup,No,No,41,Credit Card,Monthly,Footwear,42,0,30,88.0,0.0,35.2,47.8,56.6,39.0,True,True,1. High Value Organic
1809,24,Male,Sunglasses,Accessories,48,Louisiana,L,Pink,Summer,3.5,No,Free Shipping,Yes,Yes,32,Bank Transfer,Bi-Weekly,Accessories,33,1,14,60.0,12.0,24.0,19.0,25.0,13.0,False,False,3. Promo-Using Repeat
1810,59,Male,Sandals,Footwear,86,Nevada,L,Yellow,Spring,3.9,Yes,2-Day Shipping,Yes,Yes,7,Cash,Annually,Footwear,8,1,365,107.5,21.5,43.0,38.0,48.75,27.25,False,False,2. High Spend Bargain Hunter
1811,39,Male,Sandals,Footwear,25,West Virginia,M,Pink,Spring,3.0,No,Store Pickup,No,No,45,Credit Card,Fortnightly,Footwear,46,0,14,25.0,0.0,10.0,10.0,12.5,7.5,False,False,4. Mid-Tier Core
1812,48,Female,Shirt,Clothing,42,Missouri,L,Lavender,Fall,2.6,No,Express,No,No,1,Debit Card,Weekly,Clothing,2,0,7,42.0,0.0,16.8,20.2,24.4,16.0,False,False,4. Mid-Tier Core
1813,18,Male,Sandals,Footwear,76,West Virginia,M,Orange,Spring,4.4,No,Store Pickup,Yes,Yes,37,Venmo,Quarterly,Footwear,38,1,90,95.0,19.0,38.0,33.0,42.5,23.5,False,False,3. Promo-Using Repeat
1814,65,Male,Skirt,Clothing,31,Indiana,L,Purple,Winter,3.4,No,2-Day Shipping,Yes,Yes,41,PayPal,Weekly,Clothing,42,1,7,38.75,7.75,15.5,10.5,14.38,6.62,False,False,3. Promo-Using Repeat
1815,35,Female,Scarf,Accessories,80,Illinois,L,Maroon,Summer,4.7,Yes,Standard,Yes,Yes,5,Venmo,Every 3 Months,Accessories,6,1,90,100.0,20.0,40.0,35.0,45.0,25.0,False,False,2. High Spend Bargain Hunter
1816,55,Female,Pants,Clothing,44,Nevada,L,Charcoal,Spring,3.4,Yes,Free Shipping,No,No,38,Debit Card,Bi-Weekly,Clothing,39,0,14,44.0,0.0,17.6,21.4,25.8,17.0,False,False,4. Mid-Tier Core
1817,66,Male,Blouse,Clothing,62,Wyoming,M,Black,Spring,3.4,No,Free Shipping,No,No,37,PayPal,Weekly,Clothing,38,0,7,62.0,0.0,24.8,32.2,38.4,26.0,False,False,1. High Value Organic
1818,70,Male,Hoodie,Clothing,93,Tennessee,S,Gray,Spring,3.8,No,Standard,Yes,Yes,22,Cash,Bi-Weekly,Clothing,23,1,14,116.25,23.25,46.5,41.5,53.12,29.88,True,False,2. High Spend Bargain Hunter
1819,49,Female,Handbag,Accessories,70,Georgia,M,Cyan,Summer,4.6,No,2-Day Shipping,No,No,34,Venmo,Weekly,Accessories,35,0,7,70.0,0.0,28.0,37.0,44.0,30.0,False,False,1. High Value Organic
1820,38,Male,Socks,Clothing,25,Utah,XL,Olive,Summer,2.9,No,Standard,Yes,Yes,47,PayPal,Fortnightly,Clothing,48,1,14,31.25,6.25,12.5,7.5,10.62,4.38,False,False,3. Promo-Using Repeat
1821,30,Male,Hoodie,Clothing,61,Vermont,M,Pink,Winter,3.6,No,Standard,Yes,Yes,50,PayPal,Annually,Clothing,51,1,365,76.25,15.25,30.5,25.5,33.12,17.88,False,False,3. Promo-Using Repeat
1822,51,Male,Hoodie,Clothing,48,New York,L,Brown,Spring,4.5,No,2-Day Shipping,No,No,28,Cash,Every 3 Months,Clothing,29,0,90,48.0,0.0,19.2,23.8,28.6,19.0,False,False,4. Mid-Tier Core
1823,51,Female,Sandals,Footwear,56,Rhode Island,M,Lavender,Fall,3.6,Yes,Store Pickup,No,No,1,PayPal,Every 3 Months,Footwear,2,0,90,56.0,0.0,22.4,28.6,34.2,23.0,False,False,4. Mid-Tier Core
1824,68,Male,Belt,Accessories,31,New Jersey,S,White,Summer,3.1,Yes,Standard,Yes,Yes,44,Bank Transfer,Weekly,Accessories,45,1,7,38.75,7.75,15.5,10.5,14.38,6.62,False,False,3. Promo-Using Repeat
1825,24,Male,Sunglasses,Accessories,35,South Dakota,XL,Indigo,Summer,4.2,Yes,Next Day Air,No,No,43,Debit Card,Every 3 Months,Accessories,44,0,90,35.0,0.0,14.0,16.0,19.5,12.5,False,False,4. Mid-Tier Core
1826,24,Female,Sunglasses,Accessories,51,Louisiana,M,Violet,Fall,3.1,No,Store Pickup,Yes,Yes,44,Debit Card,Annually,Accessories,45,1,365,63.75,12.75,25.5,20.5,26.88,14.12,False,False,3. Promo-Using Repeat
1827,51,Male,Shorts,Clothing,52,New York,M,Yellow,Fall,4.9,No,Store Pickup,No,No,50,Credit Card,Weekly,Clothing,51,0,7,52.0,0.0,20.8,26.2,31.4,21.0,False,False,4. Mid-Tier Core
1828,63,Female,Jewelry,Accessories,68,Kansas,S,Charcoal,Fall,4.5,No,2-Day Shipping,Yes,Yes,3,Bank Transfer,Every 3 Months,Accessories,4,1,90,85.0,17.0,34.0,29.0,37.5,20.5,False,False,3. Promo-Using Repeat
1829,35,Male,Dress,Clothing,75,Oregon,M,Violet,Winter,4.5,Yes,Free Shipping,Yes,Yes,33,Credit Card,Weekly,Clothing,34,1,7,93.75,18.75,37.5,32.5,41.88,23.12,False,False,3. Promo-Using Repeat
1830,18,Female,Skirt,Clothing,52,Nevada,M,White,Winter,2.9,No,Express,No,No,38,Bank Transfer,Weekly,Clothing,39,0,7,52.0,0.0,20.8,26.2,31.4,21.0,False,False,4. Mid-Tier Core
1831,29,Male,Dress,Clothing,92,Kansas,M,Gold,Fall,3.2,No,Standard,No,No,40,Credit Card,Bi-Weekly,Clothing,41,0,14,92.0,0.0,36.8,50.2,59.4,41.0,True,True,1. High Value Organic
1832,22,Female,Shoes,Footwear,80,Tennessee,M,Olive,Winter,2.5,No,Standard,No,No,40,Bank Transfer,Weekly,Footwear,41,0,7,80.0,0.0,32.0,43.0,51.0,35.0,True,True,1. High Value Organic
1833,31,Male,Sneakers,Footwear,36,Arkansas,M,Green,Fall,3.4,No,Standard,No,No,5,Debit Card,Quarterly,Footwear,6,0,90,36.0,0.0,14.4,16.6,20.2,13.0,False,False,4. Mid-Tier Core
1834,25,Male,Jacket,Outerwear,32,Georgia,XL,Red,Fall,4.4,No,Express,No,No,6,Credit Card,Fortnightly,Outerwear,7,0,14,32.0,0.0,12.8,14.2,17.4,11.0,False,False,4. Mid-Tier Core
1835,57,Female,Sunglasses,Accessories,25,Iowa,M,Turquoise,Summer,4.6,No,Next Day Air,No,No,6,Debit Card,Every 3 Months,Accessories,7,0,90,25.0,0.0,10.0,10.0,12.5,7.5,False,False,4. Mid-Tier Core
1836,22,Male,Dress,Clothing,77,Rhode Island,M,Turquoise,Fall,3.2,Yes,Express,Yes,Yes,5,Bank Transfer,Fortnightly,Clothing,6,1,14,96.25,19.25,38.5,33.5,43.12,23.88,False,False,3. Promo-Using Repeat
1837,28,Female,Coat,Outerwear,59,Oklahoma,L,Gold,Fall,3.5,No,Express,No,No,22,Credit Card,Fortnightly,Outerwear,23,0,14,59.0,0.0,23.6,30.4,36.3,24.5,False,False,1. High Value Organic
1838,56,Male,Scarf,Accessories,85,Louisiana,XL,Silver,Fall,4.6,No,Express,Yes,Yes,13,PayPal,Annually,Accessories,14,1,365,106.25,21.25,42.5,37.5,48.12,26.88,False,False,2. High Spend Bargain Hunter
1839,39,Male,Shoes,Footwear,80,Mississippi,M,Charcoal,Winter,2.5,No,2-Day Shipping,No,No,48,PayPal,Monthly,Footwear,49,0,30,80.0,0.0,32.0,43.0,51.0,35.0,True,True,1. High Value Organic
1840,62,Female,Belt,Accessories,96,West Virginia,M,Gold,Winter,4.8,No,Express,Yes,Yes,42,Credit Card,Quarterly,Accessories,43,1,90,120.0,24.0,48.0,43.0,55.0,31.0,True,False,2. High Spend Bargain Hunter
1841,29,Male,Coat,Outerwear,69,Colorado,M,Violet,Summer,4.4,No,Standard,Yes,Yes,3,PayPal,Weekly,Outerwear,4,1,7,86.25,17.25,34.5,29.5,38.12,20.88,False,False,3. Promo-Using Repeat
1842,38,Male,Sandals,Footwear,91,Maine,M,Gold,Fall,2.8,No,Standard,Yes,Yes,41,Cash,Quarterly,Footwear,42,1,90,113.75,22.75,45.5,40.5,51.88,29.12,True,False,2. High Spend Bargain Hunter
1843,26,Male,Sneakers,Footwear,56,New York,S,Magenta,Winter,3.6,No,Standard,No,No,22,Bank Transfer,Every 3 Months,Footwear,23,0,90,56.0,0.0,22.4,28.6,34.2,23.0,False,False,1. High Value Organic
1844,24,Male,Hat,Accessories,47,Missouri,M,Maroon,Spring,3.2,Yes,Next Day Air,No,No,5,Bank Transfer,Quarterly,Accessories,6,0,90,47.0,0.0,18.8,23.2,27.9,18.5,False,False,4. Mid-Tier Core
1845,53,Male,Blouse,Clothing,34,Arkansas,M,White,Fall,2.8,No,Free Shipping,Yes,Yes,18,Credit Card,Fortnightly,Clothing,19,1,14,42.5,8.5,17.0,12.0,16.25,7.75,False,False,3. Promo-Using Repeat
1846,36,Male,Blouse,Clothing,59,Vermont,XL,Green,Winter,4.3,No,Standard,No,No,44,Venmo,Quarterly,Clothing,45,0,90,59.0,0.0,23.6,30.4,36.3,24.5,False,False,1. High Value Organic
1847,51,Female,Sandals,Footwear,92,Kentucky,S,Beige,Summer,4.4,Yes,2-Day Shipping,No,No,2,Bank Transfer,Annually,Footwear,3,0,365,92.0,0.0,36.8,50.2,59.4,41.0,False,False,4. Mid-Tier Core
1848,19,Male,Socks,Clothing,91,Idaho,S,Teal,Winter,5.0,No,Standard,Yes,Yes,2,Debit Card,Annually,Clothing,3,1,365,113.75,22.75,45.5,40.5,51.88,29.12,False,False,2. High Spend Bargain Hunter
1849,48,Male,Hoodie,Clothing,70,Idaho,XL,Violet,Fall,3.6,No,2-Day Shipping,Yes,Yes,27,Debit Card,Fortnightly,Clothing,28,1,14,87.5,17.5,35.0,30.0,38.75,21.25,False,False,3. Promo-Using Repeat
1850,45,Female,Dress,Clothing,33,New York,S,Violet,Summer,2.6,No,2-Day Shipping,No,No,43,Venmo,Monthly,Clothing,44,0,30,33.0,0.0,13.2,14.8,18.1,11.5,False,False,4. Mid-Tier Core
1851,62,Male,Belt,Accessories,70,California,M,Purple,Summer,3.8,Yes,2-Day Shipping,No,No,4,Cash,Monthly,Accessories,5,0,30,70.0,0.0,28.0,37.0,44.0,30.0,False,False,4. Mid-Tier Core
1852,47,Female,Handbag,Accessories,42,North Carolina,M,Purple,Fall,4.6,No,Express,Yes,Yes,8,Venmo,Fortnightly,Accessories,9,1,14,52.5,10.5,21.0,16.0,21.25,10.75,False,False,3. Promo-Using Repeat
1853,54,Male,Sunglasses,Accessories,67,Colorado,L,Pink,Fall,4.3,Yes,2-Day Shipping,Yes,Yes,11,Cash,Monthly,Accessories,12,1,30,83.75,16.75,33.5,28.5,36.88,20.12,False,False,3. Promo-Using Repeat
1854,70,Female,Sandals,Footwear,92,Minnesota,M,Brown,Winter,4.8,No,Store Pickup,Yes,Yes,18,Venmo,Annually,Footwear,19,1,365,115.0,23.0,46.0,41.0,52.5,29.5,False,False,2. High Spend Bargain Hunter
1855,53,Male,Pants,Clothing,99,Maryland,S,Turquoise,Winter,3.2,No,Standard,Yes,Yes,46,PayPal,Bi-Weekly,Clothing,47,1,14,123.75,24.75,49.5,44.5,56.88,32.12,True,False,2. High Spend Bargain Hunter
1856,52,Male,Dress,Clothing,30,Hawaii,L,Brown,Winter,2.8,No,Free Shipping,No,No,8,Bank Transfer,Quarterly,Clothing,9,0,90,30.0,0.0,12.0,13.0,16.0,10.0,False,False,4. Mid-Tier Core
1857,45,Male,Sunglasses,Accessories,94,Arkansas,L,Brown,Fall,2.5,No,Next Day Air,Yes,Yes,37,Debit Card,Weekly,Accessories,38,1,7,117.5,23.5,47.0,42.0,53.75,30.25,True,False,2. High Spend Bargain Hunter
1858,65,Male,Handbag,Accessories,34,Massachusetts,M,Olive,Fall,4.0,No,Store Pickup,Yes,Yes,19,Venmo,Quarterly,Accessories,20,1,90,42.5,8.5,17.0,12.0,16.25,7.75,False,False,3. Promo-Using Repeat
1859,65,Female,Boots,Footwear,43,Alaska,S,Violet,Fall,2.8,Yes,Store Pickup,Yes,Yes,5,PayPal,Fortnightly,Footwear,6,1,14,53.75,10.75,21.5,16.5,21.88,11.12,False,False,3. Promo-Using Repeat
1860,27,Male,Dress,Clothing,29,Kansas,L,Gold,Fall,4.4,Yes,Store Pickup,No,No,41,Bank Transfer,Annually,Clothing,42,0,365,29.0,0.0,11.6,12.4,15.3,9.5,False,False,4. Mid-Tier Core
1861,70,Male,Jeans,Clothing,48,California,L,Magenta,Summer,2.6,No,2-Day Shipping,Yes,Yes,23,PayPal,Annually,Clothing,24,1,365,60.0,12.0,24.0,19.0,25.0,13.0,False,False,3. Promo-Using Repeat
1862,46,Male,Pants,Clothing,52,Vermont,L,Olive,Spring,2.6,No,Next Day Air,Yes,Yes,37,Bank Transfer,Every 3 Months,Clothing,38,1,90,65.0,13.0,26.0,21.0,27.5,14.5,False,False,3. Promo-Using Repeat
1863,70,Female,Sandals,Footwear,49,New Hampshire,XL,Pink,Spring,3.0,No,2-Day Shipping,No,No,21,Venmo,Annually,Footwear,22,0,365,49.0,0.0,19.6,24.4,29.3,19.5,False,False,4. Mid-Tier Core
1864,65,Male,Boots,Footwear,22,Colorado,M,Maroon,Fall,3.2,No,Express,Yes,Yes,18,Bank Transfer,Annually,Footwear,19,1,365,27.5,5.5,11.0,6.0,8.75,3.25,False,False,3. Promo-Using Repeat
1865,59,Male,Shirt,Clothing,60,South Dakota,L,Violet,Spring,2.7,No,2-Day Shipping,Yes,Yes,22,Venmo,Fortnightly,Clothing,23,1,14,75.0,15.0,30.0,25.0,32.5,17.5,False,False,3. Promo-Using Repeat
1866,53,Female,Scarf,Accessories,89,New York,L,Orange,Spring,4.7,No,Store Pickup,Yes,Yes,31,Debit Card,Weekly,Accessories,32,1,7,111.25,22.25,44.5,39.5,50.62,28.38,True,False,2. High Spend Bargain Hunter
1867,39,Male,Jeans,Clothing,29,Texas,XL,Pink,Winter,4.8,Yes,Free Shipping,No,No,13,Venmo,Monthly,Clothing,14,0,30,29.0,0.0,11.6,12.4,15.3,9.5,False,False,4. Mid-Tier Core
1868,47,Female,Boots,Footwear,93,South Carolina,XL,Magenta,Winter,3.9,No,2-Day Shipping,No,No,14,Debit Card,Quarterly,Footwear,15,0,90,93.0,0.0,37.2,50.8,60.1,41.5,False,False,1. High Value Organic
1869,63,Female,Backpack,Accessories,87,Iowa,M,Olive,Summer,5.0,Yes,Store Pickup,No,No,45,Debit Card,Fortnightly,Accessories,46,0,14,87.0,0.0,34.8,47.2,55.9,38.5,True,True,1. High Value Organic
1870,43,Male,Belt,Accessories,39,Delaware,M,Green,Spring,4.8,No,Store Pickup,No,No,2,Bank Transfer,Quarterly,Accessories,3,0,90,39.0,0.0,15.6,18.4,22.3,14.5,False,False,4. Mid-Tier Core
1871,60,Female,Pants,Clothing,81,Tennessee,L,Pink,Winter,3.9,No,Express,No,No,5,Bank Transfer,Monthly,Clothing,6,0,30,81.0,0.0,32.4,43.6,51.7,35.5,False,False,4. Mid-Tier Core
1872,46,Male,Dress,Clothing,44,New Jersey,L,Brown,Fall,2.8,No,Standard,No,No,14,Credit Card,Quarterly,Clothing,15,0,90,44.0,0.0,17.6,21.4,25.8,17.0,False,False,4. Mid-Tier Core
1873,42,Female,Hat,Accessories,58,Oregon,L,Cyan,Winter,3.2,No,2-Day Shipping,No,No,43,Cash,Annually,Accessories,44,0,365,58.0,0.0,23.2,29.8,35.6,24.0,False,False,1. High Value Organic
1874,45,Male,Skirt,Clothing,70,Alaska,M,Brown,Spring,5.0,No,Free Shipping,Yes,Yes,10,Venmo,Annually,Clothing,11,1,365,87.5,17.5,35.0,30.0,38.75,21.25,False,False,3. Promo-Using Repeat
1875,38,Male,Pants,Clothing,68,Illinois,XL,White,Spring,2.6,No,Store Pickup,No,No,12,Cash,Monthly,Clothing,13,0,30,68.0,0.0,27.2,35.8,42.6,29.0,False,False,1. High Value Organic
1876,61,Female,Jeans,Clothing,55,Minnesota,M,Magenta,Winter,4.8,No,2-Day Shipping,No,No,17,Venmo,Weekly,Clothing,18,0,7,55.0,0.0,22.0,28.0,33.5,22.5,False,False,1. High Value Organic
1877,21,Female,Backpack,Accessories,54,Iowa,L,Violet,Spring,3.3,Yes,Express,Yes,Yes,42,Debit Card,Every 3 Months,Accessories,43,1,90,67.5,13.5,27.0,22.0,28.75,15.25,False,False,3. Promo-Using Repeat
1878,40,Male,Jewelry,Accessories,72,Texas,S,Cyan,Spring,3.0,Yes,Next Day Air,Yes,Yes,10,Cash,Every 3 Months,Accessories,11,1,90,90.0,18.0,36.0,31.0,40.0,22.0,False,False,3. Promo-Using Repeat
1879,40,Female,Shirt,Clothing,99,Hawaii,S,Indigo,Fall,4.3,No,2-Day Shipping,Yes,Yes,19,PayPal,Every 3 Months,Clothing,20,1,90,123.75,24.75,49.5,44.5,56.88,32.12,False,False,2. High Spend Bargain Hunter
1880,67,Male,Blouse,Clothing,47,West Virginia,S,White,Fall,4.6,No,Store Pickup,No,No,40,Cash,Every 3 Months,Clothing,41,0,90,47.0,0.0,18.8,23.2,27.9,18.5,False,False,4. Mid-Tier Core
1881,42,Male,Jewelry,Accessories,66,Idaho,M,White,Winter,3.3,No,Express,Yes,Yes,32,Cash,Annually,Accessories,33,1,365,82.5,16.5,33.0,28.0,36.25,19.75,False,False,3. Promo-Using Repeat
1882,41,Male,Handbag,Accessories,46,West Virginia,M,Pink,Winter,3.7,No,2-Day Shipping,Yes,Yes,18,Bank Transfer,Monthly,Accessories,19,1,30,57.5,11.5,23.0,18.0,23.75,12.25,False,False,3. Promo-Using Repeat
1883,36,Male,Socks,Clothing,55,New York,M,Indigo,Fall,5.0,Yes,Store Pickup,Yes,Yes,34,Cash,Annually,Clothing,35,1,365,68.75,13.75,27.5,22.5,29.38,15.62,False,False,3. Promo-Using Repeat
1884,35,Male,Dress,Clothing,59,Wyoming,M,Teal,Fall,2.6,No,Express,Yes,Yes,50,PayPal,Weekly,Clothing,51,1,7,73.75,14.75,29.5,24.5,31.88,17.12,False,False,3. Promo-Using Repeat
1885,58,Male,Jeans,Clothing,78,Maine,L,Violet,Summer,3.4,No,Standard,No,No,26,Bank Transfer,Annually,Clothing,27,0,365,78.0,0.0,31.2,41.8,49.6,34.0,False,True,1. High Value Organic
1886,40,Male,Sweater,Clothing,40,Nebraska,S,Charcoal,Winter,3.2,Yes,Next Day Air,No,No,23,PayPal,Every 3 Months,Clothing,24,0,90,40.0,0.0,16.0,19.0,23.0,15.0,False,False,4. Mid-Tier Core
1887,20,Male,Socks,Clothing,62,North Dakota,L,Olive,Fall,3.2,Yes,Express,Yes,Yes,25,Venmo,Quarterly,Clothing,26,1,90,77.5,15.5,31.0,26.0,33.75,18.25,False,False,3. Promo-Using Repeat
1888,27,Male,Scarf,Accessories,48,Iowa,M,Brown,Spring,4.1,No,Express,No,No,35,Cash,Annually,Accessories,36,0,365,48.0,0.0,19.2,23.8,28.6,19.0,False,False,4. Mid-Tier Core
1889,23,Male,Dress,Clothing,34,Vermont,XL,Silver,Winter,4.6,Yes,Standard,Yes,Yes,37,Credit Card,Quarterly,Clothing,38,1,90,42.5,8.5,17.0,12.0,16.25,7.75,False,False,3. Promo-Using Repeat
1890,37,Male,Sweater,Clothing,36,Rhode Island,L,Green,Spring,3.7,Yes,Express,No,No,31,PayPal,Quarterly,Clothing,32,0,90,36.0,0.0,14.4,16.6,20.2,13.0,False,False,4. Mid-Tier Core
1891,39,Male,Backpack,Accessories,68,New Jersey,M,Olive,Winter,3.7,No,Standard,Yes,Yes,20,Venmo,Every 3 Months,Accessories,21,1,90,85.0,17.0,34.0,29.0,37.5,20.5,False,False,3. Promo-Using Repeat
1892,30,Male,Blouse,Clothing,42,Louisiana,L,Purple,Spring,4.1,No,Express,Yes,Yes,9,Cash,Fortnightly,Clothing,10,1,14,52.5,10.5,21.0,16.0,21.25,10.75,False,False,3. Promo-Using Repeat
1893,62,Male,Shorts,Clothing,68,South Dakota,L,Teal,Fall,3.4,Yes,Free Shipping,No,No,4,Credit Card,Weekly,Clothing,5,0,7,68.0,0.0,27.2,35.8,42.6,29.0,False,False,4. Mid-Tier Core
1894,35,Male,Blouse,Clothing,30,Maryland,M,White,Fall,4.4,Yes,Standard,Yes,Yes,45,Debit Card,Quarterly,Clothing,46,1,90,37.5,7.5,15.0,10.0,13.75,6.25,False,False,3. Promo-Using Repeat
1895,42,Female,Skirt,Clothing,24,Louisiana,M,Teal,Winter,3.6,No,Next Day Air,Yes,Yes,23,Debit Card,Bi-Weekly,Clothing,24,1,14,30.0,6.0,12.0,7.0,10.0,4.0,False,False,3. Promo-Using Repeat
1896,56,Female,Coat,Outerwear,24,Louisiana,XL,Olive,Fall,2.6,No,2-Day Shipping,No,No,35,PayPal,Fortnightly,Outerwear,36,0,14,24.0,0.0,9.6,9.4,11.8,7.0,False,False,4. Mid-Tier Core
1897,33,Male,Gloves,Accessories,63,Iowa,M,Olive,Spring,2.6,No,Store Pickup,Yes,Yes,22,Debit Card,Every 3 Months,Accessories,23,1,90,78.75,15.75,31.5,26.5,34.38,18.62,False,False,3. Promo-Using Repeat
1898,58,Male,Shirt,Clothing,89,Maine,S,Orange,Winter,2.6,No,Next Day Air,Yes,Yes,5,Venmo,Monthly,Clothing,6,1,30,111.25,22.25,44.5,39.5,50.62,28.38,False,False,2. High Spend Bargain Hunter
1899,42,Female,Socks,Clothing,34,Oregon,S,Magenta,Summer,4.9,No,Express,Yes,Yes,1,Debit Card,Every 3 Months,Clothing,2,1,90,42.5,8.5,17.0,12.0,16.25,7.75,False,False,3. Promo-Using Repeat
1900,18,Female,Skirt,Clothing,50,Rhode Island,M,Yellow,Winter,5.0,No,Standard,No,No,21,Debit Card,Bi-Weekly,Clothing,22,0,14,50.0,0.0,20.0,25.0,30.0,20.0,False,False,4. Mid-Tier Core
1901,35,Female,Sunglasses,Accessories,52,Wyoming,M,Indigo,Winter,3.6,Yes,Express,No,No,11,PayPal,Fortnightly,Accessories,12,0,14,52.0,0.0,20.8,26.2,31.4,21.0,False,False,4. Mid-Tier Core
1902,21,Female,Hoodie,Clothing,41,Vermont,L,White,Summer,3.5,No,Standard,No,No,21,Bank Transfer,Weekly,Clothing,22,0,7,41.0,0.0,16.4,19.6,23.7,15.5,False,False,4. Mid-Tier Core
1903,38,Male,Sweater,Clothing,56,Ohio,M,Maroon,Winter,2.9,Yes,Free Shipping,No,No,26,PayPal,Quarterly,Clothing,27,0,90,56.0,0.0,22.4,28.6,34.2,23.0,False,False,1. High Value Organic
1904,59,Male,Boots,Footwear,39,Nebraska,M,Charcoal,Fall,3.5,No,Free Shipping,No,No,24,PayPal,Annually,Footwear,25,0,365,39.0,0.0,15.6,18.4,22.3,14.5,False,False,4. Mid-Tier Core
1905,46,Female,Sweater,Clothing,50,Oklahoma,M,Gray,Fall,4.4,Yes,Express,Yes,Yes,38,Credit Card,Monthly,Clothing,39,1,30,62.5,12.5,25.0,20.0,26.25,13.75,False,False,3. Promo-Using Repeat
1906,36,Male,Sweater,Clothing,99,Iowa,M,Teal,Fall,4.3,No,2-Day Shipping,Yes,Yes,29,Debit Card,Annually,Clothing,30,1,365,123.75,24.75,49.5,44.5,56.88,32.12,True,False,2. High Spend Bargain Hunter
1907,70,Male,Shorts,Clothing,24,Alabama,M,Purple,Fall,4.6,No,Standard,Yes,Yes,3,Credit Card,Annually,Clothing,4,1,365,30.0,6.0,12.0,7.0,10.0,4.0,False,False,3. Promo-Using Repeat
1908,38,Male,Sweater,Clothing,63,South Dakota,XL,Silver,Fall,5.0,No,Standard,Yes,Yes,24,Debit Card,Fortnightly,Clothing,25,1,14,78.75,15.75,31.5,26.5,34.38,18.62,False,False,3. Promo-Using Repeat
1909,41,Female,Skirt,Clothing,89,Hawaii,S,Black,Winter,4.2,No,Standard,Yes,Yes,17,Bank Transfer,Quarterly,Clothing,18,1,90,111.25,22.25,44.5,39.5,50.62,28.38,False,False,2. High Spend Bargain Hunter
1910,44,Male,Skirt,Clothing,68,Minnesota,M,Olive,Summer,3.6,Yes,2-Day Shipping,Yes,Yes,35,Debit Card,Weekly,Clothing,36,1,7,85.0,17.0,34.0,29.0,37.5,20.5,False,False,3. Promo-Using Repeat
1911,41,Male,Boots,Footwear,95,North Carolina,XL,Beige,Winter,4.6,No,Free Shipping,No,No,39,Credit Card,Weekly,Footwear,40,0,7,95.0,0.0,38.0,52.0,61.5,42.5,True,True,1. High Value Organic
1912,35,Male,Dress,Clothing,35,Arizona,M,Cyan,Winter,3.9,Yes,Next Day Air,No,No,27,Venmo,Quarterly,Clothing,28,0,90,35.0,0.0,14.0,16.0,19.5,12.5,False,False,4. Mid-Tier Core
1913,66,Female,Blouse,Clothing,90,Georgia,L,Pink,Winter,4.9,Yes,Express,No,No,17,Credit Card,Quarterly,Clothing,18,0,90,90.0,0.0,36.0,49.0,58.0,40.0,False,True,1. High Value Organic
1914,20,Female,Shoes,Footwear,79,Arkansas,S,Brown,Winter,4.2,No,2-Day Shipping,Yes,Yes,9,Debit Card,Quarterly,Footwear,10,1,90,98.75,19.75,39.5,34.5,44.38,24.62,False,False,2. High Spend Bargain Hunter
1915,22,Male,Backpack,Accessories,32,Ohio,M,Cyan,Fall,2.8,No,Express,No,No,32,Venmo,Bi-Weekly,Accessories,33,0,14,32.0,0.0,12.8,14.2,17.4,11.0,False,False,4. Mid-Tier Core
1916,57,Male,Jeans,Clothing,35,Kentucky,L,Yellow,Spring,2.9,Yes,Store Pickup,No,No,26,Cash,Annually,Clothing,27,0,365,35.0,0.0,14.0,16.0,19.5,12.5,False,False,4. Mid-Tier Core
1917,56,Female,Hoodie,Clothing,64,Nevada,M,Orange,Winter,4.8,No,Express,Yes,Yes,45,Cash,Quarterly,Clothing,46,1,90,80.0,16.0,32.0,27.0,35.0,19.0,False,False,3. Promo-Using Repeat
1918,27,Female,Pants,Clothing,33,West Virginia,M,Turquoise,Fall,2.8,Yes,Store Pickup,Yes,Yes,44,Venmo,Quarterly,Clothing,45,1,90,41.25,8.25,16.5,11.5,15.62,7.38,False,False,3. Promo-Using Repeat
1919,18,Male,Sneakers,Footwear,100,Kansas,L,Brown,Summer,3.2,Yes,Store Pickup,No,No,44,Cash,Monthly,Footwear,45,0,30,100.0,0.0,40.0,55.0,65.0,45.0,True,True,1. High Value Organic
1920,32,Male,Shoes,Footwear,81,Vermont,S,Charcoal,Winter,4.5,No,Next Day Air,No,No,36,PayPal,Annually,Footwear,37,0,365,81.0,0.0,32.4,43.6,51.7,35.5,True,True,1. High Value Organic
1921,28,Male,Sneakers,Footwear,22,Georgia,M,Green,Winter,4.2,Yes,Free Shipping,No,No,1,Credit Card,Fortnightly,Footwear,2,0,14,22.0,0.0,8.8,8.2,10.4,6.0,False,False,4. Mid-Tier Core
1922,24,Female,Backpack,Accessories,57,Nebraska,M,Olive,Summer,3.8,No,Express,No,No,44,PayPal,Weekly,Accessories,45,0,7,57.0,0.0,22.8,29.2,34.9,23.5,False,False,1. High Value Organic
1923,66,Female,Pants,Clothing,89,New York,M,Peach,Fall,4.3,No,Free Shipping,No,No,44,PayPal,Weekly,Clothing,45,0,7,89.0,0.0,35.6,48.4,57.3,39.5,True,True,1. High Value Organic
1924,28,Female,Coat,Outerwear,77,Tennessee,L,Pink,Fall,4.3,No,Free Shipping,Yes,Yes,20,Bank Transfer,Fortnightly,Outerwear,21,1,14,96.25,19.25,38.5,33.5,43.12,23.88,False,False,3. Promo-Using Repeat
1925,39,Male,Sneakers,Footwear,98,Nebraska,S,Magenta,Spring,4.8,No,2-Day Shipping,No,No,48,Bank Transfer,Quarterly,Footwear,49,0,90,98.0,0.0,39.2,53.8,63.6,44.0,True,True,1. High Value Organic
1926,47,Male,Handbag,Accessories,36,Arkansas,L,Teal,Fall,3.5,No,Next Day Air,Yes,Yes,42,Venmo,Weekly,Accessories,43,1,7,45.0,9.0,18.0,13.0,17.5,8.5,False,False,3. Promo-Using Repeat
1927,68,Male,Hoodie,Clothing,80,Arizona,M,Lavender,Winter,2.9,No,Free Shipping,Yes,Yes,48,Venmo,Monthly,Clothing,49,1,30,100.0,20.0,40.0,35.0,45.0,25.0,True,False,2. High Spend Bargain Hunter
1928,53,Male,Handbag,Accessories,76,Alabama,M,Orange,Fall,2.6,No,Next Day Air,Yes,Yes,47,Credit Card,Every 3 Months,Accessories,48,1,90,95.0,19.0,38.0,33.0,42.5,23.5,False,False,3. Promo-Using Repeat
1929,20,Male,Jewelry,Accessories,96,Maryland,M,Teal,Fall,3.6,No,Free Shipping,No,No,35,Cash,Fortnightly,Accessories,36,0,14,96.0,0.0,38.4,52.6,62.2,43.0,True,True,1. High Value Organic
1930,61,Female,Sweater,Clothing,68,Maine,L,Silver,Winter,3.0,Yes,Store Pickup,Yes,Yes,27,Venmo,Annually,Clothing,28,1,365,85.0,17.0,34.0,29.0,37.5,20.5,False,False,3. Promo-Using Repeat
1931,20,Male,Hoodie,Clothing,42,West Virginia,S,Silver,Summer,3.3,No,Free Shipping,No,No,27,Cash,Every 3 Months,Clothing,28,0,90,42.0,0.0,16.8,20.2,24.4,16.0,False,False,4. Mid-Tier Core
1932,35,Male,Jeans,Clothing,58,Oklahoma,M,Maroon,Spring,3.9,No,Standard,No,No,24,Debit Card,Every 3 Months,Clothing,25,0,90,58.0,0.0,23.2,29.8,35.6,24.0,False,False,1. High Value Organic
1933,37,Female,Belt,Accessories,49,Tennessee,S,Lavender,Summer,2.7,No,Free Shipping,Yes,Yes,39,Venmo,Annually,Accessories,40,1,365,61.25,12.25,24.5,19.5,25.62,13.38,False,False,3. Promo-Using Repeat
1934,46,Male,Belt,Accessories,32,Maryland,M,Green,Winter,3.8,No,Next Day Air,No,No,17,Cash,Fortnightly,Accessories,18,0,14,32.0,0.0,12.8,14.2,17.4,11.0,False,False,4. Mid-Tier Core
1935,29,Male,Sunglasses,Accessories,42,Kentucky,M,Orange,Winter,4.7,No,Express,No,No,26,Debit Card,Fortnightly,Accessories,27,0,14,42.0,0.0,16.8,20.2,24.4,16.0,False,False,4. Mid-Tier Core
1936,49,Male,Backpack,Accessories,61,Alaska,L,Teal,Winter,3.0,Yes,Free Shipping,Yes,Yes,42,Venmo,Fortnightly,Accessories,43,1,14,76.25,15.25,30.5,25.5,33.12,17.88,False,False,3. Promo-Using Repeat
1937,33,Male,Jewelry,Accessories,49,Kansas,S,Lavender,Fall,4.6,No,Store Pickup,Yes,Yes,19,PayPal,Every 3 Months,Accessories,20,1,90,61.25,12.25,24.5,19.5,25.62,13.38,False,False,3. Promo-Using Repeat
1938,47,Female,Sunglasses,Accessories,35,Utah,L,Orange,Summer,3.6,No,Express,No,No,49,Venmo,Every 3 Months,Accessories,50,0,90,35.0,0.0,14.0,16.0,19.5,12.5,False,False,4. Mid-Tier Core
1939,54,Male,Sweater,Clothing,36,Alaska,S,Green,Spring,4.4,No,Store Pickup,No,No,20,Debit Card,Weekly,Clothing,21,0,7,36.0,0.0,14.4,16.6,20.2,13.0,False,False,4. Mid-Tier Core
1940,25,Male,Backpack,Accessories,97,Nebraska,L,Green,Winter,4.1,No,Express,No,No,20,Venmo,Bi-Weekly,Accessories,21,0,14,97.0,0.0,38.8,53.2,62.9,43.5,True,True,1. High Value Organic
1941,35,Female,Socks,Clothing,92,New Jersey,L,Orange,Summer,4.1,No,Express,No,No,3,Debit Card,Fortnightly,Clothing,4,0,14,92.0,0.0,36.8,50.2,59.4,41.0,False,False,4. Mid-Tier Core
1942,42,Male,Belt,Accessories,24,Georgia,M,Maroon,Winter,3.2,No,2-Day Shipping,No,No,44,PayPal,Monthly,Accessories,45,0,30,24.0,0.0,9.6,9.4,11.8,7.0,False,False,4. Mid-Tier Core
1943,43,Female,Sunglasses,Accessories,92,Alabama,L,Indigo,Spring,4.8,No,Free Shipping,Yes,Yes,45,PayPal,Monthly,Accessories,46,1,30,115.0,23.0,46.0,41.0,52.5,29.5,True,False,2. High Spend Bargain Hunter
1944,63,Male,Sunglasses,Accessories,87,Tennessee,XL,Black,Winter,3.5,No,Free Shipping,No,No,35,Bank Transfer,Monthly,Accessories,36,0,30,87.0,0.0,34.8,47.2,55.9,38.5,True,True,1. High Value Organic
1945,43,Female,Hoodie,Clothing,49,Alaska,L,Yellow,Winter,2.8,Yes,Next Day Air,No,No,19,PayPal,Quarterly,Clothing,20,0,90,49.0,0.0,19.6,24.4,29.3,19.5,False,False,4. Mid-Tier Core
1946,66,Female,Boots,Footwear,43,New Hampshire,L,Turquoise,Summer,4.3,No,Next Day Air,No,No,39,Credit Card,Weekly,Footwear,40,0,7,43.0,0.0,17.2,20.8,25.1,16.5,False,False,4. Mid-Tier Core
1947,66,Male,Blouse,Clothing,28,Oregon,M,Magenta,Winter,5.0,Yes,Free Shipping,No,No,45,Bank Transfer,Bi-Weekly,Clothing,46,0,14,28.0,0.0,11.2,11.8,14.6,9.0,False,False,4. Mid-Tier Core
1948,47,Female,Shorts,Clothing,63,Massachusetts,L,Gray,Fall,3.9,No,Standard,Yes,Yes,13,Credit Card,Quarterly,Clothing,14,1,90,78.75,15.75,31.5,26.5,34.38,18.62,False,False,3. Promo-Using Repeat
1949,32,Male,Shirt,Clothing,52,Delaware,XL,Indigo,Fall,3.6,No,Free Shipping,No,No,40,Debit Card,Monthly,Clothing,41,0,30,52.0,0.0,20.8,26.2,31.4,21.0,False,False,4. Mid-Tier Core
1950,44,Male,Sneakers,Footwear,79,Illinois,M,Yellow,Spring,4.4,Yes,2-Day Shipping,No,No,10,Venmo,Fortnightly,Footwear,11,0,14,79.0,0.0,31.6,42.4,50.3,34.5,False,False,1. High Value Organic
1951,57,Male,Belt,Accessories,41,North Carolina,M,Red,Spring,3.8,No,2-Day Shipping,No,No,17,Bank Transfer,Every 3 Months,Accessories,18,0,90,41.0,0.0,16.4,19.6,23.7,15.5,False,False,4. Mid-Tier Core
1952,41,Male,Jewelry,Accessories,42,South Dakota,L,Yellow,Winter,2.6,No,2-Day Shipping,No,No,18,Bank Transfer,Annually,Accessories,19,0,365,42.0,0.0,16.8,20.2,24.4,16.0,False,False,4. Mid-Tier Core
1953,53,Male,Dress,Clothing,96,South Carolina,L,Green,Fall,3.6,Yes,Store Pickup,No,No,23,Credit Card,Bi-Weekly,Clothing,24,0,14,96.0,0.0,38.4,52.6,62.2,43.0,True,True,1. High Value Organic
1954,35,Male,Backpack,Accessories,22,Tennessee,S,Cyan,Summer,3.0,No,Next Day Air,Yes,Yes,14,Credit Card,Quarterly,Accessories,15,1,90,27.5,5.5,11.0,6.0,8.75,3.25,False,False,3. Promo-Using Repeat
1955,43,Male,Blouse,Clothing,96,Wyoming,M,Turquoise,Fall,4.5,No,2-Day Shipping,No,No,21,Bank Transfer,Bi-Weekly,Clothing,22,0,14,96.0,0.0,38.4,52.6,62.2,43.0,True,True,1. High Value Organic
1956,37,Male,Jacket,Outerwear,82,Montana,L,Red,Spring,4.8,No,Next Day Air,No,No,29,Credit Card,Fortnightly,Outerwear,30,0,14,82.0,0.0,32.8,44.2,52.4,36.0,True,True,1. High Value Organic
1957,49,Male,Sandals,Footwear,53,Tennessee,L,Magenta,Spring,2.6,Yes,Free Shipping,Yes,Yes,38,Bank Transfer,Every 3 Months,Footwear,39,1,90,66.25,13.25,26.5,21.5,28.12,14.88,False,False,3. Promo-Using Repeat
1958,59,Male,Jeans,Clothing,28,Vermont,M,Purple,Fall,4.3,No,Standard,No,No,17,PayPal,Monthly,Clothing,18,0,30,28.0,0.0,11.2,11.8,14.6,9.0,False,False,4. Mid-Tier Core
1959,70,Male,Shoes,Footwear,84,South Dakota,XL,Indigo,Spring,2.9,No,Free Shipping,No,No,35,Credit Card,Annually,Footwear,36,0,365,84.0,0.0,33.6,45.4,53.8,37.0,True,True,1. High Value Organic
1960,52,Male,Boots,Footwear,23,Missouri,M,Purple,Summer,4.1,No,Standard,No,No,17,Credit Card,Annually,Footwear,18,0,365,23.0,0.0,9.2,8.8,11.1,6.5,False,False,4. Mid-Tier Core
1961,57,Female,Hoodie,Clothing,40,New York,M,Green,Summer,3.9,No,2-Day Shipping,No,No,26,Venmo,Every 3 Months,Clothing,27,0,90,40.0,0.0,16.0,19.0,23.0,15.0,False,False,4. Mid-Tier Core
1962,21,Male,Hat,Accessories,86,Oklahoma,M,Charcoal,Spring,3.5,No,Free Shipping,No,No,26,PayPal,Annually,Accessories,27,0,365,86.0,0.0,34.4,46.6,55.2,38.0,True,True,1. High Value Organic
1963,20,Female,Dress,Clothing,74,Iowa,L,Teal,Spring,4.2,No,2-Day Shipping,No,No,44,Venmo,Bi-Weekly,Clothing,45,0,14,74.0,0.0,29.6,39.4,46.8,32.0,False,True,1. High Value Organic
1964,61,Male,Dress,Clothing,81,Alabama,M,Brown,Winter,4.2,No,Standard,No,No,18,Credit Card,Weekly,Clothing,19,0,7,81.0,0.0,32.4,43.6,51.7,35.5,False,True,1. High Value Organic
1965,34,Female,Backpack,Accessories,67,Louisiana,M,Indigo,Summer,3.1,No,Free Shipping,Yes,Yes,9,Cash,Bi-Weekly,Accessories,10,1,14,83.75,16.75,33.5,28.5,36.88,20.12,False,False,3. Promo-Using Repeat
1966,30,Male,Boots,Footwear,41,Florida,S,Orange,Fall,2.9,No,Store Pickup,Yes,Yes,27,Cash,Weekly,Footwear,28,1,7,51.25,10.25,20.5,15.5,20.62,10.38,False,False,3. Promo-Using Repeat
1967,64,Male,Sunglasses,Accessories,86,Illinois,L,Peach,Spring,4.3,No,Express,No,No,13,Venmo,Bi-Weekly,Accessories,14,0,14,86.0,0.0,34.4,46.6,55.2,38.0,False,False,1. High Value Organic
1968,45,Male,Handbag,Accessories,83,Oklahoma,XL,Red,Fall,3.9,No,Next Day Air,Yes,Yes,26,Credit Card,Weekly,Accessories,27,1,7,103.75,20.75,41.5,36.5,46.88,26.12,True,False,2. High Spend Bargain Hunter
1969,37,Male,Sneakers,Footwear,99,Georgia,XL,White,Spring,2.5,Yes,Store Pickup,No,No,21,Debit Card,Annually,Footwear,22,0,365,99.0,0.0,39.6,54.4,64.3,44.5,True,True,1. High Value Organic
1970,53,Male,Shirt,Clothing,30,Colorado,L,Beige,Summer,3.6,Yes,Next Day Air,Yes,Yes,34,Debit Card,Quarterly,Clothing,35,1,90,37.5,7.5,15.0,10.0,13.75,6.25,False,False,3. Promo-Using Repeat
1971,64,Male,Scarf,Accessories,64,Idaho,S,Magenta,Winter,3.9,No,Free Shipping,No,No,35,Bank Transfer,Quarterly,Accessories,36,0,90,64.0,0.0,25.6,33.4,39.8,27.0,False,False,1. High Value Organic
1972,70,Male,Gloves,Accessories,34,Iowa,M,Green,Summer,3.8,Yes,Free Shipping,Yes,Yes,24,Credit Card,Weekly,Accessories,25,1,7,42.5,8.5,17.0,12.0,16.25,7.75,False,False,3. Promo-Using Repeat
1973,22,Male,Coat,Outerwear,24,Utah,M,Lavender,Winter,2.5,Yes,Express,No,No,34,PayPal,Quarterly,Outerwear,35,0,90,24.0,0.0,9.6,9.4,11.8,7.0,False,False,4. Mid-Tier Core
1974,54,Male,Socks,Clothing,79,Massachusetts,L,Green,Spring,3.2,No,Standard,No,No,19,Debit Card,Fortnightly,Clothing,20,0,14,79.0,0.0,31.6,42.4,50.3,34.5,False,True,1. High Value Organic
1975,49,Male,Coat,Outerwear,54,Louisiana,L,Charcoal,Fall,4.2,Yes,Next Day Air,Yes,Yes,42,Credit Card,Fortnightly,Outerwear,43,1,14,67.5,13.5,27.0,22.0,28.75,15.25,False,False,3. Promo-Using Repeat
1976,49,Male,Coat,Outerwear,77,New Jersey,XL,Pink,Winter,4.9,Yes,Next Day Air,No,No,7,Credit Card,Bi-Weekly,Outerwear,8,0,14,77.0,0.0,30.8,41.2,48.9,33.5,False,False,4. Mid-Tier Core
1977,68,Male,Sneakers,Footwear,24,Alaska,M,Lavender,Spring,5.0,No,Express,Yes,Yes,10,Cash,Quarterly,Footwear,11,1,90,30.0,6.0,12.0,7.0,10.0,4.0,False,False,3. Promo-Using Repeat
1978,20,Male,Gloves,Accessories,70,Maine,S,Peach,Winter,3.0,Yes,Standard,No,No,3,PayPal,Quarterly,Accessories,4,0,90,70.0,0.0,28.0,37.0,44.0,30.0,False,False,4. Mid-Tier Core
1979,49,Female,Sweater,Clothing,53,Iowa,S,Turquoise,Summer,4.9,No,Store Pickup,No,No,39,Bank Transfer,Bi-Weekly,Clothing,40,0,14,53.0,0.0,21.2,26.8,32.1,21.5,False,False,4. Mid-Tier Core
1980,36,Male,Shirt,Clothing,88,New Hampshire,L,Peach,Fall,3.5,No,2-Day Shipping,No,No,24,Venmo,Every 3 Months,Clothing,25,0,90,88.0,0.0,35.2,47.8,56.6,39.0,True,True,1. High Value Organic
1981,60,Female,Socks,Clothing,69,Delaware,M,Gray,Summer,4.5,No,2-Day Shipping,No,No,16,Bank Transfer,Every 3 Months,Clothing,17,0,90,69.0,0.0,27.6,36.4,43.3,29.5,False,False,1. High Value Organic
1982,64,Female,Pants,Clothing,83,South Carolina,L,Violet,Winter,5.0,No,Next Day Air,Yes,Yes,48,Bank Transfer,Weekly,Clothing,49,1,7,103.75,20.75,41.5,36.5,46.88,26.12,True,False,2. High Spend Bargain Hunter
1983,21,Male,Skirt,Clothing,73,Alabama,M,Yellow,Summer,4.8,Yes,Express,Yes,Yes,15,Cash,Annually,Clothing,16,1,365,91.25,18.25,36.5,31.5,40.62,22.38,False,False,3. Promo-Using Repeat
1984,53,Male,Sandals,Footwear,41,Arkansas,M,Beige,Spring,2.5,No,2-Day Shipping,Yes,Yes,34,Venmo,Bi-Weekly,Footwear,35,1,14,51.25,10.25,20.5,15.5,20.62,10.38,False,False,3. Promo-Using Repeat
1985,20,Male,Boots,Footwear,62,Nevada,M,Lavender,Winter,2.6,No,2-Day Shipping,Yes,Yes,10,Debit Card,Bi-Weekly,Footwear,11,1,14,77.5,15.5,31.0,26.0,33.75,18.25,False,False,3. Promo-Using Repeat
1986,19,Male,Backpack,Accessories,57,Georgia,M,Olive,Fall,3.5,No,Next Day Air,Yes,Yes,20,Debit Card,Every 3 Months,Accessories,21,1,90,71.25,14.25,28.5,23.5,30.62,16.38,False,False,3. Promo-Using Repeat
1987,27,Female,Skirt,Clothing,98,West Virginia,L,Beige,Summer,4.8,No,Express,No,No,42,Debit Card,Monthly,Clothing,43,0,30,98.0,0.0,39.2,53.8,63.6,44.0,True,True,1. High Value Organic
1988,64,Male,Dress,Clothing,71,Colorado,M,Charcoal,Summer,3.4,No,Store Pickup,No,No,15,Debit Card,Annually,Clothing,16,0,365,71.0,0.0,28.4,37.6,44.7,30.5,False,False,1. High Value Organic
1989,68,Male,Shoes,Footwear,29,Rhode Island,M,White,Summer,3.2,Yes,Standard,No,No,16,Bank Transfer,Fortnightly,Footwear,17,0,14,29.0,0.0,11.6,12.4,15.3,9.5,False,False,4. Mid-Tier Core
1990,67,Female,Blouse,Clothing,47,Hawaii,M,Purple,Summer,3.6,Yes,Standard,Yes,Yes,30,Credit Card,Annually,Clothing,31,1,365,58.75,11.75,23.5,18.5,24.38,12.62,False,False,3. Promo-Using Repeat
1991,62,Male,Socks,Clothing,80,Minnesota,S,Turquoise,Fall,2.6,No,Standard,No,No,23,Credit Card,Every 3 Months,Clothing,24,0,90,80.0,0.0,32.0,43.0,51.0,35.0,True,True,1. High Value Organic
1992,30,Female,Dress,Clothing,48,Ohio,M,Brown,Spring,2.9,No,Express,No,No,25,Venmo,Fortnightly,Clothing,26,0,14,48.0,0.0,19.2,23.8,28.6,19.0,False,False,4. Mid-Tier Core
1993,50,Male,Hat,Accessories,28,Arizona,S,Olive,Spring,3.2,Yes,Store Pickup,No,No,22,Debit Card,Fortnightly,Accessories,23,0,14,28.0,0.0,11.2,11.8,14.6,9.0,False,False,4. Mid-Tier Core
1994,21,Male,Boots,Footwear,28,Alabama,M,Gold,Winter,4.5,No,Next Day Air,No,No,40,Bank Transfer,Weekly,Footwear,41,0,7,28.0,0.0,11.2,11.8,14.6,9.0,False,False,4. Mid-Tier Core
1995,54,Male,Handbag,Accessories,41,North Carolina,L,Gray,Summer,2.8,No,Next Day Air,No,No,47,Cash,Monthly,Accessories,48,0,30,41.0,0.0,16.4,19.6,23.7,15.5,False,False,4. Mid-Tier Core
1996,26,Male,Belt,Accessories,55,Tennessee,L,Indigo,Spring,4.6,Yes,Express,Yes,Yes,13,PayPal,Annually,Accessories,14,1,365,68.75,13.75,27.5,22.5,29.38,15.62,False,False,3. Promo-Using Repeat
1997,51,Male,Skirt,Clothing,42,West Virginia,L,White,Summer,5.0,No,Free Shipping,Yes,Yes,38,Credit Card,Annually,Clothing,39,1,365,52.5,10.5,21.0,16.0,21.25,10.75,False,False,3. Promo-Using Repeat
1998,31,Female,Jacket,Outerwear,62,Illinois,M,Maroon,Summer,4.7,No,2-Day Shipping,No,No,10,Debit Card,Weekly,Outerwear,11,0,7,62.0,0.0,24.8,32.2,38.4,26.0,False,False,1. High Value Organic
1999,36,Male,Backpack,Accessories,73,Maine,L,Brown,Winter,4.1,No,Standard,No,No,17,Venmo,Monthly,Accessories,18,0,30,73.0,0.0,29.2,38.8,46.1,31.5,False,True,1. High Value Organic
2000,64,Female,Hoodie,Clothing,49,Texas,M,Red,Fall,4.5,No,2-Day Shipping,No,No,6,Bank Transfer,Fortnightly,Clothing,7,0,14,49.0,0.0,19.6,24.4,29.3,19.5,False,False,4. Mid-Tier Core
2001,54,Male,Hoodie,Clothing,69,Delaware,L,Gold,Fall,2.8,No,2-Day Shipping,Yes,Yes,26,Debit Card,Weekly,Clothing,27,1,7,86.25,17.25,34.5,29.5,38.12,20.88,False,False,3. Promo-Using Repeat
2002,39,Female,Shoes,Footwear,40,Kansas,M,Turquoise,Summer,4.3,Yes,Standard,No,No,10,PayPal,Fortnightly,Footwear,11,0,14,40.0,0.0,16.0,19.0,23.0,15.0,False,False,4. Mid-Tier Core
2003,57,Male,Pants,Clothing,20,New Jersey,M,Red,Spring,3.5,No,Express,Yes,Yes,9,Venmo,Every 3 Months,Clothing,10,1,90,25.0,5.0,10.0,5.0,7.5,2.5,False,False,3. Promo-Using Repeat
2004,59,Female,Skirt,Clothing,35,Iowa,S,Brown,Spring,3.2,Yes,Store Pickup,No,No,40,Cash,Monthly,Clothing,41,0,30,35.0,0.0,14.0,16.0,19.5,12.5,False,False,4. Mid-Tier Core
2005,47,Male,Sunglasses,Accessories,40,Hawaii,M,Pink,Summer,4.8,No,Standard,No,No,9,Debit Card,Weekly,Accessories,10,0,7,40.0,0.0,16.0,19.0,23.0,15.0,False,False,4. Mid-Tier Core
2006,40,Female,Scarf,Accessories,56,Montana,XL,Brown,Spring,2.8,No,Store Pickup,Yes,Yes,35,Credit Card,Weekly,Accessories,36,1,7,70.0,14.0,28.0,23.0,30.0,16.0,False,False,3. Promo-Using Repeat
2007,51,Female,Hat,Accessories,70,Oregon,L,Teal,Fall,2.7,No,2-Day Shipping,No,No,33,Bank Transfer,Fortnightly,Accessories,34,0,14,70.0,0.0,28.0,37.0,44.0,30.0,False,False,1. High Value Organic
2008,67,Male,Pants,Clothing,95,Kansas,L,Peach,Fall,3.2,No,Free Shipping,No,No,29,Debit Card,Quarterly,Clothing,30,0,90,95.0,0.0,38.0,52.0,61.5,42.5,True,True,1. High Value Organic
2009,36,Male,Sunglasses,Accessories,52,Arizona,XL,Green,Summer,3.0,No,Next Day Air,Yes,Yes,15,Bank Transfer,Monthly,Accessories,16,1,30,65.0,13.0,26.0,21.0,27.5,14.5,False,False,3. Promo-Using Repeat
2010,60,Male,Shirt,Clothing,28,South Dakota,XL,Green,Winter,4.2,No,Free Shipping,No,No,41,Debit Card,Quarterly,Clothing,42,0,90,28.0,0.0,11.2,11.8,14.6,9.0,False,False,4. Mid-Tier Core
2011,58,Male,Jeans,Clothing,23,Texas,M,Beige,Fall,4.9,Yes,Next Day Air,Yes,Yes,41,Venmo,Every 3 Months,Clothing,42,1,90,28.75,5.75,11.5,6.5,9.38,3.62,False,False,3. Promo-Using Repeat
2012,62,Male,Boots,Footwear,70,Kentucky,L,Red,Fall,4.0,No,Next Day Air,Yes,Yes,10,Credit Card,Every 3 Months,Footwear,11,1,90,87.5,17.5,35.0,30.0,38.75,21.25,False,False,3. Promo-Using Repeat
2013,45,Male,Skirt,Clothing,54,West Virginia,M,Lavender,Spring,3.8,No,Store Pickup,Yes,Yes,48,Credit Card,Quarterly,Clothing,49,1,90,67.5,13.5,27.0,22.0,28.75,15.25,False,False,3. Promo-Using Repeat
2014,63,Male,Jacket,Outerwear,43,West Virginia,L,Silver,Spring,4.1,No,Store Pickup,No,No,44,Venmo,Every 3 Months,Outerwear,45,0,90,43.0,0.0,17.2,20.8,25.1,16.5,False,False,4. Mid-Tier Core
2015,45,Female,Sneakers,Footwear,95,Massachusetts,M,Olive,Spring,3.4,No,Store Pickup,Yes,Yes,12,Cash,Fortnightly,Footwear,13,1,14,118.75,23.75,47.5,42.5,54.38,30.62,False,False,2. High Spend Bargain Hunter
2016,64,Male,Pants,Clothing,55,Rhode Island,S,Indigo,Spring,3.7,No,Next Day Air,Yes,Yes,27,Venmo,Every 3 Months,Clothing,28,1,90,68.75,13.75,27.5,22.5,29.38,15.62,False,False,3. Promo-Using Repeat
2017,47,Male,Boots,Footwear,79,Ohio,S,Beige,Fall,4.3,No,Store Pickup,Yes,Yes,23,Debit Card,Bi-Weekly,Footwear,24,1,14,98.75,19.75,39.5,34.5,44.38,24.62,True,False,2. High Spend Bargain Hunter
2018,26,Male,Backpack,Accessories,96,Idaho,L,Indigo,Fall,3.4,Yes,Express,Yes,Yes,34,Credit Card,Annually,Accessories,35,1,365,120.0,24.0,48.0,43.0,55.0,31.0,True,False,2. High Spend Bargain Hunter
2019,54,Female,Hoodie,Clothing,31,Oklahoma,M,Lavender,Winter,4.8,No,Standard,No,No,28,Debit Card,Bi-Weekly,Clothing,29,0,14,31.0,0.0,12.4,13.6,16.7,10.5,False,False,4. Mid-Tier Core
2020,67,Male,Hoodie,Clothing,42,Florida,S,Maroon,Winter,4.0,Yes,Store Pickup,No,No,31,Debit Card,Weekly,Clothing,32,0,7,42.0,0.0,16.8,20.2,24.4,16.0,False,False,4. Mid-Tier Core
2021,39,Male,Boots,Footwear,99,Maryland,L,Teal,Winter,3.4,Yes,Store Pickup,Yes,Yes,38,PayPal,Bi-Weekly,Footwear,39,1,14,123.75,24.75,49.5,44.5,56.88,32.12,True,False,2. High Spend Bargain Hunter
2022,37,Male,Jacket,Outerwear,96,Indiana,XL,Purple,Fall,2.6,Yes,Next Day Air,No,No,29,Debit Card,Quarterly,Outerwear,30,0,90,96.0,0.0,38.4,52.6,62.2,43.0,True,True,1. High Value Organic
2023,64,Female,Sneakers,Footwear,26,North Carolina,M,Teal,Fall,3.5,Yes,Store Pickup,No,No,21,Cash,Quarterly,Footwear,22,0,90,26.0,0.0,10.4,10.6,13.2,8.0,False,False,4. Mid-Tier Core
2024,20,Male,Scarf,Accessories,37,Missouri,L,Pink,Summer,3.2,Yes,Express,No,No,49,Cash,Weekly,Accessories,50,0,7,37.0,0.0,14.8,17.2,20.9,13.5,False,False,4. Mid-Tier Core
2025,53,Male,Jewelry,Accessories,93,Massachusetts,S,Brown,Spring,2.9,Yes,Express,Yes,Yes,50,Venmo,Weekly,Accessories,51,1,7,116.25,23.25,46.5,41.5,53.12,29.88,True,False,2. High Spend Bargain Hunter
2026,68,Male,Backpack,Accessories,94,Arkansas,S,Peach,Winter,2.8,Yes,Free Shipping,No,No,36,Venmo,Bi-Weekly,Accessories,37,0,14,94.0,0.0,37.6,51.4,60.8,42.0,True,True,1. High Value Organic
2027,37,Female,Sneakers,Footwear,39,Oklahoma,M,Gray,Winter,3.6,Yes,Standard,Yes,Yes,25,PayPal,Fortnightly,Footwear,26,1,14,48.75,9.75,19.5,14.5,19.38,9.62,False,False,3. Promo-Using Repeat
2028,55,Male,Dress,Clothing,68,New York,XL,Orange,Spring,4.7,No,Express,No,No,40,PayPal,Annually,Clothing,41,0,365,68.0,0.0,27.2,35.8,42.6,29.0,False,False,1. High Value Organic
2029,54,Female,Shoes,Footwear,62,West Virginia,S,Charcoal,Fall,4.8,No,Free Shipping,Yes,Yes,38,Debit Card,Fortnightly,Footwear,39,1,14,77.5,15.5,31.0,26.0,33.75,18.25,False,False,3. Promo-Using Repeat
2030,40,Male,Shorts,Clothing,77,Oregon,M,Magenta,Winter,2.9,Yes,Express,No,No,42,Cash,Annually,Clothing,43,0,365,77.0,0.0,30.8,41.2,48.9,33.5,False,True,1. High Value Organic
2031,28,Female,Shoes,Footwear,38,Colorado,M,Teal,Winter,4.0,No,2-Day Shipping,Yes,Yes,50,Bank Transfer,Weekly,Footwear,51,1,7,47.5,9.5,19.0,14.0,18.75,9.25,False,False,3. Promo-Using Repeat
2032,21,Male,Hat,Accessories,58,Missouri,M,Cyan,Fall,3.3,No,Store Pickup,No,No,3,Credit Card,Annually,Accessories,4,0,365,58.0,0.0,23.2,29.8,35.6,24.0,False,False,4. Mid-Tier Core
2033,63,Male,Jacket,Outerwear,45,Hawaii,M,Cyan,Winter,4.6,No,Next Day Air,Yes,Yes,47,Cash,Monthly,Outerwear,48,1,30,56.25,11.25,22.5,17.5,23.12,11.88,False,False,3. Promo-Using Repeat
2034,41,Male,Pants,Clothing,62,Idaho,M,Turquoise,Fall,4.2,No,Next Day Air,Yes,Yes,44,Venmo,Monthly,Clothing,45,1,30,77.5,15.5,31.0,26.0,33.75,18.25,False,False,3. Promo-Using Repeat
2035,18,Male,Jeans,Clothing,57,Nebraska,M,Purple,Winter,4.8,No,Store Pickup,No,No,34,PayPal,Fortnightly,Clothing,35,0,14,57.0,0.0,22.8,29.2,34.9,23.5,False,False,1. High Value Organic
2036,59,Male,Sandals,Footwear,78,Texas,S,Gray,Summer,4.6,No,Standard,No,No,9,Venmo,Annually,Footwear,10,0,365,78.0,0.0,31.2,41.8,49.6,34.0,False,False,4. Mid-Tier Core
2037,70,Male,Sweater,Clothing,44,Illinois,M,Indigo,Spring,3.8,No,Free Shipping,Yes,Yes,29,Credit Card,Every 3 Months,Clothing,30,1,90,55.0,11.0,22.0,17.0,22.5,11.5,False,False,3. Promo-Using Repeat
2038,44,Male,Skirt,Clothing,99,Tennessee,M,Silver,Summer,4.9,No,2-Day Shipping,No,No,34,Debit Card,Fortnightly,Clothing,35,0,14,99.0,0.0,39.6,54.4,64.3,44.5,True,True,1. High Value Organic
2039,55,Male,Jeans,Clothing,32,Utah,M,Gray,Winter,4.1,No,2-Day Shipping,Yes,Yes,33,Credit Card,Annually,Clothing,34,1,365,40.0,8.0,16.0,11.0,15.0,7.0,False,False,3. Promo-Using Repeat
2040,42,Male,Belt,Accessories,38,Kansas,S,Yellow,Spring,2.6,No,Free Shipping,No,No,19,Venmo,Weekly,Accessories,20,0,7,38.0,0.0,15.2,17.8,21.6,14.0,False,False,4. Mid-Tier Core
2041,59,Female,Handbag,Accessories,45,Kansas,S,Orange,Fall,3.9,No,Free Shipping,No,No,20,Bank Transfer,Quarterly,Accessories,21,0,90,45.0,0.0,18.0,22.0,26.5,17.5,False,False,4. Mid-Tier Core
2042,39,Female,Shoes,Footwear,99,Mississippi,M,Brown,Fall,3.2,No,Free Shipping,No,No,50,Cash,Every 3 Months,Footwear,51,0,90,99.0,0.0,39.6,54.4,64.3,44.5,True,True,1. High Value Organic
2043,36,Female,Sandals,Footwear,53,Maine,S,Olive,Spring,3.7,No,Free Shipping,Yes,Yes,4,PayPal,Quarterly,Footwear,5,1,90,66.25,13.25,26.5,21.5,28.12,14.88,False,False,3. Promo-Using Repeat
2044,30,Male,Blouse,Clothing,24,South Carolina,L,Indigo,Spring,2.9,No,Next Day Air,No,No,4,Debit Card,Fortnightly,Clothing,5,0,14,24.0,0.0,9.6,9.4,11.8,7.0,False,False,4. Mid-Tier Core
2045,27,Female,Jeans,Clothing,47,Missouri,L,Turquoise,Summer,2.6,No,2-Day Shipping,No,No,13,Debit Card,Monthly,Clothing,14,0,30,47.0,0.0,18.8,23.2,27.9,18.5,False,False,4. Mid-Tier Core
2046,56,Female,Coat,Outerwear,30,Hawaii,M,Purple,Winter,3.7,No,Express,No,No,10,Debit Card,Fortnightly,Outerwear,11,0,14,30.0,0.0,12.0,13.0,16.0,10.0,False,False,4. Mid-Tier Core
2047,28,Male,Blouse,Clothing,96,California,M,Peach,Fall,3.0,Yes,Next Day Air,No,No,35,Credit Card,Annually,Clothing,36,0,365,96.0,0.0,38.4,52.6,62.2,43.0,True,True,1. High Value Organic
2048,68,Female,Backpack,Accessories,59,Minnesota,L,Gold,Summer,3.1,Yes,Express,Yes,Yes,48,Debit Card,Every 3 Months,Accessories,49,1,90,73.75,14.75,29.5,24.5,31.88,17.12,False,False,3. Promo-Using Repeat
2049,70,Female,Backpack,Accessories,27,New Hampshire,M,Teal,Summer,4.7,No,Express,No,No,45,Bank Transfer,Weekly,Accessories,46,0,7,27.0,0.0,10.8,11.2,13.9,8.5,False,False,4. Mid-Tier Core
2050,18,Male,Pants,Clothing,41,Maryland,M,Brown,Fall,4.6,No,Next Day Air,Yes,Yes,3,Debit Card,Annually,Clothing,4,1,365,51.25,10.25,20.5,15.5,20.62,10.38,False,False,3. Promo-Using Repeat
2051,63,Male,Scarf,Accessories,68,Illinois,S,Lavender,Fall,3.5,No,Next Day Air,No,No,42,Debit Card,Annually,Accessories,43,0,365,68.0,0.0,27.2,35.8,42.6,29.0,False,False,1. High Value Organic
2052,53,Female,Jewelry,Accessories,79,Iowa,XL,Charcoal,Spring,3.9,No,Next Day Air,No,No,2,Venmo,Fortnightly,Accessories,3,0,14,79.0,0.0,31.6,42.4,50.3,34.5,False,False,4. Mid-Tier Core
2053,57,Male,Blouse,Clothing,88,Oregon,M,Yellow,Summer,4.0,No,Next Day Air,Yes,Yes,18,PayPal,Quarterly,Clothing,19,1,90,110.0,22.0,44.0,39.0,50.0,28.0,False,False,2. High Spend Bargain Hunter
2054,53,Male,Handbag,Accessories,60,Alabama,M,Cyan,Summer,2.5,No,Express,No,No,38,Bank Transfer,Quarterly,Accessories,39,0,90,60.0,0.0,24.0,31.0,37.0,25.0,False,False,1. High Value Organic
2055,52,Male,Jewelry,Accessories,82,Nevada,XL,Yellow,Winter,4.9,No,Next Day Air,Yes,Yes,37,Credit Card,Quarterly,Accessories,38,1,90,102.5,20.5,41.0,36.0,46.25,25.75,True,False,2. High Spend Bargain Hunter
2056,52,Male,Sweater,Clothing,73,Indiana,M,Indigo,Winter,3.0,No,Express,Yes,Yes,33,Cash,Fortnightly,Clothing,34,1,14,91.25,18.25,36.5,31.5,40.62,22.38,False,False,3. Promo-Using Repeat
2057,53,Female,Boots,Footwear,62,Illinois,L,Green,Spring,3.3,No,Next Day Air,Yes,Yes,37,Debit Card,Quarterly,Footwear,38,1,90,77.5,15.5,31.0,26.0,33.75,18.25,False,False,3. Promo-Using Repeat
2058,52,Female,Belt,Accessories,86,Idaho,M,Silver,Winter,4.1,No,Store Pickup,No,No,15,Cash,Bi-Weekly,Accessories,16,0,14,86.0,0.0,34.4,46.6,55.2,38.0,False,True,1. High Value Organic
2059,69,Male,Jewelry,Accessories,32,New York,L,Pink,Winter,3.8,No,Standard,Yes,Yes,32,Cash,Monthly,Accessories,33,1,30,40.0,8.0,16.0,11.0,15.0,7.0,False,False,3. Promo-Using Repeat
2060,31,Female,Jeans,Clothing,23,New York,M,Indigo,Spring,3.0,Yes,Express,Yes,Yes,8,Credit Card,Monthly,Clothing,9,1,30,28.75,5.75,11.5,6.5,9.38,3.62,False,False,3. Promo-Using Repeat
2061,42,Male,Gloves,Accessories,49,Georgia,M,Beige,Fall,4.1,No,Store Pickup,No,No,23,Bank Transfer,Bi-Weekly,Accessories,24,0,14,49.0,0.0,19.6,24.4,29.3,19.5,False,False,4. Mid-Tier Core
2062,52,Male,Blouse,Clothing,100,Nebraska,L,Lavender,Spring,3.4,Yes,Next Day Air,Yes,Yes,33,Credit Card,Quarterly,Clothing,34,1,90,125.0,25.0,50.0,45.0,57.5,32.5,True,False,2. High Spend Bargain Hunter
2063,31,Male,Skirt,Clothing,63,Texas,S,Gray,Summer,3.9,No,Free Shipping,No,No,19,PayPal,Monthly,Clothing,20,0,30,63.0,0.0,25.2,32.8,39.1,26.5,False,False,1. High Value Organic
2064,30,Male,Sneakers,Footwear,34,Delaware,L,Gray,Fall,4.5,Yes,Standard,Yes,Yes,18,Debit Card,Weekly,Footwear,19,1,7,42.5,8.5,17.0,12.0,16.25,7.75,False,False,3. Promo-Using Repeat
2065,25,Female,Sunglasses,Accessories,86,Alaska,S,Magenta,Summer,4.5,No,Standard,No,No,23,Credit Card,Every 3 Months,Accessories,24,0,90,86.0,0.0,34.4,46.6,55.2,38.0,True,True,1. High Value Organic
2066,61,Male,Skirt,Clothing,32,Illinois,M,Peach,Spring,2.5,No,2-Day Shipping,No,No,3,Cash,Weekly,Clothing,4,0,7,32.0,0.0,12.8,14.2,17.4,11.0,False,False,4. Mid-Tier Core
2067,45,Male,Blouse,Clothing,57,Alabama,M,Purple,Fall,2.6,No,2-Day Shipping,No,No,5,PayPal,Weekly,Clothing,6,0,7,57.0,0.0,22.8,29.2,34.9,23.5,False,False,4. Mid-Tier Core
2068,58,Male,Belt,Accessories,79,Alaska,S,Red,Winter,3.4,Yes,2-Day Shipping,No,No,40,Debit Card,Fortnightly,Accessories,41,0,14,79.0,0.0,31.6,42.4,50.3,34.5,True,True,1. High Value Organic
2069,68,Female,Socks,Clothing,41,South Dakota,L,Yellow,Winter,4.6,No,Store Pickup,Yes,Yes,6,Debit Card,Weekly,Clothing,7,1,7,51.25,10.25,20.5,15.5,20.62,10.38,False,False,3. Promo-Using Repeat
2070,20,Male,Sneakers,Footwear,64,New York,M,Charcoal,Spring,4.3,No,Store Pickup,No,No,39,Credit Card,Every 3 Months,Footwear,40,0,90,64.0,0.0,25.6,33.4,39.8,27.0,False,False,1. High Value Organic
2071,47,Male,Hoodie,Clothing,71,Nevada,S,Brown,Summer,3.3,Yes,Standard,Yes,Yes,21,PayPal,Fortnightly,Clothing,22,1,14,88.75,17.75,35.5,30.5,39.38,21.62,False,False,3. Promo-Using Repeat
2072,52,Female,Sandals,Footwear,75,West Virginia,L,Turquoise,Summer,4.9,No,Standard,Yes,Yes,49,Venmo,Monthly,Footwear,50,1,30,93.75,18.75,37.5,32.5,41.88,23.12,False,False,3. Promo-Using Repeat
2073,62,Male,Pants,Clothing,50,Iowa,S,Turquoise,Winter,2.7,No,Store Pickup,Yes,Yes,17,Cash,Every 3 Months,Clothing,18,1,90,62.5,12.5,25.0,20.0,26.25,13.75,False,False,3. Promo-Using Repeat
2074,24,Male,Sandals,Footwear,27,Louisiana,S,Pink,Spring,2.6,No,Free Shipping,No,No,48,PayPal,Every 3 Months,Footwear,49,0,90,27.0,0.0,10.8,11.2,13.9,8.5,False,False,4. Mid-Tier Core
2075,55,Male,Shoes,Footwear,81,Wyoming,L,Black,Spring,2.7,Yes,Next Day Air,Yes,Yes,14,Bank Transfer,Bi-Weekly,Footwear,15,1,14,101.25,20.25,40.5,35.5,45.62,25.38,False,False,2. High Spend Bargain Hunter
2076,62,Male,Coat,Outerwear,78,Tennessee,M,Brown,Summer,3.9,No,Express,Yes,Yes,2,Cash,Every 3 Months,Outerwear,3,1,90,97.5,19.5,39.0,34.0,43.75,24.25,False,False,3. Promo-Using Repeat
2077,42,Male,Jacket,Outerwear,32,Alabama,M,Turquoise,Fall,3.6,No,2-Day Shipping,Yes,Yes,50,Debit Card,Monthly,Outerwear,51,1,30,40.0,8.0,16.0,11.0,15.0,7.0,False,False,3. Promo-Using Repeat
2078,22,Female,Hoodie,Clothing,94,Mississippi,L,Purple,Fall,3.6,No,Express,Yes,Yes,41,Debit Card,Bi-Weekly,Clothing,42,1,14,117.5,23.5,47.0,42.0,53.75,30.25,True,False,2. High Spend Bargain Hunter
2079,23,Male,Jeans,Clothing,65,Hawaii,M,Brown,Fall,3.4,No,Free Shipping,Yes,Yes,20,Venmo,Every 3 Months,Clothing,21,1,90,81.25,16.25,32.5,27.5,35.62,19.38,False,False,3. Promo-Using Repeat
2080,56,Female,Belt,Accessories,54,Iowa,L,White,Summer,4.4,No,Standard,Yes,Yes,32,Cash,Quarterly,Accessories,33,1,90,67.5,13.5,27.0,22.0,28.75,15.25,False,False,3. Promo-Using Repeat
2081,55,Male,Dress,Clothing,71,Oklahoma,L,Peach,Winter,3.5,No,Standard,No,No,31,Credit Card,Quarterly,Clothing,32,0,90,71.0,0.0,28.4,37.6,44.7,30.5,False,False,1. High Value Organic
2082,68,Female,Backpack,Accessories,40,Kentucky,M,Silver,Summer,3.2,Yes,Free Shipping,Yes,Yes,49,Cash,Weekly,Accessories,50,1,7,50.0,10.0,20.0,15.0,20.0,10.0,False,False,3. Promo-Using Repeat
2083,55,Male,Scarf,Accessories,34,California,L,Gray,Fall,3.4,No,Next Day Air,No,No,39,Venmo,Annually,Accessories,40,0,365,34.0,0.0,13.6,15.4,18.8,12.0,False,False,4. Mid-Tier Core
2084,32,Male,Sandals,Footwear,59,Alaska,S,Magenta,Summer,3.2,Yes,Next Day Air,No,No,23,Bank Transfer,Every 3 Months,Footwear,24,0,90,59.0,0.0,23.6,30.4,36.3,24.5,False,False,1. High Value Organic
2085,50,Male,Shoes,Footwear,79,Kansas,L,Teal,Winter,4.7,No,Standard,No,No,25,Debit Card,Quarterly,Footwear,26,0,90,79.0,0.0,31.6,42.4,50.3,34.5,True,True,1. High Value Organic
2086,34,Female,Pants,Clothing,85,Arizona,M,Cyan,Fall,4.7,No,Store Pickup,No,No,47,Debit Card,Every 3 Months,Clothing,48,0,90,85.0,0.0,34.0,46.0,54.5,37.5,True,True,1. High Value Organic
2087,70,Male,Jacket,Outerwear,79,New York,XL,Indigo,Spring,4.3,Yes,Store Pickup,Yes,Yes,45,Credit Card,Quarterly,Outerwear,46,1,90,98.75,19.75,39.5,34.5,44.38,24.62,True,False,2. High Spend Bargain Hunter
2088,38,Male,Scarf,Accessories,84,Wyoming,M,Brown,Spring,4.3,Yes,Express,No,No,40,Cash,Weekly,Accessories,41,0,7,84.0,0.0,33.6,45.4,53.8,37.0,True,True,1. High Value Organic
2089,19,Male,Belt,Accessories,78,Vermont,S,Pink,Winter,2.6,No,Free Shipping,No,No,37,Bank Transfer,Bi-Weekly,Accessories,38,0,14,78.0,0.0,31.2,41.8,49.6,34.0,False,True,1. High Value Organic
2090,62,Male,Skirt,Clothing,100,Alabama,XL,Turquoise,Spring,2.6,Yes,Store Pickup,Yes,Yes,3,Bank Transfer,Every 3 Months,Clothing,4,1,90,125.0,25.0,50.0,45.0,57.5,32.5,False,False,2. High Spend Bargain Hunter
2091,45,Male,Boots,Footwear,50,Minnesota,M,Cyan,Spring,3.8,No,2-Day Shipping,No,No,22,Venmo,Fortnightly,Footwear,23,0,14,50.0,0.0,20.0,25.0,30.0,20.0,False,False,4. Mid-Tier Core
2092,45,Female,Gloves,Accessories,30,Nevada,L,Magenta,Winter,3.6,No,Standard,No,No,29,Cash,Weekly,Accessories,30,0,7,30.0,0.0,12.0,13.0,16.0,10.0,False,False,4. Mid-Tier Core
2093,66,Male,Coat,Outerwear,34,West Virginia,L,Silver,Fall,5.0,No,Standard,No,No,21,Debit Card,Annually,Outerwear,22,0,365,34.0,0.0,13.6,15.4,18.8,12.0,False,False,4. Mid-Tier Core
2094,63,Male,Dress,Clothing,97,South Carolina,M,Orange,Winter,4.0,No,Standard,No,No,37,Debit Card,Every 3 Months,Clothing,38,0,90,97.0,0.0,38.8,53.2,62.9,43.5,True,True,1. High Value Organic
2095,31,Male,Skirt,Clothing,44,Iowa,M,Pink,Winter,4.1,No,Free Shipping,No,No,44,Cash,Annually,Clothing,45,0,365,44.0,0.0,17.6,21.4,25.8,17.0,False,False,4. Mid-Tier Core
2096,24,Male,Sunglasses,Accessories,91,Texas,M,Gray,Fall,3.6,No,Standard,No,No,34,Debit Card,Quarterly,Accessories,35,0,90,91.0,0.0,36.4,49.6,58.7,40.5,True,True,1. High Value Organic
2097,29,Male,Sandals,Footwear,22,Rhode Island,M,Cyan,Spring,3.3,No,Store Pickup,Yes,Yes,24,Credit Card,Annually,Footwear,25,1,365,27.5,5.5,11.0,6.0,8.75,3.25,False,False,3. Promo-Using Repeat
2098,25,Male,Jewelry,Accessories,28,Minnesota,XL,Gray,Summer,2.9,No,Free Shipping,Yes,Yes,40,Credit Card,Annually,Accessories,41,1,365,35.0,7.0,14.0,9.0,12.5,5.5,False,False,3. Promo-Using Repeat
2099,21,Male,Handbag,Accessories,45,Maine,L,Magenta,Spring,5.0,No,Store Pickup,Yes,Yes,33,Venmo,Every 3 Months,Accessories,34,1,90,56.25,11.25,22.5,17.5,23.12,11.88,False,False,3. Promo-Using Repeat
2100,31,Female,Dress,Clothing,67,Georgia,L,Turquoise,Winter,3.2,Yes,Express,No,No,43,Venmo,Quarterly,Clothing,44,0,90,67.0,0.0,26.8,35.2,41.9,28.5,False,False,1. High Value Organic
2101,25,Female,Coat,Outerwear,39,Iowa,L,Lavender,Summer,2.7,No,Free Shipping,Yes,Yes,43,PayPal,Fortnightly,Outerwear,44,1,14,48.75,9.75,19.5,14.5,19.38,9.62,False,False,3. Promo-Using Repeat
2102,59,Female,Dress,Clothing,71,Georgia,S,Turquoise,Summer,2.7,Yes,Express,No,No,40,PayPal,Monthly,Clothing,41,0,30,71.0,0.0,28.4,37.6,44.7,30.5,False,False,1. High Value Organic
2103,58,Male,Gloves,Accessories,71,California,M,Gray,Winter,2.8,Yes,Next Day Air,Yes,Yes,16,Cash,Every 3 Months,Accessories,17,1,90,88.75,17.75,35.5,30.5,39.38,21.62,False,False,3. Promo-Using Repeat
2104,31,Male,Gloves,Accessories,23,Vermont,M,Gray,Fall,3.8,No,Next Day Air,Yes,Yes,9,PayPal,Every 3 Months,Accessories,10,1,90,28.75,5.75,11.5,6.5,9.38,3.62,False,False,3. Promo-Using Repeat
2105,20,Male,Dress,Clothing,84,Iowa,M,Gold,Fall,2.5,No,Next Day Air,No,No,10,Venmo,Every 3 Months,Clothing,11,0,90,84.0,0.0,33.6,45.4,53.8,37.0,False,False,1. High Value Organic
2106,64,Male,Hoodie,Clothing,91,Rhode Island,M,Black,Spring,3.0,Yes,2-Day Shipping,Yes,Yes,43,Debit Card,Quarterly,Clothing,44,1,90,113.75,22.75,45.5,40.5,51.88,29.12,True,False,2. High Spend Bargain Hunter
2107,60,Male,Coat,Outerwear,56,North Carolina,XL,Peach,Spring,3.8,Yes,Next Day Air,No,No,12,Credit Card,Weekly,Outerwear,13,0,7,56.0,0.0,22.4,28.6,34.2,23.0,False,False,1. High Value Organic
2108,63,Male,Hoodie,Clothing,89,Alabama,L,Charcoal,Summer,3.2,No,Express,No,No,19,Cash,Weekly,Clothing,20,0,7,89.0,0.0,35.6,48.4,57.3,39.5,False,True,1. High Value Organic
2109,58,Male,Coat,Outerwear,40,Indiana,L,Cyan,Summer,3.9,Yes,Standard,No,No,1,Cash,Every 3 Months,Outerwear,2,0,90,40.0,0.0,16.0,19.0,23.0,15.0,False,False,4. Mid-Tier Core
2110,22,Female,Jewelry,Accessories,96,Colorado,L,Cyan,Fall,4.9,No,Next Day Air,No,No,44,Venmo,Fortnightly,Accessories,45,0,14,96.0,0.0,38.4,52.6,62.2,43.0,True,True,1. High Value Organic
2111,31,Male,Jewelry,Accessories,46,Alaska,S,Red,Summer,3.8,No,Express,No,No,24,Venmo,Every 3 Months,Accessories,25,0,90,46.0,0.0,18.4,22.6,27.2,18.0,False,False,4. Mid-Tier Core
2112,60,Female,Jewelry,Accessories,23,Georgia,L,Cyan,Spring,4.3,No,Free Shipping,No,No,23,Debit Card,Weekly,Accessories,24,0,7,23.0,0.0,9.2,8.8,11.1,6.5,False,False,4. Mid-Tier Core
2113,59,Male,Blouse,Clothing,47,Colorado,L,Violet,Spring,4.7,No,Next Day Air,No,No,42,PayPal,Monthly,Clothing,43,0,30,47.0,0.0,18.8,23.2,27.9,18.5,False,False,4. Mid-Tier Core
2114,33,Female,Jeans,Clothing,47,Maryland,L,Peach,Spring,4.7,No,Free Shipping,No,No,35,Bank Transfer,Weekly,Clothing,36,0,7,47.0,0.0,18.8,23.2,27.9,18.5,False,False,4. Mid-Tier Core
2115,22,Male,Socks,Clothing,51,Massachusetts,M,Beige,Summer,4.7,No,Express,No,No,28,Bank Transfer,Monthly,Clothing,29,0,30,51.0,0.0,20.4,25.6,30.7,20.5,False,False,4. Mid-Tier Core
2116,35,Male,Sandals,Footwear,81,Rhode Island,L,Charcoal,Winter,4.4,No,Standard,Yes,Yes,31,Bank Transfer,Fortnightly,Footwear,32,1,14,101.25,20.25,40.5,35.5,45.62,25.38,True,False,2. High Spend Bargain Hunter
2117,68,Male,Shorts,Clothing,74,Alaska,M,Yellow,Fall,3.3,No,Express,No,No,25,Credit Card,Weekly,Clothing,26,0,7,74.0,0.0,29.6,39.4,46.8,32.0,False,True,1. High Value Organic
2118,37,Male,Sandals,Footwear,35,Maryland,L,Teal,Summer,4.9,Yes,Free Shipping,Yes,Yes,43,PayPal,Every 3 Months,Footwear,44,1,90,43.75,8.75,17.5,12.5,16.88,8.12,False,False,3. Promo-Using Repeat
2119,30,Male,Blouse,Clothing,49,Missouri,M,Pink,Winter,3.0,No,Free Shipping,Yes,Yes,39,Venmo,Monthly,Clothing,40,1,30,61.25,12.25,24.5,19.5,25.62,13.38,False,False,3. Promo-Using Repeat
2120,49,Male,Sneakers,Footwear,30,Mississippi,M,Purple,Fall,2.7,No,Express,No,No,39,Cash,Fortnightly,Footwear,40,0,14,30.0,0.0,12.0,13.0,16.0,10.0,False,False,4. Mid-Tier Core
2121,36,Male,Blouse,Clothing,97,Vermont,S,Orange,Spring,3.8,No,2-Day Shipping,No,No,13,PayPal,Every 3 Months,Clothing,14,0,90,97.0,0.0,38.8,53.2,62.9,43.5,False,False,1. High Value Organic
2122,47,Male,Sneakers,Footwear,48,Delaware,S,Gold,Summer,3.3,No,Standard,Yes,Yes,18,Bank Transfer,Annually,Footwear,19,1,365,60.0,12.0,24.0,19.0,25.0,13.0,False,False,3. Promo-Using Repeat
2123,44,Male,Skirt,Clothing,75,Florida,M,Maroon,Winter,4.3,No,Store Pickup,Yes,Yes,5,Debit Card,Annually,Clothing,6,1,365,93.75,18.75,37.5,32.5,41.88,23.12,False,False,3. Promo-Using Repeat
2124,60,Male,Socks,Clothing,84,Idaho,S,Beige,Spring,4.9,Yes,Standard,No,No,26,Cash,Annually,Clothing,27,0,365,84.0,0.0,33.6,45.4,53.8,37.0,True,True,1. High Value Organic
2125,21,Male,Hoodie,Clothing,68,Louisiana,S,Purple,Spring,2.6,No,Next Day Air,Yes,Yes,38,Debit Card,Bi-Weekly,Clothing,39,1,14,85.0,17.0,34.0,29.0,37.5,20.5,False,False,3. Promo-Using Repeat
2126,21,Male,Coat,Outerwear,34,Iowa,L,Peach,Spring,3.4,No,Standard,Yes,Yes,11,Credit Card,Fortnightly,Outerwear,12,1,14,42.5,8.5,17.0,12.0,16.25,7.75,False,False,3. Promo-Using Repeat
2127,59,Female,Jacket,Outerwear,67,North Dakota,M,Gold,Fall,3.8,No,Standard,Yes,Yes,23,Bank Transfer,Quarterly,Outerwear,24,1,90,83.75,16.75,33.5,28.5,36.88,20.12,False,False,3. Promo-Using Repeat
2128,20,Male,Shoes,Footwear,89,Iowa,S,Pink,Fall,4.8,No,Express,No,No,9,Venmo,Bi-Weekly,Footwear,10,0,14,89.0,0.0,35.6,48.4,57.3,39.5,False,False,4. Mid-Tier Core
2129,34,Male,Backpack,Accessories,55,California,L,Red,Spring,4.6,No,Store Pickup,No,No,9,Credit Card,Bi-Weekly,Accessories,10,0,14,55.0,0.0,22.0,28.0,33.5,22.5,False,False,4. Mid-Tier Core
2130,35,Male,Handbag,Accessories,72,Wyoming,L,Gold,Spring,4.2,Yes,Next Day Air,No,No,29,Venmo,Fortnightly,Accessories,30,0,14,72.0,0.0,28.8,38.2,45.4,31.0,False,False,1. High Value Organic
2131,25,Female,Pants,Clothing,29,Alabama,S,Indigo,Summer,3.6,No,Next Day Air,No,No,16,Venmo,Fortnightly,Clothing,17,0,14,29.0,0.0,11.6,12.4,15.3,9.5,False,False,4. Mid-Tier Core
2132,28,Female,Dress,Clothing,89,Vermont,L,Violet,Spring,3.8,No,Next Day Air,No,No,24,Cash,Fortnightly,Clothing,25,0,14,89.0,0.0,35.6,48.4,57.3,39.5,True,True,1. High Value Organic
2133,19,Male,Sandals,Footwear,49,North Dakota,M,Olive,Spring,4.3,Yes,Next Day Air,Yes,Yes,44,PayPal,Fortnightly,Footwear,45,1,14,61.25,12.25,24.5,19.5,25.62,13.38,False,False,3. Promo-Using Repeat
2134,47,Male,Shorts,Clothing,57,Illinois,XL,Magenta,Fall,4.6,No,Store Pickup,No,No,11,PayPal,Fortnightly,Clothing,12,0,14,57.0,0.0,22.8,29.2,34.9,23.5,False,False,1. High Value Organic
2135,38,Male,Dress,Clothing,33,Minnesota,M,Gold,Spring,3.4,Yes,Next Day Air,No,No,45,Venmo,Fortnightly,Clothing,46,0,14,33.0,0.0,13.2,14.8,18.1,11.5,False,False,4. Mid-Tier Core
2136,65,Male,Sandals,Footwear,66,Indiana,S,Yellow,Spring,4.2,No,Free Shipping,No,No,15,Bank Transfer,Weekly,Footwear,16,0,7,66.0,0.0,26.4,34.6,41.2,28.0,False,False,1. High Value Organic
2137,32,Male,Coat,Outerwear,24,North Dakota,L,Brown,Spring,2.9,No,Free Shipping,Yes,Yes,6,Debit Card,Bi-Weekly,Outerwear,7,1,14,30.0,6.0,12.0,7.0,10.0,4.0,False,False,3. Promo-Using Repeat
2138,32,Female,Dress,Clothing,34,Mississippi,M,Silver,Summer,4.8,Yes,Free Shipping,No,No,22,Venmo,Annually,Clothing,23,0,365,34.0,0.0,13.6,15.4,18.8,12.0,False,False,4. Mid-Tier Core
2139,54,Male,Gloves,Accessories,91,Indiana,L,Yellow,Winter,4.5,No,Store Pickup,No,No,12,Debit Card,Quarterly,Accessories,13,0,90,91.0,0.0,36.4,49.6,58.7,40.5,False,False,1. High Value Organic
2140,40,Female,Handbag,Accessories,30,Utah,L,Red,Winter,4.5,No,Standard,No,No,12,Bank Transfer,Annually,Accessories,13,0,365,30.0,0.0,12.0,13.0,16.0,10.0,False,False,4. Mid-Tier Core
2141,45,Female,Sweater,Clothing,22,Idaho,L,Orange,Fall,4.5,No,Express,Yes,Yes,30,Debit Card,Every 3 Months,Clothing,31,1,90,27.5,5.5,11.0,6.0,8.75,3.25,False,False,3. Promo-Using Repeat
2142,41,Female,Sweater,Clothing,81,Utah,M,Beige,Spring,3.7,No,Standard,Yes,Yes,24,PayPal,Every 3 Months,Clothing,25,1,90,101.25,20.25,40.5,35.5,45.62,25.38,True,False,2. High Spend Bargain Hunter
2143,65,Female,Scarf,Accessories,99,Texas,M,Indigo,Winter,3.2,No,2-Day Shipping,Yes,Yes,15,Credit Card,Every 3 Months,Accessories,16,1,90,123.75,24.75,49.5,44.5,56.88,32.12,False,False,2. High Spend Bargain Hunter
2144,57,Male,Jewelry,Accessories,69,Colorado,L,Indigo,Summer,2.9,No,Store Pickup,Yes,Yes,21,Bank Transfer,Annually,Accessories,22,1,365,86.25,17.25,34.5,29.5,38.12,20.88,False,False,3. Promo-Using Repeat
2145,29,Female,Shoes,Footwear,56,Colorado,M,Yellow,Winter,5.0,Yes,2-Day Shipping,No,No,11,Credit Card,Weekly,Footwear,12,0,7,56.0,0.0,22.4,28.6,34.2,23.0,False,False,1. High Value Organic
2146,35,Male,Coat,Outerwear,42,Hawaii,L,Magenta,Winter,2.6,No,2-Day Shipping,No,No,15,PayPal,Weekly,Outerwear,16,0,7,42.0,0.0,16.8,20.2,24.4,16.0,False,False,4. Mid-Tier Core
2147,40,Male,Handbag,Accessories,45,Missouri,L,Beige,Summer,4.0,No,Standard,Yes,Yes,16,Bank Transfer,Every 3 Months,Accessories,17,1,90,56.25,11.25,22.5,17.5,23.12,11.88,False,False,3. Promo-Using Repeat
2148,65,Male,Hoodie,Clothing,44,Delaware,M,Purple,Winter,3.7,No,Free Shipping,No,No,34,Bank Transfer,Every 3 Months,Clothing,35,0,90,44.0,0.0,17.6,21.4,25.8,17.0,False,False,4. Mid-Tier Core
2149,21,Male,Gloves,Accessories,69,West Virginia,M,Red,Spring,4.6,No,Free Shipping,No,No,3,Debit Card,Every 3 Months,Accessories,4,0,90,69.0,0.0,27.6,36.4,43.3,29.5,False,False,4. Mid-Tier Core
2150,49,Female,Socks,Clothing,63,Alaska,S,Turquoise,Spring,4.8,Yes,2-Day Shipping,No,No,45,Credit Card,Bi-Weekly,Clothing,46,0,14,63.0,0.0,25.2,32.8,39.1,26.5,False,False,1. High Value Organic
2151,52,Male,Jeans,Clothing,96,New Hampshire,M,Peach,Winter,2.6,Yes,Free Shipping,Yes,Yes,48,Bank Transfer,Monthly,Clothing,49,1,30,120.0,24.0,48.0,43.0,55.0,31.0,True,False,2. High Spend Bargain Hunter
2152,28,Male,Sunglasses,Accessories,67,Indiana,S,Cyan,Winter,4.1,No,Free Shipping,No,No,26,Venmo,Fortnightly,Accessories,27,0,14,67.0,0.0,26.8,35.2,41.9,28.5,False,False,1. High Value Organic
2153,24,Female,Coat,Outerwear,85,New Jersey,XL,Beige,Spring,4.9,No,2-Day Shipping,Yes,Yes,37,PayPal,Annually,Outerwear,38,1,365,106.25,21.25,42.5,37.5,48.12,26.88,True,False,2. High Spend Bargain Hunter
2154,31,Male,Shirt,Clothing,58,Texas,M,Gold,Winter,3.7,No,Express,No,No,7,Cash,Every 3 Months,Clothing,8,0,90,58.0,0.0,23.2,29.8,35.6,24.0,False,False,4. Mid-Tier Core
2155,65,Female,Socks,Clothing,57,South Dakota,M,Pink,Spring,4.6,No,Next Day Air,Yes,Yes,1,Debit Card,Monthly,Clothing,2,1,30,71.25,14.25,28.5,23.5,30.62,16.38,False,False,3. Promo-Using Repeat
2156,19,Male,Skirt,Clothing,78,North Dakota,L,Maroon,Spring,4.9,No,Store Pickup,No,No,48,Bank Transfer,Monthly,Clothing,49,0,30,78.0,0.0,31.2,41.8,49.6,34.0,False,True,1. High Value Organic
2157,49,Male,Coat,Outerwear,75,Massachusetts,L,Cyan,Summer,3.8,No,Express,No,No,21,Venmo,Fortnightly,Outerwear,22,0,14,75.0,0.0,30.0,40.0,47.5,32.5,False,True,1. High Value Organic
2158,18,Female,Pants,Clothing,56,Colorado,M,Green,Spring,4.9,No,Store Pickup,Yes,Yes,15,Cash,Monthly,Clothing,16,1,30,70.0,14.0,28.0,23.0,30.0,16.0,False,False,3. Promo-Using Repeat
2159,60,Female,Shoes,Footwear,98,California,M,Teal,Spring,3.8,No,Free Shipping,No,No,24,Bank Transfer,Annually,Footwear,25,0,365,98.0,0.0,39.2,53.8,63.6,44.0,True,True,1. High Value Organic
2160,21,Male,Scarf,Accessories,29,Hawaii,S,Teal,Summer,5.0,No,2-Day Shipping,No,No,37,Debit Card,Annually,Accessories,38,0,365,29.0,0.0,11.6,12.4,15.3,9.5,False,False,4. Mid-Tier Core
2161,23,Male,Skirt,Clothing,70,Alabama,S,White,Winter,4.3,Yes,Next Day Air,No,No,32,Venmo,Every 3 Months,Clothing,33,0,90,70.0,0.0,28.0,37.0,44.0,30.0,False,False,1. High Value Organic
2162,58,Male,Jeans,Clothing,58,Oregon,M,Black,Spring,4.7,Yes,2-Day Shipping,Yes,Yes,21,Credit Card,Bi-Weekly,Clothing,22,1,14,72.5,14.5,29.0,24.0,31.25,16.75,False,False,3. Promo-Using Repeat
2163,19,Male,Backpack,Accessories,78,California,L,Orange,Spring,3.0,No,2-Day Shipping,Yes,Yes,47,Debit Card,Monthly,Accessories,48,1,30,97.5,19.5,39.0,34.0,43.75,24.25,False,False,3. Promo-Using Repeat
2164,18,Male,Hat,Accessories,24,Vermont,M,White,Spring,4.4,No,Standard,No,No,43,Credit Card,Bi-Weekly,Accessories,44,0,14,24.0,0.0,9.6,9.4,11.8,7.0,False,False,4. Mid-Tier Core
2165,22,Female,Shoes,Footwear,58,Wyoming,L,Gold,Spring,4.8,No,Store Pickup,No,No,47,Debit Card,Quarterly,Footwear,48,0,90,58.0,0.0,23.2,29.8,35.6,24.0,False,False,1. High Value Organic
2166,66,Male,Shorts,Clothing,79,Alaska,M,Brown,Summer,3.9,No,Express,No,No,49,PayPal,Monthly,Clothing,50,0,30,79.0,0.0,31.6,42.4,50.3,34.5,True,True,1. High Value Organic
2167,23,Male,Jacket,Outerwear,27,North Dakota,L,Cyan,Fall,2.6,No,Standard,Yes,Yes,26,Bank Transfer,Bi-Weekly,Outerwear,27,1,14,33.75,6.75,13.5,8.5,11.88,5.12,False,False,3. Promo-Using Repeat
2168,44,Male,Sneakers,Footwear,57,New Jersey,L,Lavender,Fall,4.3,Yes,Store Pickup,No,No,49,Cash,Weekly,Footwear,50,0,7,57.0,0.0,22.8,29.2,34.9,23.5,False,False,1. High Value Organic
2169,66,Male,Blouse,Clothing,52,West Virginia,L,Charcoal,Spring,2.6,Yes,Free Shipping,Yes,Yes,31,Bank Transfer,Bi-Weekly,Clothing,32,1,14,65.0,13.0,26.0,21.0,27.5,14.5,False,False,3. Promo-Using Repeat
2170,43,Female,Sandals,Footwear,28,Kansas,S,Indigo,Summer,3.5,No,Standard,No,No,37,Cash,Fortnightly,Footwear,38,0,14,28.0,0.0,11.2,11.8,14.6,9.0,False,False,4. Mid-Tier Core
2171,40,Female,Shorts,Clothing,63,Wyoming,M,Yellow,Winter,5.0,No,2-Day Shipping,No,No,30,PayPal,Quarterly,Clothing,31,0,90,63.0,0.0,25.2,32.8,39.1,26.5,False,False,1. High Value Organic
2172,43,Male,Belt,Accessories,22,South Carolina,M,Charcoal,Spring,3.0,No,Express,Yes,Yes,23,Cash,Fortnightly,Accessories,24,1,14,27.5,5.5,11.0,6.0,8.75,3.25,False,False,3. Promo-Using Repeat
2173,45,Male,Hoodie,Clothing,100,Indiana,L,Teal,Fall,4.0,No,Next Day Air,No,No,13,Credit Card,Quarterly,Clothing,14,0,90,100.0,0.0,40.0,55.0,65.0,45.0,False,False,1. High Value Organic
2174,27,Female,Shirt,Clothing,27,North Carolina,S,Gold,Spring,2.8,No,Express,No,No,25,Venmo,Monthly,Clothing,26,0,30,27.0,0.0,10.8,11.2,13.9,8.5,False,False,4. Mid-Tier Core
2175,35,Female,Shoes,Footwear,72,Oklahoma,S,Indigo,Spring,4.4,No,Standard,No,No,48,PayPal,Weekly,Footwear,49,0,7,72.0,0.0,28.8,38.2,45.4,31.0,False,False,1. High Value Organic
2176,39,Male,Scarf,Accessories,75,Nebraska,L,Pink,Fall,4.3,Yes,Express,Yes,Yes,25,Bank Transfer,Every 3 Months,Accessories,26,1,90,93.75,18.75,37.5,32.5,41.88,23.12,False,False,3. Promo-Using Repeat
2177,43,Female,Jewelry,Accessories,57,Nevada,M,Maroon,Winter,4.1,No,Express,No,No,15,PayPal,Quarterly,Accessories,16,0,90,57.0,0.0,22.8,29.2,34.9,23.5,False,False,1. High Value Organic
2178,54,Male,Shoes,Footwear,51,Arkansas,S,Lavender,Fall,3.0,No,2-Day Shipping,Yes,Yes,33,Bank Transfer,Annually,Footwear,34,1,365,63.75,12.75,25.5,20.5,26.88,14.12,False,False,3. Promo-Using Repeat
2179,70,Female,Scarf,Accessories,50,Arizona,L,White,Winter,4.8,No,Free Shipping,No,No,45,PayPal,Bi-Weekly,Accessories,46,0,14,50.0,0.0,20.0,25.0,30.0,20.0,False,False,4. Mid-Tier Core
2180,45,Male,Boots,Footwear,61,Delaware,S,Violet,Winter,2.7,No,Store Pickup,Yes,Yes,23,Venmo,Monthly,Footwear,24,1,30,76.25,15.25,30.5,25.5,33.12,17.88,False,False,3. Promo-Using Repeat
2181,45,Male,Jewelry,Accessories,82,Mississippi,L,Black,Spring,3.3,No,2-Day Shipping,No,No,48,Debit Card,Fortnightly,Accessories,49,0,14,82.0,0.0,32.8,44.2,52.4,36.0,True,True,1. High Value Organic
2182,43,Male,Skirt,Clothing,67,Mississippi,XL,Black,Fall,3.6,No,Next Day Air,Yes,Yes,5,Credit Card,Weekly,Clothing,6,1,7,83.75,16.75,33.5,28.5,36.88,20.12,False,False,3. Promo-Using Repeat
2183,34,Male,Jacket,Outerwear,63,Florida,M,Charcoal,Fall,3.1,No,Free Shipping,Yes,Yes,32,Venmo,Weekly,Outerwear,33,1,7,78.75,15.75,31.5,26.5,34.38,18.62,False,False,3. Promo-Using Repeat
2184,49,Male,Boots,Footwear,32,Massachusetts,L,Black,Fall,2.7,Yes,2-Day Shipping,Yes,Yes,11,Venmo,Weekly,Footwear,12,1,7,40.0,8.0,16.0,11.0,15.0,7.0,False,False,3. Promo-Using Repeat
2185,30,Male,Shoes,Footwear,81,Missouri,M,Turquoise,Fall,2.8,No,Next Day Air,Yes,Yes,21,Cash,Bi-Weekly,Footwear,22,1,14,101.25,20.25,40.5,35.5,45.62,25.38,True,False,2. High Spend Bargain Hunter
2186,56,Female,Dress,Clothing,81,Hawaii,M,Indigo,Summer,2.9,Yes,Standard,No,No,40,PayPal,Annually,Clothing,41,0,365,81.0,0.0,32.4,43.6,51.7,35.5,True,True,1. High Value Organic
2187,52,Male,Hoodie,Clothing,32,Nebraska,S,Green,Summer,4.8,No,2-Day Shipping,No,No,33,PayPal,Weekly,Clothing,34,0,7,32.0,0.0,12.8,14.2,17.4,11.0,False,False,4. Mid-Tier Core
2188,46,Male,Belt,Accessories,41,North Dakota,S,Gold,Fall,3.4,No,2-Day Shipping,Yes,Yes,45,Credit Card,Annually,Accessories,46,1,365,51.25,10.25,20.5,15.5,20.62,10.38,False,False,3. Promo-Using Repeat
2189,40,Male,Hoodie,Clothing,66,Montana,M,Purple,Winter,2.5,No,Next Day Air,No,No,35,Credit Card,Bi-Weekly,Clothing,36,0,14,66.0,0.0,26.4,34.6,41.2,28.0,False,False,1. High Value Organic
2190,67,Female,Jeans,Clothing,96,Maryland,M,Black,Winter,3.0,No,Express,Yes,Yes,9,Bank Transfer,Fortnightly,Clothing,10,1,14,120.0,24.0,48.0,43.0,55.0,31.0,False,False,2. High Spend Bargain Hunter
2191,25,Female,Pants,Clothing,83,Tennessee,L,Indigo,Winter,4.7,No,2-Day Shipping,Yes,Yes,19,Credit Card,Weekly,Clothing,20,1,7,103.75,20.75,41.5,36.5,46.88,26.12,False,False,2. High Spend Bargain Hunter
2192,50,Female,Sneakers,Footwear,49,South Dakota,M,Orange,Summer,3.4,No,2-Day Shipping,No,No,25,Debit Card,Bi-Weekly,Footwear,26,0,14,49.0,0.0,19.6,24.4,29.3,19.5,False,False,4. Mid-Tier Core
2193,55,Female,Sunglasses,Accessories,72,Rhode Island,L,Beige,Spring,3.9,No,Next Day Air,No,No,32,Bank Transfer,Quarterly,Accessories,33,0,90,72.0,0.0,28.8,38.2,45.4,31.0,False,False,1. High Value Organic
2194,22,Female,Handbag,Accessories,78,Maryland,L,White,Fall,2.9,No,Standard,No,No,25,Debit Card,Quarterly,Accessories,26,0,90,78.0,0.0,31.2,41.8,49.6,34.0,False,True,1. High Value Organic
2195,64,Male,Dress,Clothing,56,New Jersey,S,Black,Fall,4.8,No,2-Day Shipping,No,No,3,Venmo,Every 3 Months,Clothing,4,0,90,56.0,0.0,22.4,28.6,34.2,23.0,False,False,4. Mid-Tier Core
2196,26,Male,Boots,Footwear,60,Kentucky,L,Violet,Fall,3.0,Yes,Free Shipping,Yes,Yes,37,Credit Card,Fortnightly,Footwear,38,1,14,75.0,15.0,30.0,25.0,32.5,17.5,False,False,3. Promo-Using Repeat
2197,44,Female,Sneakers,Footwear,26,Indiana,S,Purple,Summer,3.3,No,Standard,Yes,Yes,18,PayPal,Annually,Footwear,19,1,365,32.5,6.5,13.0,8.0,11.25,4.75,False,False,3. Promo-Using Repeat
2198,62,Male,Hoodie,Clothing,41,Arizona,S,Olive,Winter,2.8,No,Express,No,No,31,Bank Transfer,Every 3 Months,Clothing,32,0,90,41.0,0.0,16.4,19.6,23.7,15.5,False,False,4. Mid-Tier Core
2199,53,Male,Handbag,Accessories,31,South Dakota,L,Olive,Winter,3.7,No,Free Shipping,Yes,Yes,21,Venmo,Fortnightly,Accessories,22,1,14,38.75,7.75,15.5,10.5,14.38,6.62,False,False,3. Promo-Using Repeat
2200,55,Male,Jeans,Clothing,71,Oklahoma,L,Black,Spring,2.6,No,Store Pickup,Yes,Yes,23,Bank Transfer,Weekly,Clothing,24,1,7,88.75,17.75,35.5,30.5,39.38,21.62,False,False,3. Promo-Using Repeat
2201,27,Male,Handbag,Accessories,57,Arizona,L,Orange,Fall,4.0,No,2-Day Shipping,Yes,Yes,50,Bank Transfer,Annually,Accessories,51,1,365,71.25,14.25,28.5,23.5,30.62,16.38,False,False,3. Promo-Using Repeat
2202,24,Female,Backpack,Accessories,48,Oregon,L,Turquoise,Winter,4.5,No,Free Shipping,Yes,Yes,7,PayPal,Bi-Weekly,Accessories,8,1,14,60.0,12.0,24.0,19.0,25.0,13.0,False,False,3. Promo-Using Repeat
2203,59,Male,Socks,Clothing,32,Maryland,M,Red,Winter,3.9,Yes,Standard,No,No,6,Cash,Annually,Clothing,7,0,365,32.0,0.0,12.8,14.2,17.4,11.0,False,False,4. Mid-Tier Core
2204,54,Male,Sneakers,Footwear,92,Kansas,M,Black,Fall,3.9,Yes,Standard,No,No,36,Debit Card,Fortnightly,Footwear,37,0,14,92.0,0.0,36.8,50.2,59.4,41.0,True,True,1. High Value Organic
2205,39,Female,Shorts,Clothing,52,Colorado,L,Gray,Winter,3.3,No,Standard,No,No,49,Cash,Bi-Weekly,Clothing,50,0,14,52.0,0.0,20.8,26.2,31.4,21.0,False,False,4. Mid-Tier Core
2206,37,Male,Pants,Clothing,41,Texas,L,Silver,Winter,3.2,Yes,Express,No,No,30,Bank Transfer,Bi-Weekly,Clothing,31,0,14,41.0,0.0,16.4,19.6,23.7,15.5,False,False,4. Mid-Tier Core
2207,21,Male,Skirt,Clothing,31,South Carolina,L,White,Winter,3.1,No,Standard,Yes,Yes,10,PayPal,Weekly,Clothing,11,1,7,38.75,7.75,15.5,10.5,14.38,6.62,False,False,3. Promo-Using Repeat
2208,50,Female,Coat,Outerwear,75,Delaware,L,Beige,Summer,4.0,No,2-Day Shipping,No,No,37,PayPal,Fortnightly,Outerwear,38,0,14,75.0,0.0,30.0,40.0,47.5,32.5,False,True,1. High Value Organic
2209,33,Male,Shirt,Clothing,30,California,L,Yellow,Fall,4.6,Yes,Express,Yes,Yes,18,PayPal,Every 3 Months,Clothing,19,1,90,37.5,7.5,15.0,10.0,13.75,6.25,False,False,3. Promo-Using Repeat
2210,53,Male,Belt,Accessories,64,Minnesota,M,Purple,Summer,3.8,No,Standard,Yes,Yes,23,Debit Card,Monthly,Accessories,24,1,30,80.0,16.0,32.0,27.0,35.0,19.0,False,False,3. Promo-Using Repeat
2211,54,Male,Hat,Accessories,82,Montana,L,Cyan,Summer,4.0,No,2-Day Shipping,No,No,47,Credit Card,Monthly,Accessories,48,0,30,82.0,0.0,32.8,44.2,52.4,36.0,True,True,1. High Value Organic
2212,20,Male,Backpack,Accessories,41,Vermont,L,Lavender,Spring,4.6,No,Next Day Air,Yes,Yes,13,Bank Transfer,Quarterly,Accessories,14,1,90,51.25,10.25,20.5,15.5,20.62,10.38,False,False,3. Promo-Using Repeat
2213,65,Male,Belt,Accessories,34,Montana,L,Peach,Fall,4.3,No,Standard,Yes,Yes,2,Cash,Annually,Accessories,3,1,365,42.5,8.5,17.0,12.0,16.25,7.75,False,False,3. Promo-Using Repeat
2214,18,Female,Shirt,Clothing,99,Alaska,L,White,Summer,4.7,No,2-Day Shipping,Yes,Yes,14,Bank Transfer,Monthly,Clothing,15,1,30,123.75,24.75,49.5,44.5,56.88,32.12,False,False,2. High Spend Bargain Hunter
2215,39,Male,Sneakers,Footwear,23,Iowa,M,Turquoise,Fall,3.9,No,Standard,Yes,Yes,18,Bank Transfer,Weekly,Footwear,19,1,7,28.75,5.75,11.5,6.5,9.38,3.62,False,False,3. Promo-Using Repeat
2216,70,Male,Backpack,Accessories,71,Nevada,L,Black,Spring,4.5,No,Store Pickup,No,No,17,Bank Transfer,Monthly,Accessories,18,0,30,71.0,0.0,28.4,37.6,44.7,30.5,False,False,1. High Value Organic
2217,59,Male,Socks,Clothing,82,Nevada,S,Violet,Winter,2.9,Yes,Free Shipping,No,No,26,Debit Card,Quarterly,Clothing,27,0,90,82.0,0.0,32.8,44.2,52.4,36.0,True,True,1. High Value Organic
2218,37,Female,Jewelry,Accessories,23,Alaska,XL,Silver,Fall,3.2,No,Express,No,No,17,Cash,Bi-Weekly,Accessories,18,0,14,23.0,0.0,9.2,8.8,11.1,6.5,False,False,4. Mid-Tier Core
2219,52,Male,Jacket,Outerwear,93,Maine,M,Charcoal,Winter,4.4,No,Next Day Air,No,No,5,PayPal,Bi-Weekly,Outerwear,6,0,14,93.0,0.0,37.2,50.8,60.1,41.5,False,False,4. Mid-Tier Core
2220,35,Male,Shoes,Footwear,89,Arkansas,XL,Turquoise,Fall,4.3,Yes,Standard,No,No,36,PayPal,Annually,Footwear,37,0,365,89.0,0.0,35.6,48.4,57.3,39.5,True,True,1. High Value Organic
2221,60,Male,Shoes,Footwear,85,Nevada,S,Violet,Fall,4.4,Yes,Standard,Yes,Yes,18,Debit Card,Fortnightly,Footwear,19,1,14,106.25,21.25,42.5,37.5,48.12,26.88,False,False,2. High Spend Bargain Hunter
2222,47,Male,Blouse,Clothing,20,South Carolina,M,Maroon,Summer,4.6,No,Next Day Air,No,No,2,PayPal,Fortnightly,Clothing,3,0,14,20.0,0.0,8.0,7.0,9.0,5.0,False,False,4. Mid-Tier Core
2223,70,Male,Hoodie,Clothing,49,Delaware,S,Orange,Spring,4.2,Yes,Next Day Air,No,No,30,Venmo,Annually,Clothing,31,0,365,49.0,0.0,19.6,24.4,29.3,19.5,False,False,4. Mid-Tier Core
2224,66,Male,Blouse,Clothing,44,Minnesota,L,Violet,Spring,3.5,Yes,Standard,No,No,25,Venmo,Annually,Clothing,26,0,365,44.0,0.0,17.6,21.4,25.8,17.0,False,False,4. Mid-Tier Core
2225,27,Male,Jacket,Outerwear,73,Alabama,M,Orange,Winter,4.5,Yes,Next Day Air,Yes,Yes,4,Venmo,Every 3 Months,Outerwear,5,1,90,91.25,18.25,36.5,31.5,40.62,22.38,False,False,3. Promo-Using Repeat
2226,41,Male,Dress,Clothing,57,Nebraska,L,Gray,Winter,3.6,No,Free Shipping,No,No,38,PayPal,Bi-Weekly,Clothing,39,0,14,57.0,0.0,22.8,29.2,34.9,23.5,False,False,1. High Value Organic
2227,59,Male,Shirt,Clothing,49,Nebraska,L,Olive,Winter,4.7,Yes,2-Day Shipping,Yes,Yes,31,Credit Card,Weekly,Clothing,32,1,7,61.25,12.25,24.5,19.5,25.62,13.38,False,False,3. Promo-Using Repeat
2228,48,Male,Shirt,Clothing,27,Maryland,L,Lavender,Winter,2.6,No,Express,Yes,Yes,4,Credit Card,Weekly,Clothing,5,1,7,33.75,6.75,13.5,8.5,11.88,5.12,False,False,3. Promo-Using Repeat
2229,46,Male,Dress,Clothing,47,West Virginia,L,Cyan,Summer,4.7,No,Standard,No,No,7,Cash,Bi-Weekly,Clothing,8,0,14,47.0,0.0,18.8,23.2,27.9,18.5,False,False,4. Mid-Tier Core
2230,57,Female,Shoes,Footwear,46,Nebraska,L,Brown,Fall,3.1,No,2-Day Shipping,No,No,39,Bank Transfer,Quarterly,Footwear,40,0,90,46.0,0.0,18.4,22.6,27.2,18.0,False,False,4. Mid-Tier Core
2231,23,Male,Shirt,Clothing,97,Kentucky,M,Red,Summer,4.1,No,Free Shipping,No,No,40,Debit Card,Every 3 Months,Clothing,41,0,90,97.0,0.0,38.8,53.2,62.9,43.5,True,True,1. High Value Organic
2232,21,Female,Boots,Footwear,24,Idaho,XL,Orange,Summer,4.6,Yes,Free Shipping,Yes,Yes,44,Bank Transfer,Bi-Weekly,Footwear,45,1,14,30.0,6.0,12.0,7.0,10.0,4.0,False,False,3. Promo-Using Repeat
2233,64,Male,Blouse,Clothing,26,Nevada,XL,Brown,Fall,3.8,No,2-Day Shipping,Yes,Yes,23,Bank Transfer,Bi-Weekly,Clothing,24,1,14,32.5,6.5,13.0,8.0,11.25,4.75,False,False,3. Promo-Using Repeat
2234,18,Male,Belt,Accessories,63,Utah,XL,Green,Winter,4.3,No,Free Shipping,Yes,Yes,11,Venmo,Fortnightly,Accessories,12,1,14,78.75,15.75,31.5,26.5,34.38,18.62,False,False,3. Promo-Using Repeat
2235,29,Female,Handbag,Accessories,40,New Hampshire,S,Magenta,Fall,3.6,No,Store Pickup,No,No,21,PayPal,Annually,Accessories,22,0,365,40.0,0.0,16.0,19.0,23.0,15.0,False,False,4. Mid-Tier Core
2236,64,Male,Shoes,Footwear,41,Wyoming,M,White,Fall,4.5,No,Express,No,No,14,Credit Card,Annually,Footwear,15,0,365,41.0,0.0,16.4,19.6,23.7,15.5,False,False,4. Mid-Tier Core
2237,29,Male,Dress,Clothing,95,Missouri,M,Orange,Fall,4.5,No,Express,Yes,Yes,27,Debit Card,Bi-Weekly,Clothing,28,1,14,118.75,23.75,47.5,42.5,54.38,30.62,True,False,2. High Spend Bargain Hunter
2238,38,Male,Coat,Outerwear,80,Oklahoma,L,Beige,Fall,4.6,No,Free Shipping,Yes,Yes,3,Cash,Every 3 Months,Outerwear,4,1,90,100.0,20.0,40.0,35.0,45.0,25.0,False,False,2. High Spend Bargain Hunter
2239,62,Male,Jeans,Clothing,50,Maryland,XL,Silver,Fall,2.7,Yes,Store Pickup,No,No,6,Debit Card,Quarterly,Clothing,7,0,90,50.0,0.0,20.0,25.0,30.0,20.0,False,False,4. Mid-Tier Core
2240,57,Female,Dress,Clothing,81,Nevada,S,Gray,Winter,3.7,No,Standard,No,No,29,Credit Card,Bi-Weekly,Clothing,30,0,14,81.0,0.0,32.4,43.6,51.7,35.5,True,True,1. High Value Organic
2241,47,Female,Socks,Clothing,39,Tennessee,M,Turquoise,Winter,3.6,No,2-Day Shipping,No,No,46,Cash,Every 3 Months,Clothing,47,0,90,39.0,0.0,15.6,18.4,22.3,14.5,False,False,4. Mid-Tier Core
2242,20,Male,Scarf,Accessories,48,Arizona,S,Green,Spring,4.6,No,Express,Yes,Yes,23,Bank Transfer,Quarterly,Accessories,24,1,90,60.0,12.0,24.0,19.0,25.0,13.0,False,False,3. Promo-Using Repeat
2243,48,Male,Dress,Clothing,86,Delaware,L,Purple,Winter,4.5,No,Store Pickup,No,No,31,Cash,Quarterly,Clothing,32,0,90,86.0,0.0,34.4,46.6,55.2,38.0,True,True,1. High Value Organic
2244,60,Female,Skirt,Clothing,49,New Jersey,S,Gold,Summer,3.6,Yes,Next Day Air,Yes,Yes,45,Bank Transfer,Monthly,Clothing,46,1,30,61.25,12.25,24.5,19.5,25.62,13.38,False,False,3. Promo-Using Repeat
2245,21,Male,Dress,Clothing,93,Georgia,M,Gray,Winter,3.2,Yes,Next Day Air,No,No,37,Debit Card,Every 3 Months,Clothing,38,0,90,93.0,0.0,37.2,50.8,60.1,41.5,True,True,1. High Value Organic
2246,60,Male,Shoes,Footwear,40,Massachusetts,M,Indigo,Fall,2.5,No,Store Pickup,No,No,26,PayPal,Bi-Weekly,Footwear,27,0,14,40.0,0.0,16.0,19.0,23.0,15.0,False,False,4. Mid-Tier Core
2247,18,Female,Belt,Accessories,79,Hawaii,S,Magenta,Summer,3.1,Yes,Store Pickup,No,No,42,Bank Transfer,Monthly,Accessories,43,0,30,79.0,0.0,31.6,42.4,50.3,34.5,True,True,1. High Value Organic
2248,60,Male,Shirt,Clothing,45,Minnesota,L,Brown,Spring,4.5,No,Standard,Yes,Yes,15,Bank Transfer,Bi-Weekly,Clothing,16,1,14,56.25,11.25,22.5,17.5,23.12,11.88,False,False,3. Promo-Using Repeat
2249,31,Male,Sunglasses,Accessories,69,Colorado,L,Gold,Winter,3.6,No,Standard,Yes,Yes,36,Credit Card,Quarterly,Accessories,37,1,90,86.25,17.25,34.5,29.5,38.12,20.88,False,False,3. Promo-Using Repeat
2250,68,Male,Shorts,Clothing,40,Rhode Island,M,Gray,Summer,3.9,No,Express,Yes,Yes,24,Debit Card,Monthly,Clothing,25,1,30,50.0,10.0,20.0,15.0,20.0,10.0,False,False,3. Promo-Using Repeat
2251,30,Male,Boots,Footwear,90,Mississippi,M,Turquoise,Winter,4.2,No,Store Pickup,Yes,Yes,14,Debit Card,Bi-Weekly,Footwear,15,1,14,112.5,22.5,45.0,40.0,51.25,28.75,False,False,2. High Spend Bargain Hunter
2252,70,Male,Sandals,Footwear,49,Nevada,M,Teal,Spring,3.1,No,2-Day Shipping,Yes,Yes,4,PayPal,Every 3 Months,Footwear,5,1,90,61.25,12.25,24.5,19.5,25.62,13.38,False,False,3. Promo-Using Repeat
2253,26,Male,Jeans,Clothing,61,Idaho,M,Turquoise,Winter,2.9,No,Next Day Air,No,No,28,Debit Card,Annually,Clothing,29,0,365,61.0,0.0,24.4,31.6,37.7,25.5,False,False,1. High Value Organic
2254,19,Female,Shirt,Clothing,46,Nevada,XL,Cyan,Winter,3.0,Yes,Next Day Air,No,No,17,Cash,Monthly,Clothing,18,0,30,46.0,0.0,18.4,22.6,27.2,18.0,False,False,4. Mid-Tier Core
2255,27,Female,Hat,Accessories,23,Arizona,M,White,Spring,2.7,No,Free Shipping,Yes,Yes,18,Debit Card,Bi-Weekly,Accessories,19,1,14,28.75,5.75,11.5,6.5,9.38,3.62,False,False,3. Promo-Using Repeat
2256,56,Male,Jewelry,Accessories,76,South Carolina,M,Olive,Spring,2.8,No,Standard,Yes,Yes,44,Cash,Every 3 Months,Accessories,45,1,90,95.0,19.0,38.0,33.0,42.5,23.5,False,False,3. Promo-Using Repeat
2257,70,Female,Jacket,Outerwear,46,Indiana,M,Pink,Winter,2.9,No,Standard,No,No,19,Bank Transfer,Annually,Outerwear,20,0,365,46.0,0.0,18.4,22.6,27.2,18.0,False,False,4. Mid-Tier Core
2258,28,Female,Shirt,Clothing,92,Ohio,L,Gold,Spring,4.4,No,Free Shipping,No,No,5,Bank Transfer,Every 3 Months,Clothing,6,0,90,92.0,0.0,36.8,50.2,59.4,41.0,False,False,4. Mid-Tier Core
2259,32,Male,Jacket,Outerwear,39,Hawaii,M,Silver,Summer,3.2,No,Standard,No,No,15,Venmo,Every 3 Months,Outerwear,16,0,90,39.0,0.0,15.6,18.4,22.3,14.5,False,False,4. Mid-Tier Core
2260,43,Male,Handbag,Accessories,79,North Carolina,XL,Pink,Spring,4.7,Yes,2-Day Shipping,Yes,Yes,5,Bank Transfer,Monthly,Accessories,6,1,30,98.75,19.75,39.5,34.5,44.38,24.62,False,False,2. High Spend Bargain Hunter
2261,49,Male,Dress,Clothing,34,Montana,M,Green,Spring,3.7,Yes,2-Day Shipping,No,No,12,PayPal,Monthly,Clothing,13,0,30,34.0,0.0,13.6,15.4,18.8,12.0,False,False,4. Mid-Tier Core
2262,38,Female,Sneakers,Footwear,86,Ohio,M,White,Fall,3.7,Yes,Express,No,No,3,Bank Transfer,Every 3 Months,Footwear,4,0,90,86.0,0.0,34.4,46.6,55.2,38.0,False,False,4. Mid-Tier Core
2263,35,Male,Socks,Clothing,20,Indiana,L,Teal,Spring,2.6,No,2-Day Shipping,Yes,Yes,12,Debit Card,Weekly,Clothing,13,1,7,25.0,5.0,10.0,5.0,7.5,2.5,False,False,3. Promo-Using Repeat
2264,23,Female,Jacket,Outerwear,90,Tennessee,L,Brown,Fall,4.5,No,2-Day Shipping,No,No,48,Credit Card,Every 3 Months,Outerwear,49,0,90,90.0,0.0,36.0,49.0,58.0,40.0,True,True,1. High Value Organic
2265,65,Male,Jeans,Clothing,38,Maryland,M,Teal,Winter,3.2,No,Express,Yes,Yes,27,Credit Card,Every 3 Months,Clothing,28,1,90,47.5,9.5,19.0,14.0,18.75,9.25,False,False,3. Promo-Using Repeat
2266,48,Female,Boots,Footwear,26,Delaware,M,Orange,Fall,4.8,Yes,Standard,Yes,Yes,37,PayPal,Monthly,Footwear,38,1,30,32.5,6.5,13.0,8.0,11.25,4.75,False,False,3. Promo-Using Repeat
2267,53,Female,Jacket,Outerwear,78,Texas,M,Green,Winter,5.0,No,Standard,No,No,1,PayPal,Monthly,Outerwear,2,0,30,78.0,0.0,31.2,41.8,49.6,34.0,False,False,4. Mid-Tier Core
2268,36,Male,Boots,Footwear,74,North Carolina,XL,Violet,Fall,4.4,No,Express,Yes,Yes,49,Venmo,Quarterly,Footwear,50,1,90,92.5,18.5,37.0,32.0,41.25,22.75,False,False,3. Promo-Using Repeat
2269,20,Male,Sneakers,Footwear,91,Arizona,XL,Maroon,Fall,3.7,No,2-Day Shipping,No,No,15,Bank Transfer,Quarterly,Footwear,16,0,90,91.0,0.0,36.4,49.6,58.7,40.5,False,True,1. High Value Organic
2270,69,Female,Socks,Clothing,44,Minnesota,M,Turquoise,Fall,2.7,Yes,Store Pickup,No,No,47,Cash,Fortnightly,Clothing,48,0,14,44.0,0.0,17.6,21.4,25.8,17.0,False,False,4. Mid-Tier Core
2271,50,Male,Gloves,Accessories,99,New Jersey,XL,Charcoal,Winter,2.9,No,Next Day Air,No,No,12,Cash,Weekly,Accessories,13,0,7,99.0,0.0,39.6,54.4,64.3,44.5,False,False,1. High Value Organic
2272,46,Male,Backpack,Accessories,46,Montana,L,Gold,Spring,4.7,Yes,Next Day Air,Yes,Yes,29,Bank Transfer,Bi-Weekly,Accessories,30,1,14,57.5,11.5,23.0,18.0,23.75,12.25,False,False,3. Promo-Using Repeat
2273,27,Female,Jacket,Outerwear,68,Iowa,M,Purple,Fall,2.8,Yes,Standard,No,No,49,Cash,Quarterly,Outerwear,50,0,90,68.0,0.0,27.2,35.8,42.6,29.0,False,False,1. High Value Organic
2274,45,Male,Sandals,Footwear,51,Louisiana,M,Orange,Winter,3.6,No,Express,Yes,Yes,38,Debit Card,Weekly,Footwear,39,1,7,63.75,12.75,25.5,20.5,26.88,14.12,False,False,3. Promo-Using Repeat
2275,50,Male,Shoes,Footwear,26,California,L,Indigo,Spring,4.9,No,Next Day Air,No,No,32,PayPal,Annually,Footwear,33,0,365,26.0,0.0,10.4,10.6,13.2,8.0,False,False,4. Mid-Tier Core
2276,26,Male,Hat,Accessories,68,Arkansas,XL,Silver,Winter,3.5,No,Free Shipping,No,No,50,Debit Card,Quarterly,Accessories,51,0,90,68.0,0.0,27.2,35.8,42.6,29.0,False,False,1. High Value Organic
2277,55,Female,Handbag,Accessories,67,Arizona,S,Purple,Spring,4.4,Yes,Next Day Air,No,No,24,PayPal,Weekly,Accessories,25,0,7,67.0,0.0,26.8,35.2,41.9,28.5,False,False,1. High Value Organic
2278,40,Male,Sandals,Footwear,46,Alabama,M,Olive,Winter,3.5,Yes,Store Pickup,Yes,Yes,43,Bank Transfer,Weekly,Footwear,44,1,7,57.5,11.5,23.0,18.0,23.75,12.25,False,False,3. Promo-Using Repeat
2279,56,Male,Backpack,Accessories,98,Iowa,L,Silver,Fall,2.8,No,2-Day Shipping,Yes,Yes,48,Credit Card,Bi-Weekly,Accessories,49,1,14,122.5,24.5,49.0,44.0,56.25,31.75,True,False,2. High Spend Bargain Hunter
2280,67,Male,Hoodie,Clothing,26,Massachusetts,L,Lavender,Fall,4.8,No,Store Pickup,Yes,Yes,45,PayPal,Fortnightly,Clothing,46,1,14,32.5,6.5,13.0,8.0,11.25,4.75,False,False,3. Promo-Using Repeat
2281,34,Male,Scarf,Accessories,56,New York,M,Gray,Fall,3.3,Yes,2-Day Shipping,Yes,Yes,9,Venmo,Every 3 Months,Accessories,10,1,90,70.0,14.0,28.0,23.0,30.0,16.0,False,False,3. Promo-Using Repeat
2282,39,Male,Dress,Clothing,46,North Dakota,L,Violet,Winter,4.3,No,Store Pickup,No,No,29,Bank Transfer,Every 3 Months,Clothing,30,0,90,46.0,0.0,18.4,22.6,27.2,18.0,False,False,4. Mid-Tier Core
2283,39,Male,Sneakers,Footwear,76,North Carolina,M,Cyan,Summer,4.0,Yes,Express,Yes,Yes,6,PayPal,Every 3 Months,Footwear,7,1,90,95.0,19.0,38.0,33.0,42.5,23.5,False,False,3. Promo-Using Repeat
2284,52,Male,Shorts,Clothing,98,Delaware,XL,Purple,Spring,2.9,No,2-Day Shipping,No,No,17,Credit Card,Annually,Clothing,18,0,365,98.0,0.0,39.2,53.8,63.6,44.0,False,True,1. High Value Organic
2285,56,Female,Gloves,Accessories,57,Oklahoma,L,Orange,Summer,2.7,No,Standard,No,No,22,Venmo,Quarterly,Accessories,23,0,90,57.0,0.0,22.8,29.2,34.9,23.5,False,False,1. High Value Organic
2286,64,Female,Scarf,Accessories,80,Hawaii,L,Violet,Fall,4.1,No,Express,Yes,Yes,43,Venmo,Annually,Accessories,44,1,365,100.0,20.0,40.0,35.0,45.0,25.0,True,False,2. High Spend Bargain Hunter
2287,53,Male,Sweater,Clothing,68,Arizona,XL,Silver,Fall,4.5,No,Free Shipping,Yes,Yes,44,PayPal,Weekly,Clothing,45,1,7,85.0,17.0,34.0,29.0,37.5,20.5,False,False,3. Promo-Using Repeat
2288,35,Male,Shorts,Clothing,88,Alaska,L,Gold,Summer,3.3,Yes,Free Shipping,No,No,22,Cash,Weekly,Clothing,23,0,7,88.0,0.0,35.2,47.8,56.6,39.0,True,True,1. High Value Organic
2289,27,Male,Jacket,Outerwear,45,Alaska,L,Teal,Fall,4.3,No,Store Pickup,Yes,Yes,27,Venmo,Quarterly,Outerwear,28,1,90,56.25,11.25,22.5,17.5,23.12,11.88,False,False,3. Promo-Using Repeat
2290,24,Female,Scarf,Accessories,45,Oregon,M,Green,Spring,4.1,No,Express,No,No,24,Bank Transfer,Annually,Accessories,25,0,365,45.0,0.0,18.0,22.0,26.5,17.5,False,False,4. Mid-Tier Core
2291,25,Female,Gloves,Accessories,66,California,M,Turquoise,Winter,4.2,Yes,Free Shipping,No,No,25,Venmo,Annually,Accessories,26,0,365,66.0,0.0,26.4,34.6,41.2,28.0,False,False,1. High Value Organic
2292,67,Female,Jacket,Outerwear,95,New York,XL,Purple,Spring,3.5,No,2-Day Shipping,No,No,34,Cash,Quarterly,Outerwear,35,0,90,95.0,0.0,38.0,52.0,61.5,42.5,True,True,1. High Value Organic
2293,21,Male,Boots,Footwear,46,Minnesota,L,Pink,Summer,2.7,No,Next Day Air,No,No,34,Debit Card,Bi-Weekly,Footwear,35,0,14,46.0,0.0,18.4,22.6,27.2,18.0,False,False,4. Mid-Tier Core
2294,44,Female,Skirt,Clothing,56,Idaho,S,White,Spring,3.5,No,Store Pickup,No,No,10,Debit Card,Quarterly,Clothing,11,0,90,56.0,0.0,22.4,28.6,34.2,23.0,False,False,1. High Value Organic
2295,48,Male,Sweater,Clothing,71,Mississippi,M,Olive,Winter,4.3,No,Store Pickup,Yes,Yes,16,Venmo,Fortnightly,Clothing,17,1,14,88.75,17.75,35.5,30.5,39.38,21.62,False,False,3. Promo-Using Repeat
2296,32,Male,Belt,Accessories,70,Iowa,M,Black,Fall,3.3,No,Next Day Air,Yes,Yes,10,Cash,Fortnightly,Accessories,11,1,14,87.5,17.5,35.0,30.0,38.75,21.25,False,False,3. Promo-Using Repeat
2297,50,Male,Sandals,Footwear,95,California,XL,Charcoal,Fall,3.5,Yes,Standard,Yes,Yes,30,Bank Transfer,Annually,Footwear,31,1,365,118.75,23.75,47.5,42.5,54.38,30.62,True,False,2. High Spend Bargain Hunter
2298,27,Male,Shorts,Clothing,40,Utah,L,Pink,Winter,3.0,No,Free Shipping,Yes,Yes,25,Debit Card,Fortnightly,Clothing,26,1,14,50.0,10.0,20.0,15.0,20.0,10.0,False,False,3. Promo-Using Repeat
2299,47,Male,Sunglasses,Accessories,84,North Carolina,M,Magenta,Spring,2.9,Yes,Free Shipping,No,No,9,PayPal,Annually,Accessories,10,0,365,84.0,0.0,33.6,45.4,53.8,37.0,False,False,4. Mid-Tier Core
2300,70,Male,Scarf,Accessories,28,Texas,XL,Violet,Spring,2.6,No,Standard,Yes,Yes,35,Cash,Quarterly,Accessories,36,1,90,35.0,7.0,14.0,9.0,12.5,5.5,False,False,3. Promo-Using Repeat
2301,22,Male,Blouse,Clothing,57,Idaho,L,Charcoal,Summer,3.5,No,Store Pickup,Yes,Yes,31,Venmo,Monthly,Clothing,32,1,30,71.25,14.25,28.5,23.5,30.62,16.38,False,False,3. Promo-Using Repeat
2302,48,Male,Dress,Clothing,21,Illinois,L,Olive,Spring,3.2,Yes,Next Day Air,Yes,Yes,12,Credit Card,Bi-Weekly,Clothing,13,1,14,26.25,5.25,10.5,5.5,8.12,2.88,False,False,3. Promo-Using Repeat
2303,60,Male,Pants,Clothing,78,South Dakota,S,Silver,Summer,2.7,No,Express,Yes,Yes,50,Credit Card,Fortnightly,Clothing,51,1,14,97.5,19.5,39.0,34.0,43.75,24.25,False,False,3. Promo-Using Repeat
2304,40,Male,Dress,Clothing,66,Oklahoma,L,Peach,Winter,4.3,No,2-Day Shipping,Yes,Yes,49,Credit Card,Fortnightly,Clothing,50,1,14,82.5,16.5,33.0,28.0,36.25,19.75,False,False,3. Promo-Using Repeat
2305,61,Male,Shorts,Clothing,21,Wyoming,L,Orange,Fall,4.5,No,Standard,No,No,30,Debit Card,Every 3 Months,Clothing,31,0,90,21.0,0.0,8.4,7.6,9.7,5.5,False,False,4. Mid-Tier Core
2306,57,Female,Dress,Clothing,56,Alaska,XL,Indigo,Summer,3.2,Yes,Next Day Air,Yes,Yes,3,Venmo,Quarterly,Clothing,4,1,90,70.0,14.0,28.0,23.0,30.0,16.0,False,False,3. Promo-Using Repeat
2307,49,Female,Scarf,Accessories,64,South Dakota,XL,Indigo,Summer,3.5,Yes,Next Day Air,No,No,27,Credit Card,Monthly,Accessories,28,0,30,64.0,0.0,25.6,33.4,39.8,27.0,False,False,1. High Value Organic
2308,38,Male,Blouse,Clothing,80,Montana,XL,Beige,Spring,4.1,Yes,Express,Yes,Yes,5,PayPal,Monthly,Clothing,6,1,30,100.0,20.0,40.0,35.0,45.0,25.0,False,False,2. High Spend Bargain Hunter
2309,21,Male,Sneakers,Footwear,53,Minnesota,M,Yellow,Summer,2.9,No,Next Day Air,No,No,46,Debit Card,Weekly,Footwear,47,0,7,53.0,0.0,21.2,26.8,32.1,21.5,False,False,4. Mid-Tier Core
2310,29,Male,Socks,Clothing,71,South Dakota,S,Green,Summer,3.2,No,Free Shipping,Yes,Yes,4,Cash,Annually,Clothing,5,1,365,88.75,17.75,35.5,30.5,39.38,21.62,False,False,3. Promo-Using Repeat
2311,38,Male,Socks,Clothing,100,Wyoming,XL,Purple,Fall,3.6,No,Store Pickup,Yes,Yes,46,Venmo,Monthly,Clothing,47,1,30,125.0,25.0,50.0,45.0,57.5,32.5,True,False,2. High Spend Bargain Hunter
2312,39,Male,Sweater,Clothing,95,Alabama,M,Silver,Spring,3.8,No,Standard,No,No,1,Venmo,Fortnightly,Clothing,2,0,14,95.0,0.0,38.0,52.0,61.5,42.5,False,False,4. Mid-Tier Core
2313,53,Male,Sneakers,Footwear,49,New York,L,Maroon,Fall,4.0,No,Next Day Air,Yes,Yes,42,Cash,Monthly,Footwear,43,1,30,61.25,12.25,24.5,19.5,25.62,13.38,False,False,3. Promo-Using Repeat
2314,30,Male,Sweater,Clothing,36,Nevada,M,Orange,Summer,2.8,No,Next Day Air,Yes,Yes,49,Credit Card,Weekly,Clothing,50,1,7,45.0,9.0,18.0,13.0,17.5,8.5,False,False,3. Promo-Using Repeat
2315,40,Male,Sneakers,Footwear,69,Missouri,L,Gold,Summer,3.7,Yes,Free Shipping,No,No,28,Cash,Fortnightly,Footwear,29,0,14,69.0,0.0,27.6,36.4,43.3,29.5,False,False,1. High Value Organic
2316,32,Female,Handbag,Accessories,90,New Hampshire,M,Orange,Summer,3.1,No,2-Day Shipping,Yes,Yes,5,Bank Transfer,Annually,Accessories,6,1,365,112.5,22.5,45.0,40.0,51.25,28.75,False,False,2. High Spend Bargain Hunter
2317,36,Male,Scarf,Accessories,92,Tennessee,M,Maroon,Winter,4.3,Yes,2-Day Shipping,Yes,Yes,11,Credit Card,Fortnightly,Accessories,12,1,14,115.0,23.0,46.0,41.0,52.5,29.5,False,False,2. High Spend Bargain Hunter
2318,18,Female,Dress,Clothing,93,Minnesota,L,Lavender,Fall,3.4,No,Store Pickup,Yes,Yes,30,PayPal,Every 3 Months,Clothing,31,1,90,116.25,23.25,46.5,41.5,53.12,29.88,True,False,2. High Spend Bargain Hunter
2319,47,Male,Dress,Clothing,39,Indiana,M,Purple,Spring,3.9,No,Standard,Yes,Yes,5,Cash,Annually,Clothing,6,1,365,48.75,9.75,19.5,14.5,19.38,9.62,False,False,3. Promo-Using Repeat
2320,64,Male,Jeans,Clothing,54,Tennessee,L,Violet,Summer,4.3,No,Free Shipping,Yes,Yes,47,PayPal,Weekly,Clothing,48,1,7,67.5,13.5,27.0,22.0,28.75,15.25,False,False,3. Promo-Using Repeat
2321,20,Male,Pants,Clothing,73,Florida,M,Yellow,Fall,4.3,No,Free Shipping,Yes,Yes,37,PayPal,Annually,Clothing,38,1,365,91.25,18.25,36.5,31.5,40.62,22.38,False,False,3. Promo-Using Repeat
2322,47,Female,Hoodie,Clothing,98,Iowa,M,Violet,Spring,2.7,No,Free Shipping,No,No,38,Credit Card,Fortnightly,Clothing,39,0,14,98.0,0.0,39.2,53.8,63.6,44.0,True,True,1. High Value Organic
2323,49,Female,Sneakers,Footwear,23,Colorado,L,Magenta,Spring,3.4,No,Free Shipping,No,No,25,Bank Transfer,Bi-Weekly,Footwear,26,0,14,23.0,0.0,9.2,8.8,11.1,6.5,False,False,4. Mid-Tier Core
2324,64,Male,Scarf,Accessories,20,South Carolina,XL,Teal,Summer,4.1,Yes,Express,Yes,Yes,14,Venmo,Fortnightly,Accessories,15,1,14,25.0,5.0,10.0,5.0,7.5,2.5,False,False,3. Promo-Using Repeat
2325,37,Female,Belt,Accessories,45,Alaska,L,Peach,Fall,3.0,No,Free Shipping,No,No,11,Debit Card,Annually,Accessories,12,0,365,45.0,0.0,18.0,22.0,26.5,17.5,False,False,4. Mid-Tier Core
2326,20,Female,Scarf,Accessories,92,Illinois,L,Yellow,Fall,4.7,Yes,Standard,Yes,Yes,33,Bank Transfer,Bi-Weekly,Accessories,34,1,14,115.0,23.0,46.0,41.0,52.5,29.5,True,False,2. High Spend Bargain Hunter
2327,51,Male,Dress,Clothing,85,West Virginia,S,Silver,Spring,4.9,No,2-Day Shipping,No,No,42,PayPal,Fortnightly,Clothing,43,0,14,85.0,0.0,34.0,46.0,54.5,37.5,True,True,1. High Value Organic
2328,36,Male,Belt,Accessories,32,Utah,S,Gold,Fall,3.4,No,Free Shipping,Yes,Yes,24,PayPal,Fortnightly,Accessories,25,1,14,40.0,8.0,16.0,11.0,15.0,7.0,False,False,3. Promo-Using Repeat
2329,34,Female,Sneakers,Footwear,87,California,S,Maroon,Winter,2.7,No,Standard,Yes,Yes,18,Bank Transfer,Monthly,Footwear,19,1,30,108.75,21.75,43.5,38.5,49.38,27.62,False,False,2. High Spend Bargain Hunter
2330,61,Male,Shirt,Clothing,63,South Dakota,M,Maroon,Spring,3.5,No,Store Pickup,No,No,13,Credit Card,Every 3 Months,Clothing,14,0,90,63.0,0.0,25.2,32.8,39.1,26.5,False,False,1. High Value Organic
2331,36,Male,Scarf,Accessories,27,California,M,Gold,Spring,4.0,Yes,Store Pickup,No,No,19,Venmo,Fortnightly,Accessories,20,0,14,27.0,0.0,10.8,11.2,13.9,8.5,False,False,4. Mid-Tier Core
2332,39,Male,Shirt,Clothing,66,Wyoming,M,Cyan,Fall,4.2,No,Store Pickup,Yes,Yes,50,Debit Card,Fortnightly,Clothing,51,1,14,82.5,16.5,33.0,28.0,36.25,19.75,False,False,3. Promo-Using Repeat
2333,60,Male,Socks,Clothing,39,Alabama,M,Red,Summer,4.9,Yes,Free Shipping,Yes,Yes,35,PayPal,Fortnightly,Clothing,36,1,14,48.75,9.75,19.5,14.5,19.38,9.62,False,False,3. Promo-Using Repeat
2334,27,Female,Jewelry,Accessories,48,Vermont,XL,Maroon,Spring,3.8,No,Express,No,No,14,Credit Card,Every 3 Months,Accessories,15,0,90,48.0,0.0,19.2,23.8,28.6,19.0,False,False,4. Mid-Tier Core
2335,45,Female,Belt,Accessories,87,Idaho,M,Beige,Spring,4.0,No,2-Day Shipping,No,No,18,Debit Card,Every 3 Months,Accessories,19,0,90,87.0,0.0,34.8,47.2,55.9,38.5,False,True,1. High Value Organic
2336,26,Female,Dress,Clothing,84,Florida,S,Brown,Spring,2.7,No,Express,No,No,35,Credit Card,Bi-Weekly,Clothing,36,0,14,84.0,0.0,33.6,45.4,53.8,37.0,True,True,1. High Value Organic
2337,20,Male,Boots,Footwear,63,West Virginia,L,Orange,Spring,3.7,No,Standard,No,No,40,PayPal,Monthly,Footwear,41,0,30,63.0,0.0,25.2,32.8,39.1,26.5,False,False,1. High Value Organic
2338,22,Male,Handbag,Accessories,21,Texas,M,Olive,Summer,4.6,No,Free Shipping,Yes,Yes,44,Credit Card,Weekly,Accessories,45,1,7,26.25,5.25,10.5,5.5,8.12,2.88,False,False,3. Promo-Using Repeat
2339,38,Male,Sunglasses,Accessories,24,Wyoming,M,Violet,Spring,2.9,No,Next Day Air,No,No,28,PayPal,Annually,Accessories,29,0,365,24.0,0.0,9.6,9.4,11.8,7.0,False,False,4. Mid-Tier Core
2340,20,Male,Shoes,Footwear,44,Maine,XL,Turquoise,Winter,4.5,Yes,Next Day Air,Yes,Yes,40,Bank Transfer,Bi-Weekly,Footwear,41,1,14,55.0,11.0,22.0,17.0,22.5,11.5,False,False,3. Promo-Using Repeat
2341,55,Female,Sneakers,Footwear,95,Maryland,L,Violet,Winter,4.5,No,Store Pickup,Yes,Yes,40,Bank Transfer,Every 3 Months,Footwear,41,1,90,118.75,23.75,47.5,42.5,54.38,30.62,True,False,2. High Spend Bargain Hunter
2342,60,Male,Gloves,Accessories,51,Illinois,S,Lavender,Fall,4.8,No,Express,No,No,25,Cash,Fortnightly,Accessories,26,0,14,51.0,0.0,20.4,25.6,30.7,20.5,False,False,4. Mid-Tier Core
2343,43,Female,Boots,Footwear,63,Vermont,L,Cyan,Summer,3.2,Yes,Store Pickup,Yes,Yes,35,Cash,Monthly,Footwear,36,1,30,78.75,15.75,31.5,26.5,34.38,18.62,False,False,3. Promo-Using Repeat
2344,53,Female,Jewelry,Accessories,90,North Carolina,M,Indigo,Spring,3.5,Yes,2-Day Shipping,Yes,Yes,17,Venmo,Weekly,Accessories,18,1,7,112.5,22.5,45.0,40.0,51.25,28.75,False,False,2. High Spend Bargain Hunter
2345,43,Male,Gloves,Accessories,33,Hawaii,M,White,Summer,2.9,No,Standard,No,No,50,Cash,Weekly,Accessories,51,0,7,33.0,0.0,13.2,14.8,18.1,11.5,False,False,4. Mid-Tier Core
2346,34,Male,Boots,Footwear,58,South Dakota,XL,Black,Spring,4.1,Yes,Express,No,No,23,Debit Card,Fortnightly,Footwear,24,0,14,58.0,0.0,23.2,29.8,35.6,24.0,False,False,1. High Value Organic
2347,19,Male,Handbag,Accessories,64,Mississippi,S,Maroon,Fall,3.6,No,Store Pickup,Yes,Yes,16,Cash,Monthly,Accessories,17,1,30,80.0,16.0,32.0,27.0,35.0,19.0,False,False,3. Promo-Using Repeat
2348,36,Female,Hoodie,Clothing,87,Montana,L,Magenta,Spring,4.5,No,Express,No,No,14,Debit Card,Monthly,Clothing,15,0,30,87.0,0.0,34.8,47.2,55.9,38.5,False,False,1. High Value Organic
2349,65,Female,Sweater,Clothing,74,Hawaii,L,Green,Winter,2.7,No,Free Shipping,No,No,29,Venmo,Monthly,Clothing,30,0,30,74.0,0.0,29.6,39.4,46.8,32.0,False,True,1. High Value Organic
2350,52,Male,Sweater,Clothing,76,Nevada,L,Gray,Fall,4.6,Yes,Free Shipping,No,No,4,PayPal,Monthly,Clothing,5,0,30,76.0,0.0,30.4,40.6,48.2,33.0,False,False,4. Mid-Tier Core
2351,56,Female,Coat,Outerwear,97,Minnesota,S,Cyan,Winter,4.2,No,Standard,Yes,Yes,5,Cash,Monthly,Outerwear,6,1,30,121.25,24.25,48.5,43.5,55.62,31.38,False,False,2. High Spend Bargain Hunter
2352,23,Male,Handbag,Accessories,36,South Dakota,S,Peach,Fall,3.8,No,Free Shipping,No,No,20,Venmo,Quarterly,Accessories,21,0,90,36.0,0.0,14.4,16.6,20.2,13.0,False,False,4. Mid-Tier Core
2353,68,Male,Hoodie,Clothing,23,North Carolina,S,Turquoise,Spring,5.0,No,2-Day Shipping,Yes,Yes,32,Debit Card,Bi-Weekly,Clothing,33,1,14,28.75,5.75,11.5,6.5,9.38,3.62,False,False,3. Promo-Using Repeat
2354,47,Male,Handbag,Accessories,98,South Dakota,S,Indigo,Spring,2.8,No,Standard,No,No,48,Bank Transfer,Annually,Accessories,49,0,365,98.0,0.0,39.2,53.8,63.6,44.0,True,True,1. High Value Organic
2355,36,Female,Backpack,Accessories,24,North Carolina,M,Violet,Winter,4.1,No,Next Day Air,No,No,12,Cash,Every 3 Months,Accessories,13,0,90,24.0,0.0,9.6,9.4,11.8,7.0,False,False,4. Mid-Tier Core
2356,36,Male,Backpack,Accessories,48,Hawaii,M,Red,Winter,2.7,No,Free Shipping,Yes,Yes,24,Debit Card,Bi-Weekly,Accessories,25,1,14,60.0,12.0,24.0,19.0,25.0,13.0,False,False,3. Promo-Using Repeat
2357,45,Male,Sneakers,Footwear,91,North Dakota,M,Purple,Summer,4.8,No,Next Day Air,Yes,Yes,21,Credit Card,Annually,Footwear,22,1,365,113.75,22.75,45.5,40.5,51.88,29.12,True,False,2. High Spend Bargain Hunter
2358,25,Female,Blouse,Clothing,53,Alabama,L,Brown,Winter,3.0,No,Store Pickup,No,No,39,Venmo,Fortnightly,Clothing,40,0,14,53.0,0.0,21.2,26.8,32.1,21.5,False,False,4. Mid-Tier Core
2359,34,Male,Backpack,Accessories,48,Illinois,M,Olive,Spring,3.8,No,Express,No,No,28,Debit Card,Bi-Weekly,Accessories,29,0,14,48.0,0.0,19.2,23.8,28.6,19.0,False,False,4. Mid-Tier Core
2360,45,Female,Coat,Outerwear,25,Hawaii,M,Pink,Winter,3.1,No,2-Day Shipping,Yes,Yes,19,Debit Card,Monthly,Outerwear,20,1,30,31.25,6.25,12.5,7.5,10.62,4.38,False,False,3. Promo-Using Repeat
2361,37,Female,Blouse,Clothing,49,California,M,Turquoise,Summer,4.4,No,Store Pickup,Yes,Yes,19,Debit Card,Fortnightly,Clothing,20,1,14,61.25,12.25,24.5,19.5,25.62,13.38,False,False,3. Promo-Using Repeat
2362,66,Male,Hat,Accessories,94,Florida,M,Indigo,Summer,4.7,No,Next Day Air,Yes,Yes,21,Bank Transfer,Every 3 Months,Accessories,22,1,90,117.5,23.5,47.0,42.0,53.75,30.25,True,False,2. High Spend Bargain Hunter
2363,22,Male,Belt,Accessories,93,Illinois,L,Violet,Summer,4.4,Yes,Next Day Air,No,No,38,Cash,Every 3 Months,Accessories,39,0,90,93.0,0.0,37.2,50.8,60.1,41.5,True,True,1. High Value Organic
2364,33,Male,Dress,Clothing,76,California,XL,Orange,Spring,4.7,Yes,Free Shipping,No,No,50,Credit Card,Quarterly,Clothing,51,0,90,76.0,0.0,30.4,40.6,48.2,33.0,False,True,1. High Value Organic
2365,25,Female,Jacket,Outerwear,38,Kentucky,L,Turquoise,Winter,3.5,No,Store Pickup,No,No,49,PayPal,Annually,Outerwear,50,0,365,38.0,0.0,15.2,17.8,21.6,14.0,False,False,4. Mid-Tier Core
2366,68,Male,Pants,Clothing,44,North Carolina,M,Silver,Spring,4.8,No,Store Pickup,Yes,Yes,18,Debit Card,Fortnightly,Clothing,19,1,14,55.0,11.0,22.0,17.0,22.5,11.5,False,False,3. Promo-Using Repeat
2367,34,Male,Shirt,Clothing,32,West Virginia,XL,Charcoal,Winter,3.7,No,Free Shipping,No,No,2,Debit Card,Fortnightly,Clothing,3,0,14,32.0,0.0,12.8,14.2,17.4,11.0,False,False,4. Mid-Tier Core
2368,68,Male,Shoes,Footwear,49,Illinois,L,Olive,Spring,3.9,No,Standard,No,No,17,Venmo,Quarterly,Footwear,18,0,90,49.0,0.0,19.6,24.4,29.3,19.5,False,False,4. Mid-Tier Core
2369,44,Male,Hat,Accessories,64,Indiana,L,Peach,Fall,4.4,No,Express,No,No,11,PayPal,Quarterly,Accessories,12,0,90,64.0,0.0,25.6,33.4,39.8,27.0,False,False,1. High Value Organic
2370,25,Male,Boots,Footwear,89,Alaska,M,Teal,Spring,3.0,No,2-Day Shipping,Yes,Yes,34,Venmo,Bi-Weekly,Footwear,35,1,14,111.25,22.25,44.5,39.5,50.62,28.38,True,False,2. High Spend Bargain Hunter
2371,18,Male,Hat,Accessories,97,Mississippi,S,Green,Winter,2.7,No,Express,Yes,Yes,44,Credit Card,Fortnightly,Accessories,45,1,14,121.25,24.25,48.5,43.5,55.62,31.38,True,False,2. High Spend Bargain Hunter
2372,55,Female,Shirt,Clothing,46,Minnesota,M,Turquoise,Fall,3.1,No,Store Pickup,No,No,35,Bank Transfer,Quarterly,Clothing,36,0,90,46.0,0.0,18.4,22.6,27.2,18.0,False,False,4. Mid-Tier Core
2373,59,Male,Coat,Outerwear,22,Indiana,S,Magenta,Fall,4.8,Yes,Free Shipping,Yes,Yes,44,Bank Transfer,Bi-Weekly,Outerwear,45,1,14,27.5,5.5,11.0,6.0,8.75,3.25,False,False,3. Promo-Using Repeat
2374,41,Male,Shirt,Clothing,30,Ohio,S,Teal,Spring,3.7,No,Store Pickup,Yes,Yes,48,Cash,Bi-Weekly,Clothing,49,1,14,37.5,7.5,15.0,10.0,13.75,6.25,False,False,3. Promo-Using Repeat
2375,20,Female,Skirt,Clothing,21,Louisiana,M,Red,Fall,4.6,No,Express,No,No,29,PayPal,Annually,Clothing,30,0,365,21.0,0.0,8.4,7.6,9.7,5.5,False,False,4. Mid-Tier Core
2376,52,Male,Blouse,Clothing,74,California,M,Green,Fall,3.1,Yes,Standard,Yes,Yes,25,Bank Transfer,Every 3 Months,Clothing,26,1,90,92.5,18.5,37.0,32.0,41.25,22.75,False,False,3. Promo-Using Repeat
2377,39,Male,Boots,Footwear,64,Alaska,L,Gray,Spring,4.2,Yes,Store Pickup,No,No,6,Debit Card,Quarterly,Footwear,7,0,90,64.0,0.0,25.6,33.4,39.8,27.0,False,False,4. Mid-Tier Core
2378,39,Male,Boots,Footwear,92,Iowa,M,Gray,Spring,4.4,No,Next Day Air,Yes,Yes,42,Venmo,Quarterly,Footwear,43,1,90,115.0,23.0,46.0,41.0,52.5,29.5,True,False,2. High Spend Bargain Hunter
2379,24,Male,Jacket,Outerwear,97,California,L,Lavender,Spring,2.5,No,Standard,No,No,30,Credit Card,Weekly,Outerwear,31,0,7,97.0,0.0,38.8,53.2,62.9,43.5,True,True,1. High Value Organic
2380,40,Male,Dress,Clothing,22,Maryland,XL,Peach,Winter,4.7,Yes,Store Pickup,No,No,8,Bank Transfer,Monthly,Clothing,9,0,30,22.0,0.0,8.8,8.2,10.4,6.0,False,False,4. Mid-Tier Core
2381,58,Male,Shoes,Footwear,35,Oklahoma,M,Magenta,Summer,2.7,No,Standard,No,No,20,PayPal,Every 3 Months,Footwear,21,0,90,35.0,0.0,14.0,16.0,19.5,12.5,False,False,4. Mid-Tier Core
2382,64,Male,Sneakers,Footwear,64,Idaho,M,Teal,Winter,4.8,No,Standard,No,No,47,Debit Card,Weekly,Footwear,48,0,7,64.0,0.0,25.6,33.4,39.8,27.0,False,False,1. High Value Organic
2383,70,Male,Hoodie,Clothing,35,Rhode Island,S,Silver,Winter,2.8,No,Next Day Air,Yes,Yes,32,Bank Transfer,Weekly,Clothing,33,1,7,43.75,8.75,17.5,12.5,16.88,8.12,False,False,3. Promo-Using Repeat
2384,21,Male,Hoodie,Clothing,26,Nevada,L,Turquoise,Fall,3.8,No,Express,Yes,Yes,21,Debit Card,Monthly,Clothing,22,1,30,32.5,6.5,13.0,8.0,11.25,4.75,False,False,3. Promo-Using Repeat
2385,47,Male,Gloves,Accessories,61,Ohio,L,Lavender,Winter,3.7,No,Store Pickup,No,No,16,Venmo,Annually,Accessories,17,0,365,61.0,0.0,24.4,31.6,37.7,25.5,False,False,1. High Value Organic
2386,61,Male,Pants,Clothing,43,Illinois,XL,Violet,Summer,3.2,Yes,Next Day Air,Yes,Yes,9,Cash,Annually,Clothing,10,1,365,53.75,10.75,21.5,16.5,21.88,11.12,False,False,3. Promo-Using Repeat
2387,65,Male,Hoodie,Clothing,67,Wyoming,S,Violet,Winter,4.1,No,Free Shipping,Yes,Yes,46,Venmo,Every 3 Months,Clothing,47,1,90,83.75,16.75,33.5,28.5,36.88,20.12,False,False,3. Promo-Using Repeat
2388,44,Female,Boots,Footwear,56,Oregon,M,Black,Fall,4.7,No,Standard,Yes,Yes,27,Venmo,Fortnightly,Footwear,28,1,14,70.0,14.0,28.0,23.0,30.0,16.0,False,False,3. Promo-Using Repeat
2389,42,Female,Jeans,Clothing,28,Colorado,M,Gray,Summer,3.5,Yes,Free Shipping,No,No,33,PayPal,Quarterly,Clothing,34,0,90,28.0,0.0,11.2,11.8,14.6,9.0,False,False,4. Mid-Tier Core
2390,34,Male,Sandals,Footwear,36,Nevada,L,Teal,Winter,4.8,No,2-Day Shipping,No,No,20,Debit Card,Fortnightly,Footwear,21,0,14,36.0,0.0,14.4,16.6,20.2,13.0,False,False,4. Mid-Tier Core
2391,51,Male,Sweater,Clothing,38,Hawaii,M,Cyan,Fall,4.6,No,Standard,No,No,26,Debit Card,Fortnightly,Clothing,27,0,14,38.0,0.0,15.2,17.8,21.6,14.0,False,False,4. Mid-Tier Core
2392,67,Female,Jeans,Clothing,80,New York,M,Charcoal,Winter,3.9,No,Next Day Air,No,No,18,Venmo,Every 3 Months,Clothing,19,0,90,80.0,0.0,32.0,43.0,51.0,35.0,False,True,1. High Value Organic
2393,62,Male,Pants,Clothing,54,Arkansas,L,Red,Summer,4.5,No,Next Day Air,Yes,Yes,5,Cash,Fortnightly,Clothing,6,1,14,67.5,13.5,27.0,22.0,28.75,15.25,False,False,3. Promo-Using Repeat
2394,27,Male,Socks,Clothing,93,Missouri,L,Indigo,Spring,5.0,No,Express,No,No,42,Bank Transfer,Every 3 Months,Clothing,43,0,90,93.0,0.0,37.2,50.8,60.1,41.5,True,True,1. High Value Organic
2395,26,Female,Socks,Clothing,75,Oregon,XL,Purple,Summer,4.2,Yes,Express,Yes,Yes,34,Venmo,Monthly,Clothing,35,1,30,93.75,18.75,37.5,32.5,41.88,23.12,False,False,3. Promo-Using Repeat
2396,18,Male,Belt,Accessories,25,Florida,M,Gold,Fall,4.1,Yes,2-Day Shipping,No,No,2,Cash,Every 3 Months,Accessories,3,0,90,25.0,0.0,10.0,10.0,12.5,7.5,False,False,4. Mid-Tier Core
2397,51,Female,Dress,Clothing,27,Louisiana,S,Charcoal,Summer,2.6,No,2-Day Shipping,Yes,Yes,40,Debit Card,Quarterly,Clothing,41,1,90,33.75,6.75,13.5,8.5,11.88,5.12,False,False,3. Promo-Using Repeat
2398,57,Male,Sunglasses,Accessories,79,Oregon,M,Beige,Summer,3.8,No,Standard,Yes,Yes,42,Debit Card,Monthly,Accessories,43,1,30,98.75,19.75,39.5,34.5,44.38,24.62,True,False,2. High Spend Bargain Hunter
2399,52,Male,Shorts,Clothing,65,Tennessee,M,Pink,Spring,3.0,Yes,Next Day Air,No,No,18,Debit Card,Fortnightly,Clothing,19,0,14,65.0,0.0,26.0,34.0,40.5,27.5,False,False,1. High Value Organic
2400,67,Male,Jeans,Clothing,36,South Carolina,L,Lavender,Summer,3.4,No,2-Day Shipping,No,No,48,Venmo,Fortnightly,Clothing,49,0,14,36.0,0.0,14.4,16.6,20.2,13.0,False,False,4. Mid-Tier Core
2401,35,Male,Pants,Clothing,83,New Jersey,M,Charcoal,Fall,4.4,No,2-Day Shipping,No,No,18,PayPal,Weekly,Clothing,19,0,7,83.0,0.0,33.2,44.8,53.1,36.5,False,True,1. High Value Organic
2402,24,Male,Gloves,Accessories,49,Oregon,XL,Brown,Fall,2.9,No,2-Day Shipping,No,No,45,Bank Transfer,Weekly,Accessories,46,0,7,49.0,0.0,19.6,24.4,29.3,19.5,False,False,4. Mid-Tier Core
2403,42,Male,Dress,Clothing,76,California,S,Gray,Summer,3.4,No,Store Pickup,Yes,Yes,38,Debit Card,Monthly,Clothing,39,1,30,95.0,19.0,38.0,33.0,42.5,23.5,False,False,3. Promo-Using Repeat
2404,50,Female,Jewelry,Accessories,97,Minnesota,L,Gold,Spring,4.3,No,Free Shipping,No,No,38,Venmo,Every 3 Months,Accessories,39,0,90,97.0,0.0,38.8,53.2,62.9,43.5,True,True,1. High Value Organic
2405,37,Female,Boots,Footwear,72,Maine,M,Gold,Winter,4.1,No,Free Shipping,Yes,Yes,8,Debit Card,Bi-Weekly,Footwear,9,1,14,90.0,18.0,36.0,31.0,40.0,22.0,False,False,3. Promo-Using Repeat
2406,65,Female,Jewelry,Accessories,95,Mississippi,XL,Brown,Winter,3.9,Yes,Store Pickup,Yes,Yes,6,Venmo,Annually,Accessories,7,1,365,118.75,23.75,47.5,42.5,54.38,30.62,False,False,2. High Spend Bargain Hunter
2407,46,Female,Shoes,Footwear,40,Iowa,XL,White,Fall,5.0,Yes,Store Pickup,Yes,Yes,43,Venmo,Monthly,Footwear,44,1,30,50.0,10.0,20.0,15.0,20.0,10.0,False,False,3. Promo-Using Repeat
2408,26,Female,Pants,Clothing,49,Illinois,M,Purple,Summer,3.1,No,Store Pickup,No,No,35,Bank Transfer,Quarterly,Clothing,36,0,90,49.0,0.0,19.6,24.4,29.3,19.5,False,False,4. Mid-Tier Core
2409,51,Female,Hoodie,Clothing,47,Massachusetts,L,Peach,Spring,4.7,No,Next Day Air,No,No,1,PayPal,Quarterly,Clothing,2,0,90,47.0,0.0,18.8,23.2,27.9,18.5,False,False,4. Mid-Tier Core
2410,64,Male,Jacket,Outerwear,58,Maryland,L,Cyan,Fall,3.2,No,2-Day Shipping,No,No,1,Credit Card,Bi-Weekly,Outerwear,2,0,14,58.0,0.0,23.2,29.8,35.6,24.0,False,False,4. Mid-Tier Core
2411,18,Male,Scarf,Accessories,98,Colorado,XL,Orange,Spring,3.3,No,Store Pickup,No,No,16,Credit Card,Annually,Accessories,17,0,365,98.0,0.0,39.2,53.8,63.6,44.0,False,True,1. High Value Organic
2412,53,Male,Socks,Clothing,87,Georgia,M,Yellow,Spring,2.6,No,Standard,Yes,Yes,29,Venmo,Quarterly,Clothing,30,1,90,108.75,21.75,43.5,38.5,49.38,27.62,True,False,2. High Spend Bargain Hunter
2413,35,Male,Gloves,Accessories,77,Montana,M,Red,Fall,5.0,No,Free Shipping,No,No,44,PayPal,Quarterly,Accessories,45,0,90,77.0,0.0,30.8,41.2,48.9,33.5,False,True,1. High Value Organic
2414,38,Male,Jacket,Outerwear,47,Alaska,M,Yellow,Summer,4.2,No,Express,Yes,Yes,6,Cash,Weekly,Outerwear,7,1,7,58.75,11.75,23.5,18.5,24.38,12.62,False,False,3. Promo-Using Repeat
2415,60,Male,Backpack,Accessories,54,Arizona,M,Magenta,Winter,3.4,No,2-Day Shipping,Yes,Yes,21,Venmo,Weekly,Accessories,22,1,7,67.5,13.5,27.0,22.0,28.75,15.25,False,False,3. Promo-Using Repeat
2416,66,Male,Blouse,Clothing,53,Arizona,S,Olive,Summer,4.0,No,Standard,No,No,14,Venmo,Monthly,Clothing,15,0,30,53.0,0.0,21.2,26.8,32.1,21.5,False,False,4. Mid-Tier Core
2417,26,Male,Handbag,Accessories,85,Alaska,S,Red,Winter,3.1,No,Next Day Air,Yes,Yes,15,Credit Card,Every 3 Months,Accessories,16,1,90,106.25,21.25,42.5,37.5,48.12,26.88,False,False,2. High Spend Bargain Hunter
2418,39,Male,Shoes,Footwear,27,Iowa,M,Green,Fall,4.6,Yes,Next Day Air,No,No,40,Debit Card,Quarterly,Footwear,41,0,90,27.0,0.0,10.8,11.2,13.9,8.5,False,False,4. Mid-Tier Core
2419,63,Male,Shoes,Footwear,80,Idaho,L,Cyan,Summer,3.2,Yes,Next Day Air,No,No,3,Credit Card,Weekly,Footwear,4,0,7,80.0,0.0,32.0,43.0,51.0,35.0,False,False,4. Mid-Tier Core
2420,31,Male,Jeans,Clothing,52,Maryland,L,Olive,Fall,3.9,No,Free Shipping,Yes,Yes,10,Venmo,Monthly,Clothing,11,1,30,65.0,13.0,26.0,21.0,27.5,14.5,False,False,3. Promo-Using Repeat
2421,36,Female,Skirt,Clothing,66,Indiana,S,Maroon,Spring,4.7,No,Store Pickup,No,No,30,PayPal,Quarterly,Clothing,31,0,90,66.0,0.0,26.4,34.6,41.2,28.0,False,False,1. High Value Organic
2422,23,Male,Shorts,Clothing,79,New Jersey,S,Charcoal,Summer,3.5,Yes,Express,Yes,Yes,13,Bank Transfer,Bi-Weekly,Clothing,14,1,14,98.75,19.75,39.5,34.5,44.38,24.62,False,False,2. High Spend Bargain Hunter
2423,29,Female,Sweater,Clothing,97,Montana,M,Black,Summer,5.0,Yes,Express,No,No,25,Debit Card,Monthly,Clothing,26,0,30,97.0,0.0,38.8,53.2,62.9,43.5,True,True,1. High Value Organic
2424,46,Male,Sunglasses,Accessories,100,Wyoming,L,Turquoise,Summer,3.7,No,2-Day Shipping,Yes,Yes,29,Credit Card,Bi-Weekly,Accessories,30,1,14,125.0,25.0,50.0,45.0,57.5,32.5,True,False,2. High Spend Bargain Hunter
2425,45,Male,Dress,Clothing,37,Maryland,L,Lavender,Spring,2.7,No,Next Day Air,Yes,Yes,5,Debit Card,Weekly,Clothing,6,1,7,46.25,9.25,18.5,13.5,18.12,8.88,False,False,3. Promo-Using Repeat
2426,59,Female,Coat,Outerwear,45,California,M,Gold,Summer,3.5,No,Free Shipping,No,No,43,Bank Transfer,Weekly,Outerwear,44,0,7,45.0,0.0,18.0,22.0,26.5,17.5,False,False,4. Mid-Tier Core
2427,38,Male,Blouse,Clothing,24,Louisiana,L,Charcoal,Winter,4.6,No,Free Shipping,Yes,Yes,29,Cash,Bi-Weekly,Clothing,30,1,14,30.0,6.0,12.0,7.0,10.0,4.0,False,False,3. Promo-Using Repeat
2428,22,Male,Shirt,Clothing,70,Kansas,L,Turquoise,Fall,4.8,No,Express,Yes,Yes,16,Debit Card,Fortnightly,Clothing,17,1,14,87.5,17.5,35.0,30.0,38.75,21.25,False,False,3. Promo-Using Repeat
2429,23,Male,Jeans,Clothing,22,New Jersey,M,Yellow,Spring,4.2,Yes,Free Shipping,Yes,Yes,43,Bank Transfer,Weekly,Clothing,44,1,7,27.5,5.5,11.0,6.0,8.75,3.25,False,False,3. Promo-Using Repeat
2430,58,Female,Hoodie,Clothing,50,Iowa,S,Beige,Spring,4.1,No,Express,Yes,Yes,37,Venmo,Fortnightly,Clothing,38,1,14,62.5,12.5,25.0,20.0,26.25,13.75,False,False,3. Promo-Using Repeat
2431,29,Male,Dress,Clothing,75,Idaho,M,Charcoal,Fall,4.9,No,2-Day Shipping,No,No,38,Venmo,Fortnightly,Clothing,39,0,14,75.0,0.0,30.0,40.0,47.5,32.5,False,True,1. High Value Organic
2432,30,Female,Pants,Clothing,27,Alaska,L,Beige,Summer,2.8,No,Store Pickup,Yes,Yes,2,Credit Card,Bi-Weekly,Clothing,3,1,14,33.75,6.75,13.5,8.5,11.88,5.12,False,False,3. Promo-Using Repeat
2433,41,Male,Socks,Clothing,24,Ohio,L,Maroon,Winter,2.7,No,2-Day Shipping,Yes,Yes,32,Debit Card,Quarterly,Clothing,33,1,90,30.0,6.0,12.0,7.0,10.0,4.0,False,False,3. Promo-Using Repeat
2434,28,Male,Coat,Outerwear,58,Indiana,M,Black,Fall,4.9,No,Store Pickup,No,No,50,Bank Transfer,Weekly,Outerwear,51,0,7,58.0,0.0,23.2,29.8,35.6,24.0,False,False,1. High Value Organic
2435,62,Male,Jeans,Clothing,34,Nebraska,M,Olive,Spring,2.7,Yes,Free Shipping,No,No,48,Debit Card,Every 3 Months,Clothing,49,0,90,34.0,0.0,13.6,15.4,18.8,12.0,False,False,4. Mid-Tier Core
2436,41,Male,Socks,Clothing,73,Delaware,M,Cyan,Spring,4.4,No,Store Pickup,No,No,15,Venmo,Bi-Weekly,Clothing,16,0,14,73.0,0.0,29.2,38.8,46.1,31.5,False,True,1. High Value Organic
2437,31,Male,Dress,Clothing,54,North Carolina,M,Orange,Winter,4.0,No,Standard,No,No,2,Venmo,Bi-Weekly,Clothing,3,0,14,54.0,0.0,21.6,27.4,32.8,22.0,False,False,4. Mid-Tier Core
2438,58,Female,Gloves,Accessories,39,Iowa,L,Gold,Spring,4.0,No,2-Day Shipping,No,No,1,Bank Transfer,Bi-Weekly,Accessories,2,0,14,39.0,0.0,15.6,18.4,22.3,14.5,False,False,4. Mid-Tier Core
2439,56,Male,Belt,Accessories,59,New Jersey,S,Green,Fall,4.4,No,Express,No,No,25,Credit Card,Monthly,Accessories,26,0,30,59.0,0.0,23.6,30.4,36.3,24.5,False,False,1. High Value Organic
2440,41,Male,Backpack,Accessories,74,South Carolina,M,Gray,Winter,4.0,No,Standard,No,No,15,Debit Card,Monthly,Accessories,16,0,30,74.0,0.0,29.6,39.4,46.8,32.0,False,True,1. High Value Organic
2441,60,Female,Sandals,Footwear,31,Massachusetts,M,Gold,Spring,4.9,No,Express,Yes,Yes,46,Bank Transfer,Monthly,Footwear,47,1,30,38.75,7.75,15.5,10.5,14.38,6.62,False,False,3. Promo-Using Repeat
2442,48,Male,Shoes,Footwear,29,Florida,M,Green,Summer,3.1,No,Free Shipping,No,No,11,Debit Card,Weekly,Footwear,12,0,7,29.0,0.0,11.6,12.4,15.3,9.5,False,False,4. Mid-Tier Core
2443,69,Female,Coat,Outerwear,24,Kansas,L,Brown,Summer,4.5,Yes,Next Day Air,Yes,Yes,26,Cash,Bi-Weekly,Outerwear,27,1,14,30.0,6.0,12.0,7.0,10.0,4.0,False,False,3. Promo-Using Repeat
2444,49,Male,Socks,Clothing,63,Indiana,XL,Brown,Summer,3.0,No,2-Day Shipping,No,No,31,Bank Transfer,Monthly,Clothing,32,0,30,63.0,0.0,25.2,32.8,39.1,26.5,False,False,1. High Value Organic
2445,65,Male,Sunglasses,Accessories,79,Hawaii,M,Turquoise,Summer,3.7,No,Store Pickup,Yes,Yes,44,PayPal,Bi-Weekly,Accessories,45,1,14,98.75,19.75,39.5,34.5,44.38,24.62,True,False,2. High Spend Bargain Hunter
2446,39,Female,Boots,Footwear,35,Colorado,L,Peach,Spring,2.5,No,2-Day Shipping,No,No,30,Cash,Quarterly,Footwear,31,0,90,35.0,0.0,14.0,16.0,19.5,12.5,False,False,4. Mid-Tier Core
2447,24,Male,Shoes,Footwear,51,Arkansas,L,Olive,Summer,3.6,No,2-Day Shipping,Yes,Yes,16,Debit Card,Annually,Footwear,17,1,365,63.75,12.75,25.5,20.5,26.88,14.12,False,False,3. Promo-Using Repeat
2448,51,Male,Jeans,Clothing,90,Iowa,M,White,Summer,4.4,No,Store Pickup,No,No,20,Credit Card,Annually,Clothing,21,0,365,90.0,0.0,36.0,49.0,58.0,40.0,True,True,1. High Value Organic
2449,49,Female,Gloves,Accessories,46,Iowa,M,Gray,Summer,3.0,No,Next Day Air,Yes,Yes,31,Bank Transfer,Annually,Accessories,32,1,365,57.5,11.5,23.0,18.0,23.75,12.25,False,False,3. Promo-Using Repeat
2450,55,Male,Belt,Accessories,28,Vermont,M,Gold,Spring,3.1,No,Next Day Air,No,No,48,Credit Card,Quarterly,Accessories,49,0,90,28.0,0.0,11.2,11.8,14.6,9.0,False,False,4. Mid-Tier Core
2451,66,Male,Boots,Footwear,87,Arizona,L,Purple,Spring,3.0,No,Next Day Air,No,No,1,Cash,Weekly,Footwear,2,0,7,87.0,0.0,34.8,47.2,55.9,38.5,False,False,4. Mid-Tier Core
2452,42,Male,Gloves,Accessories,78,Massachusetts,M,Silver,Summer,4.3,Yes,Next Day Air,Yes,Yes,27,Debit Card,Weekly,Accessories,28,1,7,97.5,19.5,39.0,34.0,43.75,24.25,False,False,3. Promo-Using Repeat
2453,43,Male,Dress,Clothing,21,Texas,L,Teal,Winter,2.9,No,Express,Yes,Yes,50,Cash,Fortnightly,Clothing,51,1,14,26.25,5.25,10.5,5.5,8.12,2.88,False,False,3. Promo-Using Repeat
2454,27,Male,Shoes,Footwear,81,Georgia,M,Silver,Fall,2.5,No,Next Day Air,Yes,Yes,47,Credit Card,Quarterly,Footwear,48,1,90,101.25,20.25,40.5,35.5,45.62,25.38,True,False,2. High Spend Bargain Hunter
2455,37,Male,Pants,Clothing,60,Oregon,L,Orange,Winter,3.9,No,Standard,Yes,Yes,20,Venmo,Monthly,Clothing,21,1,30,75.0,15.0,30.0,25.0,32.5,17.5,False,False,3. Promo-Using Repeat
2456,19,Female,Pants,Clothing,59,Kentucky,XL,Purple,Spring,2.6,No,2-Day Shipping,No,No,40,Cash,Bi-Weekly,Clothing,41,0,14,59.0,0.0,23.6,30.4,36.3,24.5,False,False,1. High Value Organic
2457,68,Male,Handbag,Accessories,70,Minnesota,L,Indigo,Summer,2.8,No,Free Shipping,Yes,Yes,27,Cash,Annually,Accessories,28,1,365,87.5,17.5,35.0,30.0,38.75,21.25,False,False,3. Promo-Using Repeat
2458,31,Male,Belt,Accessories,92,Arizona,M,Indigo,Fall,3.2,No,Express,Yes,Yes,39,Cash,Fortnightly,Accessories,40,1,14,115.0,23.0,46.0,41.0,52.5,29.5,True,False,2. High Spend Bargain Hunter
2459,25,Male,Sunglasses,Accessories,24,Montana,L,Red,Spring,2.8,Yes,Standard,No,No,33,Debit Card,Fortnightly,Accessories,34,0,14,24.0,0.0,9.6,9.4,11.8,7.0,False,False,4. Mid-Tier Core
2460,19,Male,Dress,Clothing,60,Oklahoma,L,Pink,Fall,4.7,No,Express,No,No,27,Cash,Quarterly,Clothing,28,0,90,60.0,0.0,24.0,31.0,37.0,25.0,False,False,1. High Value Organic
2461,69,Male,Blouse,Clothing,84,Alabama,S,Turquoise,Winter,3.1,No,Free Shipping,Yes,Yes,38,Credit Card,Fortnightly,Clothing,39,1,14,105.0,21.0,42.0,37.0,47.5,26.5,True,False,2. High Spend Bargain Hunter
2462,53,Male,Blouse,Clothing,29,New York,S,Gray,Spring,3.0,No,Store Pickup,No,No,19,PayPal,Annually,Clothing,20,0,365,29.0,0.0,11.6,12.4,15.3,9.5,False,False,4. Mid-Tier Core
2463,23,Male,Jewelry,Accessories,98,Mississippi,M,Beige,Spring,2.9,Yes,Free Shipping,Yes,Yes,46,Cash,Annually,Accessories,47,1,365,122.5,24.5,49.0,44.0,56.25,31.75,True,False,2. High Spend Bargain Hunter
2464,65,Male,Coat,Outerwear,89,New Jersey,S,Brown,Spring,2.8,No,Express,No,No,3,PayPal,Quarterly,Outerwear,4,0,90,89.0,0.0,35.6,48.4,57.3,39.5,False,False,4. Mid-Tier Core
2465,67,Female,Hoodie,Clothing,96,Iowa,M,Cyan,Spring,3.8,Yes,Free Shipping,Yes,Yes,5,Debit Card,Annually,Clothing,6,1,365,120.0,24.0,48.0,43.0,55.0,31.0,False,False,2. High Spend Bargain Hunter
2466,54,Female,Shirt,Clothing,97,Missouri,M,Beige,Fall,3.8,No,Free Shipping,No,No,28,Cash,Quarterly,Clothing,29,0,90,97.0,0.0,38.8,53.2,62.9,43.5,True,True,1. High Value Organic
2467,46,Female,Coat,Outerwear,98,South Carolina,M,Green,Fall,4.5,Yes,Standard,No,No,34,Debit Card,Weekly,Outerwear,35,0,7,98.0,0.0,39.2,53.8,63.6,44.0,True,True,1. High Value Organic
2468,59,Male,Boots,Footwear,47,South Dakota,S,Pink,Spring,3.4,No,Free Shipping,No,No,49,Bank Transfer,Weekly,Footwear,50,0,7,47.0,0.0,18.8,23.2,27.9,18.5,False,False,4. Mid-Tier Core
2469,38,Female,Dress,Clothing,62,South Carolina,M,Yellow,Spring,4.3,No,Free Shipping,No,No,44,PayPal,Monthly,Clothing,45,0,30,62.0,0.0,24.8,32.2,38.4,26.0,False,False,1. High Value Organic
2470,48,Male,Sweater,Clothing,92,Louisiana,L,Peach,Spring,3.1,No,Standard,No,No,23,Debit Card,Quarterly,Clothing,24,0,90,92.0,0.0,36.8,50.2,59.4,41.0,True,True,1. High Value Organic
2471,33,Male,Scarf,Accessories,37,Maryland,S,Silver,Fall,4.0,No,Free Shipping,Yes,Yes,50,Credit Card,Annually,Accessories,51,1,365,46.25,9.25,18.5,13.5,18.12,8.88,False,False,3. Promo-Using Repeat
2472,56,Male,Blouse,Clothing,40,California,M,Gold,Fall,4.0,No,Next Day Air,No,No,1,PayPal,Bi-Weekly,Clothing,2,0,14,40.0,0.0,16.0,19.0,23.0,15.0,False,False,4. Mid-Tier Core
2473,58,Male,Dress,Clothing,34,Rhode Island,L,White,Winter,2.8,No,Express,Yes,Yes,3,Credit Card,Annually,Clothing,4,1,365,42.5,8.5,17.0,12.0,16.25,7.75,False,False,3. Promo-Using Repeat
2474,39,Female,Pants,Clothing,43,California,M,Lavender,Summer,4.0,No,Standard,No,No,20,PayPal,Quarterly,Clothing,21,0,90,43.0,0.0,17.2,20.8,25.1,16.5,False,False,4. Mid-Tier Core
2475,21,Female,Hat,Accessories,60,Minnesota,M,Pink,Fall,2.5,No,Standard,Yes,Yes,29,Bank Transfer,Annually,Accessories,30,1,365,75.0,15.0,30.0,25.0,32.5,17.5,False,False,3. Promo-Using Repeat
2476,47,Male,Sandals,Footwear,37,Nevada,M,Violet,Summer,3.2,Yes,Express,No,No,31,Venmo,Weekly,Footwear,32,0,7,37.0,0.0,14.8,17.2,20.9,13.5,False,False,4. Mid-Tier Core
2477,28,Male,Dress,Clothing,85,Colorado,XL,Green,Fall,4.8,No,Store Pickup,No,No,45,Bank Transfer,Bi-Weekly,Clothing,46,0,14,85.0,0.0,34.0,46.0,54.5,37.5,True,True,1. High Value Organic
2478,70,Male,Socks,Clothing,67,Indiana,M,Silver,Fall,4.9,No,Next Day Air,Yes,Yes,9,Bank Transfer,Quarterly,Clothing,10,1,90,83.75,16.75,33.5,28.5,36.88,20.12,False,False,3. Promo-Using Repeat
2479,43,Male,Backpack,Accessories,96,Nevada,M,Purple,Fall,4.3,No,Express,Yes,Yes,3,PayPal,Weekly,Accessories,4,1,7,120.0,24.0,48.0,43.0,55.0,31.0,False,False,2. High Spend Bargain Hunter
2480,29,Male,Backpack,Accessories,72,Missouri,M,Magenta,Summer,3.2,No,2-Day Shipping,No,No,36,Bank Transfer,Bi-Weekly,Accessories,37,0,14,72.0,0.0,28.8,38.2,45.4,31.0,False,False,1. High Value Organic
2481,56,Male,Boots,Footwear,75,Delaware,S,Yellow,Summer,3.1,No,Free Shipping,No,No,26,Credit Card,Weekly,Footwear,27,0,7,75.0,0.0,30.0,40.0,47.5,32.5,False,True,1. High Value Organic
2482,28,Male,Dress,Clothing,23,Maine,S,Cyan,Summer,5.0,Yes,Free Shipping,No,No,29,Credit Card,Annually,Clothing,30,0,365,23.0,0.0,9.2,8.8,11.1,6.5,False,False,4. Mid-Tier Core
2483,58,Male,Sandals,Footwear,76,Tennessee,M,Teal,Spring,3.0,No,Express,Yes,Yes,29,Credit Card,Monthly,Footwear,30,1,30,95.0,19.0,38.0,33.0,42.5,23.5,False,False,3. Promo-Using Repeat
2484,62,Male,Backpack,Accessories,99,Maine,S,Gray,Fall,2.5,Yes,Free Shipping,Yes,Yes,35,PayPal,Annually,Accessories,36,1,365,123.75,24.75,49.5,44.5,56.88,32.12,True,False,2. High Spend Bargain Hunter
2485,41,Male,Coat,Outerwear,57,Tennessee,L,Green,Winter,4.7,Yes,2-Day Shipping,No,No,4,Venmo,Every 3 Months,Outerwear,5,0,90,57.0,0.0,22.8,29.2,34.9,23.5,False,False,4. Mid-Tier Core
2486,30,Male,Shoes,Footwear,92,Vermont,L,Orange,Fall,3.0,No,2-Day Shipping,Yes,Yes,41,Bank Transfer,Weekly,Footwear,42,1,7,115.0,23.0,46.0,41.0,52.5,29.5,True,False,2. High Spend Bargain Hunter
2487,37,Male,Sandals,Footwear,88,Alaska,XL,Magenta,Spring,4.2,No,Express,No,No,3,Cash,Annually,Footwear,4,0,365,88.0,0.0,35.2,47.8,56.6,39.0,False,False,4. Mid-Tier Core
2488,69,Male,Hat,Accessories,64,Iowa,M,Pink,Summer,3.5,No,Free Shipping,Yes,Yes,48,Venmo,Every 3 Months,Accessories,49,1,90,80.0,16.0,32.0,27.0,35.0,19.0,False,False,3. Promo-Using Repeat
2489,58,Male,Backpack,Accessories,43,South Dakota,XL,Gold,Summer,5.0,No,Store Pickup,No,No,1,Debit Card,Annually,Accessories,2,0,365,43.0,0.0,17.2,20.8,25.1,16.5,False,False,4. Mid-Tier Core
2490,53,Male,Boots,Footwear,82,Nebraska,M,Turquoise,Winter,3.7,No,Standard,Yes,Yes,23,Bank Transfer,Every 3 Months,Footwear,24,1,90,102.5,20.5,41.0,36.0,46.25,25.75,True,False,2. High Spend Bargain Hunter
2491,19,Male,Gloves,Accessories,35,Colorado,M,Orange,Fall,4.9,No,Free Shipping,Yes,Yes,5,Debit Card,Quarterly,Accessories,6,1,90,43.75,8.75,17.5,12.5,16.88,8.12,False,False,3. Promo-Using Repeat
2492,27,Male,Shoes,Footwear,72,Hawaii,S,Black,Fall,4.3,Yes,2-Day Shipping,Yes,Yes,4,Debit Card,Quarterly,Footwear,5,1,90,90.0,18.0,36.0,31.0,40.0,22.0,False,False,3. Promo-Using Repeat
2493,26,Male,Blouse,Clothing,42,Massachusetts,S,Silver,Winter,4.3,No,Store Pickup,Yes,Yes,12,Debit Card,Quarterly,Clothing,13,1,90,52.5,10.5,21.0,16.0,21.25,10.75,False,False,3. Promo-Using Repeat
2494,21,Female,Pants,Clothing,62,Alabama,L,Black,Summer,4.1,No,Next Day Air,Yes,Yes,22,Debit Card,Monthly,Clothing,23,1,30,77.5,15.5,31.0,26.0,33.75,18.25,False,False,3. Promo-Using Repeat
2495,39,Female,Backpack,Accessories,36,Florida,L,Orange,Summer,2.7,No,Free Shipping,No,No,4,Credit Card,Weekly,Accessories,5,0,7,36.0,0.0,14.4,16.6,20.2,13.0,False,False,4. Mid-Tier Core
2496,26,Male,Jeans,Clothing,66,Oregon,XL,Indigo,Spring,4.4,No,Free Shipping,No,No,22,PayPal,Every 3 Months,Clothing,23,0,90,66.0,0.0,26.4,34.6,41.2,28.0,False,False,1. High Value Organic
2497,64,Male,Dress,Clothing,89,Arkansas,L,Gold,Fall,3.3,No,Free Shipping,No,No,15,Credit Card,Monthly,Clothing,16,0,30,89.0,0.0,35.6,48.4,57.3,39.5,False,True,1. High Value Organic
2498,64,Male,Jacket,Outerwear,69,Delaware,M,Gray,Fall,4.3,No,Free Shipping,No,No,33,Venmo,Bi-Weekly,Outerwear,34,0,14,69.0,0.0,27.6,36.4,43.3,29.5,False,False,1. High Value Organic
2499,38,Female,Sneakers,Footwear,64,West Virginia,L,Purple,Spring,4.1,No,Express,Yes,Yes,24,Bank Transfer,Quarterly,Footwear,25,1,90,80.0,16.0,32.0,27.0,35.0,19.0,False,False,3. Promo-Using Repeat
2500,28,Female,Sweater,Clothing,20,Hawaii,M,Pink,Summer,4.2,No,Store Pickup,No,No,13,Debit Card,Annually,Clothing,14,0,365,20.0,0.0,8.0,7.0,9.0,5.0,False,False,4. Mid-Tier Core
2501,27,Male,Jacket,Outerwear,38,New York,M,Cyan,Fall,3.7,Yes,Free Shipping,Yes,Yes,49,PayPal,Weekly,Outerwear,50,1,7,47.5,9.5,19.0,14.0,18.75,9.25,False,False,3. Promo-Using Repeat
2502,19,Male,Hat,Accessories,80,New York,S,Peach,Summer,5.0,No,2-Day Shipping,Yes,Yes,30,PayPal,Monthly,Accessories,31,1,30,100.0,20.0,40.0,35.0,45.0,25.0,True,False,2. High Spend Bargain Hunter
2503,51,Male,Dress,Clothing,31,South Dakota,M,Orange,Fall,3.1,No,Express,Yes,Yes,4,Bank Transfer,Annually,Clothing,5,1,365,38.75,7.75,15.5,10.5,14.38,6.62,False,False,3. Promo-Using Repeat
2504,39,Male,Skirt,Clothing,82,Oklahoma,M,Orange,Fall,3.2,Yes,Standard,Yes,Yes,29,Venmo,Every 3 Months,Clothing,30,1,90,102.5,20.5,41.0,36.0,46.25,25.75,True,False,2. High Spend Bargain Hunter
2505,60,Male,Dress,Clothing,26,Illinois,XL,Violet,Winter,4.3,No,Express,No,No,36,Cash,Weekly,Clothing,37,0,7,26.0,0.0,10.4,10.6,13.2,8.0,False,False,4. Mid-Tier Core
2506,32,Male,Jewelry,Accessories,69,Alabama,S,Teal,Winter,3.2,No,Next Day Air,No,No,7,Venmo,Every 3 Months,Accessories,8,0,90,69.0,0.0,27.6,36.4,43.3,29.5,False,False,4. Mid-Tier Core
2507,49,Male,Hat,Accessories,51,Florida,L,Black,Summer,4.9,No,Free Shipping,No,No,30,Cash,Weekly,Accessories,31,0,7,51.0,0.0,20.4,25.6,30.7,20.5,False,False,4. Mid-Tier Core
2508,48,Male,Handbag,Accessories,80,Texas,M,Purple,Summer,3.0,Yes,Store Pickup,Yes,Yes,28,Credit Card,Fortnightly,Accessories,29,1,14,100.0,20.0,40.0,35.0,45.0,25.0,True,False,2. High Spend Bargain Hunter
2509,59,Male,Shorts,Clothing,96,Delaware,M,Brown,Winter,3.1,No,Store Pickup,Yes,Yes,5,Venmo,Annually,Clothing,6,1,365,120.0,24.0,48.0,43.0,55.0,31.0,False,False,2. High Spend Bargain Hunter
2510,59,Female,Handbag,Accessories,43,Tennessee,L,Pink,Spring,4.7,No,Free Shipping,Yes,Yes,17,Credit Card,Quarterly,Accessories,18,1,90,53.75,10.75,21.5,16.5,21.88,11.12,False,False,3. Promo-Using Repeat
2511,48,Male,Shorts,Clothing,66,Louisiana,L,White,Summer,4.5,Yes,Free Shipping,Yes,Yes,11,Debit Card,Monthly,Clothing,12,1,30,82.5,16.5,33.0,28.0,36.25,19.75,False,False,3. Promo-Using Repeat
2512,68,Male,Pants,Clothing,47,Mississippi,M,Black,Fall,4.3,Yes,Express,No,No,7,Venmo,Bi-Weekly,Clothing,8,0,14,47.0,0.0,18.8,23.2,27.9,18.5,False,False,4. Mid-Tier Core
2513,43,Male,Gloves,Accessories,31,New Hampshire,XL,White,Spring,3.6,No,Store Pickup,No,No,1,Venmo,Quarterly,Accessories,2,0,90,31.0,0.0,12.4,13.6,16.7,10.5,False,False,4. Mid-Tier Core
2514,46,Male,Gloves,Accessories,21,Alaska,XL,Gray,Spring,4.3,Yes,Store Pickup,No,No,13,Debit Card,Quarterly,Accessories,14,0,90,21.0,0.0,8.4,7.6,9.7,5.5,False,False,4. Mid-Tier Core
2515,37,Male,Boots,Footwear,57,Ohio,M,Violet,Spring,4.1,No,Standard,No,No,7,Credit Card,Every 3 Months,Footwear,8,0,90,57.0,0.0,22.8,29.2,34.9,23.5,False,False,4. Mid-Tier Core
2516,38,Male,Sweater,Clothing,64,Hawaii,M,Teal,Winter,2.8,No,Next Day Air,No,No,8,Bank Transfer,Monthly,Clothing,9,0,30,64.0,0.0,25.6,33.4,39.8,27.0,False,False,4. Mid-Tier Core
2517,58,Female,Sweater,Clothing,98,Hawaii,L,Silver,Fall,4.8,No,2-Day Shipping,Yes,Yes,23,Cash,Monthly,Clothing,24,1,30,122.5,24.5,49.0,44.0,56.25,31.75,True,False,2. High Spend Bargain Hunter
2518,42,Male,Jeans,Clothing,43,Maryland,L,Gray,Spring,2.7,No,Express,Yes,Yes,30,Debit Card,Quarterly,Clothing,31,1,90,53.75,10.75,21.5,16.5,21.88,11.12,False,False,3. Promo-Using Repeat
2519,62,Male,Sandals,Footwear,84,New York,M,Red,Spring,4.6,No,Express,Yes,Yes,34,Debit Card,Bi-Weekly,Footwear,35,1,14,105.0,21.0,42.0,37.0,47.5,26.5,True,False,2. High Spend Bargain Hunter
2520,48,Female,Backpack,Accessories,34,Hawaii,M,Lavender,Winter,3.2,No,Express,No,No,23,Venmo,Annually,Accessories,24,0,365,34.0,0.0,13.6,15.4,18.8,12.0,False,False,4. Mid-Tier Core
2521,25,Female,Pants,Clothing,23,Montana,L,Lavender,Winter,3.9,Yes,Store Pickup,No,No,7,PayPal,Every 3 Months,Clothing,8,0,90,23.0,0.0,9.2,8.8,11.1,6.5,False,False,4. Mid-Tier Core
2522,46,Female,Sneakers,Footwear,72,South Dakota,L,Cyan,Winter,4.9,No,Next Day Air,No,No,25,Credit Card,Quarterly,Footwear,26,0,90,72.0,0.0,28.8,38.2,45.4,31.0,False,False,1. High Value Organic
2523,61,Male,Skirt,Clothing,43,Montana,M,Magenta,Fall,3.2,No,Free Shipping,No,No,25,Cash,Weekly,Clothing,26,0,7,43.0,0.0,17.2,20.8,25.1,16.5,False,False,4. Mid-Tier Core
2524,57,Male,Sneakers,Footwear,47,West Virginia,M,Cyan,Fall,3.1,No,Next Day Air,No,No,34,Bank Transfer,Every 3 Months,Footwear,35,0,90,47.0,0.0,18.8,23.2,27.9,18.5,False,False,4. Mid-Tier Core
2525,32,Male,Blouse,Clothing,84,Florida,M,Peach,Fall,2.9,Yes,Standard,No,No,38,Cash,Fortnightly,Clothing,39,0,14,84.0,0.0,33.6,45.4,53.8,37.0,True,True,1. High Value Organic
2526,50,Male,Shorts,Clothing,24,South Dakota,L,Cyan,Summer,4.2,No,Standard,No,No,2,Debit Card,Fortnightly,Clothing,3,0,14,24.0,0.0,9.6,9.4,11.8,7.0,False,False,4. Mid-Tier Core
2527,49,Male,Gloves,Accessories,20,Hawaii,S,Peach,Winter,4.1,No,Standard,No,No,4,Bank Transfer,Monthly,Accessories,5,0,30,20.0,0.0,8.0,7.0,9.0,5.0,False,False,4. Mid-Tier Core
2528,19,Female,Scarf,Accessories,70,New Jersey,L,Beige,Summer,3.8,Yes,Free Shipping,Yes,Yes,22,Debit Card,Annually,Accessories,23,1,365,87.5,17.5,35.0,30.0,38.75,21.25,False,False,3. Promo-Using Repeat
2529,42,Male,Socks,Clothing,32,Indiana,M,Teal,Fall,3.4,No,Free Shipping,No,No,48,Credit Card,Weekly,Clothing,49,0,7,32.0,0.0,12.8,14.2,17.4,11.0,False,False,4. Mid-Tier Core
2530,70,Female,Belt,Accessories,81,Wyoming,M,Beige,Spring,4.5,Yes,Express,No,No,3,Bank Transfer,Annually,Accessories,4,0,365,81.0,0.0,32.4,43.6,51.7,35.5,False,False,4. Mid-Tier Core
2531,28,Male,Jeans,Clothing,55,Mississippi,M,Teal,Fall,3.4,Yes,Express,Yes,Yes,7,Cash,Quarterly,Clothing,8,1,90,68.75,13.75,27.5,22.5,29.38,15.62,False,False,3. Promo-Using Repeat
2532,36,Male,Pants,Clothing,82,Missouri,M,Gray,Winter,4.4,No,Next Day Air,Yes,Yes,26,PayPal,Monthly,Clothing,27,1,30,102.5,20.5,41.0,36.0,46.25,25.75,True,False,2. High Spend Bargain Hunter
2533,27,Male,Pants,Clothing,80,Tennessee,L,Brown,Fall,3.7,No,Free Shipping,Yes,Yes,24,Debit Card,Quarterly,Clothing,25,1,90,100.0,20.0,40.0,35.0,45.0,25.0,True,False,2. High Spend Bargain Hunter
2534,70,Male,Hat,Accessories,48,Idaho,S,Gray,Fall,4.1,Yes,Free Shipping,Yes,Yes,11,Debit Card,Fortnightly,Accessories,12,1,14,60.0,12.0,24.0,19.0,25.0,13.0,False,False,3. Promo-Using Repeat
2535,43,Male,Sunglasses,Accessories,73,Missouri,M,Yellow,Spring,2.9,No,Express,Yes,Yes,35,Venmo,Bi-Weekly,Accessories,36,1,14,91.25,18.25,36.5,31.5,40.62,22.38,False,False,3. Promo-Using Repeat
2536,29,Male,Gloves,Accessories,35,Indiana,M,Cyan,Spring,4.8,No,Standard,Yes,Yes,27,PayPal,Quarterly,Accessories,28,1,90,43.75,8.75,17.5,12.5,16.88,8.12,False,False,3. Promo-Using Repeat
2537,55,Male,Scarf,Accessories,51,New York,M,Maroon,Spring,4.8,No,Next Day Air,No,No,5,Cash,Monthly,Accessories,6,0,30,51.0,0.0,20.4,25.6,30.7,20.5,False,False,4. Mid-Tier Core
2538,69,Male,Jeans,Clothing,88,California,L,Peach,Summer,3.3,No,Next Day Air,No,No,4,Credit Card,Weekly,Clothing,5,0,7,88.0,0.0,35.2,47.8,56.6,39.0,False,False,4. Mid-Tier Core
2539,34,Female,Handbag,Accessories,74,Wyoming,M,White,Fall,3.2,No,Free Shipping,No,No,32,Debit Card,Bi-Weekly,Accessories,33,0,14,74.0,0.0,29.6,39.4,46.8,32.0,False,True,1. High Value Organic
2540,26,Female,Jewelry,Accessories,39,Florida,M,Pink,Summer,4.6,Yes,Store Pickup,Yes,Yes,8,Venmo,Every 3 Months,Accessories,9,1,90,48.75,9.75,19.5,14.5,19.38,9.62,False,False,3. Promo-Using Repeat
2541,27,Male,Coat,Outerwear,55,Maine,L,Gold,Winter,3.1,No,Free Shipping,Yes,Yes,38,Bank Transfer,Bi-Weekly,Outerwear,39,1,14,68.75,13.75,27.5,22.5,29.38,15.62,False,False,3. Promo-Using Repeat
2542,43,Male,Dress,Clothing,53,California,M,Green,Summer,2.8,No,Express,Yes,Yes,38,Credit Card,Quarterly,Clothing,39,1,90,66.25,13.25,26.5,21.5,28.12,14.88,False,False,3. Promo-Using Repeat
2543,57,Male,Hat,Accessories,59,Florida,XL,Turquoise,Fall,4.9,No,Express,Yes,Yes,44,Cash,Fortnightly,Accessories,45,1,14,73.75,14.75,29.5,24.5,31.88,17.12,False,False,3. Promo-Using Repeat
2544,37,Male,Coat,Outerwear,33,Maryland,S,Orange,Winter,3.2,No,Free Shipping,No,No,47,Venmo,Fortnightly,Outerwear,48,0,14,33.0,0.0,13.2,14.8,18.1,11.5,False,False,4. Mid-Tier Core
2545,33,Male,Dress,Clothing,71,North Carolina,S,Red,Spring,3.3,No,Store Pickup,No,No,26,Venmo,Annually,Clothing,27,0,365,71.0,0.0,28.4,37.6,44.7,30.5,False,False,1. High Value Organic
2546,34,Male,Jewelry,Accessories,27,Oregon,L,White,Summer,3.4,No,Next Day Air,Yes,Yes,27,PayPal,Weekly,Accessories,28,1,7,33.75,6.75,13.5,8.5,11.88,5.12,False,False,3. Promo-Using Repeat
2547,47,Male,Coat,Outerwear,90,Nebraska,S,Purple,Winter,3.5,No,Standard,No,No,28,Credit Card,Bi-Weekly,Outerwear,29,0,14,90.0,0.0,36.0,49.0,58.0,40.0,True,True,1. High Value Organic
2548,33,Male,Hat,Accessories,30,Hawaii,L,Turquoise,Fall,3.0,No,Store Pickup,Yes,Yes,7,PayPal,Quarterly,Accessories,8,1,90,37.5,7.5,15.0,10.0,13.75,6.25,False,False,3. Promo-Using Repeat
2549,19,Male,Shoes,Footwear,21,Alabama,L,White,Summer,3.0,No,Free Shipping,Yes,Yes,24,PayPal,Bi-Weekly,Footwear,25,1,14,26.25,5.25,10.5,5.5,8.12,2.88,False,False,3. Promo-Using Repeat
2550,52,Male,Shoes,Footwear,84,New Hampshire,M,Red,Winter,2.7,No,Standard,No,No,3,Bank Transfer,Fortnightly,Footwear,4,0,14,84.0,0.0,33.6,45.4,53.8,37.0,False,False,4. Mid-Tier Core
2551,59,Female,Shoes,Footwear,68,Illinois,M,White,Winter,4.9,No,Express,No,No,17,Debit Card,Annually,Footwear,18,0,365,68.0,0.0,27.2,35.8,42.6,29.0,False,False,1. High Value Organic
2552,30,Male,Dress,Clothing,86,Rhode Island,M,Green,Fall,2.7,No,Standard,Yes,Yes,22,Venmo,Annually,Clothing,23,1,365,107.5,21.5,43.0,38.0,48.75,27.25,True,False,2. High Spend Bargain Hunter
2553,69,Male,Jewelry,Accessories,85,Iowa,M,Brown,Winter,3.7,No,Next Day Air,Yes,Yes,38,Bank Transfer,Fortnightly,Accessories,39,1,14,106.25,21.25,42.5,37.5,48.12,26.88,True,False,2. High Spend Bargain Hunter
2554,24,Male,Sunglasses,Accessories,69,Kentucky,S,Orange,Winter,2.6,No,2-Day Shipping,No,No,33,Venmo,Bi-Weekly,Accessories,34,0,14,69.0,0.0,27.6,36.4,43.3,29.5,False,False,1. High Value Organic
2555,28,Male,Hoodie,Clothing,50,New Hampshire,M,Yellow,Winter,4.3,No,Free Shipping,No,No,22,Venmo,Fortnightly,Clothing,23,0,14,50.0,0.0,20.0,25.0,30.0,20.0,False,False,4. Mid-Tier Core
2556,50,Male,Boots,Footwear,49,New Jersey,M,Gray,Summer,2.5,No,Standard,Yes,Yes,23,Debit Card,Fortnightly,Footwear,24,1,14,61.25,12.25,24.5,19.5,25.62,13.38,False,False,3. Promo-Using Repeat
2557,36,Female,Scarf,Accessories,20,New Jersey,M,Red,Winter,2.6,No,Store Pickup,No,No,29,Venmo,Quarterly,Accessories,30,0,90,20.0,0.0,8.0,7.0,9.0,5.0,False,False,4. Mid-Tier Core
2558,44,Male,Socks,Clothing,22,Vermont,L,Gray,Spring,2.5,Yes,2-Day Shipping,No,No,44,Venmo,Monthly,Clothing,45,0,30,22.0,0.0,8.8,8.2,10.4,6.0,False,False,4. Mid-Tier Core
2559,56,Male,Coat,Outerwear,26,New Hampshire,L,Red,Summer,2.8,No,Next Day Air,No,No,25,Venmo,Weekly,Outerwear,26,0,7,26.0,0.0,10.4,10.6,13.2,8.0,False,False,4. Mid-Tier Core
2560,38,Male,Shirt,Clothing,39,Arkansas,M,Yellow,Summer,3.6,No,2-Day Shipping,Yes,Yes,31,Debit Card,Annually,Clothing,32,1,365,48.75,9.75,19.5,14.5,19.38,9.62,False,False,3. Promo-Using Repeat
2561,61,Male,Skirt,Clothing,48,Utah,M,Charcoal,Fall,3.0,No,Next Day Air,No,No,10,Cash,Monthly,Clothing,11,0,30,48.0,0.0,19.2,23.8,28.6,19.0,False,False,4. Mid-Tier Core
2562,38,Male,Pants,Clothing,60,Maryland,XL,Gold,Fall,2.6,No,Next Day Air,No,No,12,Credit Card,Bi-Weekly,Clothing,13,0,14,60.0,0.0,24.0,31.0,37.0,25.0,False,False,1. High Value Organic
2563,25,Male,Hat,Accessories,99,Massachusetts,M,Magenta,Winter,2.7,No,Express,No,No,46,Credit Card,Bi-Weekly,Accessories,47,0,14,99.0,0.0,39.6,54.4,64.3,44.5,True,True,1. High Value Organic
2564,68,Male,Socks,Clothing,60,Nevada,S,Black,Summer,4.2,No,Standard,Yes,Yes,25,Debit Card,Monthly,Clothing,26,1,30,75.0,15.0,30.0,25.0,32.5,17.5,False,False,3. Promo-Using Repeat
2565,42,Female,Boots,Footwear,79,Louisiana,M,Beige,Winter,4.2,No,Next Day Air,No,No,40,Venmo,Bi-Weekly,Footwear,41,0,14,79.0,0.0,31.6,42.4,50.3,34.5,True,True,1. High Value Organic
2566,39,Male,Belt,Accessories,65,North Carolina,M,Turquoise,Winter,3.4,No,Store Pickup,Yes,Yes,1,Venmo,Monthly,Accessories,2,1,30,81.25,16.25,32.5,27.5,35.62,19.38,False,False,3. Promo-Using Repeat
2567,36,Male,Shirt,Clothing,89,Idaho,M,Beige,Summer,4.6,No,Standard,No,No,19,Debit Card,Bi-Weekly,Clothing,20,0,14,89.0,0.0,35.6,48.4,57.3,39.5,False,True,1. High Value Organic
2568,27,Male,Socks,Clothing,100,Alaska,L,Teal,Spring,2.6,Yes,2-Day Shipping,Yes,Yes,23,Credit Card,Quarterly,Clothing,24,1,90,125.0,25.0,50.0,45.0,57.5,32.5,True,False,2. High Spend Bargain Hunter
2569,24,Male,Shorts,Clothing,42,Alaska,S,Pink,Spring,2.7,No,Free Shipping,No,No,8,Debit Card,Every 3 Months,Clothing,9,0,90,42.0,0.0,16.8,20.2,24.4,16.0,False,False,4. Mid-Tier Core
2570,35,Male,Dress,Clothing,68,Maryland,S,Teal,Spring,4.5,No,2-Day Shipping,No,No,16,Bank Transfer,Quarterly,Clothing,17,0,90,68.0,0.0,27.2,35.8,42.6,29.0,False,False,1. High Value Organic
2571,48,Male,Jacket,Outerwear,60,New Hampshire,M,Peach,Fall,2.6,No,Standard,No,No,28,PayPal,Weekly,Outerwear,29,0,7,60.0,0.0,24.0,31.0,37.0,25.0,False,False,1. High Value Organic
2572,39,Female,Sandals,Footwear,24,Arkansas,M,Brown,Fall,4.5,No,Free Shipping,Yes,Yes,47,Bank Transfer,Weekly,Footwear,48,1,7,30.0,6.0,12.0,7.0,10.0,4.0,False,False,3. Promo-Using Repeat
2573,37,Male,Coat,Outerwear,67,Delaware,S,Cyan,Spring,4.5,No,Next Day Air,Yes,Yes,33,Credit Card,Monthly,Outerwear,34,1,30,83.75,16.75,33.5,28.5,36.88,20.12,False,False,3. Promo-Using Repeat
2574,54,Male,Backpack,Accessories,83,Nebraska,M,Green,Summer,3.7,No,Free Shipping,Yes,Yes,46,Cash,Bi-Weekly,Accessories,47,1,14,103.75,20.75,41.5,36.5,46.88,26.12,True,False,2. High Spend Bargain Hunter
2575,25,Male,Gloves,Accessories,81,Tennessee,S,Purple,Winter,3.2,No,Express,No,No,9,Credit Card,Annually,Accessories,10,0,365,81.0,0.0,32.4,43.6,51.7,35.5,False,False,4. Mid-Tier Core
2576,26,Male,Sandals,Footwear,66,Arizona,M,Charcoal,Winter,3.7,No,Store Pickup,No,No,29,Venmo,Every 3 Months,Footwear,30,0,90,66.0,0.0,26.4,34.6,41.2,28.0,False,False,1. High Value Organic
2577,41,Male,Jacket,Outerwear,28,Iowa,XL,Lavender,Spring,4.2,No,Express,Yes,Yes,49,Cash,Monthly,Outerwear,50,1,30,35.0,7.0,14.0,9.0,12.5,5.5,False,False,3. Promo-Using Repeat
2578,61,Female,Jeans,Clothing,21,New Jersey,L,Lavender,Spring,4.6,No,Free Shipping,No,No,33,PayPal,Fortnightly,Clothing,34,0,14,21.0,0.0,8.4,7.6,9.7,5.5,False,False,4. Mid-Tier Core
2579,44,Male,Boots,Footwear,38,Nebraska,M,Maroon,Spring,2.8,No,Next Day Air,Yes,Yes,21,Cash,Fortnightly,Footwear,22,1,14,47.5,9.5,19.0,14.0,18.75,9.25,False,False,3. Promo-Using Repeat
2580,57,Male,Handbag,Accessories,47,South Carolina,XL,Pink,Spring,2.8,No,Next Day Air,No,No,45,Credit Card,Weekly,Accessories,46,0,7,47.0,0.0,18.8,23.2,27.9,18.5,False,False,4. Mid-Tier Core
2581,56,Male,Jewelry,Accessories,71,Florida,XL,Orange,Summer,2.7,No,Standard,No,No,11,Credit Card,Monthly,Accessories,12,0,30,71.0,0.0,28.4,37.6,44.7,30.5,False,False,1. High Value Organic
2582,35,Male,Hoodie,Clothing,80,North Dakota,M,White,Winter,2.7,No,Express,Yes,Yes,20,Bank Transfer,Quarterly,Clothing,21,1,90,100.0,20.0,40.0,35.0,45.0,25.0,True,False,2. High Spend Bargain Hunter
2583,64,Male,Skirt,Clothing,85,Indiana,S,Turquoise,Spring,4.4,No,Next Day Air,Yes,Yes,43,Debit Card,Monthly,Clothing,44,1,30,106.25,21.25,42.5,37.5,48.12,26.88,True,False,2. High Spend Bargain Hunter
2584,25,Male,Jacket,Outerwear,37,Nevada,L,White,Fall,4.3,No,Free Shipping,Yes,Yes,43,Venmo,Annually,Outerwear,44,1,365,46.25,9.25,18.5,13.5,18.12,8.88,False,False,3. Promo-Using Repeat
2585,22,Female,Coat,Outerwear,40,Ohio,M,Orange,Winter,5.0,No,Next Day Air,No,No,4,Bank Transfer,Quarterly,Outerwear,5,0,90,40.0,0.0,16.0,19.0,23.0,15.0,False,False,4. Mid-Tier Core
2586,26,Female,Sweater,Clothing,35,Vermont,M,Charcoal,Summer,2.8,No,Next Day Air,No,No,20,Cash,Monthly,Clothing,21,0,30,35.0,0.0,14.0,16.0,19.5,12.5,False,False,4. Mid-Tier Core
2587,28,Male,Shoes,Footwear,72,Minnesota,S,Cyan,Spring,4.9,No,2-Day Shipping,Yes,Yes,7,PayPal,Monthly,Footwear,8,1,30,90.0,18.0,36.0,31.0,40.0,22.0,False,False,3. Promo-Using Repeat
2588,43,Female,Sandals,Footwear,89,Maryland,M,Green,Winter,2.8,No,Store Pickup,Yes,Yes,38,Cash,Fortnightly,Footwear,39,1,14,111.25,22.25,44.5,39.5,50.62,28.38,True,False,2. High Spend Bargain Hunter
2589,57,Female,Gloves,Accessories,59,Illinois,XL,Olive,Summer,3.2,No,Next Day Air,Yes,Yes,43,Debit Card,Monthly,Accessories,44,1,30,73.75,14.75,29.5,24.5,31.88,17.12,False,False,3. Promo-Using Repeat
2590,42,Male,Jewelry,Accessories,43,Minnesota,M,Yellow,Spring,4.0,No,Store Pickup,No,No,30,Credit Card,Bi-Weekly,Accessories,31,0,14,43.0,0.0,17.2,20.8,25.1,16.5,False,False,4. Mid-Tier Core
2591,59,Female,Scarf,Accessories,100,Alabama,S,Purple,Summer,3.3,Yes,Store Pickup,No,No,25,Bank Transfer,Monthly,Accessories,26,0,30,100.0,0.0,40.0,55.0,65.0,45.0,True,True,1. High Value Organic
2592,55,Female,Sweater,Clothing,76,Georgia,M,Yellow,Winter,3.7,No,Next Day Air,No,No,30,Credit Card,Every 3 Months,Clothing,31,0,90,76.0,0.0,30.4,40.6,48.2,33.0,False,True,1. High Value Organic
2593,54,Female,Scarf,Accessories,98,Florida,L,Indigo,Fall,4.8,No,2-Day Shipping,Yes,Yes,37,PayPal,Annually,Accessories,38,1,365,122.5,24.5,49.0,44.0,56.25,31.75,True,False,2. High Spend Bargain Hunter
2594,22,Female,Dress,Clothing,60,Maryland,S,Black,Winter,4.5,No,Standard,Yes,Yes,34,Cash,Every 3 Months,Clothing,35,1,90,75.0,15.0,30.0,25.0,32.5,17.5,False,False,3. Promo-Using Repeat
2595,28,Female,Boots,Footwear,60,Alabama,L,Gold,Spring,2.8,No,Next Day Air,No,No,8,PayPal,Fortnightly,Footwear,9,0,14,60.0,0.0,24.0,31.0,37.0,25.0,False,False,4. Mid-Tier Core
2596,31,Male,Shirt,Clothing,41,South Carolina,XL,Silver,Fall,2.9,No,Next Day Air,No,No,28,Credit Card,Bi-Weekly,Clothing,29,0,14,41.0,0.0,16.4,19.6,23.7,15.5,False,False,4. Mid-Tier Core
2597,61,Male,Jacket,Outerwear,32,Georgia,L,Brown,Fall,2.6,No,Express,No,No,39,Bank Transfer,Every 3 Months,Outerwear,40,0,90,32.0,0.0,12.8,14.2,17.4,11.0,False,False,4. Mid-Tier Core
2598,44,Male,Shirt,Clothing,58,Alabama,M,Magenta,Spring,4.1,Yes,Free Shipping,No,No,6,PayPal,Bi-Weekly,Clothing,7,0,14,58.0,0.0,23.2,29.8,35.6,24.0,False,False,4. Mid-Tier Core
2599,29,Male,Blouse,Clothing,98,Colorado,L,Olive,Summer,3.1,No,Free Shipping,Yes,Yes,5,Venmo,Monthly,Clothing,6,1,30,122.5,24.5,49.0,44.0,56.25,31.75,False,False,2. High Spend Bargain Hunter
2600,63,Male,Jeans,Clothing,92,Alaska,L,Purple,Summer,3.2,No,Next Day Air,No,No,42,Cash,Quarterly,Clothing,43,0,90,92.0,0.0,36.8,50.2,59.4,41.0,True,True,1. High Value Organic
2601,37,Female,Jewelry,Accessories,94,Missouri,M,Turquoise,Summer,4.6,No,2-Day Shipping,No,No,22,Bank Transfer,Quarterly,Accessories,23,0,90,94.0,0.0,37.6,51.4,60.8,42.0,True,True,1. High Value Organic
2602,62,Female,Dress,Clothing,62,Minnesota,M,Red,Spring,3.4,Yes,Express,Yes,Yes,18,Venmo,Weekly,Clothing,19,1,7,77.5,15.5,31.0,26.0,33.75,18.25,False,False,3. Promo-Using Repeat
2603,32,Male,Boots,Footwear,55,Maryland,L,Black,Winter,3.2,No,Express,Yes,Yes,20,PayPal,Monthly,Footwear,21,1,30,68.75,13.75,27.5,22.5,29.38,15.62,False,False,3. Promo-Using Repeat
2604,62,Female,Hoodie,Clothing,72,South Dakota,M,Violet,Summer,3.9,Yes,Standard,Yes,Yes,4,Venmo,Every 3 Months,Clothing,5,1,90,90.0,18.0,36.0,31.0,40.0,22.0,False,False,3. Promo-Using Repeat
2605,34,Female,Boots,Footwear,79,Ohio,M,Purple,Winter,2.8,Yes,Next Day Air,Yes,Yes,43,Cash,Quarterly,Footwear,44,1,90,98.75,19.75,39.5,34.5,44.38,24.62,True,False,2. High Spend Bargain Hunter
2606,21,Male,Shirt,Clothing,97,Kentucky,M,Black,Winter,3.6,No,Standard,Yes,Yes,29,Credit Card,Monthly,Clothing,30,1,30,121.25,24.25,48.5,43.5,55.62,31.38,True,False,2. High Spend Bargain Hunter
2607,39,Male,Handbag,Accessories,55,Wyoming,M,Charcoal,Winter,4.9,No,Next Day Air,Yes,Yes,30,Cash,Annually,Accessories,31,1,365,68.75,13.75,27.5,22.5,29.38,15.62,False,False,3. Promo-Using Repeat
2608,49,Female,Boots,Footwear,84,Idaho,L,Black,Spring,2.9,No,2-Day Shipping,No,No,32,Bank Transfer,Monthly,Footwear,33,0,30,84.0,0.0,33.6,45.4,53.8,37.0,True,True,1. High Value Organic
2609,38,Male,Handbag,Accessories,25,Kansas,M,Cyan,Spring,4.8,No,Free Shipping,Yes,Yes,15,Credit Card,Weekly,Accessories,16,1,7,31.25,6.25,12.5,7.5,10.62,4.38,False,False,3. Promo-Using Repeat
2610,48,Male,Jeans,Clothing,58,Oklahoma,M,Orange,Spring,3.2,Yes,Standard,Yes,Yes,9,Venmo,Every 3 Months,Clothing,10,1,90,72.5,14.5,29.0,24.0,31.25,16.75,False,False,3. Promo-Using Repeat
2611,44,Male,Jeans,Clothing,81,Alabama,S,Black,Summer,3.4,Yes,Free Shipping,Yes,Yes,37,Venmo,Weekly,Clothing,38,1,7,101.25,20.25,40.5,35.5,45.62,25.38,True,False,2. High Spend Bargain Hunter
2612,34,Male,Jacket,Outerwear,69,Texas,S,Magenta,Winter,4.1,No,Next Day Air,No,No,13,PayPal,Monthly,Outerwear,14,0,30,69.0,0.0,27.6,36.4,43.3,29.5,False,False,1. High Value Organic
2613,26,Female,Sneakers,Footwear,29,South Carolina,L,Silver,Winter,4.8,Yes,Free Shipping,No,No,49,Cash,Bi-Weekly,Footwear,50,0,14,29.0,0.0,11.6,12.4,15.3,9.5,False,False,4. Mid-Tier Core
2614,41,Male,Jacket,Outerwear,38,Arkansas,M,Violet,Spring,3.7,No,Express,No,No,11,Credit Card,Bi-Weekly,Outerwear,12,0,14,38.0,0.0,15.2,17.8,21.6,14.0,False,False,4. Mid-Tier Core
2615,40,Female,Boots,Footwear,54,Louisiana,L,Gray,Spring,4.2,Yes,Store Pickup,Yes,Yes,14,Bank Transfer,Monthly,Footwear,15,1,30,67.5,13.5,27.0,22.0,28.75,15.25,False,False,3. Promo-Using Repeat
2616,47,Male,Skirt,Clothing,24,North Carolina,M,Pink,Winter,2.8,No,Next Day Air,No,No,48,Venmo,Quarterly,Clothing,49,0,90,24.0,0.0,9.6,9.4,11.8,7.0,False,False,4. Mid-Tier Core
2617,60,Female,Shorts,Clothing,72,Minnesota,XL,White,Winter,4.0,No,2-Day Shipping,Yes,Yes,5,Credit Card,Bi-Weekly,Clothing,6,1,14,90.0,18.0,36.0,31.0,40.0,22.0,False,False,3. Promo-Using Repeat
2618,48,Male,Gloves,Accessories,90,New York,M,Magenta,Winter,4.7,No,Next Day Air,Yes,Yes,38,Venmo,Monthly,Accessories,39,1,30,112.5,22.5,45.0,40.0,51.25,28.75,True,False,2. High Spend Bargain Hunter
2619,37,Male,Sunglasses,Accessories,64,West Virginia,S,Orange,Spring,4.0,No,Express,Yes,Yes,41,Bank Transfer,Weekly,Accessories,42,1,7,80.0,16.0,32.0,27.0,35.0,19.0,False,False,3. Promo-Using Repeat
2620,27,Male,Blouse,Clothing,90,Iowa,L,Olive,Winter,4.9,No,Express,Yes,Yes,17,Credit Card,Weekly,Clothing,18,1,7,112.5,22.5,45.0,40.0,51.25,28.75,False,False,2. High Spend Bargain Hunter
2621,64,Female,Dress,Clothing,36,Kansas,S,Brown,Fall,4.2,Yes,Store Pickup,Yes,Yes,30,Cash,Fortnightly,Clothing,31,1,14,45.0,9.0,18.0,13.0,17.5,8.5,False,False,3. Promo-Using Repeat
2622,19,Male,Dress,Clothing,77,Missouri,M,Gold,Winter,3.8,No,2-Day Shipping,No,No,35,PayPal,Quarterly,Clothing,36,0,90,77.0,0.0,30.8,41.2,48.9,33.5,False,True,1. High Value Organic
2623,54,Male,Shoes,Footwear,78,Kentucky,XL,Violet,Spring,4.9,Yes,Free Shipping,No,No,23,Cash,Annually,Footwear,24,0,365,78.0,0.0,31.2,41.8,49.6,34.0,False,True,1. High Value Organic
2624,23,Male,Boots,Footwear,49,Georgia,S,Silver,Summer,4.5,No,Next Day Air,No,No,35,Credit Card,Every 3 Months,Footwear,36,0,90,49.0,0.0,19.6,24.4,29.3,19.5,False,False,4. Mid-Tier Core
2625,23,Female,Handbag,Accessories,48,Maryland,M,Green,Fall,3.2,No,Store Pickup,Yes,Yes,25,PayPal,Monthly,Accessories,26,1,30,60.0,12.0,24.0,19.0,25.0,13.0,False,False,3. Promo-Using Repeat
2626,47,Male,Sweater,Clothing,55,Tennessee,L,Magenta,Spring,4.8,No,Store Pickup,No,No,10,PayPal,Weekly,Clothing,11,0,7,55.0,0.0,22.0,28.0,33.5,22.5,False,False,1. High Value Organic
2627,42,Female,Belt,Accessories,53,Texas,S,Indigo,Summer,4.1,No,2-Day Shipping,No,No,21,Credit Card,Bi-Weekly,Accessories,22,0,14,53.0,0.0,21.2,26.8,32.1,21.5,False,False,4. Mid-Tier Core
2628,41,Male,Hoodie,Clothing,35,Rhode Island,M,Black,Spring,2.6,Yes,Store Pickup,No,No,49,Venmo,Quarterly,Clothing,50,0,90,35.0,0.0,14.0,16.0,19.5,12.5,False,False,4. Mid-Tier Core
2629,34,Male,Jacket,Outerwear,91,Ohio,S,Indigo,Winter,4.8,No,Next Day Air,Yes,Yes,30,Credit Card,Annually,Outerwear,31,1,365,113.75,22.75,45.5,40.5,51.88,29.12,True,False,2. High Spend Bargain Hunter
2630,53,Male,Backpack,Accessories,24,Oregon,L,Gold,Spring,2.6,No,Free Shipping,No,No,48,Debit Card,Every 3 Months,Accessories,49,0,90,24.0,0.0,9.6,9.4,11.8,7.0,False,False,4. Mid-Tier Core
2631,26,Male,Belt,Accessories,88,South Dakota,L,Pink,Spring,4.4,Yes,Express,No,No,32,PayPal,Monthly,Accessories,33,0,30,88.0,0.0,35.2,47.8,56.6,39.0,True,True,1. High Value Organic
2632,21,Female,Hoodie,Clothing,24,Wyoming,M,Orange,Winter,3.1,No,Next Day Air,Yes,Yes,18,PayPal,Annually,Clothing,19,1,365,30.0,6.0,12.0,7.0,10.0,4.0,False,False,3. Promo-Using Repeat
2633,23,Male,Scarf,Accessories,62,Oregon,M,Maroon,Spring,4.0,Yes,Next Day Air,No,No,5,PayPal,Annually,Accessories,6,0,365,62.0,0.0,24.8,32.2,38.4,26.0,False,False,4. Mid-Tier Core
2634,37,Male,Socks,Clothing,81,Rhode Island,S,Cyan,Winter,2.8,No,Express,Yes,Yes,25,PayPal,Annually,Clothing,26,1,365,101.25,20.25,40.5,35.5,45.62,25.38,True,False,2. High Spend Bargain Hunter
2635,61,Male,Sweater,Clothing,66,Iowa,L,Magenta,Fall,3.9,No,Store Pickup,Yes,Yes,14,Bank Transfer,Every 3 Months,Clothing,15,1,90,82.5,16.5,33.0,28.0,36.25,19.75,False,False,3. Promo-Using Repeat
2636,18,Male,Pants,Clothing,26,Vermont,L,White,Winter,4.2,No,Store Pickup,No,No,50,Cash,Monthly,Clothing,51,0,30,26.0,0.0,10.4,10.6,13.2,8.0,False,False,4. Mid-Tier Core
2637,55,Male,Backpack,Accessories,53,Louisiana,S,White,Winter,4.4,No,Next Day Air,No,No,41,Credit Card,Quarterly,Accessories,42,0,90,53.0,0.0,21.2,26.8,32.1,21.5,False,False,4. Mid-Tier Core
2638,70,Female,Sandals,Footwear,24,North Carolina,L,Turquoise,Summer,4.3,No,Free Shipping,No,No,39,Debit Card,Annually,Footwear,40,0,365,24.0,0.0,9.6,9.4,11.8,7.0,False,False,4. Mid-Tier Core
2639,37,Male,Backpack,Accessories,58,Arizona,M,Pink,Fall,4.9,No,Standard,Yes,Yes,3,Credit Card,Bi-Weekly,Accessories,4,1,14,72.5,14.5,29.0,24.0,31.25,16.75,False,False,3. Promo-Using Repeat
2640,23,Male,Sunglasses,Accessories,28,Wyoming,S,Violet,Summer,4.0,No,2-Day Shipping,Yes,Yes,38,Credit Card,Fortnightly,Accessories,39,1,14,35.0,7.0,14.0,9.0,12.5,5.5,False,False,3. Promo-Using Repeat
2641,45,Male,Pants,Clothing,59,Indiana,M,Maroon,Winter,3.1,No,Store Pickup,Yes,Yes,7,Credit Card,Monthly,Clothing,8,1,30,73.75,14.75,29.5,24.5,31.88,17.12,False,False,3. Promo-Using Repeat
2642,49,Male,Pants,Clothing,51,Hawaii,XL,Yellow,Summer,4.6,Yes,2-Day Shipping,Yes,Yes,16,Cash,Monthly,Clothing,17,1,30,63.75,12.75,25.5,20.5,26.88,14.12,False,False,3. Promo-Using Repeat
2643,22,Male,Hat,Accessories,90,Georgia,L,White,Winter,3.4,No,Standard,No,No,26,Credit Card,Annually,Accessories,27,0,365,90.0,0.0,36.0,49.0,58.0,40.0,True,True,1. High Value Organic
2644,65,Male,Belt,Accessories,34,Kansas,S,Violet,Spring,4.6,Yes,Express,No,No,50,Debit Card,Annually,Accessories,51,0,365,34.0,0.0,13.6,15.4,18.8,12.0,False,False,4. Mid-Tier Core
2645,58,Female,Shorts,Clothing,44,Florida,M,Gold,Fall,3.2,No,Express,Yes,Yes,22,Venmo,Bi-Weekly,Clothing,23,1,14,55.0,11.0,22.0,17.0,22.5,11.5,False,False,3. Promo-Using Repeat
2646,31,Female,Dress,Clothing,72,Wyoming,L,Indigo,Winter,4.4,No,Free Shipping,No,No,34,Cash,Bi-Weekly,Clothing,35,0,14,72.0,0.0,28.8,38.2,45.4,31.0,False,False,1. High Value Organic
2647,49,Male,Jewelry,Accessories,26,Colorado,L,Olive,Fall,4.1,No,Store Pickup,Yes,Yes,19,Credit Card,Fortnightly,Accessories,20,1,14,32.5,6.5,13.0,8.0,11.25,4.75,False,False,3. Promo-Using Repeat
2648,28,Female,Hoodie,Clothing,89,Maryland,M,Green,Spring,3.8,No,2-Day Shipping,Yes,Yes,24,Venmo,Monthly,Clothing,25,1,30,111.25,22.25,44.5,39.5,50.62,28.38,True,False,2. High Spend Bargain Hunter
2649,27,Female,Sunglasses,Accessories,87,New Hampshire,S,Silver,Summer,2.5,Yes,Next Day Air,No,No,42,PayPal,Monthly,Accessories,43,0,30,87.0,0.0,34.8,47.2,55.9,38.5,True,True,1. High Value Organic
2650,62,Female,Sandals,Footwear,31,Florida,M,Yellow,Spring,4.7,No,Express,No,No,10,PayPal,Bi-Weekly,Footwear,11,0,14,31.0,0.0,12.4,13.6,16.7,10.5,False,False,4. Mid-Tier Core
2651,50,Male,Hoodie,Clothing,64,Mississippi,S,Lavender,Winter,5.0,No,Free Shipping,Yes,Yes,34,Bank Transfer,Fortnightly,Clothing,35,1,14,80.0,16.0,32.0,27.0,35.0,19.0,False,False,3. Promo-Using Repeat
2652,52,Female,Sneakers,Footwear,37,New Jersey,M,Purple,Spring,4.0,No,Express,No,No,27,Bank Transfer,Quarterly,Footwear,28,0,90,37.0,0.0,14.8,17.2,20.9,13.5,False,False,4. Mid-Tier Core
2653,31,Female,Hoodie,Clothing,81,North Carolina,S,Pink,Summer,3.1,No,Express,No,No,44,Bank Transfer,Bi-Weekly,Clothing,45,0,14,81.0,0.0,32.4,43.6,51.7,35.5,True,True,1. High Value Organic
2654,70,Female,Hat,Accessories,43,Kentucky,S,Orange,Fall,4.1,No,Express,Yes,Yes,31,PayPal,Every 3 Months,Accessories,32,1,90,53.75,10.75,21.5,16.5,21.88,11.12,False,False,3. Promo-Using Repeat
2655,64,Male,Jeans,Clothing,70,Illinois,M,Gold,Winter,4.5,No,Express,No,No,21,Credit Card,Quarterly,Clothing,22,0,90,70.0,0.0,28.0,37.0,44.0,30.0,False,False,1. High Value Organic
2656,48,Female,Belt,Accessories,60,Alaska,M,Gold,Winter,3.2,No,Store Pickup,Yes,Yes,44,Credit Card,Fortnightly,Accessories,45,1,14,75.0,15.0,30.0,25.0,32.5,17.5,False,False,3. Promo-Using Repeat
2657,24,Female,Shorts,Clothing,27,Arizona,M,Turquoise,Summer,4.3,No,2-Day Shipping,Yes,Yes,40,Credit Card,Monthly,Clothing,41,1,30,33.75,6.75,13.5,8.5,11.88,5.12,False,False,3. Promo-Using Repeat
2658,25,Female,Handbag,Accessories,38,South Carolina,XL,Turquoise,Fall,2.6,No,Next Day Air,No,No,40,Cash,Monthly,Accessories,41,0,30,38.0,0.0,15.2,17.8,21.6,14.0,False,False,4. Mid-Tier Core
2659,18,Male,Hat,Accessories,70,Iowa,M,Green,Fall,2.8,No,Free Shipping,Yes,Yes,6,Venmo,Monthly,Accessories,7,1,30,87.5,17.5,35.0,30.0,38.75,21.25,False,False,3. Promo-Using Repeat
2660,63,Male,Handbag,Accessories,35,California,XL,Olive,Fall,4.3,No,Store Pickup,No,No,24,Bank Transfer,Monthly,Accessories,25,0,30,35.0,0.0,14.0,16.0,19.5,12.5,False,False,4. Mid-Tier Core
2661,62,Male,Dress,Clothing,25,California,M,Cyan,Fall,3.6,No,Standard,No,No,13,Debit Card,Monthly,Clothing,14,0,30,25.0,0.0,10.0,10.0,12.5,7.5,False,False,4. Mid-Tier Core
2662,34,Female,Sunglasses,Accessories,73,Kansas,S,Orange,Winter,2.6,No,Standard,Yes,Yes,7,PayPal,Weekly,Accessories,8,1,7,91.25,18.25,36.5,31.5,40.62,22.38,False,False,3. Promo-Using Repeat
2663,66,Male,Blouse,Clothing,86,Kansas,XL,Charcoal,Fall,2.5,Yes,Standard,Yes,Yes,38,PayPal,Bi-Weekly,Clothing,39,1,14,107.5,21.5,43.0,38.0,48.75,27.25,True,False,2. High Spend Bargain Hunter
2664,67,Male,Sunglasses,Accessories,93,California,S,Purple,Summer,4.8,No,2-Day Shipping,Yes,Yes,24,Cash,Quarterly,Accessories,25,1,90,116.25,23.25,46.5,41.5,53.12,29.88,True,False,2. High Spend Bargain Hunter
2665,21,Female,Dress,Clothing,98,Georgia,L,Pink,Fall,4.2,No,Free Shipping,No,No,41,PayPal,Bi-Weekly,Clothing,42,0,14,98.0,0.0,39.2,53.8,63.6,44.0,True,True,1. High Value Organic
2666,57,Male,Jeans,Clothing,68,Ohio,M,Silver,Spring,4.4,Yes,Store Pickup,Yes,Yes,2,Cash,Every 3 Months,Clothing,3,1,90,85.0,17.0,34.0,29.0,37.5,20.5,False,False,3. Promo-Using Repeat
2667,48,Male,Hat,Accessories,83,Texas,L,Cyan,Spring,3.6,No,Free Shipping,Yes,Yes,43,Bank Transfer,Monthly,Accessories,44,1,30,103.75,20.75,41.5,36.5,46.88,26.12,True,False,2. High Spend Bargain Hunter
2668,55,Male,Sandals,Footwear,37,North Carolina,M,Pink,Winter,2.9,Yes,Standard,No,No,26,Bank Transfer,Weekly,Footwear,27,0,7,37.0,0.0,14.8,17.2,20.9,13.5,False,False,4. Mid-Tier Core
2669,63,Female,Hat,Accessories,74,Hawaii,L,Teal,Fall,4.5,No,Standard,No,No,37,PayPal,Fortnightly,Accessories,38,0,14,74.0,0.0,29.6,39.4,46.8,32.0,False,True,1. High Value Organic
2670,51,Male,Handbag,Accessories,48,California,M,Purple,Summer,4.7,No,Standard,No,No,47,Venmo,Monthly,Accessories,48,0,30,48.0,0.0,19.2,23.8,28.6,19.0,False,False,4. Mid-Tier Core
2671,41,Female,Jeans,Clothing,91,South Carolina,L,Maroon,Spring,4.3,No,2-Day Shipping,Yes,Yes,18,Credit Card,Quarterly,Clothing,19,1,90,113.75,22.75,45.5,40.5,51.88,29.12,False,False,2. High Spend Bargain Hunter
2672,40,Male,Dress,Clothing,42,Nevada,XL,Maroon,Spring,4.3,No,Express,No,No,11,Venmo,Monthly,Clothing,12,0,30,42.0,0.0,16.8,20.2,24.4,16.0,False,False,4. Mid-Tier Core
2673,67,Female,Socks,Clothing,91,Indiana,L,Orange,Summer,3.2,Yes,Express,Yes,Yes,26,Bank Transfer,Fortnightly,Clothing,27,1,14,113.75,22.75,45.5,40.5,51.88,29.12,True,False,2. High Spend Bargain Hunter
2674,34,Male,Sandals,Footwear,69,Wyoming,M,Red,Fall,3.6,Yes,Free Shipping,Yes,Yes,22,Venmo,Fortnightly,Footwear,23,1,14,86.25,17.25,34.5,29.5,38.12,20.88,False,False,3. Promo-Using Repeat
2675,65,Male,Shoes,Footwear,30,Missouri,M,Black,Spring,4.3,No,Store Pickup,Yes,Yes,11,Venmo,Quarterly,Footwear,12,1,90,37.5,7.5,15.0,10.0,13.75,6.25,False,False,3. Promo-Using Repeat
2676,66,Female,Scarf,Accessories,77,Illinois,S,Cyan,Spring,3.1,Yes,Standard,No,No,9,Bank Transfer,Annually,Accessories,10,0,365,77.0,0.0,30.8,41.2,48.9,33.5,False,False,4. Mid-Tier Core
2677,57,Male,Jacket,Outerwear,88,Wyoming,M,Green,Spring,5.0,No,2-Day Shipping,No,No,11,Cash,Bi-Weekly,Outerwear,12,0,14,88.0,0.0,35.2,47.8,56.6,39.0,False,False,1. High Value Organic
2678,65,Female,Sweater,Clothing,92,Nebraska,L,Black,Summer,3.5,No,2-Day Shipping,No,No,32,Venmo,Annually,Clothing,33,0,365,92.0,0.0,36.8,50.2,59.4,41.0,True,True,1. High Value Organic
2679,50,Male,Jacket,Outerwear,58,Alabama,L,Gold,Fall,4.8,No,Store Pickup,Yes,Yes,10,Credit Card,Bi-Weekly,Outerwear,11,1,14,72.5,14.5,29.0,24.0,31.25,16.75,False,False,3. Promo-Using Repeat
2680,62,Female,Backpack,Accessories,99,Minnesota,M,Purple,Spring,3.1,No,Free Shipping,No,No,34,Credit Card,Quarterly,Accessories,35,0,90,99.0,0.0,39.6,54.4,64.3,44.5,True,True,1. High Value Organic
2681,51,Male,Hoodie,Clothing,100,Oregon,S,Maroon,Spring,4.4,Yes,Free Shipping,Yes,Yes,28,Cash,Annually,Clothing,29,1,365,125.0,25.0,50.0,45.0,57.5,32.5,True,False,2. High Spend Bargain Hunter
2682,52,Female,Shorts,Clothing,58,Minnesota,M,Brown,Summer,4.7,Yes,Next Day Air,No,No,5,Debit Card,Weekly,Clothing,6,0,7,58.0,0.0,23.2,29.8,35.6,24.0,False,False,4. Mid-Tier Core
2683,53,Female,Backpack,Accessories,84,South Dakota,S,Silver,Winter,2.8,Yes,Express,Yes,Yes,27,Bank Transfer,Annually,Accessories,28,1,365,105.0,21.0,42.0,37.0,47.5,26.5,True,False,2. High Spend Bargain Hunter
2684,54,Male,Sandals,Footwear,23,Minnesota,M,Maroon,Fall,4.4,Yes,Next Day Air,No,No,45,Credit Card,Quarterly,Footwear,46,0,90,23.0,0.0,9.2,8.8,11.1,6.5,False,False,4. Mid-Tier Core
2685,24,Male,Sweater,Clothing,67,Alaska,L,Silver,Spring,3.3,No,2-Day Shipping,Yes,Yes,22,Venmo,Every 3 Months,Clothing,23,1,90,83.75,16.75,33.5,28.5,36.88,20.12,False,False,3. Promo-Using Repeat
2686,37,Female,Blouse,Clothing,48,Illinois,S,Orange,Winter,2.8,No,2-Day Shipping,Yes,Yes,38,Venmo,Weekly,Clothing,39,1,7,60.0,12.0,24.0,19.0,25.0,13.0,False,False,3. Promo-Using Repeat
2687,59,Female,Dress,Clothing,32,Vermont,S,Orange,Spring,4.7,Yes,2-Day Shipping,No,No,18,Credit Card,Fortnightly,Clothing,19,0,14,32.0,0.0,12.8,14.2,17.4,11.0,False,False,4. Mid-Tier Core
2688,20,Male,Sneakers,Footwear,25,Missouri,M,Teal,Winter,2.9,No,Next Day Air,No,No,46,PayPal,Annually,Footwear,47,0,365,25.0,0.0,10.0,10.0,12.5,7.5,False,False,4. Mid-Tier Core
2689,34,Male,Sunglasses,Accessories,77,Oklahoma,XL,Beige,Winter,4.3,No,Store Pickup,No,No,32,Venmo,Bi-Weekly,Accessories,33,0,14,77.0,0.0,30.8,41.2,48.9,33.5,False,True,1. High Value Organic
2690,59,Male,Backpack,Accessories,77,Delaware,XL,Red,Winter,2.7,No,Next Day Air,Yes,Yes,4,Venmo,Every 3 Months,Accessories,5,1,90,96.25,19.25,38.5,33.5,43.12,23.88,False,False,3. Promo-Using Repeat
2691,21,Male,Skirt,Clothing,82,Utah,L,Pink,Fall,3.7,Yes,Standard,Yes,Yes,42,Cash,Monthly,Clothing,43,1,30,102.5,20.5,41.0,36.0,46.25,25.75,True,False,2. High Spend Bargain Hunter
2692,18,Male,Dress,Clothing,27,Colorado,S,Brown,Spring,2.5,No,Store Pickup,No,No,10,PayPal,Every 3 Months,Clothing,11,0,90,27.0,0.0,10.8,11.2,13.9,8.5,False,False,4. Mid-Tier Core
2693,59,Male,Scarf,Accessories,54,South Dakota,S,Pink,Fall,3.1,No,Express,Yes,Yes,6,Debit Card,Weekly,Accessories,7,1,7,67.5,13.5,27.0,22.0,28.75,15.25,False,False,3. Promo-Using Repeat
2694,62,Male,Shorts,Clothing,48,Vermont,L,Magenta,Spring,3.2,No,2-Day Shipping,Yes,Yes,17,Venmo,Every 3 Months,Clothing,18,1,90,60.0,12.0,24.0,19.0,25.0,13.0,False,False,3. Promo-Using Repeat
2695,53,Male,Scarf,Accessories,61,Vermont,L,White,Spring,2.8,Yes,Express,No,No,31,Bank Transfer,Bi-Weekly,Accessories,32,0,14,61.0,0.0,24.4,31.6,37.7,25.5,False,False,1. High Value Organic
2696,20,Male,Jeans,Clothing,45,Mississippi,L,Red,Summer,4.6,No,Next Day Air,No,No,24,Credit Card,Monthly,Clothing,25,0,30,45.0,0.0,18.0,22.0,26.5,17.5,False,False,4. Mid-Tier Core
2697,51,Male,Gloves,Accessories,53,Idaho,L,Yellow,Winter,4.2,No,Next Day Air,No,No,47,Credit Card,Annually,Accessories,48,0,365,53.0,0.0,21.2,26.8,32.1,21.5,False,False,4. Mid-Tier Core
2698,51,Female,Sandals,Footwear,24,Colorado,M,Cyan,Winter,4.6,No,Express,Yes,Yes,40,Debit Card,Annually,Footwear,41,1,365,30.0,6.0,12.0,7.0,10.0,4.0,False,False,3. Promo-Using Repeat
2699,49,Male,Socks,Clothing,35,Texas,M,Gray,Summer,4.7,Yes,2-Day Shipping,No,No,29,Debit Card,Quarterly,Clothing,30,0,90,35.0,0.0,14.0,16.0,19.5,12.5,False,False,4. Mid-Tier Core
2700,63,Male,Sandals,Footwear,97,Illinois,M,Gold,Winter,3.5,Yes,Express,Yes,Yes,2,Bank Transfer,Every 3 Months,Footwear,3,1,90,121.25,24.25,48.5,43.5,55.62,31.38,False,False,2. High Spend Bargain Hunter
2701,37,Male,Hat,Accessories,55,Oregon,L,Silver,Winter,4.1,No,Express,Yes,Yes,28,Cash,Every 3 Months,Accessories,29,1,90,68.75,13.75,27.5,22.5,29.38,15.62,False,False,3. Promo-Using Repeat
2702,32,Male,Coat,Outerwear,42,Utah,M,Peach,Spring,2.9,Yes,Standard,Yes,Yes,30,PayPal,Monthly,Outerwear,31,1,30,52.5,10.5,21.0,16.0,21.25,10.75,False,False,3. Promo-Using Repeat
2703,28,Female,Skirt,Clothing,74,Oklahoma,L,Cyan,Fall,4.2,No,Free Shipping,Yes,Yes,39,Bank Transfer,Fortnightly,Clothing,40,1,14,92.5,18.5,37.0,32.0,41.25,22.75,False,False,3. Promo-Using Repeat
2704,62,Male,Scarf,Accessories,20,Oregon,M,Yellow,Fall,4.8,Yes,Standard,No,No,48,PayPal,Monthly,Accessories,49,0,30,20.0,0.0,8.0,7.0,9.0,5.0,False,False,4. Mid-Tier Core
2705,35,Male,Gloves,Accessories,44,Vermont,M,Yellow,Summer,3.4,Yes,Standard,No,No,37,Bank Transfer,Monthly,Accessories,38,0,30,44.0,0.0,17.6,21.4,25.8,17.0,False,False,4. Mid-Tier Core
2706,37,Male,Dress,Clothing,88,Vermont,M,Lavender,Fall,2.7,Yes,Free Shipping,Yes,Yes,19,Venmo,Quarterly,Clothing,20,1,90,110.0,22.0,44.0,39.0,50.0,28.0,False,False,2. High Spend Bargain Hunter
2707,22,Male,Shoes,Footwear,41,Missouri,S,Silver,Spring,4.1,No,Store Pickup,Yes,Yes,27,Credit Card,Monthly,Footwear,28,1,30,51.25,10.25,20.5,15.5,20.62,10.38,False,False,3. Promo-Using Repeat
2708,36,Female,Sandals,Footwear,59,Utah,L,Violet,Spring,3.6,No,Standard,Yes,Yes,30,PayPal,Fortnightly,Footwear,31,1,14,73.75,14.75,29.5,24.5,31.88,17.12,False,False,3. Promo-Using Repeat
2709,44,Female,Shorts,Clothing,45,Montana,XL,Green,Fall,3.1,No,Next Day Air,Yes,Yes,20,PayPal,Every 3 Months,Clothing,21,1,90,56.25,11.25,22.5,17.5,23.12,11.88,False,False,3. Promo-Using Repeat
2710,35,Male,Sneakers,Footwear,67,Louisiana,XL,Beige,Winter,3.7,No,Standard,Yes,Yes,21,PayPal,Bi-Weekly,Footwear,22,1,14,83.75,16.75,33.5,28.5,36.88,20.12,False,False,3. Promo-Using Repeat
2711,65,Female,Boots,Footwear,33,Florida,L,Charcoal,Winter,4.0,No,Next Day Air,No,No,44,Venmo,Every 3 Months,Footwear,45,0,90,33.0,0.0,13.2,14.8,18.1,11.5,False,False,4. Mid-Tier Core
2712,51,Female,Scarf,Accessories,86,New Jersey,M,Peach,Spring,4.5,No,Next Day Air,No,No,26,PayPal,Every 3 Months,Accessories,27,0,90,86.0,0.0,34.4,46.6,55.2,38.0,True,True,1. High Value Organic
2713,26,Male,Coat,Outerwear,42,Mississippi,S,Cyan,Summer,3.8,No,Free Shipping,No,No,30,Cash,Annually,Outerwear,31,0,365,42.0,0.0,16.8,20.2,24.4,16.0,False,False,4. Mid-Tier Core
2714,58,Male,Socks,Clothing,52,Illinois,L,Gold,Fall,3.3,No,Express,Yes,Yes,34,Bank Transfer,Monthly,Clothing,35,1,30,65.0,13.0,26.0,21.0,27.5,14.5,False,False,3. Promo-Using Repeat
2715,36,Male,Socks,Clothing,89,Florida,M,Lavender,Spring,3.7,Yes,2-Day Shipping,Yes,Yes,23,Cash,Monthly,Clothing,24,1,30,111.25,22.25,44.5,39.5,50.62,28.38,True,False,2. High Spend Bargain Hunter
2716,32,Female,Socks,Clothing,67,New York,L,Beige,Fall,4.2,Yes,Standard,No,No,3,PayPal,Bi-Weekly,Clothing,4,0,14,67.0,0.0,26.8,35.2,41.9,28.5,False,False,4. Mid-Tier Core
2717,26,Female,Pants,Clothing,78,Colorado,L,Black,Winter,3.2,No,Next Day Air,Yes,Yes,2,PayPal,Quarterly,Clothing,3,1,90,97.5,19.5,39.0,34.0,43.75,24.25,False,False,3. Promo-Using Repeat
2718,18,Male,Blouse,Clothing,95,California,S,Red,Fall,2.6,No,Next Day Air,No,No,43,Cash,Annually,Clothing,44,0,365,95.0,0.0,38.0,52.0,61.5,42.5,True,True,1. High Value Organic
2719,55,Male,Sweater,Clothing,47,Wyoming,L,Orange,Fall,4.7,No,Store Pickup,Yes,Yes,41,Cash,Bi-Weekly,Clothing,42,1,14,58.75,11.75,23.5,18.5,24.38,12.62,False,False,3. Promo-Using Repeat
2720,61,Male,Belt,Accessories,87,Hawaii,M,Red,Fall,4.3,No,Free Shipping,Yes,Yes,35,Credit Card,Annually,Accessories,36,1,365,108.75,21.75,43.5,38.5,49.38,27.62,True,False,2. High Spend Bargain Hunter
2721,61,Female,Handbag,Accessories,29,South Dakota,M,Gray,Spring,3.4,No,Store Pickup,No,No,14,Cash,Bi-Weekly,Accessories,15,0,14,29.0,0.0,11.6,12.4,15.3,9.5,False,False,4. Mid-Tier Core
2722,29,Male,Hoodie,Clothing,32,Rhode Island,L,Yellow,Winter,4.7,No,Store Pickup,Yes,Yes,36,Debit Card,Quarterly,Clothing,37,1,90,40.0,8.0,16.0,11.0,15.0,7.0,False,False,3. Promo-Using Repeat
2723,28,Female,Jewelry,Accessories,36,California,M,Gray,Winter,3.0,No,Store Pickup,No,No,1,Debit Card,Quarterly,Accessories,2,0,90,36.0,0.0,14.4,16.6,20.2,13.0,False,False,4. Mid-Tier Core
2724,58,Male,Pants,Clothing,76,Mississippi,XL,Cyan,Winter,4.2,Yes,Next Day Air,No,No,30,Cash,Annually,Clothing,31,0,365,76.0,0.0,30.4,40.6,48.2,33.0,False,True,1. High Value Organic
2725,26,Male,Sweater,Clothing,50,Alabama,L,Lavender,Summer,4.6,No,Free Shipping,Yes,Yes,28,Venmo,Bi-Weekly,Clothing,29,1,14,62.5,12.5,25.0,20.0,26.25,13.75,False,False,3. Promo-Using Repeat
2726,20,Male,Hoodie,Clothing,48,Maine,XL,Peach,Fall,4.2,Yes,2-Day Shipping,Yes,Yes,8,Cash,Monthly,Clothing,9,1,30,60.0,12.0,24.0,19.0,25.0,13.0,False,False,3. Promo-Using Repeat
2727,69,Female,Backpack,Accessories,80,Utah,S,Green,Summer,4.2,No,Free Shipping,Yes,Yes,5,PayPal,Weekly,Accessories,6,1,7,100.0,20.0,40.0,35.0,45.0,25.0,False,False,2. High Spend Bargain Hunter
2728,45,Male,Socks,Clothing,63,Colorado,M,Gray,Summer,3.2,No,Standard,Yes,Yes,15,PayPal,Bi-Weekly,Clothing,16,1,14,78.75,15.75,31.5,26.5,34.38,18.62,False,False,3. Promo-Using Repeat
2729,45,Female,Gloves,Accessories,48,Oregon,L,Green,Spring,2.8,No,2-Day Shipping,Yes,Yes,22,Credit Card,Fortnightly,Accessories,23,1,14,60.0,12.0,24.0,19.0,25.0,13.0,False,False,3. Promo-Using Repeat
2730,52,Male,Pants,Clothing,90,Idaho,L,Peach,Fall,4.8,Yes,Next Day Air,No,No,49,Debit Card,Fortnightly,Clothing,50,0,14,90.0,0.0,36.0,49.0,58.0,40.0,True,True,1. High Value Organic
2731,60,Female,Jacket,Outerwear,72,Nebraska,L,Teal,Summer,3.3,No,Store Pickup,Yes,Yes,45,Cash,Monthly,Outerwear,46,1,30,90.0,18.0,36.0,31.0,40.0,22.0,False,False,3. Promo-Using Repeat
2732,58,Male,Jeans,Clothing,21,Montana,L,Brown,Spring,2.7,Yes,Next Day Air,No,No,10,Debit Card,Every 3 Months,Clothing,11,0,90,21.0,0.0,8.4,7.6,9.7,5.5,False,False,4. Mid-Tier Core
2733,59,Female,Jeans,Clothing,47,Illinois,M,Black,Spring,4.0,Yes,Free Shipping,Yes,Yes,33,PayPal,Every 3 Months,Clothing,34,1,90,58.75,11.75,23.5,18.5,24.38,12.62,False,False,3. Promo-Using Repeat
2734,43,Male,Gloves,Accessories,84,North Dakota,M,Violet,Fall,3.2,No,Express,No,No,33,Bank Transfer,Every 3 Months,Accessories,34,0,90,84.0,0.0,33.6,45.4,53.8,37.0,True,True,1. High Value Organic
2735,63,Male,Gloves,Accessories,25,Minnesota,S,Green,Winter,2.9,Yes,Express,No,No,16,Cash,Monthly,Accessories,17,0,30,25.0,0.0,10.0,10.0,12.5,7.5,False,False,4. Mid-Tier Core
2736,36,Male,Blouse,Clothing,81,Mississippi,M,Black,Spring,3.8,No,Store Pickup,No,No,39,Cash,Every 3 Months,Clothing,40,0,90,81.0,0.0,32.4,43.6,51.7,35.5,True,True,1. High Value Organic
2737,43,Male,Hoodie,Clothing,76,Indiana,M,Maroon,Summer,2.7,No,Standard,Yes,Yes,20,Credit Card,Fortnightly,Clothing,21,1,14,95.0,19.0,38.0,33.0,42.5,23.5,False,False,3. Promo-Using Repeat
2738,60,Male,Sandals,Footwear,80,New Jersey,XL,Indigo,Winter,4.4,No,Free Shipping,Yes,Yes,46,Cash,Fortnightly,Footwear,47,1,14,100.0,20.0,40.0,35.0,45.0,25.0,True,False,2. High Spend Bargain Hunter
2739,47,Female,Hoodie,Clothing,49,North Dakota,S,Gray,Fall,3.8,No,Next Day Air,No,No,24,Venmo,Monthly,Clothing,25,0,30,49.0,0.0,19.6,24.4,29.3,19.5,False,False,4. Mid-Tier Core
2740,33,Female,Pants,Clothing,95,Idaho,S,Orange,Summer,5.0,Yes,Next Day Air,No,No,1,Debit Card,Annually,Clothing,2,0,365,95.0,0.0,38.0,52.0,61.5,42.5,False,False,4. Mid-Tier Core
2741,68,Male,Scarf,Accessories,40,Delaware,M,Violet,Spring,2.7,No,Free Shipping,Yes,Yes,35,PayPal,Bi-Weekly,Accessories,36,1,14,50.0,10.0,20.0,15.0,20.0,10.0,False,False,3. Promo-Using Repeat
2742,35,Female,Boots,Footwear,60,West Virginia,XL,Turquoise,Spring,2.6,No,2-Day Shipping,Yes,Yes,30,Debit Card,Annually,Footwear,31,1,365,75.0,15.0,30.0,25.0,32.5,17.5,False,False,3. Promo-Using Repeat
2743,43,Male,Pants,Clothing,98,Tennessee,L,Gray,Winter,3.6,No,Free Shipping,Yes,Yes,46,Venmo,Quarterly,Clothing,47,1,90,122.5,24.5,49.0,44.0,56.25,31.75,True,False,2. High Spend Bargain Hunter
2744,27,Female,Shoes,Footwear,20,Kansas,M,Peach,Summer,2.9,No,Standard,No,No,5,PayPal,Fortnightly,Footwear,6,0,14,20.0,0.0,8.0,7.0,9.0,5.0,False,False,4. Mid-Tier Core
2745,69,Male,Sunglasses,Accessories,64,Maine,XL,Black,Summer,3.3,No,Store Pickup,No,No,8,Debit Card,Monthly,Accessories,9,0,30,64.0,0.0,25.6,33.4,39.8,27.0,False,False,4. Mid-Tier Core
2746,53,Male,Shorts,Clothing,45,Minnesota,XL,Magenta,Fall,2.6,Yes,Next Day Air,No,No,37,Cash,Every 3 Months,Clothing,38,0,90,45.0,0.0,18.0,22.0,26.5,17.5,False,False,4. Mid-Tier Core
2747,32,Male,Shoes,Footwear,72,North Dakota,M,Green,Fall,3.8,Yes,2-Day Shipping,Yes,Yes,17,Debit Card,Fortnightly,Footwear,18,1,14,90.0,18.0,36.0,31.0,40.0,22.0,False,False,3. Promo-Using Repeat
2748,69,Male,Sandals,Footwear,92,Maine,M,Beige,Spring,3.4,Yes,Store Pickup,Yes,Yes,17,Venmo,Quarterly,Footwear,18,1,90,115.0,23.0,46.0,41.0,52.5,29.5,False,False,2. High Spend Bargain Hunter
2749,63,Male,Shoes,Footwear,95,Oklahoma,M,Black,Fall,3.6,No,Store Pickup,Yes,Yes,30,Credit Card,Bi-Weekly,Footwear,31,1,14,118.75,23.75,47.5,42.5,54.38,30.62,True,False,2. High Spend Bargain Hunter
2750,55,Male,Gloves,Accessories,84,Oklahoma,S,Pink,Spring,4.6,No,Store Pickup,No,No,9,Credit Card,Annually,Accessories,10,0,365,84.0,0.0,33.6,45.4,53.8,37.0,False,False,4. Mid-Tier Core
2751,30,Male,Socks,Clothing,73,Missouri,M,Red,Fall,3.1,No,Next Day Air,No,No,19,Bank Transfer,Every 3 Months,Clothing,20,0,90,73.0,0.0,29.2,38.8,46.1,31.5,False,True,1. High Value Organic
2752,57,Male,Sunglasses,Accessories,30,Colorado,S,Pink,Fall,3.0,No,Express,Yes,Yes,19,PayPal,Weekly,Accessories,20,1,7,37.5,7.5,15.0,10.0,13.75,6.25,False,False,3. Promo-Using Repeat
2753,37,Male,Scarf,Accessories,66,Kansas,M,Silver,Fall,2.6,Yes,Express,No,No,18,Bank Transfer,Annually,Accessories,19,0,365,66.0,0.0,26.4,34.6,41.2,28.0,False,False,1. High Value Organic
2754,45,Female,Coat,Outerwear,77,Iowa,L,Teal,Spring,3.1,Yes,Express,No,No,46,PayPal,Every 3 Months,Outerwear,47,0,90,77.0,0.0,30.8,41.2,48.9,33.5,False,True,1. High Value Organic
2755,54,Male,Sunglasses,Accessories,35,New Hampshire,M,Magenta,Spring,3.8,No,Express,No,No,27,Bank Transfer,Every 3 Months,Accessories,28,0,90,35.0,0.0,14.0,16.0,19.5,12.5,False,False,4. Mid-Tier Core
2756,38,Female,Shorts,Clothing,44,Colorado,L,Beige,Spring,2.7,Yes,Express,No,No,28,Bank Transfer,Every 3 Months,Clothing,29,0,90,44.0,0.0,17.6,21.4,25.8,17.0,False,False,4. Mid-Tier Core
2757,27,Female,Gloves,Accessories,64,Massachusetts,L,Turquoise,Summer,4.3,Yes,Standard,Yes,Yes,26,Bank Transfer,Annually,Accessories,27,1,365,80.0,16.0,32.0,27.0,35.0,19.0,False,False,3. Promo-Using Repeat
2758,66,Male,Hat,Accessories,26,Georgia,S,Turquoise,Fall,2.9,No,Free Shipping,No,No,27,Venmo,Annually,Accessories,28,0,365,26.0,0.0,10.4,10.6,13.2,8.0,False,False,4. Mid-Tier Core
2759,42,Male,Sandals,Footwear,86,Vermont,M,Beige,Winter,4.5,No,Store Pickup,No,No,42,Bank Transfer,Quarterly,Footwear,43,0,90,86.0,0.0,34.4,46.6,55.2,38.0,True,True,1. High Value Organic
2760,65,Male,Gloves,Accessories,39,North Carolina,S,Teal,Winter,3.7,Yes,Standard,No,No,12,PayPal,Weekly,Accessories,13,0,7,39.0,0.0,15.6,18.4,22.3,14.5,False,False,4. Mid-Tier Core
2761,33,Female,Sneakers,Footwear,25,Colorado,S,Magenta,Summer,4.6,No,Standard,No,No,42,Bank Transfer,Bi-Weekly,Footwear,43,0,14,25.0,0.0,10.0,10.0,12.5,7.5,False,False,4. Mid-Tier Core
2762,49,Male,Hoodie,Clothing,50,Rhode Island,M,Yellow,Winter,4.9,No,Next Day Air,Yes,Yes,15,Credit Card,Weekly,Clothing,16,1,7,62.5,12.5,25.0,20.0,26.25,13.75,False,False,3. Promo-Using Repeat
2763,23,Male,Hoodie,Clothing,87,Wyoming,M,Red,Summer,4.9,No,Store Pickup,No,No,8,PayPal,Weekly,Clothing,9,0,7,87.0,0.0,34.8,47.2,55.9,38.5,False,False,4. Mid-Tier Core
2764,21,Male,Dress,Clothing,40,North Dakota,M,Charcoal,Spring,3.0,No,Express,Yes,Yes,8,Cash,Every 3 Months,Clothing,9,1,90,50.0,10.0,20.0,15.0,20.0,10.0,False,False,3. Promo-Using Repeat
2765,45,Male,Scarf,Accessories,40,Maryland,M,Pink,Spring,3.5,No,Free Shipping,Yes,Yes,10,Venmo,Fortnightly,Accessories,11,1,14,50.0,10.0,20.0,15.0,20.0,10.0,False,False,3. Promo-Using Repeat
2766,60,Female,Backpack,Accessories,32,Rhode Island,M,Silver,Spring,3.3,No,Free Shipping,Yes,Yes,33,Venmo,Fortnightly,Accessories,34,1,14,40.0,8.0,16.0,11.0,15.0,7.0,False,False,3. Promo-Using Repeat
2767,20,Male,Hoodie,Clothing,75,Kansas,L,Lavender,Spring,4.2,Yes,Next Day Air,Yes,Yes,21,Venmo,Weekly,Clothing,22,1,7,93.75,18.75,37.5,32.5,41.88,23.12,False,False,3. Promo-Using Repeat
2768,34,Male,Sunglasses,Accessories,64,New Jersey,M,Magenta,Spring,4.6,No,Next Day Air,No,No,12,Debit Card,Every 3 Months,Accessories,13,0,90,64.0,0.0,25.6,33.4,39.8,27.0,False,False,1. High Value Organic
2769,35,Male,Socks,Clothing,28,Wyoming,XL,Purple,Winter,4.3,Yes,Store Pickup,Yes,Yes,35,Bank Transfer,Quarterly,Clothing,36,1,90,35.0,7.0,14.0,9.0,12.5,5.5,False,False,3. Promo-Using Repeat
2770,51,Male,Socks,Clothing,23,New Hampshire,L,Orange,Fall,2.7,No,Free Shipping,No,No,24,Credit Card,Fortnightly,Clothing,25,0,14,23.0,0.0,9.2,8.8,11.1,6.5,False,False,4. Mid-Tier Core
2771,62,Male,Jewelry,Accessories,54,Wyoming,L,Violet,Winter,4.5,Yes,Store Pickup,No,No,21,Cash,Every 3 Months,Accessories,22,0,90,54.0,0.0,21.6,27.4,32.8,22.0,False,False,4. Mid-Tier Core
2772,53,Male,Sneakers,Footwear,56,Mississippi,XL,Cyan,Winter,4.1,Yes,Store Pickup,No,No,27,Credit Card,Fortnightly,Footwear,28,0,14,56.0,0.0,22.4,28.6,34.2,23.0,False,False,1. High Value Organic
2773,36,Female,Hoodie,Clothing,87,Delaware,L,Olive,Summer,4.3,No,2-Day Shipping,No,No,5,Venmo,Bi-Weekly,Clothing,6,0,14,87.0,0.0,34.8,47.2,55.9,38.5,False,False,4. Mid-Tier Core
2774,51,Female,Belt,Accessories,97,Arizona,M,Beige,Spring,3.4,No,Next Day Air,Yes,Yes,14,Bank Transfer,Bi-Weekly,Accessories,15,1,14,121.25,24.25,48.5,43.5,55.62,31.38,False,False,2. High Spend Bargain Hunter
2775,19,Male,Socks,Clothing,39,Ohio,S,Silver,Winter,4.8,Yes,Express,Yes,Yes,48,Venmo,Monthly,Clothing,49,1,30,48.75,9.75,19.5,14.5,19.38,9.62,False,False,3. Promo-Using Repeat
2776,57,Male,Jacket,Outerwear,27,California,L,Charcoal,Spring,3.8,No,Standard,Yes,Yes,15,Debit Card,Every 3 Months,Outerwear,16,1,90,33.75,6.75,13.5,8.5,11.88,5.12,False,False,3. Promo-Using Repeat
2777,18,Male,Jewelry,Accessories,90,Alaska,M,Gray,Summer,4.7,No,Store Pickup,No,No,48,Credit Card,Quarterly,Accessories,49,0,90,90.0,0.0,36.0,49.0,58.0,40.0,True,True,1. High Value Organic
2778,26,Female,Hat,Accessories,79,Kentucky,S,Gold,Fall,2.8,No,2-Day Shipping,Yes,Yes,4,Venmo,Bi-Weekly,Accessories,5,1,14,98.75,19.75,39.5,34.5,44.38,24.62,False,False,2. High Spend Bargain Hunter
2779,24,Female,Coat,Outerwear,51,Mississippi,S,Gold,Fall,3.2,No,Express,No,No,3,Credit Card,Bi-Weekly,Outerwear,4,0,14,51.0,0.0,20.4,25.6,30.7,20.5,False,False,4. Mid-Tier Core
2780,70,Male,Jewelry,Accessories,82,West Virginia,S,Charcoal,Fall,3.7,No,Next Day Air,Yes,Yes,5,Cash,Annually,Accessories,6,1,365,102.5,20.5,41.0,36.0,46.25,25.75,False,False,2. High Spend Bargain Hunter
2781,58,Female,Shirt,Clothing,59,North Dakota,M,Charcoal,Winter,3.0,No,Free Shipping,Yes,Yes,44,PayPal,Annually,Clothing,45,1,365,73.75,14.75,29.5,24.5,31.88,17.12,False,False,3. Promo-Using Repeat
2782,26,Male,Hoodie,Clothing,33,Kansas,S,Beige,Summer,3.6,No,Express,Yes,Yes,48,Venmo,Annually,Clothing,49,1,365,41.25,8.25,16.5,11.5,15.62,7.38,False,False,3. Promo-Using Repeat
2783,41,Female,Dress,Clothing,91,Tennessee,M,Black,Winter,3.4,Yes,Store Pickup,No,No,25,Bank Transfer,Weekly,Clothing,26,0,7,91.0,0.0,36.4,49.6,58.7,40.5,True,True,1. High Value Organic
2784,52,Male,Shorts,Clothing,39,Alabama,M,Brown,Spring,2.9,No,Express,No,No,14,Credit Card,Fortnightly,Clothing,15,0,14,39.0,0.0,15.6,18.4,22.3,14.5,False,False,4. Mid-Tier Core
2785,31,Female,Sneakers,Footwear,79,Maine,M,Purple,Spring,3.6,No,Express,No,No,33,PayPal,Fortnightly,Footwear,34,0,14,79.0,0.0,31.6,42.4,50.3,34.5,True,True,1. High Value Organic
2786,23,Female,Sneakers,Footwear,43,Rhode Island,L,Turquoise,Fall,3.2,No,2-Day Shipping,Yes,Yes,22,Venmo,Every 3 Months,Footwear,23,1,90,53.75,10.75,21.5,16.5,21.88,11.12,False,False,3. Promo-Using Repeat
2787,54,Male,Dress,Clothing,97,Colorado,S,Brown,Winter,4.5,No,Store Pickup,No,No,19,PayPal,Weekly,Clothing,20,0,7,97.0,0.0,38.8,53.2,62.9,43.5,False,True,1. High Value Organic
2788,24,Female,Dress,Clothing,23,Louisiana,M,Lavender,Fall,4.7,No,2-Day Shipping,No,No,3,Debit Card,Every 3 Months,Clothing,4,0,90,23.0,0.0,9.2,8.8,11.1,6.5,False,False,4. Mid-Tier Core
2789,51,Male,Sandals,Footwear,76,Wyoming,M,Pink,Spring,5.0,No,2-Day Shipping,No,No,23,PayPal,Quarterly,Footwear,24,0,90,76.0,0.0,30.4,40.6,48.2,33.0,False,True,1. High Value Organic
2790,30,Male,Jacket,Outerwear,30,Alabama,L,Beige,Summer,2.9,No,Store Pickup,No,No,3,PayPal,Monthly,Outerwear,4,0,30,30.0,0.0,12.0,13.0,16.0,10.0,False,False,4. Mid-Tier Core
2791,25,Male,Jewelry,Accessories,61,Illinois,S,Charcoal,Spring,2.6,Yes,Standard,No,No,8,Venmo,Annually,Accessories,9,0,365,61.0,0.0,24.4,31.6,37.7,25.5,False,False,4. Mid-Tier Core
2792,36,Male,Sandals,Footwear,58,Maine,L,Silver,Spring,4.1,Yes,Next Day Air,No,No,16,PayPal,Quarterly,Footwear,17,0,90,58.0,0.0,23.2,29.8,35.6,24.0,False,False,1. High Value Organic
2793,47,Male,Dress,Clothing,27,Illinois,M,Brown,Spring,3.9,No,Store Pickup,No,No,38,Debit Card,Every 3 Months,Clothing,39,0,90,27.0,0.0,10.8,11.2,13.9,8.5,False,False,4. Mid-Tier Core
2794,23,Male,Sneakers,Footwear,38,New Hampshire,L,Charcoal,Winter,3.2,No,Next Day Air,No,No,10,Debit Card,Every 3 Months,Footwear,11,0,90,38.0,0.0,15.2,17.8,21.6,14.0,False,False,4. Mid-Tier Core
2795,39,Female,Hoodie,Clothing,38,Montana,M,Black,Spring,4.4,No,Standard,No,No,3,Credit Card,Quarterly,Clothing,4,0,90,38.0,0.0,15.2,17.8,21.6,14.0,False,False,4. Mid-Tier Core
2796,46,Female,Sneakers,Footwear,49,California,M,Yellow,Fall,2.6,Yes,Next Day Air,Yes,Yes,40,Bank Transfer,Every 3 Months,Footwear,41,1,90,61.25,12.25,24.5,19.5,25.62,13.38,False,False,3. Promo-Using Repeat
2797,64,Male,Hat,Accessories,63,Oklahoma,M,Silver,Fall,2.5,No,Store Pickup,Yes,Yes,9,Venmo,Monthly,Accessories,10,1,30,78.75,15.75,31.5,26.5,34.38,18.62,False,False,3. Promo-Using Repeat
2798,52,Female,Sneakers,Footwear,67,Illinois,M,Olive,Fall,4.2,No,Free Shipping,No,No,22,Credit Card,Fortnightly,Footwear,23,0,14,67.0,0.0,26.8,35.2,41.9,28.5,False,False,1. High Value Organic
2799,33,Female,Hat,Accessories,100,Alaska,L,White,Fall,3.2,Yes,Store Pickup,No,No,41,Cash,Monthly,Accessories,42,0,30,100.0,0.0,40.0,55.0,65.0,45.0,True,True,1. High Value Organic
2800,50,Male,Hoodie,Clothing,29,Utah,M,Cyan,Fall,3.7,No,Express,Yes,Yes,15,PayPal,Annually,Clothing,16,1,365,36.25,7.25,14.5,9.5,13.12,5.88,False,False,3. Promo-Using Repeat
2801,67,Male,Belt,Accessories,47,Wyoming,L,Silver,Spring,3.7,No,Next Day Air,No,No,28,PayPal,Every 3 Months,Accessories,29,0,90,47.0,0.0,18.8,23.2,27.9,18.5,False,False,4. Mid-Tier Core
2802,51,Female,Handbag,Accessories,79,Arkansas,S,Maroon,Spring,2.9,Yes,Standard,Yes,Yes,46,Bank Transfer,Every 3 Months,Accessories,47,1,90,98.75,19.75,39.5,34.5,44.38,24.62,True,False,2. High Spend Bargain Hunter
2803,56,Male,Shorts,Clothing,35,Arizona,L,Gray,Winter,2.8,No,Free Shipping,Yes,Yes,39,Bank Transfer,Quarterly,Clothing,40,1,90,43.75,8.75,17.5,12.5,16.88,8.12,False,False,3. Promo-Using Repeat
2804,39,Female,Hat,Accessories,47,California,S,Cyan,Summer,4.3,Yes,2-Day Shipping,No,No,47,Venmo,Bi-Weekly,Accessories,48,0,14,47.0,0.0,18.8,23.2,27.9,18.5,False,False,4. Mid-Tier Core
2805,48,Male,Boots,Footwear,80,Arkansas,M,White,Spring,3.6,No,Express,Yes,Yes,35,Venmo,Annually,Footwear,36,1,365,100.0,20.0,40.0,35.0,45.0,25.0,True,False,2. High Spend Bargain Hunter
2806,61,Male,Shirt,Clothing,28,Ohio,XL,Peach,Summer,4.0,No,Next Day Air,No,No,20,Debit Card,Quarterly,Clothing,21,0,90,28.0,0.0,11.2,11.8,14.6,9.0,False,False,4. Mid-Tier Core
2807,52,Male,Scarf,Accessories,21,Utah,L,Black,Summer,4.5,No,Standard,Yes,Yes,30,Venmo,Annually,Accessories,31,1,365,26.25,5.25,10.5,5.5,8.12,2.88,False,False,3. Promo-Using Repeat
2808,51,Male,Hoodie,Clothing,81,Florida,M,Purple,Spring,3.6,No,Next Day Air,No,No,10,Credit Card,Quarterly,Clothing,11,0,90,81.0,0.0,32.4,43.6,51.7,35.5,False,False,1. High Value Organic
2809,48,Female,Sunglasses,Accessories,64,Colorado,M,Magenta,Summer,3.0,Yes,2-Day Shipping,Yes,Yes,8,Debit Card,Every 3 Months,Accessories,9,1,90,80.0,16.0,32.0,27.0,35.0,19.0,False,False,3. Promo-Using Repeat
2810,66,Male,Sandals,Footwear,82,Nevada,L,Violet,Spring,3.3,No,Store Pickup,No,No,48,Credit Card,Monthly,Footwear,49,0,30,82.0,0.0,32.8,44.2,52.4,36.0,True,True,1. High Value Organic
2811,63,Female,Boots,Footwear,93,Rhode Island,S,Cyan,Fall,3.8,Yes,Express,No,No,41,Cash,Weekly,Footwear,42,0,7,93.0,0.0,37.2,50.8,60.1,41.5,True,True,1. High Value Organic
2812,56,Male,Shirt,Clothing,23,Florida,XL,Cyan,Fall,3.5,No,Store Pickup,Yes,Yes,5,Debit Card,Fortnightly,Clothing,6,1,14,28.75,5.75,11.5,6.5,9.38,3.62,False,False,3. Promo-Using Repeat
2813,21,Male,Shirt,Clothing,100,Colorado,M,Lavender,Summer,3.2,No,Store Pickup,Yes,Yes,48,Debit Card,Fortnightly,Clothing,49,1,14,125.0,25.0,50.0,45.0,57.5,32.5,True,False,2. High Spend Bargain Hunter
2814,19,Female,Gloves,Accessories,24,Hawaii,M,Green,Summer,3.7,Yes,Standard,No,No,25,Venmo,Annually,Accessories,26,0,365,24.0,0.0,9.6,9.4,11.8,7.0,False,False,4. Mid-Tier Core
2815,46,Male,Scarf,Accessories,80,Nebraska,S,Brown,Summer,2.7,No,2-Day Shipping,Yes,Yes,13,Cash,Fortnightly,Accessories,14,1,14,100.0,20.0,40.0,35.0,45.0,25.0,False,False,2. High Spend Bargain Hunter
2816,36,Male,Jacket,Outerwear,78,West Virginia,M,Silver,Summer,3.3,No,2-Day Shipping,Yes,Yes,50,Bank Transfer,Monthly,Outerwear,51,1,30,97.5,19.5,39.0,34.0,43.75,24.25,False,False,3. Promo-Using Repeat
2817,70,Female,Shorts,Clothing,36,Vermont,M,Magenta,Spring,3.7,No,Express,No,No,49,Venmo,Weekly,Clothing,50,0,7,36.0,0.0,14.4,16.6,20.2,13.0,False,False,4. Mid-Tier Core
2818,47,Female,Sunglasses,Accessories,40,Oregon,S,Cyan,Spring,3.0,No,2-Day Shipping,No,No,16,Debit Card,Fortnightly,Accessories,17,0,14,40.0,0.0,16.0,19.0,23.0,15.0,False,False,4. Mid-Tier Core
2819,61,Male,Jacket,Outerwear,61,Louisiana,S,Peach,Fall,4.9,Yes,Standard,No,No,22,Cash,Quarterly,Outerwear,23,0,90,61.0,0.0,24.4,31.6,37.7,25.5,False,False,1. High Value Organic
2820,31,Male,Sunglasses,Accessories,31,Arizona,S,Gold,Winter,4.1,No,Store Pickup,Yes,Yes,25,Cash,Annually,Accessories,26,1,365,38.75,7.75,15.5,10.5,14.38,6.62,False,False,3. Promo-Using Repeat
2821,18,Male,Sandals,Footwear,46,Maine,L,Olive,Summer,4.6,No,Free Shipping,No,No,7,Bank Transfer,Monthly,Footwear,8,0,30,46.0,0.0,18.4,22.6,27.2,18.0,False,False,4. Mid-Tier Core
2822,30,Male,Sunglasses,Accessories,37,Nebraska,M,Gold,Fall,4.4,No,Next Day Air,Yes,Yes,38,Credit Card,Every 3 Months,Accessories,39,1,90,46.25,9.25,18.5,13.5,18.12,8.88,False,False,3. Promo-Using Repeat
2823,35,Male,Jewelry,Accessories,57,Iowa,M,Teal,Winter,4.5,No,Standard,No,No,40,Credit Card,Monthly,Accessories,41,0,30,57.0,0.0,22.8,29.2,34.9,23.5,False,False,1. High Value Organic
2824,53,Female,Scarf,Accessories,93,Kentucky,M,Red,Fall,3.2,Yes,Store Pickup,No,No,16,Cash,Fortnightly,Accessories,17,0,14,93.0,0.0,37.2,50.8,60.1,41.5,False,True,1. High Value Organic
2825,34,Male,Jeans,Clothing,49,Tennessee,L,Magenta,Summer,4.8,Yes,Express,No,No,28,Debit Card,Annually,Clothing,29,0,365,49.0,0.0,19.6,24.4,29.3,19.5,False,False,4. Mid-Tier Core
2826,52,Male,Socks,Clothing,94,Georgia,L,Pink,Spring,4.5,No,Free Shipping,Yes,Yes,34,PayPal,Monthly,Clothing,35,1,30,117.5,23.5,47.0,42.0,53.75,30.25,True,False,2. High Spend Bargain Hunter
2827,38,Male,Gloves,Accessories,55,Mississippi,L,Magenta,Summer,3.4,No,Next Day Air,Yes,Yes,1,Debit Card,Monthly,Accessories,2,1,30,68.75,13.75,27.5,22.5,29.38,15.62,False,False,3. Promo-Using Repeat
2828,29,Female,Shoes,Footwear,24,Maine,M,Olive,Winter,2.7,No,Free Shipping,No,No,14,PayPal,Every 3 Months,Footwear,15,0,90,24.0,0.0,9.6,9.4,11.8,7.0,False,False,4. Mid-Tier Core
2829,67,Male,Shirt,Clothing,98,Nebraska,S,Charcoal,Summer,3.9,No,Free Shipping,No,No,27,PayPal,Every 3 Months,Clothing,28,0,90,98.0,0.0,39.2,53.8,63.6,44.0,True,True,1. High Value Organic
2830,43,Male,Skirt,Clothing,43,Florida,M,Peach,Spring,2.7,No,Store Pickup,No,No,12,Debit Card,Every 3 Months,Clothing,13,0,90,43.0,0.0,17.2,20.8,25.1,16.5,False,False,4. Mid-Tier Core
2831,70,Male,Coat,Outerwear,26,New Hampshire,L,Brown,Fall,4.5,No,Express,Yes,Yes,2,Bank Transfer,Monthly,Outerwear,3,1,30,32.5,6.5,13.0,8.0,11.25,4.75,False,False,3. Promo-Using Repeat
2832,47,Male,Jacket,Outerwear,50,Maryland,M,Lavender,Fall,4.5,No,Standard,No,No,11,Debit Card,Bi-Weekly,Outerwear,12,0,14,50.0,0.0,20.0,25.0,30.0,20.0,False,False,4. Mid-Tier Core
2833,23,Male,Coat,Outerwear,76,Louisiana,M,Orange,Spring,3.7,No,Free Shipping,Yes,Yes,2,Venmo,Monthly,Outerwear,3,1,30,95.0,19.0,38.0,33.0,42.5,23.5,False,False,3. Promo-Using Repeat
2834,58,Male,Dress,Clothing,63,Missouri,S,Brown,Spring,3.9,No,Express,No,No,17,Bank Transfer,Bi-Weekly,Clothing,18,0,14,63.0,0.0,25.2,32.8,39.1,26.5,False,False,1. High Value Organic
2835,22,Male,Hoodie,Clothing,70,New York,L,Red,Spring,2.6,No,Free Shipping,Yes,Yes,29,PayPal,Weekly,Clothing,30,1,7,87.5,17.5,35.0,30.0,38.75,21.25,False,False,3. Promo-Using Repeat
2836,53,Male,Jewelry,Accessories,29,Iowa,L,Red,Winter,3.3,No,Next Day Air,Yes,Yes,9,Credit Card,Annually,Accessories,10,1,365,36.25,7.25,14.5,9.5,13.12,5.88,False,False,3. Promo-Using Repeat
2837,36,Male,Gloves,Accessories,25,Illinois,M,Yellow,Spring,4.2,Yes,Express,No,No,22,Cash,Annually,Accessories,23,0,365,25.0,0.0,10.0,10.0,12.5,7.5,False,False,4. Mid-Tier Core
2838,54,Female,Hoodie,Clothing,36,Alabama,XL,Gray,Spring,3.8,Yes,Free Shipping,No,No,15,Debit Card,Quarterly,Clothing,16,0,90,36.0,0.0,14.4,16.6,20.2,13.0,False,False,4. Mid-Tier Core
2839,62,Male,Sunglasses,Accessories,22,Minnesota,XL,Charcoal,Spring,3.8,No,Store Pickup,Yes,Yes,37,Debit Card,Weekly,Accessories,38,1,7,27.5,5.5,11.0,6.0,8.75,3.25,False,False,3. Promo-Using Repeat
2840,23,Male,Jewelry,Accessories,39,Florida,M,Gray,Winter,4.2,No,Standard,No,No,12,Credit Card,Annually,Accessories,13,0,365,39.0,0.0,15.6,18.4,22.3,14.5,False,False,4. Mid-Tier Core
2841,51,Male,Jacket,Outerwear,25,Utah,M,Purple,Winter,4.1,No,Next Day Air,No,No,7,Cash,Bi-Weekly,Outerwear,8,0,14,25.0,0.0,10.0,10.0,12.5,7.5,False,False,4. Mid-Tier Core
2842,33,Male,Boots,Footwear,40,Tennessee,M,Lavender,Spring,3.4,Yes,2-Day Shipping,Yes,Yes,10,Cash,Annually,Footwear,11,1,365,50.0,10.0,20.0,15.0,20.0,10.0,False,False,3. Promo-Using Repeat
2843,66,Male,Sunglasses,Accessories,48,Delaware,S,White,Summer,3.7,No,Free Shipping,No,No,32,Bank Transfer,Annually,Accessories,33,0,365,48.0,0.0,19.2,23.8,28.6,19.0,False,False,4. Mid-Tier Core
2844,19,Female,Shirt,Clothing,22,Wyoming,M,Charcoal,Spring,2.9,No,Store Pickup,No,No,25,Credit Card,Monthly,Clothing,26,0,30,22.0,0.0,8.8,8.2,10.4,6.0,False,False,4. Mid-Tier Core
2845,60,Male,Pants,Clothing,91,Colorado,L,Maroon,Fall,4.2,Yes,Standard,No,No,19,Venmo,Monthly,Clothing,20,0,30,91.0,0.0,36.4,49.6,58.7,40.5,False,True,1. High Value Organic
2846,34,Male,Jacket,Outerwear,47,Oregon,S,Orange,Winter,2.9,Yes,Express,No,No,29,Bank Transfer,Fortnightly,Outerwear,30,0,14,47.0,0.0,18.8,23.2,27.9,18.5,False,False,4. Mid-Tier Core
2847,49,Female,Backpack,Accessories,77,Missouri,M,Indigo,Spring,4.4,No,Express,No,No,11,Bank Transfer,Annually,Accessories,12,0,365,77.0,0.0,30.8,41.2,48.9,33.5,False,False,1. High Value Organic
2848,38,Male,Pants,Clothing,46,Texas,XL,Red,Spring,4.0,No,Next Day Air,No,No,28,Debit Card,Weekly,Clothing,29,0,7,46.0,0.0,18.4,22.6,27.2,18.0,False,False,4. Mid-Tier Core
2849,18,Male,Jacket,Outerwear,80,New Jersey,S,Pink,Fall,3.3,Yes,Express,No,No,37,Venmo,Every 3 Months,Outerwear,38,0,90,80.0,0.0,32.0,43.0,51.0,35.0,True,True,1. High Value Organic
2850,62,Male,Sunglasses,Accessories,34,Minnesota,S,Indigo,Winter,4.0,Yes,2-Day Shipping,No,No,23,Venmo,Annually,Accessories,24,0,365,34.0,0.0,13.6,15.4,18.8,12.0,False,False,4. Mid-Tier Core
2851,30,Female,Skirt,Clothing,58,California,M,Turquoise,Spring,4.4,No,2-Day Shipping,No,No,13,Debit Card,Quarterly,Clothing,14,0,90,58.0,0.0,23.2,29.8,35.6,24.0,False,False,1. High Value Organic
2852,37,Female,Socks,Clothing,37,Nevada,S,Magenta,Fall,3.1,Yes,2-Day Shipping,Yes,Yes,9,Bank Transfer,Annually,Clothing,10,1,365,46.25,9.25,18.5,13.5,18.12,8.88,False,False,3. Promo-Using Repeat
2853,59,Female,Dress,Clothing,62,Missouri,S,Maroon,Winter,4.9,No,Free Shipping,Yes,Yes,29,Cash,Every 3 Months,Clothing,30,1,90,77.5,15.5,31.0,26.0,33.75,18.25,False,False,3. Promo-Using Repeat
2854,18,Male,Shorts,Clothing,24,Kansas,M,Teal,Spring,4.1,Yes,2-Day Shipping,Yes,Yes,37,Cash,Monthly,Clothing,38,1,30,30.0,6.0,12.0,7.0,10.0,4.0,False,False,3. Promo-Using Repeat
2855,37,Male,Shorts,Clothing,62,Texas,M,Peach,Fall,4.0,Yes,Express,Yes,Yes,24,Cash,Annually,Clothing,25,1,365,77.5,15.5,31.0,26.0,33.75,18.25,False,False,3. Promo-Using Repeat
2856,42,Female,Sneakers,Footwear,58,Nevada,M,Lavender,Fall,2.6,Yes,Free Shipping,No,No,28,Cash,Annually,Footwear,29,0,365,58.0,0.0,23.2,29.8,35.6,24.0,False,False,1. High Value Organic
2857,20,Female,Gloves,Accessories,39,Illinois,L,Olive,Summer,3.7,Yes,Free Shipping,No,No,33,PayPal,Every 3 Months,Accessories,34,0,90,39.0,0.0,15.6,18.4,22.3,14.5,False,False,4. Mid-Tier Core
2858,57,Male,Sandals,Footwear,88,South Carolina,L,Pink,Summer,4.8,No,Express,Yes,Yes,29,PayPal,Every 3 Months,Footwear,30,1,90,110.0,22.0,44.0,39.0,50.0,28.0,True,False,2. High Spend Bargain Hunter
2859,54,Male,Jewelry,Accessories,83,Nevada,XL,Olive,Winter,3.5,No,Store Pickup,Yes,Yes,46,PayPal,Weekly,Accessories,47,1,7,103.75,20.75,41.5,36.5,46.88,26.12,True,False,2. High Spend Bargain Hunter
2860,62,Female,Gloves,Accessories,61,Iowa,M,Green,Winter,4.1,No,Express,No,No,34,Bank Transfer,Every 3 Months,Accessories,35,0,90,61.0,0.0,24.4,31.6,37.7,25.5,False,False,1. High Value Organic
2861,49,Male,Jewelry,Accessories,30,Indiana,S,Charcoal,Fall,3.7,No,Standard,No,No,13,Bank Transfer,Weekly,Accessories,14,0,7,30.0,0.0,12.0,13.0,16.0,10.0,False,False,4. Mid-Tier Core
2862,57,Female,Jacket,Outerwear,49,North Carolina,S,Indigo,Spring,4.0,No,Store Pickup,No,No,38,Cash,Bi-Weekly,Outerwear,39,0,14,49.0,0.0,19.6,24.4,29.3,19.5,False,False,4. Mid-Tier Core
2863,65,Male,Dress,Clothing,86,Arkansas,S,Silver,Spring,3.0,No,Free Shipping,Yes,Yes,45,Cash,Annually,Clothing,46,1,365,107.5,21.5,43.0,38.0,48.75,27.25,True,False,2. High Spend Bargain Hunter
2864,53,Female,Jacket,Outerwear,36,Alabama,L,Purple,Winter,3.2,No,Free Shipping,Yes,Yes,47,Venmo,Every 3 Months,Outerwear,48,1,90,45.0,9.0,18.0,13.0,17.5,8.5,False,False,3. Promo-Using Repeat
2865,21,Male,Dress,Clothing,27,Wyoming,XL,Magenta,Summer,3.8,Yes,Standard,Yes,Yes,36,Bank Transfer,Monthly,Clothing,37,1,30,33.75,6.75,13.5,8.5,11.88,5.12,False,False,3. Promo-Using Repeat
2866,58,Female,Dress,Clothing,78,West Virginia,L,Magenta,Spring,3.5,No,Standard,Yes,Yes,4,PayPal,Weekly,Clothing,5,1,7,97.5,19.5,39.0,34.0,43.75,24.25,False,False,3. Promo-Using Repeat
2867,45,Male,Jeans,Clothing,92,Iowa,M,Turquoise,Summer,2.5,No,Standard,Yes,Yes,45,Cash,Quarterly,Clothing,46,1,90,115.0,23.0,46.0,41.0,52.5,29.5,True,False,2. High Spend Bargain Hunter
2868,41,Male,Backpack,Accessories,25,Hawaii,M,Olive,Spring,3.4,No,Free Shipping,No,No,8,Credit Card,Bi-Weekly,Accessories,9,0,14,25.0,0.0,10.0,10.0,12.5,7.5,False,False,4. Mid-Tier Core
2869,39,Female,Jeans,Clothing,85,Iowa,L,Pink,Summer,2.5,No,Next Day Air,No,No,4,Cash,Fortnightly,Clothing,5,0,14,85.0,0.0,34.0,46.0,54.5,37.5,False,False,4. Mid-Tier Core
2870,20,Male,Shoes,Footwear,36,Massachusetts,M,Turquoise,Fall,3.7,Yes,Next Day Air,Yes,Yes,44,PayPal,Every 3 Months,Footwear,45,1,90,45.0,9.0,18.0,13.0,17.5,8.5,False,False,3. Promo-Using Repeat
2871,52,Male,Sunglasses,Accessories,51,California,M,Maroon,Fall,3.9,No,Free Shipping,Yes,Yes,21,Credit Card,Every 3 Months,Accessories,22,1,90,63.75,12.75,25.5,20.5,26.88,14.12,False,False,3. Promo-Using Repeat
2872,22,Female,Jeans,Clothing,60,Alaska,M,Gold,Spring,3.1,No,2-Day Shipping,No,No,46,Credit Card,Annually,Clothing,47,0,365,60.0,0.0,24.0,31.0,37.0,25.0,False,False,1. High Value Organic
2873,50,Male,Boots,Footwear,100,Wyoming,M,Indigo,Winter,3.8,No,2-Day Shipping,No,No,34,Cash,Monthly,Footwear,35,0,30,100.0,0.0,40.0,55.0,65.0,45.0,True,True,1. High Value Organic
2874,27,Female,Blouse,Clothing,39,Delaware,S,Gold,Summer,4.5,No,Standard,No,No,34,Debit Card,Weekly,Clothing,35,0,7,39.0,0.0,15.6,18.4,22.3,14.5,False,False,4. Mid-Tier Core
2875,58,Male,Handbag,Accessories,55,Louisiana,L,Olive,Winter,3.7,No,Standard,No,No,19,Debit Card,Fortnightly,Accessories,20,0,14,55.0,0.0,22.0,28.0,33.5,22.5,False,False,1. High Value Organic
2876,52,Female,Jacket,Outerwear,42,Minnesota,M,Gold,Winter,3.2,No,Standard,No,No,29,Venmo,Monthly,Outerwear,30,0,30,42.0,0.0,16.8,20.2,24.4,16.0,False,False,4. Mid-Tier Core
2877,42,Male,Sweater,Clothing,92,California,M,Beige,Winter,3.8,Yes,Free Shipping,No,No,32,Venmo,Quarterly,Clothing,33,0,90,92.0,0.0,36.8,50.2,59.4,41.0,True,True,1. High Value Organic
2878,50,Female,Backpack,Accessories,69,Kentucky,M,Lavender,Summer,3.4,Yes,Free Shipping,No,No,12,Credit Card,Bi-Weekly,Accessories,13,0,14,69.0,0.0,27.6,36.4,43.3,29.5,False,False,1. High Value Organic
2879,57,Female,Sunglasses,Accessories,26,Nebraska,M,Turquoise,Summer,3.0,Yes,Express,Yes,Yes,33,PayPal,Monthly,Accessories,34,1,30,32.5,6.5,13.0,8.0,11.25,4.75,False,False,3. Promo-Using Repeat
2880,35,Male,Sweater,Clothing,37,Georgia,M,Lavender,Fall,4.7,No,Standard,No,No,20,PayPal,Annually,Clothing,21,0,365,37.0,0.0,14.8,17.2,20.9,13.5,False,False,4. Mid-Tier Core
2881,37,Male,Blouse,Clothing,61,Iowa,XL,Beige,Fall,4.3,No,Express,No,No,30,Bank Transfer,Every 3 Months,Clothing,31,0,90,61.0,0.0,24.4,31.6,37.7,25.5,False,False,1. High Value Organic
2882,64,Male,Sandals,Footwear,76,Rhode Island,M,Purple,Spring,3.4,No,Express,No,No,40,Venmo,Quarterly,Footwear,41,0,90,76.0,0.0,30.4,40.6,48.2,33.0,False,True,1. High Value Organic
2883,34,Male,Shorts,Clothing,52,Minnesota,S,Beige,Winter,4.4,No,Standard,No,No,23,Cash,Weekly,Clothing,24,0,7,52.0,0.0,20.8,26.2,31.4,21.0,False,False,4. Mid-Tier Core
2884,37,Male,Scarf,Accessories,42,Maine,XL,Olive,Summer,4.1,No,Next Day Air,No,No,42,PayPal,Bi-Weekly,Accessories,43,0,14,42.0,0.0,16.8,20.2,24.4,16.0,False,False,4. Mid-Tier Core
2885,64,Female,Jeans,Clothing,32,Nebraska,S,Maroon,Summer,3.9,No,2-Day Shipping,No,No,36,Debit Card,Monthly,Clothing,37,0,30,32.0,0.0,12.8,14.2,17.4,11.0,False,False,4. Mid-Tier Core
2886,53,Male,Handbag,Accessories,63,Missouri,M,Indigo,Fall,4.8,Yes,Express,Yes,Yes,41,Venmo,Annually,Accessories,42,1,365,78.75,15.75,31.5,26.5,34.38,18.62,False,False,3. Promo-Using Repeat
2887,69,Female,Skirt,Clothing,72,Iowa,L,Charcoal,Spring,4.4,Yes,2-Day Shipping,No,No,10,Cash,Every 3 Months,Clothing,11,0,90,72.0,0.0,28.8,38.2,45.4,31.0,False,False,1. High Value Organic
2888,33,Male,Shoes,Footwear,89,Utah,M,Yellow,Winter,2.9,No,Express,No,No,5,Venmo,Quarterly,Footwear,6,0,90,89.0,0.0,35.6,48.4,57.3,39.5,False,False,4. Mid-Tier Core
2889,53,Male,Dress,Clothing,25,Arizona,XL,Turquoise,Winter,2.8,No,Store Pickup,Yes,Yes,28,PayPal,Fortnightly,Clothing,29,1,14,31.25,6.25,12.5,7.5,10.62,4.38,False,False,3. Promo-Using Repeat
2890,64,Male,Sneakers,Footwear,64,Maine,L,Beige,Summer,3.1,No,Standard,No,No,30,Venmo,Every 3 Months,Footwear,31,0,90,64.0,0.0,25.6,33.4,39.8,27.0,False,False,1. High Value Organic
2891,61,Female,Socks,Clothing,71,Nebraska,M,Charcoal,Summer,4.6,Yes,Standard,No,No,34,Bank Transfer,Monthly,Clothing,35,0,30,71.0,0.0,28.4,37.6,44.7,30.5,False,False,1. High Value Organic
2892,66,Male,Sunglasses,Accessories,86,Texas,M,Silver,Summer,3.3,No,Free Shipping,Yes,Yes,6,Venmo,Fortnightly,Accessories,7,1,14,107.5,21.5,43.0,38.0,48.75,27.25,False,False,2. High Spend Bargain Hunter
2893,41,Male,Socks,Clothing,64,Illinois,L,Indigo,Winter,3.1,Yes,2-Day Shipping,No,No,7,Cash,Weekly,Clothing,8,0,7,64.0,0.0,25.6,33.4,39.8,27.0,False,False,4. Mid-Tier Core
2894,38,Male,Shirt,Clothing,63,New Jersey,M,Purple,Winter,3.0,No,Store Pickup,Yes,Yes,50,Credit Card,Fortnightly,Clothing,51,1,14,78.75,15.75,31.5,26.5,34.38,18.62,False,False,3. Promo-Using Repeat
2895,68,Male,Shoes,Footwear,45,Idaho,M,Purple,Summer,4.4,No,Free Shipping,Yes,Yes,10,Venmo,Bi-Weekly,Footwear,11,1,14,56.25,11.25,22.5,17.5,23.12,11.88,False,False,3. Promo-Using Repeat
2896,55,Female,Sandals,Footwear,96,Kentucky,S,Red,Fall,4.0,No,Free Shipping,Yes,Yes,15,Venmo,Bi-Weekly,Footwear,16,1,14,120.0,24.0,48.0,43.0,55.0,31.0,False,False,2. High Spend Bargain Hunter
2897,69,Male,Sneakers,Footwear,52,Vermont,L,Charcoal,Spring,2.7,No,Store Pickup,No,No,38,Debit Card,Weekly,Footwear,39,0,7,52.0,0.0,20.8,26.2,31.4,21.0,False,False,4. Mid-Tier Core
2898,20,Male,Sandals,Footwear,59,Vermont,M,Gold,Summer,2.9,No,Store Pickup,Yes,Yes,19,PayPal,Annually,Footwear,20,1,365,73.75,14.75,29.5,24.5,31.88,17.12,False,False,3. Promo-Using Repeat
2899,43,Female,Sandals,Footwear,89,New Hampshire,M,Purple,Spring,2.8,No,Next Day Air,No,No,24,Venmo,Monthly,Footwear,25,0,30,89.0,0.0,35.6,48.4,57.3,39.5,True,True,1. High Value Organic
2900,49,Male,Belt,Accessories,66,Kansas,XL,Olive,Spring,2.9,Yes,Store Pickup,Yes,Yes,37,Venmo,Monthly,Accessories,38,1,30,82.5,16.5,33.0,28.0,36.25,19.75,False,False,3. Promo-Using Repeat
2901,57,Male,Shoes,Footwear,69,Rhode Island,M,Silver,Fall,3.0,No,Standard,No,No,19,Bank Transfer,Annually,Footwear,20,0,365,69.0,0.0,27.6,36.4,43.3,29.5,False,False,1. High Value Organic
2902,53,Female,Blouse,Clothing,33,Alaska,L,Brown,Summer,4.4,No,Express,Yes,Yes,17,Cash,Bi-Weekly,Clothing,18,1,14,41.25,8.25,16.5,11.5,15.62,7.38,False,False,3. Promo-Using Repeat
2903,44,Male,Blouse,Clothing,32,Arkansas,M,Peach,Fall,5.0,No,2-Day Shipping,No,No,19,PayPal,Annually,Clothing,20,0,365,32.0,0.0,12.8,14.2,17.4,11.0,False,False,4. Mid-Tier Core
2904,36,Male,Hat,Accessories,95,Massachusetts,XL,Green,Summer,4.8,No,Free Shipping,No,No,46,Bank Transfer,Weekly,Accessories,47,0,7,95.0,0.0,38.0,52.0,61.5,42.5,True,True,1. High Value Organic
2905,59,Female,Blouse,Clothing,62,North Carolina,S,Charcoal,Summer,4.7,No,Standard,Yes,Yes,32,PayPal,Monthly,Clothing,33,1,30,77.5,15.5,31.0,26.0,33.75,18.25,False,False,3. Promo-Using Repeat
2906,61,Female,Dress,Clothing,74,Wyoming,S,Lavender,Winter,2.6,Yes,Express,Yes,Yes,49,Credit Card,Annually,Clothing,50,1,365,92.5,18.5,37.0,32.0,41.25,22.75,False,False,3. Promo-Using Repeat
2907,53,Male,Skirt,Clothing,97,New Jersey,M,Teal,Winter,4.7,No,Free Shipping,No,No,22,Cash,Bi-Weekly,Clothing,23,0,14,97.0,0.0,38.8,53.2,62.9,43.5,True,True,1. High Value Organic
2908,28,Male,Jeans,Clothing,87,Alaska,L,Teal,Spring,3.0,No,Free Shipping,No,No,35,Credit Card,Fortnightly,Clothing,36,0,14,87.0,0.0,34.8,47.2,55.9,38.5,True,True,1. High Value Organic
2909,23,Male,Hat,Accessories,30,New Hampshire,M,Pink,Spring,3.3,No,Free Shipping,Yes,Yes,40,PayPal,Annually,Accessories,41,1,365,37.5,7.5,15.0,10.0,13.75,6.25,False,False,3. Promo-Using Repeat
2910,36,Male,Pants,Clothing,62,North Dakota,M,Peach,Summer,3.4,No,Free Shipping,No,No,44,Debit Card,Bi-Weekly,Clothing,45,0,14,62.0,0.0,24.8,32.2,38.4,26.0,False,False,1. High Value Organic
2911,41,Female,Jeans,Clothing,40,North Dakota,L,Violet,Summer,4.5,No,Free Shipping,Yes,Yes,23,Credit Card,Every 3 Months,Clothing,24,1,90,50.0,10.0,20.0,15.0,20.0,10.0,False,False,3. Promo-Using Repeat
2912,49,Male,Sunglasses,Accessories,83,Florida,XL,Beige,Spring,4.6,No,Store Pickup,No,No,45,Bank Transfer,Weekly,Accessories,46,0,7,83.0,0.0,33.2,44.8,53.1,36.5,True,True,1. High Value Organic
2913,40,Female,Socks,Clothing,74,South Dakota,L,Purple,Summer,2.6,No,Store Pickup,No,No,34,Venmo,Weekly,Clothing,35,0,7,74.0,0.0,29.6,39.4,46.8,32.0,False,True,1. High Value Organic
2914,63,Male,Coat,Outerwear,33,Indiana,XL,Orange,Winter,4.8,No,2-Day Shipping,No,No,48,Bank Transfer,Quarterly,Outerwear,49,0,90,33.0,0.0,13.2,14.8,18.1,11.5,False,False,4. Mid-Tier Core
2915,28,Male,Handbag,Accessories,94,Louisiana,M,Gold,Spring,4.2,Yes,2-Day Shipping,Yes,Yes,6,Credit Card,Quarterly,Accessories,7,1,90,117.5,23.5,47.0,42.0,53.75,30.25,False,False,2. High Spend Bargain Hunter
2916,43,Male,Jewelry,Accessories,40,Tennessee,S,Pink,Winter,4.7,No,Standard,Yes,Yes,29,PayPal,Monthly,Accessories,30,1,30,50.0,10.0,20.0,15.0,20.0,10.0,False,False,3. Promo-Using Repeat
2917,23,Female,Jewelry,Accessories,81,Missouri,S,Gold,Winter,2.7,Yes,Free Shipping,Yes,Yes,10,Credit Card,Monthly,Accessories,11,1,30,101.25,20.25,40.5,35.5,45.62,25.38,False,False,2. High Spend Bargain Hunter
2918,27,Female,Handbag,Accessories,81,Kansas,L,Silver,Winter,3.0,Yes,Express,Yes,Yes,38,Debit Card,Annually,Accessories,39,1,365,101.25,20.25,40.5,35.5,45.62,25.38,True,False,2. High Spend Bargain Hunter
2919,37,Male,Jacket,Outerwear,21,Alaska,L,Indigo,Fall,5.0,No,Free Shipping,Yes,Yes,9,Venmo,Weekly,Outerwear,10,1,7,26.25,5.25,10.5,5.5,8.12,2.88,False,False,3. Promo-Using Repeat
2920,41,Male,Coat,Outerwear,21,Kentucky,S,Violet,Fall,3.4,No,Store Pickup,No,No,26,Debit Card,Quarterly,Outerwear,27,0,90,21.0,0.0,8.4,7.6,9.7,5.5,False,False,4. Mid-Tier Core
2921,24,Male,Blouse,Clothing,22,West Virginia,M,Gold,Winter,2.7,No,Free Shipping,No,No,6,Bank Transfer,Fortnightly,Clothing,7,0,14,22.0,0.0,8.8,8.2,10.4,6.0,False,False,4. Mid-Tier Core
2922,57,Male,Shoes,Footwear,23,Kentucky,S,Magenta,Summer,2.6,No,Store Pickup,Yes,Yes,7,Debit Card,Weekly,Footwear,8,1,7,28.75,5.75,11.5,6.5,9.38,3.62,False,False,3. Promo-Using Repeat
2923,32,Female,Jacket,Outerwear,93,West Virginia,M,Yellow,Fall,2.7,No,Express,Yes,Yes,38,Cash,Every 3 Months,Outerwear,39,1,90,116.25,23.25,46.5,41.5,53.12,29.88,True,False,2. High Spend Bargain Hunter
2924,42,Male,Sunglasses,Accessories,96,North Carolina,XL,Maroon,Fall,4.3,No,2-Day Shipping,No,No,11,Bank Transfer,Weekly,Accessories,12,0,7,96.0,0.0,38.4,52.6,62.2,43.0,False,False,1. High Value Organic
2925,70,Male,Boots,Footwear,72,Mississippi,L,Charcoal,Summer,4.5,Yes,Store Pickup,No,No,3,Cash,Quarterly,Footwear,4,0,90,72.0,0.0,28.8,38.2,45.4,31.0,False,False,4. Mid-Tier Core
2926,42,Female,Dress,Clothing,81,Ohio,M,Olive,Winter,3.8,Yes,Express,Yes,Yes,7,Cash,Monthly,Clothing,8,1,30,101.25,20.25,40.5,35.5,45.62,25.38,False,False,2. High Spend Bargain Hunter
2927,58,Female,Handbag,Accessories,53,Nevada,S,White,Fall,3.4,No,Express,Yes,Yes,10,Venmo,Every 3 Months,Accessories,11,1,90,66.25,13.25,26.5,21.5,28.12,14.88,False,False,3. Promo-Using Repeat
2928,67,Male,Jewelry,Accessories,24,Vermont,M,Pink,Winter,3.1,Yes,Standard,Yes,Yes,43,Bank Transfer,Bi-Weekly,Accessories,44,1,14,30.0,6.0,12.0,7.0,10.0,4.0,False,False,3. Promo-Using Repeat
2929,26,Female,Skirt,Clothing,36,Minnesota,S,Purple,Winter,3.4,No,Free Shipping,No,No,24,Cash,Annually,Clothing,25,0,365,36.0,0.0,14.4,16.6,20.2,13.0,False,False,4. Mid-Tier Core
2930,68,Male,Coat,Outerwear,28,Indiana,XL,Peach,Spring,3.0,Yes,Express,No,No,31,Debit Card,Fortnightly,Outerwear,32,0,14,28.0,0.0,11.2,11.8,14.6,9.0,False,False,4. Mid-Tier Core
2931,56,Female,Gloves,Accessories,61,Texas,XL,Charcoal,Winter,4.7,No,Next Day Air,No,No,44,Cash,Every 3 Months,Accessories,45,0,90,61.0,0.0,24.4,31.6,37.7,25.5,False,False,1. High Value Organic
2932,24,Female,Jewelry,Accessories,30,Ohio,M,Peach,Summer,3.6,No,Next Day Air,Yes,Yes,47,Debit Card,Monthly,Accessories,48,1,30,37.5,7.5,15.0,10.0,13.75,6.25,False,False,3. Promo-Using Repeat
2933,52,Male,Jewelry,Accessories,57,Arizona,M,Black,Winter,2.5,No,Express,No,No,45,Bank Transfer,Weekly,Accessories,46,0,7,57.0,0.0,22.8,29.2,34.9,23.5,False,False,1. High Value Organic
2934,38,Female,Hoodie,Clothing,65,Hawaii,M,Gold,Summer,3.4,No,Free Shipping,Yes,Yes,40,Cash,Quarterly,Clothing,41,1,90,81.25,16.25,32.5,27.5,35.62,19.38,False,False,3. Promo-Using Repeat
2935,59,Female,Sneakers,Footwear,58,Florida,M,Violet,Fall,4.3,No,Store Pickup,No,No,42,Cash,Fortnightly,Footwear,43,0,14,58.0,0.0,23.2,29.8,35.6,24.0,False,False,1. High Value Organic
2936,20,Female,Jacket,Outerwear,29,Wyoming,M,Peach,Winter,4.1,No,Store Pickup,No,No,26,Cash,Weekly,Outerwear,27,0,7,29.0,0.0,11.6,12.4,15.3,9.5,False,False,4. Mid-Tier Core
2937,23,Male,Sandals,Footwear,47,Delaware,L,White,Spring,3.6,No,Standard,Yes,Yes,22,Credit Card,Monthly,Footwear,23,1,30,58.75,11.75,23.5,18.5,24.38,12.62,False,False,3. Promo-Using Repeat
2938,27,Male,Shorts,Clothing,83,Massachusetts,M,Beige,Fall,3.4,No,Next Day Air,No,No,15,PayPal,Weekly,Clothing,16,0,7,83.0,0.0,33.2,44.8,53.1,36.5,False,True,1. High Value Organic
2939,40,Male,Shoes,Footwear,28,New York,M,Orange,Winter,3.8,No,Next Day Air,Yes,Yes,22,Debit Card,Annually,Footwear,23,1,365,35.0,7.0,14.0,9.0,12.5,5.5,False,False,3. Promo-Using Repeat
2940,70,Male,Skirt,Clothing,82,Georgia,M,Brown,Summer,2.7,No,Express,No,No,46,PayPal,Fortnightly,Clothing,47,0,14,82.0,0.0,32.8,44.2,52.4,36.0,True,True,1. High Value Organic
2941,65,Female,Sneakers,Footwear,42,Utah,M,Beige,Fall,4.8,No,Free Shipping,No,No,36,PayPal,Annually,Footwear,37,0,365,42.0,0.0,16.8,20.2,24.4,16.0,False,False,4. Mid-Tier Core
2942,32,Male,Dress,Clothing,32,Oklahoma,M,Peach,Winter,3.9,No,Express,Yes,Yes,17,Credit Card,Quarterly,Clothing,18,1,90,40.0,8.0,16.0,11.0,15.0,7.0,False,False,3. Promo-Using Repeat
2943,63,Female,Sandals,Footwear,47,Kansas,M,Orange,Summer,3.3,Yes,Standard,Yes,Yes,12,PayPal,Quarterly,Footwear,13,1,90,58.75,11.75,23.5,18.5,24.38,12.62,False,False,3. Promo-Using Repeat
2944,41,Female,Boots,Footwear,47,Nebraska,XL,Charcoal,Fall,3.2,No,Store Pickup,No,No,27,Debit Card,Bi-Weekly,Footwear,28,0,14,47.0,0.0,18.8,23.2,27.9,18.5,False,False,4. Mid-Tier Core
2945,45,Female,Shoes,Footwear,84,California,XL,Olive,Fall,3.6,No,Standard,No,No,36,Cash,Weekly,Footwear,37,0,7,84.0,0.0,33.6,45.4,53.8,37.0,True,True,1. High Value Organic
2946,53,Male,Belt,Accessories,43,Texas,M,Purple,Winter,4.1,No,2-Day Shipping,Yes,Yes,39,Venmo,Fortnightly,Accessories,40,1,14,53.75,10.75,21.5,16.5,21.88,11.12,False,False,3. Promo-Using Repeat
2947,22,Male,Shoes,Footwear,48,Massachusetts,L,White,Summer,4.0,No,2-Day Shipping,Yes,Yes,41,Debit Card,Annually,Footwear,42,1,365,60.0,12.0,24.0,19.0,25.0,13.0,False,False,3. Promo-Using Repeat
2948,36,Female,Sandals,Footwear,26,Delaware,S,Maroon,Spring,4.4,Yes,Express,No,No,25,PayPal,Monthly,Footwear,26,0,30,26.0,0.0,10.4,10.6,13.2,8.0,False,False,4. Mid-Tier Core
2949,68,Male,Coat,Outerwear,23,Louisiana,M,Peach,Summer,3.7,No,Next Day Air,Yes,Yes,48,Debit Card,Every 3 Months,Outerwear,49,1,90,28.75,5.75,11.5,6.5,9.38,3.62,False,False,3. Promo-Using Repeat
2950,56,Male,Shirt,Clothing,97,Louisiana,S,Maroon,Fall,4.7,No,Standard,No,No,11,Venmo,Monthly,Clothing,12,0,30,97.0,0.0,38.8,53.2,62.9,43.5,False,False,1. High Value Organic
2951,31,Male,Jewelry,Accessories,30,Oregon,L,Pink,Winter,2.8,Yes,Next Day Air,No,No,29,Venmo,Monthly,Accessories,30,0,30,30.0,0.0,12.0,13.0,16.0,10.0,False,False,4. Mid-Tier Core
2952,34,Male,Shirt,Clothing,74,Arkansas,M,Pink,Summer,2.6,Yes,2-Day Shipping,Yes,Yes,25,Venmo,Monthly,Clothing,26,1,30,92.5,18.5,37.0,32.0,41.25,22.75,False,False,3. Promo-Using Repeat
2953,44,Female,Handbag,Accessories,41,Massachusetts,S,Purple,Summer,3.3,Yes,Free Shipping,Yes,Yes,16,Cash,Bi-Weekly,Accessories,17,1,14,51.25,10.25,20.5,15.5,20.62,10.38,False,False,3. Promo-Using Repeat
2954,32,Male,Handbag,Accessories,66,Illinois,M,Green,Fall,2.8,No,Store Pickup,No,No,23,Cash,Quarterly,Accessories,24,0,90,66.0,0.0,26.4,34.6,41.2,28.0,False,False,1. High Value Organic
2955,25,Male,Belt,Accessories,90,Mississippi,M,White,Summer,4.5,No,Free Shipping,No,No,46,Bank Transfer,Annually,Accessories,47,0,365,90.0,0.0,36.0,49.0,58.0,40.0,True,True,1. High Value Organic
2956,64,Male,Dress,Clothing,75,Tennessee,S,Teal,Spring,4.0,No,Store Pickup,Yes,Yes,40,Debit Card,Weekly,Clothing,41,1,7,93.75,18.75,37.5,32.5,41.88,23.12,False,False,3. Promo-Using Repeat
2957,38,Male,Sandals,Footwear,50,West Virginia,M,Maroon,Summer,4.5,No,Next Day Air,Yes,Yes,22,Cash,Monthly,Footwear,23,1,30,62.5,12.5,25.0,20.0,26.25,13.75,False,False,3. Promo-Using Repeat
2958,51,Female,Jacket,Outerwear,61,Illinois,M,Orange,Fall,4.2,No,Next Day Air,Yes,Yes,12,Cash,Bi-Weekly,Outerwear,13,1,14,76.25,15.25,30.5,25.5,33.12,17.88,False,False,3. Promo-Using Repeat
2959,62,Male,Dress,Clothing,86,Iowa,M,Turquoise,Winter,4.5,No,Standard,Yes,Yes,7,Venmo,Fortnightly,Clothing,8,1,14,107.5,21.5,43.0,38.0,48.75,27.25,False,False,2. High Spend Bargain Hunter
2960,29,Female,Blouse,Clothing,29,Nevada,L,Pink,Summer,4.9,No,2-Day Shipping,No,No,46,Cash,Weekly,Clothing,47,0,7,29.0,0.0,11.6,12.4,15.3,9.5,False,False,4. Mid-Tier Core
2961,39,Male,Jeans,Clothing,83,South Dakota,M,Magenta,Fall,3.2,No,Store Pickup,No,No,6,Venmo,Weekly,Clothing,7,0,7,83.0,0.0,33.2,44.8,53.1,36.5,False,False,4. Mid-Tier Core
2962,70,Male,Shoes,Footwear,42,Louisiana,M,Brown,Spring,3.5,Yes,Standard,Yes,Yes,16,Credit Card,Bi-Weekly,Footwear,17,1,14,52.5,10.5,21.0,16.0,21.25,10.75,False,False,3. Promo-Using Repeat
2963,22,Male,Gloves,Accessories,43,Kentucky,M,Green,Winter,3.2,No,Next Day Air,Yes,Yes,6,Cash,Bi-Weekly,Accessories,7,1,14,53.75,10.75,21.5,16.5,21.88,11.12,False,False,3. Promo-Using Repeat
2964,55,Male,Gloves,Accessories,32,Nebraska,M,White,Winter,2.8,Yes,2-Day Shipping,Yes,Yes,29,Venmo,Monthly,Accessories,30,1,30,40.0,8.0,16.0,11.0,15.0,7.0,False,False,3. Promo-Using Repeat
2965,47,Male,Backpack,Accessories,39,Wyoming,S,Olive,Fall,4.8,Yes,Standard,No,No,29,Debit Card,Fortnightly,Accessories,30,0,14,39.0,0.0,15.6,18.4,22.3,14.5,False,False,4. Mid-Tier Core
2966,33,Male,Handbag,Accessories,29,California,S,Violet,Summer,4.2,Yes,Standard,Yes,Yes,24,Bank Transfer,Every 3 Months,Accessories,25,1,90,36.25,7.25,14.5,9.5,13.12,5.88,False,False,3. Promo-Using Repeat
2967,31,Female,Boots,Footwear,48,North Carolina,S,Peach,Winter,4.2,No,Express,No,No,13,Bank Transfer,Quarterly,Footwear,14,0,90,48.0,0.0,19.2,23.8,28.6,19.0,False,False,4. Mid-Tier Core
2968,64,Female,Handbag,Accessories,75,Hawaii,L,Black,Winter,4.7,No,Next Day Air,No,No,23,Debit Card,Bi-Weekly,Accessories,24,0,14,75.0,0.0,30.0,40.0,47.5,32.5,False,True,1. High Value Organic
2969,41,Male,Dress,Clothing,33,Nevada,S,Magenta,Summer,4.4,Yes,2-Day Shipping,Yes,Yes,21,Cash,Bi-Weekly,Clothing,22,1,14,41.25,8.25,16.5,11.5,15.62,7.38,False,False,3. Promo-Using Repeat
2970,70,Male,Jeans,Clothing,44,Kansas,M,Beige,Fall,4.3,No,Express,Yes,Yes,3,Bank Transfer,Every 3 Months,Clothing,4,1,90,55.0,11.0,22.0,17.0,22.5,11.5,False,False,3. Promo-Using Repeat
2971,40,Male,Dress,Clothing,43,Alaska,S,Gray,Fall,4.9,Yes,Next Day Air,No,No,39,PayPal,Quarterly,Clothing,40,0,90,43.0,0.0,17.2,20.8,25.1,16.5,False,False,4. Mid-Tier Core
2972,63,Male,Shoes,Footwear,46,West Virginia,XL,Gray,Spring,4.9,No,2-Day Shipping,Yes,Yes,21,PayPal,Fortnightly,Footwear,22,1,14,57.5,11.5,23.0,18.0,23.75,12.25,False,False,3. Promo-Using Repeat
2973,29,Female,Shoes,Footwear,55,Alabama,L,Gray,Fall,3.1,No,2-Day Shipping,Yes,Yes,27,Cash,Bi-Weekly,Footwear,28,1,14,68.75,13.75,27.5,22.5,29.38,15.62,False,False,3. Promo-Using Repeat
2974,36,Male,Sweater,Clothing,41,Hawaii,L,Olive,Fall,3.4,No,Next Day Air,Yes,Yes,47,Venmo,Monthly,Clothing,48,1,30,51.25,10.25,20.5,15.5,20.62,10.38,False,False,3. Promo-Using Repeat
2975,32,Male,Pants,Clothing,95,Missouri,XL,Beige,Summer,4.6,Yes,Free Shipping,Yes,Yes,19,Bank Transfer,Weekly,Clothing,20,1,7,118.75,23.75,47.5,42.5,54.38,30.62,False,False,2. High Spend Bargain Hunter
2976,44,Female,Hat,Accessories,21,Arkansas,S,Peach,Fall,4.3,No,Free Shipping,No,No,26,Credit Card,Annually,Accessories,27,0,365,21.0,0.0,8.4,7.6,9.7,5.5,False,False,4. Mid-Tier Core
2977,47,Male,Belt,Accessories,39,Maryland,M,Indigo,Fall,3.2,Yes,Free Shipping,Yes,Yes,7,Bank Transfer,Fortnightly,Accessories,8,1,14,48.75,9.75,19.5,14.5,19.38,9.62,False,False,3. Promo-Using Repeat
2978,37,Male,Shoes,Footwear,95,Louisiana,M,Charcoal,Winter,3.7,No,Free Shipping,No,No,43,Cash,Weekly,Footwear,44,0,7,95.0,0.0,38.0,52.0,61.5,42.5,True,True,1. High Value Organic
2979,37,Male,Socks,Clothing,48,Maine,M,Maroon,Summer,4.7,Yes,Store Pickup,No,No,22,Cash,Every 3 Months,Clothing,23,0,90,48.0,0.0,19.2,23.8,28.6,19.0,False,False,4. Mid-Tier Core
2980,41,Female,Blouse,Clothing,64,Utah,M,Olive,Fall,2.9,No,Standard,No,No,5,Cash,Annually,Clothing,6,0,365,64.0,0.0,25.6,33.4,39.8,27.0,False,False,4. Mid-Tier Core
2981,52,Male,Skirt,Clothing,50,Wyoming,M,Brown,Fall,2.8,Yes,Next Day Air,No,No,33,Cash,Every 3 Months,Clothing,34,0,90,50.0,0.0,20.0,25.0,30.0,20.0,False,False,4. Mid-Tier Core
2982,49,Male,Scarf,Accessories,41,Mississippi,XL,White,Winter,4.4,No,Next Day Air,Yes,Yes,8,Venmo,Quarterly,Accessories,9,1,90,51.25,10.25,20.5,15.5,20.62,10.38,False,False,3. Promo-Using Repeat
2983,65,Male,Hat,Accessories,35,Georgia,XL,White,Fall,4.1,No,Express,No,No,19,Cash,Monthly,Accessories,20,0,30,35.0,0.0,14.0,16.0,19.5,12.5,False,False,4. Mid-Tier Core
2984,60,Male,Sandals,Footwear,77,Delaware,S,Violet,Summer,4.0,No,Standard,Yes,Yes,13,Venmo,Fortnightly,Footwear,14,1,14,96.25,19.25,38.5,33.5,43.12,23.88,False,False,3. Promo-Using Repeat
2985,70,Female,Handbag,Accessories,23,New Hampshire,M,Purple,Winter,4.8,No,Store Pickup,Yes,Yes,14,Credit Card,Quarterly,Accessories,15,1,90,28.75,5.75,11.5,6.5,9.38,3.62,False,False,3. Promo-Using Repeat
2986,18,Female,Shirt,Clothing,32,Hawaii,L,Cyan,Summer,3.5,Yes,Free Shipping,No,No,46,Credit Card,Bi-Weekly,Clothing,47,0,14,32.0,0.0,12.8,14.2,17.4,11.0,False,False,4. Mid-Tier Core
2987,55,Male,Sandals,Footwear,21,Kentucky,M,Charcoal,Fall,3.9,Yes,Express,No,No,35,Credit Card,Annually,Footwear,36,0,365,21.0,0.0,8.4,7.6,9.7,5.5,False,False,4. Mid-Tier Core
2988,67,Male,Socks,Clothing,52,Mississippi,M,Maroon,Spring,2.8,No,Standard,Yes,Yes,36,Debit Card,Bi-Weekly,Clothing,37,1,14,65.0,13.0,26.0,21.0,27.5,14.5,False,False,3. Promo-Using Repeat
2989,48,Male,Jacket,Outerwear,51,Oregon,L,Olive,Winter,3.5,No,2-Day Shipping,Yes,Yes,41,Debit Card,Fortnightly,Outerwear,42,1,14,63.75,12.75,25.5,20.5,26.88,14.12,False,False,3. Promo-Using Repeat
2990,66,Male,Dress,Clothing,94,Texas,M,Peach,Summer,4.9,No,Standard,Yes,Yes,22,Debit Card,Weekly,Clothing,23,1,7,117.5,23.5,47.0,42.0,53.75,30.25,True,False,2. High Spend Bargain Hunter
2991,50,Male,Sunglasses,Accessories,28,Montana,S,Gold,Spring,4.3,No,Express,Yes,Yes,27,Bank Transfer,Monthly,Accessories,28,1,30,35.0,7.0,14.0,9.0,12.5,5.5,False,False,3. Promo-Using Repeat
2992,49,Male,Dress,Clothing,31,South Dakota,L,Violet,Winter,3.2,No,Next Day Air,No,No,23,Debit Card,Fortnightly,Clothing,24,0,14,31.0,0.0,12.4,13.6,16.7,10.5,False,False,4. Mid-Tier Core
2993,65,Male,Dress,Clothing,93,Maine,M,Peach,Spring,4.1,No,Store Pickup,No,No,36,Venmo,Bi-Weekly,Clothing,37,0,14,93.0,0.0,37.2,50.8,60.1,41.5,True,True,1. High Value Organic
2994,19,Male,Socks,Clothing,72,Wyoming,M,Gold,Summer,4.0,Yes,Next Day Air,Yes,Yes,44,Venmo,Weekly,Clothing,45,1,7,90.0,18.0,36.0,31.0,40.0,22.0,False,False,3. Promo-Using Repeat
2995,37,Male,Dress,Clothing,93,Utah,M,Peach,Summer,3.1,No,Standard,No,No,28,PayPal,Annually,Clothing,29,0,365,93.0,0.0,37.2,50.8,60.1,41.5,True,True,1. High Value Organic
2996,57,Female,Sandals,Footwear,49,Massachusetts,L,Silver,Fall,4.1,No,2-Day Shipping,Yes,Yes,37,Cash,Weekly,Footwear,38,1,7,61.25,12.25,24.5,19.5,25.62,13.38,False,False,3. Promo-Using Repeat
2997,51,Female,Pants,Clothing,46,Louisiana,L,Brown,Fall,4.1,No,Store Pickup,Yes,Yes,40,Bank Transfer,Weekly,Clothing,41,1,7,57.5,11.5,23.0,18.0,23.75,12.25,False,False,3. Promo-Using Repeat
2998,49,Female,Socks,Clothing,45,New Hampshire,M,Teal,Fall,2.8,No,Store Pickup,No,No,46,Venmo,Every 3 Months,Clothing,47,0,90,45.0,0.0,18.0,22.0,26.5,17.5,False,False,4. Mid-Tier Core
2999,27,Female,Jewelry,Accessories,91,West Virginia,M,Purple,Winter,3.1,Yes,Express,No,No,19,Bank Transfer,Weekly,Accessories,20,0,7,91.0,0.0,36.4,49.6,58.7,40.5,False,True,1. High Value Organic
3000,42,Male,Blouse,Clothing,37,South Carolina,L,Lavender,Winter,3.3,Yes,Store Pickup,Yes,Yes,37,Cash,Monthly,Clothing,38,1,30,46.25,9.25,18.5,13.5,18.12,8.88,False,False,3. Promo-Using Repeat
3001,52,Female,Dress,Clothing,75,California,L,Beige,Spring,4.9,No,Standard,No,No,44,PayPal,Annually,Clothing,45,0,365,75.0,0.0,30.0,40.0,47.5,32.5,False,True,1. High Value Organic
3002,25,Male,Shorts,Clothing,22,Maine,M,Beige,Summer,4.4,Yes,Standard,Yes,Yes,22,Bank Transfer,Quarterly,Clothing,23,1,90,27.5,5.5,11.0,6.0,8.75,3.25,False,False,3. Promo-Using Repeat
3003,40,Male,Pants,Clothing,21,Maine,M,Charcoal,Fall,3.5,Yes,Free Shipping,Yes,Yes,50,Bank Transfer,Quarterly,Clothing,51,1,90,26.25,5.25,10.5,5.5,8.12,2.88,False,False,3. Promo-Using Repeat
3004,21,Female,Pants,Clothing,64,North Dakota,S,Violet,Winter,4.8,No,Next Day Air,No,No,30,Cash,Quarterly,Clothing,31,0,90,64.0,0.0,25.6,33.4,39.8,27.0,False,False,1. High Value Organic
3005,39,Female,Handbag,Accessories,38,Ohio,S,Green,Winter,3.9,No,Next Day Air,Yes,Yes,39,PayPal,Quarterly,Accessories,40,1,90,47.5,9.5,19.0,14.0,18.75,9.25,False,False,3. Promo-Using Repeat
3006,64,Male,Sandals,Footwear,72,Mississippi,S,Indigo,Fall,2.8,Yes,Standard,Yes,Yes,23,Debit Card,Quarterly,Footwear,24,1,90,90.0,18.0,36.0,31.0,40.0,22.0,False,False,3. Promo-Using Repeat
3007,53,Male,Shoes,Footwear,69,Tennessee,L,Green,Spring,3.2,No,Next Day Air,Yes,Yes,7,Credit Card,Every 3 Months,Footwear,8,1,90,86.25,17.25,34.5,29.5,38.12,20.88,False,False,3. Promo-Using Repeat
3008,49,Male,Belt,Accessories,51,Indiana,M,Indigo,Winter,3.0,No,Free Shipping,Yes,Yes,26,PayPal,Bi-Weekly,Accessories,27,1,14,63.75,12.75,25.5,20.5,26.88,14.12,False,False,3. Promo-Using Repeat
3009,51,Male,Backpack,Accessories,43,Tennessee,L,Magenta,Spring,3.0,No,Standard,Yes,Yes,43,Cash,Monthly,Accessories,44,1,30,53.75,10.75,21.5,16.5,21.88,11.12,False,False,3. Promo-Using Repeat
3010,56,Male,Hoodie,Clothing,39,Alaska,XL,Brown,Winter,4.5,No,Standard,No,No,44,Cash,Fortnightly,Clothing,45,0,14,39.0,0.0,15.6,18.4,22.3,14.5,False,False,4. Mid-Tier Core
3011,33,Male,Sweater,Clothing,96,Indiana,L,Maroon,Summer,3.3,Yes,Next Day Air,No,No,20,Credit Card,Every 3 Months,Clothing,21,0,90,96.0,0.0,38.4,52.6,62.2,43.0,True,True,1. High Value Organic
3012,45,Female,Sweater,Clothing,21,New Hampshire,M,Indigo,Fall,2.6,Yes,Standard,No,No,7,Debit Card,Every 3 Months,Clothing,8,0,90,21.0,0.0,8.4,7.6,9.7,5.5,False,False,4. Mid-Tier Core
3013,67,Male,Dress,Clothing,29,Arizona,M,Gray,Summer,4.8,Yes,Free Shipping,Yes,Yes,28,Cash,Quarterly,Clothing,29,1,90,36.25,7.25,14.5,9.5,13.12,5.88,False,False,3. Promo-Using Repeat
3014,59,Female,Hoodie,Clothing,28,Nevada,M,Beige,Summer,5.0,Yes,Next Day Air,No,No,20,Venmo,Every 3 Months,Clothing,21,0,90,28.0,0.0,11.2,11.8,14.6,9.0,False,False,4. Mid-Tier Core
3015,65,Male,Sandals,Footwear,61,Alaska,XL,Violet,Winter,3.2,Yes,Store Pickup,No,No,45,Credit Card,Quarterly,Footwear,46,0,90,61.0,0.0,24.4,31.6,37.7,25.5,False,False,1. High Value Organic
3016,66,Male,Socks,Clothing,51,Wyoming,M,Pink,Summer,5.0,Yes,Next Day Air,No,No,26,Credit Card,Monthly,Clothing,27,0,30,51.0,0.0,20.4,25.6,30.7,20.5,False,False,4. Mid-Tier Core
3017,68,Male,Shorts,Clothing,80,South Carolina,M,Peach,Fall,3.6,No,Next Day Air,No,No,24,Cash,Annually,Clothing,25,0,365,80.0,0.0,32.0,43.0,51.0,35.0,True,True,1. High Value Organic
3018,67,Male,Jewelry,Accessories,77,Vermont,L,White,Spring,2.8,No,Next Day Air,Yes,Yes,48,Debit Card,Quarterly,Accessories,49,1,90,96.25,19.25,38.5,33.5,43.12,23.88,False,False,3. Promo-Using Repeat
3019,29,Female,Handbag,Accessories,21,Florida,L,Lavender,Spring,2.8,No,Store Pickup,No,No,30,Cash,Quarterly,Accessories,31,0,90,21.0,0.0,8.4,7.6,9.7,5.5,False,False,4. Mid-Tier Core
3020,63,Female,Handbag,Accessories,30,Arizona,M,Violet,Spring,3.6,No,2-Day Shipping,No,No,5,PayPal,Annually,Accessories,6,0,365,30.0,0.0,12.0,13.0,16.0,10.0,False,False,4. Mid-Tier Core
3021,57,Male,Skirt,Clothing,20,Illinois,L,Red,Winter,2.8,No,Standard,No,No,45,Cash,Quarterly,Clothing,46,0,90,20.0,0.0,8.0,7.0,9.0,5.0,False,False,4. Mid-Tier Core
3022,68,Male,Hat,Accessories,71,Florida,L,Beige,Summer,3.1,No,Next Day Air,Yes,Yes,5,PayPal,Weekly,Accessories,6,1,7,88.75,17.75,35.5,30.5,39.38,21.62,False,False,3. Promo-Using Repeat
3023,29,Female,Gloves,Accessories,72,Mississippi,M,Gold,Spring,4.0,No,Express,No,No,40,Bank Transfer,Monthly,Accessories,41,0,30,72.0,0.0,28.8,38.2,45.4,31.0,False,False,1. High Value Organic
3024,24,Female,Hat,Accessories,57,Minnesota,L,Pink,Winter,4.1,Yes,Express,Yes,Yes,38,Bank Transfer,Bi-Weekly,Accessories,39,1,14,71.25,14.25,28.5,23.5,30.62,16.38,False,False,3. Promo-Using Repeat
3025,45,Male,Jacket,Outerwear,31,New York,S,Magenta,Fall,2.5,No,2-Day Shipping,No,No,12,PayPal,Quarterly,Outerwear,13,0,90,31.0,0.0,12.4,13.6,16.7,10.5,False,False,4. Mid-Tier Core
3026,61,Female,Blouse,Clothing,56,Oregon,M,Cyan,Spring,3.1,No,Store Pickup,Yes,Yes,12,Cash,Fortnightly,Clothing,13,1,14,70.0,14.0,28.0,23.0,30.0,16.0,False,False,3. Promo-Using Repeat
3027,62,Female,Shorts,Clothing,23,Alaska,XL,Indigo,Fall,4.6,No,Standard,Yes,Yes,11,Bank Transfer,Weekly,Clothing,12,1,7,28.75,5.75,11.5,6.5,9.38,3.62,False,False,3. Promo-Using Repeat
3028,28,Female,Hoodie,Clothing,82,Iowa,S,Gold,Spring,4.4,No,Express,No,No,9,Cash,Quarterly,Clothing,10,0,90,82.0,0.0,32.8,44.2,52.4,36.0,False,False,4. Mid-Tier Core
3029,38,Female,Hoodie,Clothing,52,South Carolina,M,Magenta,Summer,3.3,No,Next Day Air,No,No,36,PayPal,Bi-Weekly,Clothing,37,0,14,52.0,0.0,20.8,26.2,31.4,21.0,False,False,4. Mid-Tier Core
3030,32,Male,Shorts,Clothing,74,Maine,M,Beige,Winter,3.6,Yes,2-Day Shipping,Yes,Yes,38,Debit Card,Annually,Clothing,39,1,365,92.5,18.5,37.0,32.0,41.25,22.75,False,False,3. Promo-Using Repeat
3031,24,Male,Scarf,Accessories,72,Texas,S,Teal,Summer,4.8,Yes,Next Day Air,Yes,Yes,18,Cash,Monthly,Accessories,19,1,30,90.0,18.0,36.0,31.0,40.0,22.0,False,False,3. Promo-Using Repeat
3032,66,Male,Jeans,Clothing,69,Hawaii,L,Peach,Fall,3.5,No,Store Pickup,Yes,Yes,14,Bank Transfer,Annually,Clothing,15,1,365,86.25,17.25,34.5,29.5,38.12,20.88,False,False,3. Promo-Using Repeat
3033,51,Male,Scarf,Accessories,37,Idaho,L,Gold,Fall,4.4,No,Store Pickup,Yes,Yes,3,Debit Card,Annually,Accessories,4,1,365,46.25,9.25,18.5,13.5,18.12,8.88,False,False,3. Promo-Using Repeat
3034,39,Male,Boots,Footwear,32,Minnesota,M,Gray,Summer,3.5,No,Next Day Air,Yes,Yes,21,Cash,Monthly,Footwear,22,1,30,40.0,8.0,16.0,11.0,15.0,7.0,False,False,3. Promo-Using Repeat
3035,64,Male,Sunglasses,Accessories,42,Arkansas,M,Brown,Spring,2.6,No,Standard,No,No,35,Venmo,Every 3 Months,Accessories,36,0,90,42.0,0.0,16.8,20.2,24.4,16.0,False,False,4. Mid-Tier Core
3036,53,Male,Dress,Clothing,41,Massachusetts,M,Brown,Summer,5.0,No,Next Day Air,No,No,32,Cash,Annually,Clothing,33,0,365,41.0,0.0,16.4,19.6,23.7,15.5,False,False,4. Mid-Tier Core
3037,60,Female,Pants,Clothing,88,Arkansas,S,Cyan,Fall,3.8,No,Next Day Air,No,No,14,Bank Transfer,Weekly,Clothing,15,0,7,88.0,0.0,35.2,47.8,56.6,39.0,False,False,1. High Value Organic
3038,32,Female,Jacket,Outerwear,87,Delaware,L,Teal,Spring,4.8,No,Standard,No,No,6,Credit Card,Annually,Outerwear,7,0,365,87.0,0.0,34.8,47.2,55.9,38.5,False,False,4. Mid-Tier Core
3039,38,Female,Hoodie,Clothing,71,Missouri,M,Charcoal,Fall,4.6,Yes,Next Day Air,Yes,Yes,6,Cash,Bi-Weekly,Clothing,7,1,14,88.75,17.75,35.5,30.5,39.38,21.62,False,False,3. Promo-Using Repeat
3040,37,Male,Jeans,Clothing,78,Arkansas,S,Orange,Summer,3.2,No,Next Day Air,No,No,17,Venmo,Weekly,Clothing,18,0,7,78.0,0.0,31.2,41.8,49.6,34.0,False,True,1. High Value Organic
3041,46,Male,Jewelry,Accessories,38,New York,XL,Indigo,Fall,3.4,No,Express,Yes,Yes,35,Venmo,Weekly,Accessories,36,1,7,47.5,9.5,19.0,14.0,18.75,9.25,False,False,3. Promo-Using Repeat
3042,40,Male,Dress,Clothing,48,Nevada,M,Silver,Spring,2.7,No,Free Shipping,No,No,44,PayPal,Fortnightly,Clothing,45,0,14,48.0,0.0,19.2,23.8,28.6,19.0,False,False,4. Mid-Tier Core
3043,59,Female,Hoodie,Clothing,71,Oregon,M,Magenta,Summer,4.9,No,Express,Yes,Yes,44,PayPal,Bi-Weekly,Clothing,45,1,14,88.75,17.75,35.5,30.5,39.38,21.62,False,False,3. Promo-Using Repeat
3044,44,Male,Hoodie,Clothing,80,Tennessee,M,Gray,Winter,3.2,No,Standard,Yes,Yes,3,Bank Transfer,Fortnightly,Clothing,4,1,14,100.0,20.0,40.0,35.0,45.0,25.0,False,False,2. High Spend Bargain Hunter
3045,64,Female,Jacket,Outerwear,52,New York,XL,Maroon,Spring,2.8,No,Free Shipping,Yes,Yes,16,Debit Card,Quarterly,Outerwear,17,1,90,65.0,13.0,26.0,21.0,27.5,14.5,False,False,3. Promo-Using Repeat
3046,47,Female,Shirt,Clothing,72,Oklahoma,M,Green,Fall,3.2,No,Standard,No,No,22,Bank Transfer,Monthly,Clothing,23,0,30,72.0,0.0,28.8,38.2,45.4,31.0,False,False,1. High Value Organic
3047,56,Male,Sunglasses,Accessories,91,Hawaii,L,Beige,Summer,3.5,No,2-Day Shipping,Yes,Yes,19,Credit Card,Bi-Weekly,Accessories,20,1,14,113.75,22.75,45.5,40.5,51.88,29.12,False,False,2. High Spend Bargain Hunter
3048,33,Male,Handbag,Accessories,42,South Dakota,M,Teal,Fall,4.1,No,2-Day Shipping,Yes,Yes,32,Debit Card,Every 3 Months,Accessories,33,1,90,52.5,10.5,21.0,16.0,21.25,10.75,False,False,3. Promo-Using Repeat
3049,44,Female,Sandals,Footwear,73,Rhode Island,S,Turquoise,Spring,2.8,Yes,Free Shipping,No,No,9,PayPal,Annually,Footwear,10,0,365,73.0,0.0,29.2,38.8,46.1,31.5,False,False,4. Mid-Tier Core
3050,49,Male,Dress,Clothing,61,Nebraska,M,Turquoise,Summer,2.7,No,Free Shipping,Yes,Yes,30,Venmo,Weekly,Clothing,31,1,7,76.25,15.25,30.5,25.5,33.12,17.88,False,False,3. Promo-Using Repeat
3051,50,Male,Shirt,Clothing,73,Delaware,L,Beige,Spring,4.7,No,Standard,Yes,Yes,47,Credit Card,Weekly,Clothing,48,1,7,91.25,18.25,36.5,31.5,40.62,22.38,False,False,3. Promo-Using Repeat
3052,68,Male,Boots,Footwear,37,Alabama,M,Turquoise,Winter,3.8,No,2-Day Shipping,No,No,42,Credit Card,Every 3 Months,Footwear,43,0,90,37.0,0.0,14.8,17.2,20.9,13.5,False,False,4. Mid-Tier Core
3053,44,Male,Sweater,Clothing,30,Kansas,L,Maroon,Winter,2.5,No,Next Day Air,Yes,Yes,40,Credit Card,Fortnightly,Clothing,41,1,14,37.5,7.5,15.0,10.0,13.75,6.25,False,False,3. Promo-Using Repeat
3054,65,Male,Shorts,Clothing,85,Illinois,L,Charcoal,Spring,3.4,No,Next Day Air,No,No,3,Credit Card,Fortnightly,Clothing,4,0,14,85.0,0.0,34.0,46.0,54.5,37.5,False,False,4. Mid-Tier Core
3055,47,Male,Backpack,Accessories,57,Illinois,M,Violet,Spring,2.5,No,2-Day Shipping,No,No,36,Venmo,Every 3 Months,Accessories,37,0,90,57.0,0.0,22.8,29.2,34.9,23.5,False,False,1. High Value Organic
3056,56,Female,Pants,Clothing,21,Arkansas,L,Charcoal,Summer,3.9,No,Standard,No,No,49,PayPal,Annually,Clothing,50,0,365,21.0,0.0,8.4,7.6,9.7,5.5,False,False,4. Mid-Tier Core
3057,41,Male,Gloves,Accessories,48,New Jersey,M,Silver,Spring,2.8,Yes,Next Day Air,Yes,Yes,38,Cash,Fortnightly,Accessories,39,1,14,60.0,12.0,24.0,19.0,25.0,13.0,False,False,3. Promo-Using Repeat
3058,70,Female,Sunglasses,Accessories,79,California,L,Teal,Summer,4.2,Yes,Next Day Air,No,No,42,Venmo,Weekly,Accessories,43,0,7,79.0,0.0,31.6,42.4,50.3,34.5,True,True,1. High Value Organic
3059,45,Male,Sneakers,Footwear,46,Alabama,L,Brown,Summer,2.8,No,Free Shipping,Yes,Yes,8,Credit Card,Every 3 Months,Footwear,9,1,90,57.5,11.5,23.0,18.0,23.75,12.25,False,False,3. Promo-Using Repeat
3060,55,Female,Coat,Outerwear,43,Tennessee,M,Cyan,Winter,4.7,Yes,Store Pickup,Yes,Yes,28,Bank Transfer,Quarterly,Outerwear,29,1,90,53.75,10.75,21.5,16.5,21.88,11.12,False,False,3. Promo-Using Repeat
3061,53,Female,Blouse,Clothing,30,Illinois,M,Maroon,Winter,4.1,Yes,2-Day Shipping,No,No,22,Cash,Fortnightly,Clothing,23,0,14,30.0,0.0,12.0,13.0,16.0,10.0,False,False,4. Mid-Tier Core
3062,55,Male,Blouse,Clothing,77,North Dakota,L,Gray,Winter,2.9,No,Store Pickup,No,No,3,Bank Transfer,Every 3 Months,Clothing,4,0,90,77.0,0.0,30.8,41.2,48.9,33.5,False,False,4. Mid-Tier Core
3063,40,Male,Jeans,Clothing,85,Maine,L,Pink,Spring,3.1,Yes,Store Pickup,No,No,10,Debit Card,Quarterly,Clothing,11,0,90,85.0,0.0,34.0,46.0,54.5,37.5,False,False,1. High Value Organic
3064,40,Male,Scarf,Accessories,41,Georgia,M,Indigo,Winter,3.9,No,Free Shipping,Yes,Yes,15,PayPal,Annually,Accessories,16,1,365,51.25,10.25,20.5,15.5,20.62,10.38,False,False,3. Promo-Using Repeat
3065,62,Male,Pants,Clothing,45,Indiana,L,Peach,Fall,3.6,No,Free Shipping,Yes,Yes,6,Debit Card,Every 3 Months,Clothing,7,1,90,56.25,11.25,22.5,17.5,23.12,11.88,False,False,3. Promo-Using Repeat
3066,53,Female,Shoes,Footwear,25,Minnesota,S,Brown,Spring,3.0,No,Store Pickup,Yes,Yes,39,Debit Card,Monthly,Footwear,40,1,30,31.25,6.25,12.5,7.5,10.62,4.38,False,False,3. Promo-Using Repeat
3067,27,Female,Boots,Footwear,100,Ohio,L,Silver,Winter,3.8,No,2-Day Shipping,No,No,42,Bank Transfer,Every 3 Months,Footwear,43,0,90,100.0,0.0,40.0,55.0,65.0,45.0,True,True,1. High Value Organic
3068,45,Male,Gloves,Accessories,90,Colorado,M,Olive,Fall,3.6,No,Express,No,No,46,Credit Card,Monthly,Accessories,47,0,30,90.0,0.0,36.0,49.0,58.0,40.0,True,True,1. High Value Organic
3069,24,Male,Gloves,Accessories,65,Nevada,L,Green,Winter,3.0,No,Next Day Air,Yes,Yes,13,Cash,Fortnightly,Accessories,14,1,14,81.25,16.25,32.5,27.5,35.62,19.38,False,False,3. Promo-Using Repeat
3070,57,Male,Jewelry,Accessories,84,Colorado,M,Cyan,Summer,3.7,Yes,Free Shipping,Yes,Yes,15,Venmo,Weekly,Accessories,16,1,7,105.0,21.0,42.0,37.0,47.5,26.5,False,False,2. High Spend Bargain Hunter
3071,34,Female,Gloves,Accessories,83,Iowa,M,Silver,Winter,4.1,Yes,2-Day Shipping,Yes,Yes,34,PayPal,Every 3 Months,Accessories,35,1,90,103.75,20.75,41.5,36.5,46.88,26.12,True,False,2. High Spend Bargain Hunter
3072,25,Male,Shirt,Clothing,38,West Virginia,XL,Peach,Spring,2.7,Yes,Next Day Air,Yes,Yes,33,Cash,Bi-Weekly,Clothing,34,1,14,47.5,9.5,19.0,14.0,18.75,9.25,False,False,3. Promo-Using Repeat
3073,70,Male,Blouse,Clothing,64,Hawaii,M,Charcoal,Summer,4.1,Yes,Store Pickup,No,No,50,Bank Transfer,Annually,Clothing,51,0,365,64.0,0.0,25.6,33.4,39.8,27.0,False,False,1. High Value Organic
3074,57,Female,Jacket,Outerwear,39,Nevada,M,Olive,Winter,3.5,Yes,2-Day Shipping,No,No,49,Bank Transfer,Fortnightly,Outerwear,50,0,14,39.0,0.0,15.6,18.4,22.3,14.5,False,False,4. Mid-Tier Core
3075,42,Male,Hoodie,Clothing,74,Nebraska,S,Silver,Winter,2.6,No,Standard,No,No,4,Venmo,Fortnightly,Clothing,5,0,14,74.0,0.0,29.6,39.4,46.8,32.0,False,False,4. Mid-Tier Core
3076,52,Male,Sweater,Clothing,100,Missouri,S,Charcoal,Summer,3.4,No,Store Pickup,Yes,Yes,39,Cash,Bi-Weekly,Clothing,40,1,14,125.0,25.0,50.0,45.0,57.5,32.5,True,False,2. High Spend Bargain Hunter
3077,18,Male,Skirt,Clothing,31,Maine,XL,White,Spring,3.3,No,Store Pickup,No,No,33,Cash,Bi-Weekly,Clothing,34,0,14,31.0,0.0,12.4,13.6,16.7,10.5,False,False,4. Mid-Tier Core
3078,39,Male,Boots,Footwear,23,Indiana,M,Cyan,Fall,2.7,No,Standard,Yes,Yes,32,Credit Card,Every 3 Months,Footwear,33,1,90,28.75,5.75,11.5,6.5,9.38,3.62,False,False,3. Promo-Using Repeat
3079,47,Male,Skirt,Clothing,42,Iowa,L,Yellow,Winter,3.8,Yes,Free Shipping,Yes,Yes,22,Credit Card,Annually,Clothing,23,1,365,52.5,10.5,21.0,16.0,21.25,10.75,False,False,3. Promo-Using Repeat
3080,66,Male,Sneakers,Footwear,59,Florida,M,Orange,Fall,4.5,No,Standard,Yes,Yes,50,Credit Card,Bi-Weekly,Footwear,51,1,14,73.75,14.75,29.5,24.5,31.88,17.12,False,False,3. Promo-Using Repeat
3081,67,Male,Skirt,Clothing,99,New Jersey,XL,Magenta,Spring,2.5,No,Standard,No,No,39,Venmo,Weekly,Clothing,40,0,7,99.0,0.0,39.6,54.4,64.3,44.5,True,True,1. High Value Organic
3082,34,Male,Sandals,Footwear,35,Nebraska,M,Olive,Spring,3.9,Yes,2-Day Shipping,Yes,Yes,26,PayPal,Quarterly,Footwear,27,1,90,43.75,8.75,17.5,12.5,16.88,8.12,False,False,3. Promo-Using Repeat
3083,42,Male,Gloves,Accessories,30,Oklahoma,M,White,Summer,3.9,No,Next Day Air,No,No,24,Cash,Monthly,Accessories,25,0,30,30.0,0.0,12.0,13.0,16.0,10.0,False,False,4. Mid-Tier Core
3084,68,Male,Belt,Accessories,32,Louisiana,L,Black,Winter,3.8,No,Standard,No,No,23,PayPal,Quarterly,Accessories,24,0,90,32.0,0.0,12.8,14.2,17.4,11.0,False,False,4. Mid-Tier Core
3085,43,Male,Skirt,Clothing,90,New York,L,White,Spring,3.7,Yes,Next Day Air,Yes,Yes,47,Venmo,Annually,Clothing,48,1,365,112.5,22.5,45.0,40.0,51.25,28.75,True,False,2. High Spend Bargain Hunter
3086,32,Female,Gloves,Accessories,82,Arkansas,L,Magenta,Spring,2.6,No,2-Day Shipping,No,No,15,Debit Card,Monthly,Accessories,16,0,30,82.0,0.0,32.8,44.2,52.4,36.0,False,True,1. High Value Organic
3087,69,Male,Sweater,Clothing,44,Delaware,M,Green,Spring,4.3,Yes,Express,No,No,50,Venmo,Bi-Weekly,Clothing,51,0,14,44.0,0.0,17.6,21.4,25.8,17.0,False,False,4. Mid-Tier Core
3088,36,Female,Sunglasses,Accessories,56,Vermont,L,Beige,Spring,2.7,No,Next Day Air,No,No,10,Venmo,Annually,Accessories,11,0,365,56.0,0.0,22.4,28.6,34.2,23.0,False,False,1. High Value Organic
3089,64,Male,Dress,Clothing,65,North Dakota,M,Teal,Fall,3.6,Yes,Express,No,No,13,Bank Transfer,Monthly,Clothing,14,0,30,65.0,0.0,26.0,34.0,40.5,27.5,False,False,1. High Value Organic
3090,18,Female,Dress,Clothing,69,Utah,M,Black,Winter,2.9,No,Standard,No,No,7,Bank Transfer,Fortnightly,Clothing,8,0,14,69.0,0.0,27.6,36.4,43.3,29.5,False,False,4. Mid-Tier Core
3091,21,Male,Hat,Accessories,37,Rhode Island,L,Yellow,Winter,4.6,No,Standard,Yes,Yes,27,Venmo,Monthly,Accessories,28,1,30,46.25,9.25,18.5,13.5,18.12,8.88,False,False,3. Promo-Using Repeat
3092,60,Male,Gloves,Accessories,35,Georgia,M,Black,Summer,4.2,No,2-Day Shipping,No,No,16,Debit Card,Annually,Accessories,17,0,365,35.0,0.0,14.0,16.0,19.5,12.5,False,False,4. Mid-Tier Core
3093,69,Female,Shorts,Clothing,72,Indiana,L,Red,Winter,2.6,No,Next Day Air,No,No,20,Cash,Bi-Weekly,Clothing,21,0,14,72.0,0.0,28.8,38.2,45.4,31.0,False,False,1. High Value Organic
3094,55,Male,Jacket,Outerwear,98,Texas,M,Violet,Summer,5.0,No,Next Day Air,Yes,Yes,35,Cash,Quarterly,Outerwear,36,1,90,122.5,24.5,49.0,44.0,56.25,31.75,True,False,2. High Spend Bargain Hunter
3095,21,Male,Coat,Outerwear,51,Delaware,S,Cyan,Winter,2.9,No,2-Day Shipping,Yes,Yes,12,Cash,Weekly,Outerwear,13,1,7,63.75,12.75,25.5,20.5,26.88,14.12,False,False,3. Promo-Using Repeat
3096,43,Male,Shorts,Clothing,34,South Carolina,XL,Gold,Fall,3.6,Yes,Next Day Air,No,No,17,Cash,Fortnightly,Clothing,18,0,14,34.0,0.0,13.6,15.4,18.8,12.0,False,False,4. Mid-Tier Core
3097,41,Female,Shirt,Clothing,49,Missouri,S,Indigo,Summer,4.3,Yes,2-Day Shipping,Yes,Yes,38,Cash,Bi-Weekly,Clothing,39,1,14,61.25,12.25,24.5,19.5,25.62,13.38,False,False,3. Promo-Using Repeat
3098,20,Male,Pants,Clothing,67,North Dakota,M,Indigo,Fall,2.8,Yes,Next Day Air,No,No,41,Cash,Quarterly,Clothing,42,0,90,67.0,0.0,26.8,35.2,41.9,28.5,False,False,1. High Value Organic
3099,32,Male,Jewelry,Accessories,55,Illinois,XL,Gray,Summer,4.5,No,Free Shipping,No,No,26,Debit Card,Fortnightly,Accessories,27,0,14,55.0,0.0,22.0,28.0,33.5,22.5,False,False,1. High Value Organic
3100,23,Female,Handbag,Accessories,78,Kansas,M,Lavender,Winter,4.9,No,Free Shipping,No,No,42,Venmo,Bi-Weekly,Accessories,43,0,14,78.0,0.0,31.2,41.8,49.6,34.0,False,True,1. High Value Organic
3101,22,Male,Dress,Clothing,41,Indiana,M,Magenta,Summer,3.2,Yes,Next Day Air,Yes,Yes,22,Cash,Monthly,Clothing,23,1,30,51.25,10.25,20.5,15.5,20.62,10.38,False,False,3. Promo-Using Repeat
3102,46,Female,Hat,Accessories,56,Indiana,XL,Lavender,Winter,3.6,No,Next Day Air,No,No,7,Credit Card,Every 3 Months,Accessories,8,0,90,56.0,0.0,22.4,28.6,34.2,23.0,False,False,4. Mid-Tier Core
3103,62,Male,Blouse,Clothing,89,Vermont,M,Green,Fall,3.1,No,2-Day Shipping,No,No,48,Venmo,Fortnightly,Clothing,49,0,14,89.0,0.0,35.6,48.4,57.3,39.5,True,True,1. High Value Organic
3104,40,Female,Gloves,Accessories,29,California,L,White,Summer,3.2,No,Free Shipping,No,No,3,Cash,Bi-Weekly,Accessories,4,0,14,29.0,0.0,11.6,12.4,15.3,9.5,False,False,4. Mid-Tier Core
3105,62,Female,Socks,Clothing,54,Vermont,XL,Charcoal,Summer,3.3,Yes,2-Day Shipping,No,No,8,Bank Transfer,Quarterly,Clothing,9,0,90,54.0,0.0,21.6,27.4,32.8,22.0,False,False,4. Mid-Tier Core
3106,39,Male,Sweater,Clothing,70,Mississippi,S,Cyan,Fall,4.7,No,2-Day Shipping,No,No,22,Bank Transfer,Monthly,Clothing,23,0,30,70.0,0.0,28.0,37.0,44.0,30.0,False,False,1. High Value Organic
3107,64,Male,Socks,Clothing,91,New Jersey,M,Lavender,Winter,2.5,No,Express,No,No,2,Credit Card,Weekly,Clothing,3,0,7,91.0,0.0,36.4,49.6,58.7,40.5,False,False,4. Mid-Tier Core
3108,63,Male,Gloves,Accessories,36,Colorado,M,Red,Spring,2.9,Yes,Standard,No,No,14,Bank Transfer,Every 3 Months,Accessories,15,0,90,36.0,0.0,14.4,16.6,20.2,13.0,False,False,4. Mid-Tier Core
3109,48,Male,Jeans,Clothing,46,Utah,M,Black,Spring,4.0,Yes,Store Pickup,Yes,Yes,36,Credit Card,Quarterly,Clothing,37,1,90,57.5,11.5,23.0,18.0,23.75,12.25,False,False,3. Promo-Using Repeat
3110,59,Male,Shoes,Footwear,26,Mississippi,M,Teal,Winter,2.5,No,Free Shipping,Yes,Yes,1,Debit Card,Weekly,Footwear,2,1,7,32.5,6.5,13.0,8.0,11.25,4.75,False,False,3. Promo-Using Repeat
3111,34,Female,Shoes,Footwear,92,Nebraska,M,Maroon,Spring,3.6,No,Express,Yes,Yes,7,Credit Card,Every 3 Months,Footwear,8,1,90,115.0,23.0,46.0,41.0,52.5,29.5,False,False,2. High Spend Bargain Hunter
3112,32,Male,Dress,Clothing,75,Missouri,L,Purple,Winter,3.4,No,Free Shipping,Yes,Yes,9,Cash,Every 3 Months,Clothing,10,1,90,93.75,18.75,37.5,32.5,41.88,23.12,False,False,3. Promo-Using Repeat
3113,70,Male,Sweater,Clothing,91,Minnesota,M,Violet,Summer,3.9,No,Express,Yes,Yes,23,Credit Card,Fortnightly,Clothing,24,1,14,113.75,22.75,45.5,40.5,51.88,29.12,True,False,2. High Spend Bargain Hunter
3114,61,Female,Blouse,Clothing,81,Minnesota,M,Turquoise,Fall,3.5,No,2-Day Shipping,No,No,7,Credit Card,Every 3 Months,Clothing,8,0,90,81.0,0.0,32.4,43.6,51.7,35.5,False,False,4. Mid-Tier Core
3115,70,Male,Shorts,Clothing,49,New Hampshire,XL,Lavender,Fall,4.1,No,2-Day Shipping,No,No,5,Bank Transfer,Quarterly,Clothing,6,0,90,49.0,0.0,19.6,24.4,29.3,19.5,False,False,4. Mid-Tier Core
3116,65,Male,Skirt,Clothing,91,Illinois,L,Gold,Summer,2.5,No,2-Day Shipping,No,No,16,PayPal,Fortnightly,Clothing,17,0,14,91.0,0.0,36.4,49.6,58.7,40.5,False,True,1. High Value Organic
3117,49,Female,Coat,Outerwear,86,Alabama,M,Lavender,Winter,3.4,No,Next Day Air,No,No,33,Bank Transfer,Weekly,Outerwear,34,0,7,86.0,0.0,34.4,46.6,55.2,38.0,True,True,1. High Value Organic
3118,47,Female,Sweater,Clothing,47,South Carolina,S,Indigo,Winter,3.2,No,Express,No,No,47,Debit Card,Weekly,Clothing,48,0,7,47.0,0.0,18.8,23.2,27.9,18.5,False,False,4. Mid-Tier Core
3119,31,Male,Jeans,Clothing,39,Rhode Island,M,Teal,Fall,2.7,No,Next Day Air,No,No,30,Credit Card,Bi-Weekly,Clothing,31,0,14,39.0,0.0,15.6,18.4,22.3,14.5,False,False,4. Mid-Tier Core
3120,60,Male,Hat,Accessories,100,Arkansas,XL,Gold,Spring,2.7,No,Express,Yes,Yes,46,Bank Transfer,Quarterly,Accessories,47,1,90,125.0,25.0,50.0,45.0,57.5,32.5,True,False,2. High Spend Bargain Hunter
3121,63,Male,Gloves,Accessories,95,Oregon,XL,Lavender,Fall,3.2,Yes,Express,No,No,37,Bank Transfer,Monthly,Accessories,38,0,30,95.0,0.0,38.0,52.0,61.5,42.5,True,True,1. High Value Organic
3122,32,Male,Sunglasses,Accessories,99,North Carolina,L,Lavender,Fall,4.1,No,Express,No,No,41,Credit Card,Quarterly,Accessories,42,0,90,99.0,0.0,39.6,54.4,64.3,44.5,True,True,1. High Value Organic
3123,69,Male,Coat,Outerwear,56,Colorado,L,Yellow,Summer,3.0,No,Free Shipping,No,No,49,Venmo,Annually,Outerwear,50,0,365,56.0,0.0,22.4,28.6,34.2,23.0,False,False,1. High Value Organic
3124,33,Male,Sandals,Footwear,78,Texas,M,Violet,Winter,3.7,Yes,Standard,No,No,1,Credit Card,Bi-Weekly,Footwear,2,0,14,78.0,0.0,31.2,41.8,49.6,34.0,False,False,4. Mid-Tier Core
3125,66,Male,Shirt,Clothing,22,Rhode Island,S,Gray,Winter,4.0,No,2-Day Shipping,No,No,7,Venmo,Annually,Clothing,8,0,365,22.0,0.0,8.8,8.2,10.4,6.0,False,False,4. Mid-Tier Core
3126,35,Male,Sweater,Clothing,97,South Dakota,M,Lavender,Fall,3.9,No,Express,No,No,24,PayPal,Weekly,Clothing,25,0,7,97.0,0.0,38.8,53.2,62.9,43.5,True,True,1. High Value Organic
3127,24,Male,Boots,Footwear,79,Nebraska,M,Magenta,Winter,2.7,Yes,Standard,No,No,42,Debit Card,Bi-Weekly,Footwear,43,0,14,79.0,0.0,31.6,42.4,50.3,34.5,True,True,1. High Value Organic
3128,50,Male,Belt,Accessories,82,North Carolina,L,Gray,Summer,4.4,Yes,Free Shipping,No,No,13,Debit Card,Monthly,Accessories,14,0,30,82.0,0.0,32.8,44.2,52.4,36.0,False,False,1. High Value Organic
3129,40,Female,Handbag,Accessories,21,Oregon,M,Beige,Summer,4.1,No,Express,Yes,Yes,48,Venmo,Monthly,Accessories,49,1,30,26.25,5.25,10.5,5.5,8.12,2.88,False,False,3. Promo-Using Repeat
3130,25,Male,Scarf,Accessories,53,Maryland,L,Magenta,Fall,2.6,Yes,Free Shipping,Yes,Yes,45,Cash,Quarterly,Accessories,46,1,90,66.25,13.25,26.5,21.5,28.12,14.88,False,False,3. Promo-Using Repeat
3131,42,Male,Jeans,Clothing,31,Colorado,M,Gray,Fall,2.7,Yes,Free Shipping,Yes,Yes,33,Credit Card,Monthly,Clothing,34,1,30,38.75,7.75,15.5,10.5,14.38,6.62,False,False,3. Promo-Using Repeat
3132,37,Female,Hat,Accessories,63,Rhode Island,XL,Turquoise,Spring,3.1,Yes,Free Shipping,No,No,8,Credit Card,Annually,Accessories,9,0,365,63.0,0.0,25.2,32.8,39.1,26.5,False,False,4. Mid-Tier Core
3133,68,Male,Skirt,Clothing,35,Georgia,L,Olive,Summer,4.6,No,Next Day Air,No,No,23,Bank Transfer,Every 3 Months,Clothing,24,0,90,35.0,0.0,14.0,16.0,19.5,12.5,False,False,4. Mid-Tier Core
3134,67,Male,Skirt,Clothing,23,Idaho,S,Maroon,Winter,3.9,Yes,Free Shipping,Yes,Yes,26,Credit Card,Fortnightly,Clothing,27,1,14,28.75,5.75,11.5,6.5,9.38,3.62,False,False,3. Promo-Using Repeat
3135,44,Male,Dress,Clothing,31,California,S,Cyan,Summer,3.9,Yes,Express,No,No,30,Bank Transfer,Weekly,Clothing,31,0,7,31.0,0.0,12.4,13.6,16.7,10.5,False,False,4. Mid-Tier Core
3136,49,Male,Sandals,Footwear,20,Oklahoma,M,White,Summer,4.0,No,Next Day Air,Yes,Yes,19,Debit Card,Fortnightly,Footwear,20,1,14,25.0,5.0,10.0,5.0,7.5,2.5,False,False,3. Promo-Using Repeat
3137,53,Female,Dress,Clothing,48,West Virginia,L,Green,Summer,4.9,Yes,Express,No,No,47,Bank Transfer,Fortnightly,Clothing,48,0,14,48.0,0.0,19.2,23.8,28.6,19.0,False,False,4. Mid-Tier Core
3138,22,Male,Boots,Footwear,28,Rhode Island,M,Peach,Winter,2.6,Yes,Store Pickup,Yes,Yes,14,Bank Transfer,Bi-Weekly,Footwear,15,1,14,35.0,7.0,14.0,9.0,12.5,5.5,False,False,3. Promo-Using Repeat
3139,59,Female,Dress,Clothing,27,Alaska,L,Black,Fall,4.3,No,Express,No,No,6,Venmo,Every 3 Months,Clothing,7,0,90,27.0,0.0,10.8,11.2,13.9,8.5,False,False,4. Mid-Tier Core
3140,31,Male,Boots,Footwear,81,Tennessee,S,Purple,Summer,4.5,No,Free Shipping,No,No,27,PayPal,Bi-Weekly,Footwear,28,0,14,81.0,0.0,32.4,43.6,51.7,35.5,True,True,1. High Value Organic
3141,47,Female,Sandals,Footwear,22,Florida,L,Charcoal,Spring,3.6,No,Free Shipping,Yes,Yes,5,Debit Card,Every 3 Months,Footwear,6,1,90,27.5,5.5,11.0,6.0,8.75,3.25,False,False,3. Promo-Using Repeat
3142,33,Male,Jacket,Outerwear,66,Iowa,M,Magenta,Spring,2.8,Yes,Standard,Yes,Yes,34,Bank Transfer,Monthly,Outerwear,35,1,30,82.5,16.5,33.0,28.0,36.25,19.75,False,False,3. Promo-Using Repeat
3143,21,Male,Sandals,Footwear,76,Georgia,M,White,Spring,3.5,No,Free Shipping,No,No,11,Credit Card,Monthly,Footwear,12,0,30,76.0,0.0,30.4,40.6,48.2,33.0,False,False,1. High Value Organic
3144,37,Male,Shirt,Clothing,95,Ohio,M,Beige,Summer,4.6,Yes,Free Shipping,No,No,14,Debit Card,Fortnightly,Clothing,15,0,14,95.0,0.0,38.0,52.0,61.5,42.5,False,False,1. High Value Organic
3145,24,Male,Gloves,Accessories,37,Vermont,M,Turquoise,Summer,3.4,No,Store Pickup,Yes,Yes,30,Bank Transfer,Bi-Weekly,Accessories,31,1,14,46.25,9.25,18.5,13.5,18.12,8.88,False,False,3. Promo-Using Repeat
3146,27,Female,Socks,Clothing,31,Hawaii,M,Silver,Winter,3.4,No,Next Day Air,No,No,40,PayPal,Bi-Weekly,Clothing,41,0,14,31.0,0.0,12.4,13.6,16.7,10.5,False,False,4. Mid-Tier Core
3147,65,Male,Sneakers,Footwear,79,South Carolina,M,White,Winter,3.3,No,Free Shipping,No,No,44,Cash,Quarterly,Footwear,45,0,90,79.0,0.0,31.6,42.4,50.3,34.5,True,True,1. High Value Organic
3148,68,Male,Backpack,Accessories,51,South Dakota,M,Green,Summer,3.4,No,Free Shipping,No,No,14,Cash,Bi-Weekly,Accessories,15,0,14,51.0,0.0,20.4,25.6,30.7,20.5,False,False,4. Mid-Tier Core
3149,33,Male,Jacket,Outerwear,53,Indiana,M,Yellow,Fall,4.3,No,Standard,No,No,27,Credit Card,Bi-Weekly,Outerwear,28,0,14,53.0,0.0,21.2,26.8,32.1,21.5,False,False,4. Mid-Tier Core
3150,42,Female,Shirt,Clothing,83,Vermont,S,Red,Fall,3.5,No,Next Day Air,No,No,38,Debit Card,Every 3 Months,Clothing,39,0,90,83.0,0.0,33.2,44.8,53.1,36.5,True,True,1. High Value Organic
3151,33,Male,Shirt,Clothing,71,Colorado,L,Black,Spring,2.9,Yes,Next Day Air,Yes,Yes,29,Bank Transfer,Weekly,Clothing,30,1,7,88.75,17.75,35.5,30.5,39.38,21.62,False,False,3. Promo-Using Repeat
3152,55,Male,Shorts,Clothing,34,Kansas,XL,Peach,Winter,3.3,No,2-Day Shipping,Yes,Yes,26,Bank Transfer,Annually,Clothing,27,1,365,42.5,8.5,17.0,12.0,16.25,7.75,False,False,3. Promo-Using Repeat
3153,43,Male,Shorts,Clothing,80,Mississippi,M,Maroon,Summer,2.6,No,Next Day Air,Yes,Yes,12,Debit Card,Weekly,Clothing,13,1,7,100.0,20.0,40.0,35.0,45.0,25.0,False,False,2. High Spend Bargain Hunter
3154,55,Female,Gloves,Accessories,34,Tennessee,M,Black,Fall,4.9,Yes,Free Shipping,No,No,50,Credit Card,Monthly,Accessories,51,0,30,34.0,0.0,13.6,15.4,18.8,12.0,False,False,4. Mid-Tier Core
3155,55,Female,Sandals,Footwear,64,California,L,Peach,Fall,2.6,No,Express,Yes,Yes,24,PayPal,Every 3 Months,Footwear,25,1,90,80.0,16.0,32.0,27.0,35.0,19.0,False,False,3. Promo-Using Repeat
3156,68,Female,Sweater,Clothing,25,Iowa,M,Peach,Fall,4.7,No,Next Day Air,Yes,Yes,36,Bank Transfer,Annually,Clothing,37,1,365,31.25,6.25,12.5,7.5,10.62,4.38,False,False,3. Promo-Using Repeat
3157,58,Male,Backpack,Accessories,57,Colorado,L,Green,Fall,3.6,Yes,Next Day Air,No,No,41,Venmo,Annually,Accessories,42,0,365,57.0,0.0,22.8,29.2,34.9,23.5,False,False,1. High Value Organic
3158,38,Male,Jeans,Clothing,39,Louisiana,M,Green,Spring,3.4,No,Store Pickup,Yes,Yes,6,Credit Card,Bi-Weekly,Clothing,7,1,14,48.75,9.75,19.5,14.5,19.38,9.62,False,False,3. Promo-Using Repeat
3159,62,Male,Jacket,Outerwear,36,Nevada,S,Silver,Spring,3.5,No,Standard,No,No,34,Venmo,Bi-Weekly,Outerwear,35,0,14,36.0,0.0,14.4,16.6,20.2,13.0,False,False,4. Mid-Tier Core
3160,21,Male,Pants,Clothing,64,Georgia,S,Orange,Summer,4.0,No,2-Day Shipping,No,No,16,PayPal,Monthly,Clothing,17,0,30,64.0,0.0,25.6,33.4,39.8,27.0,False,False,1. High Value Organic
3161,39,Male,Pants,Clothing,20,Rhode Island,M,Beige,Fall,5.0,Yes,Free Shipping,Yes,Yes,15,Debit Card,Every 3 Months,Clothing,16,1,90,25.0,5.0,10.0,5.0,7.5,2.5,False,False,3. Promo-Using Repeat
3162,28,Male,Hat,Accessories,93,Idaho,L,Violet,Winter,3.1,Yes,Free Shipping,Yes,Yes,49,Debit Card,Every 3 Months,Accessories,50,1,90,116.25,23.25,46.5,41.5,53.12,29.88,True,False,2. High Spend Bargain Hunter
3163,23,Female,Sneakers,Footwear,33,Mississippi,M,Olive,Summer,4.6,No,Express,No,No,36,Debit Card,Monthly,Footwear,37,0,30,33.0,0.0,13.2,14.8,18.1,11.5,False,False,4. Mid-Tier Core
3164,67,Male,Hoodie,Clothing,56,Maryland,M,Violet,Winter,3.4,No,2-Day Shipping,Yes,Yes,4,PayPal,Monthly,Clothing,5,1,30,70.0,14.0,28.0,23.0,30.0,16.0,False,False,3. Promo-Using Repeat
3165,23,Male,Jeans,Clothing,31,Kansas,M,Brown,Summer,3.4,Yes,2-Day Shipping,Yes,Yes,34,Debit Card,Weekly,Clothing,35,1,7,38.75,7.75,15.5,10.5,14.38,6.62,False,False,3. Promo-Using Repeat
3166,45,Female,Shoes,Footwear,54,New Hampshire,S,Brown,Winter,4.9,No,Express,No,No,17,Venmo,Monthly,Footwear,18,0,30,54.0,0.0,21.6,27.4,32.8,22.0,False,False,4. Mid-Tier Core
3167,47,Male,Hat,Accessories,32,Colorado,XL,Yellow,Fall,3.5,Yes,Express,No,No,41,Venmo,Monthly,Accessories,42,0,30,32.0,0.0,12.8,14.2,17.4,11.0,False,False,4. Mid-Tier Core
3168,46,Male,Shorts,Clothing,43,Vermont,S,Cyan,Winter,3.4,Yes,2-Day Shipping,Yes,Yes,1,Cash,Weekly,Clothing,2,1,7,53.75,10.75,21.5,16.5,21.88,11.12,False,False,3. Promo-Using Repeat
3169,68,Female,Jeans,Clothing,34,Rhode Island,L,Peach,Winter,2.9,No,2-Day Shipping,No,No,44,Venmo,Fortnightly,Clothing,45,0,14,34.0,0.0,13.6,15.4,18.8,12.0,False,False,4. Mid-Tier Core
3170,39,Female,Skirt,Clothing,37,South Dakota,S,Orange,Summer,4.4,No,Standard,No,No,50,Credit Card,Weekly,Clothing,51,0,7,37.0,0.0,14.8,17.2,20.9,13.5,False,False,4. Mid-Tier Core
3171,22,Male,Dress,Clothing,48,Texas,M,Cyan,Summer,3.0,No,Next Day Air,Yes,Yes,32,PayPal,Quarterly,Clothing,33,1,90,60.0,12.0,24.0,19.0,25.0,13.0,False,False,3. Promo-Using Repeat
3172,31,Male,Shorts,Clothing,73,Vermont,M,Green,Fall,3.3,No,2-Day Shipping,Yes,Yes,37,Credit Card,Weekly,Clothing,38,1,7,91.25,18.25,36.5,31.5,40.62,22.38,False,False,3. Promo-Using Repeat
3173,42,Male,Skirt,Clothing,34,Florida,L,Orange,Summer,4.7,No,Standard,No,No,47,PayPal,Annually,Clothing,48,0,365,34.0,0.0,13.6,15.4,18.8,12.0,False,False,4. Mid-Tier Core
3174,67,Female,Sunglasses,Accessories,73,Nebraska,M,Teal,Spring,3.1,No,Standard,No,No,8,Credit Card,Bi-Weekly,Accessories,9,0,14,73.0,0.0,29.2,38.8,46.1,31.5,False,False,4. Mid-Tier Core
3175,52,Male,Jacket,Outerwear,21,Maryland,M,Turquoise,Summer,3.8,No,Free Shipping,No,No,45,Cash,Annually,Outerwear,46,0,365,21.0,0.0,8.4,7.6,9.7,5.5,False,False,4. Mid-Tier Core
3176,20,Male,Jacket,Outerwear,72,Idaho,M,Beige,Spring,4.6,No,Next Day Air,Yes,Yes,42,Bank Transfer,Quarterly,Outerwear,43,1,90,90.0,18.0,36.0,31.0,40.0,22.0,False,False,3. Promo-Using Repeat
3177,59,Male,Boots,Footwear,52,Tennessee,S,Indigo,Fall,3.6,Yes,Express,Yes,Yes,35,PayPal,Weekly,Footwear,36,1,7,65.0,13.0,26.0,21.0,27.5,14.5,False,False,3. Promo-Using Repeat
3178,39,Female,Belt,Accessories,29,Alabama,XL,Brown,Winter,3.1,No,Free Shipping,Yes,Yes,34,Cash,Annually,Accessories,35,1,365,36.25,7.25,14.5,9.5,13.12,5.88,False,False,3. Promo-Using Repeat
3179,44,Male,Hoodie,Clothing,50,Montana,S,Violet,Fall,2.9,No,Standard,Yes,Yes,41,Venmo,Quarterly,Clothing,42,1,90,62.5,12.5,25.0,20.0,26.25,13.75,False,False,3. Promo-Using Repeat
3180,25,Male,Backpack,Accessories,41,Alaska,S,Black,Fall,4.4,No,2-Day Shipping,No,No,15,Credit Card,Weekly,Accessories,16,0,7,41.0,0.0,16.4,19.6,23.7,15.5,False,False,4. Mid-Tier Core
3181,35,Female,Gloves,Accessories,55,Nebraska,L,Charcoal,Fall,2.9,No,Standard,No,No,18,Credit Card,Weekly,Accessories,19,0,7,55.0,0.0,22.0,28.0,33.5,22.5,False,False,1. High Value Organic
3182,32,Male,Sandals,Footwear,52,Maine,M,Peach,Winter,4.8,Yes,2-Day Shipping,No,No,28,PayPal,Annually,Footwear,29,0,365,52.0,0.0,20.8,26.2,31.4,21.0,False,False,4. Mid-Tier Core
3183,21,Female,Sunglasses,Accessories,96,Vermont,L,Pink,Summer,2.8,Yes,Next Day Air,No,No,30,Cash,Monthly,Accessories,31,0,30,96.0,0.0,38.4,52.6,62.2,43.0,True,True,1. High Value Organic
3184,34,Male,Belt,Accessories,76,Tennessee,XL,Turquoise,Winter,3.0,No,Free Shipping,Yes,Yes,26,PayPal,Annually,Accessories,27,1,365,95.0,19.0,38.0,33.0,42.5,23.5,False,False,3. Promo-Using Repeat
3185,60,Male,Skirt,Clothing,41,Arkansas,M,Gray,Fall,3.3,Yes,2-Day Shipping,Yes,Yes,8,PayPal,Bi-Weekly,Clothing,9,1,14,51.25,10.25,20.5,15.5,20.62,10.38,False,False,3. Promo-Using Repeat
3186,18,Male,Hat,Accessories,75,Vermont,M,Cyan,Spring,3.1,No,Standard,No,No,8,Bank Transfer,Monthly,Accessories,9,0,30,75.0,0.0,30.0,40.0,47.5,32.5,False,False,4. Mid-Tier Core
3187,39,Female,Shirt,Clothing,47,Nevada,M,Indigo,Summer,3.8,No,Express,No,No,40,Debit Card,Every 3 Months,Clothing,41,0,90,47.0,0.0,18.8,23.2,27.9,18.5,False,False,4. Mid-Tier Core
3188,24,Male,Shorts,Clothing,57,Texas,L,Beige,Winter,4.4,Yes,2-Day Shipping,No,No,19,Debit Card,Every 3 Months,Clothing,20,0,90,57.0,0.0,22.8,29.2,34.9,23.5,False,False,1. High Value Organic
3189,18,Female,Sunglasses,Accessories,71,South Dakota,M,Green,Winter,4.3,Yes,Standard,No,No,48,Bank Transfer,Every 3 Months,Accessories,49,0,90,71.0,0.0,28.4,37.6,44.7,30.5,False,False,1. High Value Organic
3190,39,Male,Boots,Footwear,49,Hawaii,XL,Maroon,Spring,4.2,No,Next Day Air,No,No,17,Credit Card,Annually,Footwear,18,0,365,49.0,0.0,19.6,24.4,29.3,19.5,False,False,4. Mid-Tier Core
3191,62,Male,Jewelry,Accessories,48,Ohio,M,Brown,Winter,4.7,Yes,Next Day Air,Yes,Yes,3,Cash,Quarterly,Accessories,4,1,90,60.0,12.0,24.0,19.0,25.0,13.0,False,False,3. Promo-Using Repeat
3192,28,Female,Backpack,Accessories,21,Hawaii,XL,Silver,Fall,3.6,No,Store Pickup,No,No,17,PayPal,Bi-Weekly,Accessories,18,0,14,21.0,0.0,8.4,7.6,9.7,5.5,False,False,4. Mid-Tier Core
3193,69,Male,Sweater,Clothing,20,Utah,XL,Maroon,Fall,3.0,No,Free Shipping,No,No,37,Venmo,Annually,Clothing,38,0,365,20.0,0.0,8.0,7.0,9.0,5.0,False,False,4. Mid-Tier Core
3194,26,Male,Jacket,Outerwear,69,California,M,Silver,Fall,4.2,Yes,Standard,Yes,Yes,5,Debit Card,Bi-Weekly,Outerwear,6,1,14,86.25,17.25,34.5,29.5,38.12,20.88,False,False,3. Promo-Using Repeat
3195,23,Male,Sunglasses,Accessories,89,Arkansas,L,Black,Spring,4.5,No,Standard,Yes,Yes,27,Cash,Every 3 Months,Accessories,28,1,90,111.25,22.25,44.5,39.5,50.62,28.38,True,False,2. High Spend Bargain Hunter
3196,69,Male,Dress,Clothing,67,Oregon,L,Silver,Fall,3.3,No,Express,Yes,Yes,15,Debit Card,Monthly,Clothing,16,1,30,83.75,16.75,33.5,28.5,36.88,20.12,False,False,3. Promo-Using Repeat
3197,44,Male,Belt,Accessories,77,Colorado,M,Olive,Winter,3.0,Yes,Next Day Air,No,No,17,Bank Transfer,Weekly,Accessories,18,0,7,77.0,0.0,30.8,41.2,48.9,33.5,False,True,1. High Value Organic
3198,66,Male,Sneakers,Footwear,29,North Carolina,M,Indigo,Fall,2.5,Yes,Store Pickup,Yes,Yes,5,Bank Transfer,Annually,Footwear,6,1,365,36.25,7.25,14.5,9.5,13.12,5.88,False,False,3. Promo-Using Repeat
3199,20,Female,Gloves,Accessories,27,New Hampshire,L,Brown,Summer,2.7,Yes,Standard,No,No,8,Venmo,Fortnightly,Accessories,9,0,14,27.0,0.0,10.8,11.2,13.9,8.5,False,False,4. Mid-Tier Core
3200,34,Male,Shoes,Footwear,22,West Virginia,M,Red,Winter,2.7,Yes,2-Day Shipping,No,No,27,Debit Card,Monthly,Footwear,28,0,30,22.0,0.0,8.8,8.2,10.4,6.0,False,False,4. Mid-Tier Core
3201,42,Male,Jeans,Clothing,23,Alaska,L,Turquoise,Winter,4.4,No,Store Pickup,No,No,17,Credit Card,Annually,Clothing,18,0,365,23.0,0.0,9.2,8.8,11.1,6.5,False,False,4. Mid-Tier Core
3202,54,Male,Hat,Accessories,49,Illinois,S,Violet,Winter,2.7,Yes,Free Shipping,No,No,45,Bank Transfer,Fortnightly,Accessories,46,0,14,49.0,0.0,19.6,24.4,29.3,19.5,False,False,4. Mid-Tier Core
3203,29,Female,Hoodie,Clothing,77,North Carolina,M,Indigo,Spring,4.2,No,Standard,Yes,Yes,8,PayPal,Monthly,Clothing,9,1,30,96.25,19.25,38.5,33.5,43.12,23.88,False,False,3. Promo-Using Repeat
3204,55,Female,Handbag,Accessories,35,Delaware,M,White,Winter,3.2,Yes,Express,No,No,20,Venmo,Monthly,Accessories,21,0,30,35.0,0.0,14.0,16.0,19.5,12.5,False,False,4. Mid-Tier Core
3205,34,Female,Gloves,Accessories,20,Hawaii,L,Gold,Fall,4.0,No,Next Day Air,Yes,Yes,30,Bank Transfer,Fortnightly,Accessories,31,1,14,25.0,5.0,10.0,5.0,7.5,2.5,False,False,3. Promo-Using Repeat
3206,22,Female,Sneakers,Footwear,38,Hawaii,L,Beige,Spring,3.0,No,Free Shipping,Yes,Yes,18,Venmo,Quarterly,Footwear,19,1,90,47.5,9.5,19.0,14.0,18.75,9.25,False,False,3. Promo-Using Repeat
3207,68,Male,Scarf,Accessories,70,Maryland,M,Olive,Fall,2.9,No,Free Shipping,No,No,18,Debit Card,Annually,Accessories,19,0,365,70.0,0.0,28.0,37.0,44.0,30.0,False,False,1. High Value Organic
3208,21,Male,Skirt,Clothing,43,New Hampshire,S,White,Spring,3.3,Yes,Next Day Air,Yes,Yes,8,PayPal,Quarterly,Clothing,9,1,90,53.75,10.75,21.5,16.5,21.88,11.12,False,False,3. Promo-Using Repeat
3209,40,Male,Sweater,Clothing,37,Minnesota,L,Black,Winter,3.4,No,Standard,Yes,Yes,36,Debit Card,Quarterly,Clothing,37,1,90,46.25,9.25,18.5,13.5,18.12,8.88,False,False,3. Promo-Using Repeat
3210,61,Male,Skirt,Clothing,58,Kentucky,S,Green,Winter,4.7,No,Express,No,No,31,Bank Transfer,Annually,Clothing,32,0,365,58.0,0.0,23.2,29.8,35.6,24.0,False,False,1. High Value Organic
3211,55,Male,Jeans,Clothing,22,New Hampshire,M,White,Summer,2.5,Yes,Next Day Air,Yes,Yes,14,Credit Card,Bi-Weekly,Clothing,15,1,14,27.5,5.5,11.0,6.0,8.75,3.25,False,False,3. Promo-Using Repeat
3212,66,Male,Boots,Footwear,29,Montana,L,Yellow,Summer,3.2,No,Store Pickup,No,No,22,Bank Transfer,Every 3 Months,Footwear,23,0,90,29.0,0.0,11.6,12.4,15.3,9.5,False,False,4. Mid-Tier Core
3213,62,Male,Gloves,Accessories,32,Rhode Island,M,Brown,Fall,3.2,Yes,Standard,No,No,11,PayPal,Bi-Weekly,Accessories,12,0,14,32.0,0.0,12.8,14.2,17.4,11.0,False,False,4. Mid-Tier Core
3214,27,Male,Sandals,Footwear,64,North Carolina,L,Black,Winter,2.9,No,Express,No,No,37,Venmo,Fortnightly,Footwear,38,0,14,64.0,0.0,25.6,33.4,39.8,27.0,False,False,1. High Value Organic
3215,54,Male,Socks,Clothing,26,Louisiana,M,Maroon,Winter,4.4,No,Express,Yes,Yes,39,Cash,Monthly,Clothing,40,1,30,32.5,6.5,13.0,8.0,11.25,4.75,False,False,3. Promo-Using Repeat
3216,49,Male,Shoes,Footwear,30,Maryland,S,Orange,Summer,4.7,Yes,2-Day Shipping,No,No,15,Cash,Annually,Footwear,16,0,365,30.0,0.0,12.0,13.0,16.0,10.0,False,False,4. Mid-Tier Core
3217,50,Female,Jewelry,Accessories,89,Illinois,M,Silver,Spring,3.9,No,2-Day Shipping,Yes,Yes,28,Credit Card,Fortnightly,Accessories,29,1,14,111.25,22.25,44.5,39.5,50.62,28.38,True,False,2. High Spend Bargain Hunter
3218,61,Female,Shorts,Clothing,57,Arizona,L,Violet,Summer,4.1,Yes,2-Day Shipping,No,No,46,Debit Card,Annually,Clothing,47,0,365,57.0,0.0,22.8,29.2,34.9,23.5,False,False,1. High Value Organic
3219,43,Male,Shoes,Footwear,55,Texas,L,Yellow,Winter,3.3,No,Express,No,No,3,Debit Card,Bi-Weekly,Footwear,4,0,14,55.0,0.0,22.0,28.0,33.5,22.5,False,False,4. Mid-Tier Core
3220,49,Male,Backpack,Accessories,46,Oklahoma,S,Black,Spring,3.4,No,Store Pickup,No,No,39,PayPal,Annually,Accessories,40,0,365,46.0,0.0,18.4,22.6,27.2,18.0,False,False,4. Mid-Tier Core
3221,54,Female,Sweater,Clothing,100,Massachusetts,M,Cyan,Fall,4.9,No,2-Day Shipping,No,No,25,Venmo,Fortnightly,Clothing,26,0,14,100.0,0.0,40.0,55.0,65.0,45.0,True,True,1. High Value Organic
3222,62,Female,Dress,Clothing,73,Idaho,L,Charcoal,Summer,3.3,No,2-Day Shipping,Yes,Yes,20,Debit Card,Every 3 Months,Clothing,21,1,90,91.25,18.25,36.5,31.5,40.62,22.38,False,False,3. Promo-Using Repeat
3223,19,Male,Shoes,Footwear,20,Rhode Island,M,Silver,Spring,3.9,Yes,2-Day Shipping,No,No,49,PayPal,Quarterly,Footwear,50,0,90,20.0,0.0,8.0,7.0,9.0,5.0,False,False,4. Mid-Tier Core
3224,32,Male,Skirt,Clothing,40,Alaska,M,Purple,Summer,3.7,No,Express,Yes,Yes,11,Debit Card,Weekly,Clothing,12,1,7,50.0,10.0,20.0,15.0,20.0,10.0,False,False,3. Promo-Using Repeat
3225,50,Female,Jacket,Outerwear,91,Idaho,M,Black,Spring,2.7,Yes,Express,Yes,Yes,10,Bank Transfer,Quarterly,Outerwear,11,1,90,113.75,22.75,45.5,40.5,51.88,29.12,False,False,2. High Spend Bargain Hunter
3226,28,Male,Socks,Clothing,37,Oregon,XL,Maroon,Winter,4.0,Yes,Express,No,No,25,Credit Card,Weekly,Clothing,26,0,7,37.0,0.0,14.8,17.2,20.9,13.5,False,False,4. Mid-Tier Core
3227,30,Male,Coat,Outerwear,88,North Carolina,M,Orange,Spring,4.0,Yes,Express,No,No,29,Debit Card,Fortnightly,Outerwear,30,0,14,88.0,0.0,35.2,47.8,56.6,39.0,True,True,1. High Value Organic
3228,24,Male,Socks,Clothing,93,Minnesota,S,Pink,Summer,5.0,Yes,Next Day Air,No,No,20,Bank Transfer,Weekly,Clothing,21,0,7,93.0,0.0,37.2,50.8,60.1,41.5,True,True,1. High Value Organic
3229,24,Female,Sunglasses,Accessories,65,Nevada,L,Olive,Spring,3.8,No,2-Day Shipping,No,No,18,Bank Transfer,Weekly,Accessories,19,0,7,65.0,0.0,26.0,34.0,40.5,27.5,False,False,1. High Value Organic
3230,60,Male,Socks,Clothing,47,Massachusetts,M,Purple,Winter,3.5,No,Next Day Air,No,No,29,Venmo,Weekly,Clothing,30,0,7,47.0,0.0,18.8,23.2,27.9,18.5,False,False,4. Mid-Tier Core
3231,50,Male,Dress,Clothing,84,Maryland,S,Peach,Spring,2.8,No,2-Day Shipping,No,No,9,Cash,Quarterly,Clothing,10,0,90,84.0,0.0,33.6,45.4,53.8,37.0,False,False,4. Mid-Tier Core
3232,67,Female,Hoodie,Clothing,77,Mississippi,XL,Green,Winter,3.9,Yes,Next Day Air,No,No,1,Cash,Weekly,Clothing,2,0,7,77.0,0.0,30.8,41.2,48.9,33.5,False,False,4. Mid-Tier Core
3233,44,Female,Sandals,Footwear,33,Tennessee,L,Yellow,Winter,3.8,No,Free Shipping,No,No,25,Debit Card,Annually,Footwear,26,0,365,33.0,0.0,13.2,14.8,18.1,11.5,False,False,4. Mid-Tier Core
3234,41,Female,Shoes,Footwear,26,Minnesota,L,Silver,Fall,3.0,Yes,Next Day Air,Yes,Yes,38,Debit Card,Annually,Footwear,39,1,365,32.5,6.5,13.0,8.0,11.25,4.75,False,False,3. Promo-Using Repeat
3235,38,Male,Skirt,Clothing,56,Texas,XL,Indigo,Spring,4.2,Yes,2-Day Shipping,Yes,Yes,40,Debit Card,Monthly,Clothing,41,1,30,70.0,14.0,28.0,23.0,30.0,16.0,False,False,3. Promo-Using Repeat
3236,22,Male,Jeans,Clothing,99,Minnesota,M,Beige,Fall,2.7,No,Free Shipping,No,No,42,Cash,Fortnightly,Clothing,43,0,14,99.0,0.0,39.6,54.4,64.3,44.5,True,True,1. High Value Organic
3237,19,Male,Sweater,Clothing,74,New Hampshire,L,Green,Summer,3.6,Yes,2-Day Shipping,No,No,48,Credit Card,Weekly,Clothing,49,0,7,74.0,0.0,29.6,39.4,46.8,32.0,False,True,1. High Value Organic
3238,26,Female,Boots,Footwear,54,Nevada,L,Olive,Winter,3.2,No,2-Day Shipping,Yes,Yes,49,Venmo,Quarterly,Footwear,50,1,90,67.5,13.5,27.0,22.0,28.75,15.25,False,False,3. Promo-Using Repeat
3239,67,Male,Dress,Clothing,30,New Jersey,L,Pink,Spring,3.5,Yes,Store Pickup,Yes,Yes,24,Credit Card,Bi-Weekly,Clothing,25,1,14,37.5,7.5,15.0,10.0,13.75,6.25,False,False,3. Promo-Using Repeat
3240,44,Female,Shoes,Footwear,76,Ohio,L,Olive,Summer,3.4,No,2-Day Shipping,No,No,23,Debit Card,Bi-Weekly,Footwear,24,0,14,76.0,0.0,30.4,40.6,48.2,33.0,False,True,1. High Value Organic
3241,38,Male,Scarf,Accessories,55,Tennessee,M,Beige,Fall,3.2,No,Next Day Air,No,No,35,Cash,Bi-Weekly,Accessories,36,0,14,55.0,0.0,22.0,28.0,33.5,22.5,False,False,1. High Value Organic
3242,53,Male,Backpack,Accessories,87,Maryland,L,Indigo,Fall,4.4,No,Standard,Yes,Yes,24,PayPal,Weekly,Accessories,25,1,7,108.75,21.75,43.5,38.5,49.38,27.62,True,False,2. High Spend Bargain Hunter
3243,59,Male,Sweater,Clothing,74,Idaho,L,Maroon,Fall,3.8,Yes,Store Pickup,Yes,Yes,41,Bank Transfer,Monthly,Clothing,42,1,30,92.5,18.5,37.0,32.0,41.25,22.75,False,False,3. Promo-Using Repeat
3244,48,Male,Pants,Clothing,78,South Carolina,L,Purple,Spring,3.4,No,Express,No,No,34,Venmo,Annually,Clothing,35,0,365,78.0,0.0,31.2,41.8,49.6,34.0,False,True,1. High Value Organic
3245,41,Male,Jacket,Outerwear,53,Kansas,S,Beige,Fall,3.1,Yes,Express,No,No,48,Bank Transfer,Bi-Weekly,Outerwear,49,0,14,53.0,0.0,21.2,26.8,32.1,21.5,False,False,4. Mid-Tier Core
3246,39,Male,Sunglasses,Accessories,56,Indiana,L,Gold,Winter,4.2,No,Next Day Air,No,No,11,Venmo,Weekly,Accessories,12,0,7,56.0,0.0,22.4,28.6,34.2,23.0,False,False,1. High Value Organic
3247,45,Male,Boots,Footwear,69,Ohio,L,Olive,Fall,4.7,No,Next Day Air,No,No,2,Debit Card,Bi-Weekly,Footwear,3,0,14,69.0,0.0,27.6,36.4,43.3,29.5,False,False,4. Mid-Tier Core
3248,28,Male,Backpack,Accessories,55,Mississippi,S,White,Summer,3.5,No,Free Shipping,Yes,Yes,35,Debit Card,Monthly,Accessories,36,1,30,68.75,13.75,27.5,22.5,29.38,15.62,False,False,3. Promo-Using Repeat
3249,57,Male,Belt,Accessories,49,Texas,S,Silver,Summer,2.9,No,Next Day Air,No,No,36,Debit Card,Quarterly,Accessories,37,0,90,49.0,0.0,19.6,24.4,29.3,19.5,False,False,4. Mid-Tier Core
3250,35,Male,Scarf,Accessories,43,Montana,M,Black,Winter,4.4,No,Store Pickup,No,No,47,PayPal,Fortnightly,Accessories,48,0,14,43.0,0.0,17.2,20.8,25.1,16.5,False,False,4. Mid-Tier Core
3251,70,Male,Skirt,Clothing,74,Kansas,M,Teal,Winter,4.6,No,Standard,Yes,Yes,17,Debit Card,Quarterly,Clothing,18,1,90,92.5,18.5,37.0,32.0,41.25,22.75,False,False,3. Promo-Using Repeat
3252,69,Female,Coat,Outerwear,91,North Dakota,S,Magenta,Spring,4.8,No,Express,No,No,22,Bank Transfer,Monthly,Outerwear,23,0,30,91.0,0.0,36.4,49.6,58.7,40.5,True,True,1. High Value Organic
3253,39,Female,Boots,Footwear,43,Texas,M,Charcoal,Summer,4.7,No,Standard,Yes,Yes,6,Cash,Every 3 Months,Footwear,7,1,90,53.75,10.75,21.5,16.5,21.88,11.12,False,False,3. Promo-Using Repeat
3254,66,Male,Scarf,Accessories,41,Kansas,L,Gold,Fall,4.1,No,2-Day Shipping,Yes,Yes,23,Debit Card,Annually,Accessories,24,1,365,51.25,10.25,20.5,15.5,20.62,10.38,False,False,3. Promo-Using Repeat
3255,53,Female,Hat,Accessories,66,Missouri,M,Indigo,Summer,3.5,No,Standard,No,No,20,Bank Transfer,Quarterly,Accessories,21,0,90,66.0,0.0,26.4,34.6,41.2,28.0,False,False,1. High Value Organic
3256,59,Female,Jacket,Outerwear,84,Tennessee,L,Cyan,Summer,2.9,No,Free Shipping,No,No,40,Cash,Quarterly,Outerwear,41,0,90,84.0,0.0,33.6,45.4,53.8,37.0,True,True,1. High Value Organic
3257,65,Male,Blouse,Clothing,68,Alabama,M,Beige,Spring,4.3,No,Express,No,No,6,Venmo,Bi-Weekly,Clothing,7,0,14,68.0,0.0,27.2,35.8,42.6,29.0,False,False,4. Mid-Tier Core
3258,55,Female,Sandals,Footwear,33,Kansas,L,Violet,Fall,4.4,Yes,Standard,No,No,15,Bank Transfer,Every 3 Months,Footwear,16,0,90,33.0,0.0,13.2,14.8,18.1,11.5,False,False,4. Mid-Tier Core
3259,67,Male,Dress,Clothing,43,Vermont,M,Indigo,Summer,4.6,No,Store Pickup,No,No,38,Credit Card,Fortnightly,Clothing,39,0,14,43.0,0.0,17.2,20.8,25.1,16.5,False,False,4. Mid-Tier Core
3260,36,Male,Gloves,Accessories,30,Montana,S,Indigo,Summer,4.0,No,Next Day Air,Yes,Yes,8,PayPal,Every 3 Months,Accessories,9,1,90,37.5,7.5,15.0,10.0,13.75,6.25,False,False,3. Promo-Using Repeat
3261,41,Male,Shoes,Footwear,51,Mississippi,XL,Yellow,Spring,4.6,No,Express,No,No,17,Venmo,Bi-Weekly,Footwear,18,0,14,51.0,0.0,20.4,25.6,30.7,20.5,False,False,4. Mid-Tier Core
3262,34,Male,Scarf,Accessories,79,Illinois,L,Violet,Spring,3.2,No,Express,Yes,Yes,8,Cash,Monthly,Accessories,9,1,30,98.75,19.75,39.5,34.5,44.38,24.62,False,False,2. High Spend Bargain Hunter
3263,27,Female,Boots,Footwear,95,New Jersey,S,White,Summer,3.3,No,Store Pickup,No,No,41,Cash,Annually,Footwear,42,0,365,95.0,0.0,38.0,52.0,61.5,42.5,True,True,1. High Value Organic
3264,34,Male,Sunglasses,Accessories,65,Massachusetts,M,Maroon,Fall,3.7,No,Standard,Yes,Yes,42,Venmo,Fortnightly,Accessories,43,1,14,81.25,16.25,32.5,27.5,35.62,19.38,False,False,3. Promo-Using Repeat
3265,24,Female,Belt,Accessories,54,Colorado,M,Beige,Fall,3.6,No,Free Shipping,No,No,14,PayPal,Every 3 Months,Accessories,15,0,90,54.0,0.0,21.6,27.4,32.8,22.0,False,False,4. Mid-Tier Core
3266,24,Male,Pants,Clothing,74,Minnesota,L,Orange,Winter,4.9,Yes,Standard,Yes,Yes,10,Credit Card,Weekly,Clothing,11,1,7,92.5,18.5,37.0,32.0,41.25,22.75,False,False,3. Promo-Using Repeat
3267,41,Male,Shorts,Clothing,63,Utah,L,Charcoal,Spring,3.6,No,Store Pickup,No,No,31,Venmo,Bi-Weekly,Clothing,32,0,14,63.0,0.0,25.2,32.8,39.1,26.5,False,False,1. High Value Organic
3268,51,Male,Dress,Clothing,91,Alaska,L,Charcoal,Spring,3.4,No,2-Day Shipping,No,No,47,Cash,Annually,Clothing,48,0,365,91.0,0.0,36.4,49.6,58.7,40.5,True,True,1. High Value Organic
3269,53,Female,Pants,Clothing,53,Georgia,XL,Maroon,Winter,3.2,No,Free Shipping,Yes,Yes,43,Debit Card,Monthly,Clothing,44,1,30,66.25,13.25,26.5,21.5,28.12,14.88,False,False,3. Promo-Using Repeat
3270,65,Male,Pants,Clothing,95,Maryland,L,Red,Spring,3.2,No,Free Shipping,Yes,Yes,3,Credit Card,Monthly,Clothing,4,1,30,118.75,23.75,47.5,42.5,54.38,30.62,False,False,2. High Spend Bargain Hunter
3271,34,Male,Hat,Accessories,69,Wyoming,XL,Violet,Summer,3.7,No,Store Pickup,Yes,Yes,34,Credit Card,Annually,Accessories,35,1,365,86.25,17.25,34.5,29.5,38.12,20.88,False,False,3. Promo-Using Repeat
3272,26,Male,Coat,Outerwear,26,Arizona,M,Peach,Fall,3.3,No,Standard,No,No,27,Cash,Monthly,Outerwear,28,0,30,26.0,0.0,10.4,10.6,13.2,8.0,False,False,4. Mid-Tier Core
3273,47,Male,Sneakers,Footwear,94,Oregon,L,Magenta,Summer,3.9,No,Express,No,No,41,Bank Transfer,Fortnightly,Footwear,42,0,14,94.0,0.0,37.6,51.4,60.8,42.0,True,True,1. High Value Organic
3274,69,Male,Hat,Accessories,77,New Jersey,S,Orange,Spring,4.3,Yes,Next Day Air,No,No,6,Cash,Annually,Accessories,7,0,365,77.0,0.0,30.8,41.2,48.9,33.5,False,False,4. Mid-Tier Core
3275,27,Male,Sunglasses,Accessories,64,Montana,L,Black,Fall,2.7,No,Express,Yes,Yes,24,Cash,Every 3 Months,Accessories,25,1,90,80.0,16.0,32.0,27.0,35.0,19.0,False,False,3. Promo-Using Repeat
3276,22,Male,Dress,Clothing,20,Minnesota,S,Gray,Winter,4.4,No,Next Day Air,No,No,3,Debit Card,Annually,Clothing,4,0,365,20.0,0.0,8.0,7.0,9.0,5.0,False,False,4. Mid-Tier Core
3277,23,Female,Sneakers,Footwear,82,West Virginia,L,Green,Spring,4.8,Yes,Free Shipping,Yes,Yes,7,PayPal,Fortnightly,Footwear,8,1,14,102.5,20.5,41.0,36.0,46.25,25.75,False,False,2. High Spend Bargain Hunter
3278,63,Male,Sneakers,Footwear,61,Nebraska,M,Teal,Winter,5.0,No,Store Pickup,Yes,Yes,13,Bank Transfer,Annually,Footwear,14,1,365,76.25,15.25,30.5,25.5,33.12,17.88,False,False,3. Promo-Using Repeat
3279,37,Female,Boots,Footwear,94,New Jersey,M,Green,Spring,4.6,No,Store Pickup,No,No,44,Credit Card,Annually,Footwear,45,0,365,94.0,0.0,37.6,51.4,60.8,42.0,True,True,1. High Value Organic
3280,56,Female,Socks,Clothing,75,Arkansas,L,Magenta,Winter,2.7,No,2-Day Shipping,Yes,Yes,4,PayPal,Quarterly,Clothing,5,1,90,93.75,18.75,37.5,32.5,41.88,23.12,False,False,3. Promo-Using Repeat
3281,49,Female,Socks,Clothing,99,Missouri,M,Gray,Spring,4.2,No,Express,No,No,2,Cash,Annually,Clothing,3,0,365,99.0,0.0,39.6,54.4,64.3,44.5,False,False,4. Mid-Tier Core
3282,41,Male,Jeans,Clothing,63,South Carolina,XL,Orange,Summer,3.7,No,Standard,Yes,Yes,33,Credit Card,Every 3 Months,Clothing,34,1,90,78.75,15.75,31.5,26.5,34.38,18.62,False,False,3. Promo-Using Repeat
3283,29,Male,Shirt,Clothing,29,Oklahoma,M,Purple,Summer,4.9,No,Standard,No,No,13,Debit Card,Annually,Clothing,14,0,365,29.0,0.0,11.6,12.4,15.3,9.5,False,False,4. Mid-Tier Core
3284,18,Male,Shoes,Footwear,99,Florida,L,Gold,Spring,4.1,No,Express,Yes,Yes,34,Venmo,Fortnightly,Footwear,35,1,14,123.75,24.75,49.5,44.5,56.88,32.12,True,False,2. High Spend Bargain Hunter
3285,24,Male,Gloves,Accessories,87,Nevada,M,White,Spring,4.5,No,Express,Yes,Yes,41,Credit Card,Every 3 Months,Accessories,42,1,90,108.75,21.75,43.5,38.5,49.38,27.62,True,False,2. High Spend Bargain Hunter
3286,43,Male,Jeans,Clothing,87,New Hampshire,L,Silver,Spring,2.7,Yes,Store Pickup,Yes,Yes,35,Debit Card,Monthly,Clothing,36,1,30,108.75,21.75,43.5,38.5,49.38,27.62,True,False,2. High Spend Bargain Hunter
3287,34,Male,Scarf,Accessories,30,Tennessee,S,Red,Summer,3.7,No,Free Shipping,No,No,20,PayPal,Bi-Weekly,Accessories,21,0,14,30.0,0.0,12.0,13.0,16.0,10.0,False,False,4. Mid-Tier Core
3288,63,Female,Dress,Clothing,58,Vermont,XL,Maroon,Fall,3.1,No,Store Pickup,No,No,23,Bank Transfer,Every 3 Months,Clothing,24,0,90,58.0,0.0,23.2,29.8,35.6,24.0,False,False,1. High Value Organic
3289,67,Female,Belt,Accessories,43,Louisiana,L,Maroon,Fall,4.1,No,Next Day Air,Yes,Yes,21,Venmo,Weekly,Accessories,22,1,7,53.75,10.75,21.5,16.5,21.88,11.12,False,False,3. Promo-Using Repeat
3290,43,Male,Jewelry,Accessories,45,Louisiana,M,Purple,Spring,4.6,Yes,Free Shipping,No,No,20,Credit Card,Annually,Accessories,21,0,365,45.0,0.0,18.0,22.0,26.5,17.5,False,False,4. Mid-Tier Core
3291,63,Female,Sweater,Clothing,89,Minnesota,M,Indigo,Spring,4.7,No,Standard,No,No,29,Credit Card,Monthly,Clothing,30,0,30,89.0,0.0,35.6,48.4,57.3,39.5,True,True,1. High Value Organic
3292,34,Male,Shorts,Clothing,56,Massachusetts,M,Yellow,Spring,2.5,No,Express,No,No,41,Venmo,Quarterly,Clothing,42,0,90,56.0,0.0,22.4,28.6,34.2,23.0,False,False,1. High Value Organic
3293,21,Female,Sunglasses,Accessories,83,Tennessee,L,Teal,Spring,2.7,Yes,Free Shipping,No,No,38,Venmo,Weekly,Accessories,39,0,7,83.0,0.0,33.2,44.8,53.1,36.5,True,True,1. High Value Organic
3294,69,Male,Skirt,Clothing,42,Alaska,M,Pink,Winter,3.1,No,Express,Yes,Yes,48,Cash,Every 3 Months,Clothing,49,1,90,52.5,10.5,21.0,16.0,21.25,10.75,False,False,3. Promo-Using Repeat
3295,56,Male,Pants,Clothing,63,California,M,Beige,Winter,4.1,No,Standard,No,No,23,Cash,Fortnightly,Clothing,24,0,14,63.0,0.0,25.2,32.8,39.1,26.5,False,False,1. High Value Organic
3296,66,Female,Sandals,Footwear,74,Georgia,L,Teal,Fall,2.5,Yes,Standard,No,No,46,Venmo,Monthly,Footwear,47,0,30,74.0,0.0,29.6,39.4,46.8,32.0,False,True,1. High Value Organic
3297,55,Female,Hoodie,Clothing,81,Massachusetts,S,Black,Spring,3.7,Yes,Standard,Yes,Yes,26,Venmo,Annually,Clothing,27,1,365,101.25,20.25,40.5,35.5,45.62,25.38,True,False,2. High Spend Bargain Hunter
3298,50,Male,Belt,Accessories,65,Rhode Island,L,Violet,Winter,4.2,No,Free Shipping,Yes,Yes,5,Debit Card,Monthly,Accessories,6,1,30,81.25,16.25,32.5,27.5,35.62,19.38,False,False,3. Promo-Using Repeat
3299,44,Female,Jewelry,Accessories,48,West Virginia,L,Gold,Winter,4.8,No,Store Pickup,No,No,32,Cash,Annually,Accessories,33,0,365,48.0,0.0,19.2,23.8,28.6,19.0,False,False,4. Mid-Tier Core
3300,53,Female,Skirt,Clothing,38,Georgia,M,Teal,Spring,3.0,No,Next Day Air,No,No,20,Cash,Monthly,Clothing,21,0,30,38.0,0.0,15.2,17.8,21.6,14.0,False,False,4. Mid-Tier Core
3301,65,Male,Scarf,Accessories,93,Georgia,M,Brown,Summer,4.3,No,Standard,No,No,36,Debit Card,Weekly,Accessories,37,0,7,93.0,0.0,37.2,50.8,60.1,41.5,True,True,1. High Value Organic
3302,27,Male,Coat,Outerwear,50,Utah,S,Beige,Fall,3.5,No,Free Shipping,No,No,5,Venmo,Every 3 Months,Outerwear,6,0,90,50.0,0.0,20.0,25.0,30.0,20.0,False,False,4. Mid-Tier Core
3303,52,Male,Sunglasses,Accessories,42,Oklahoma,M,Peach,Spring,4.1,No,Express,No,No,9,Credit Card,Fortnightly,Accessories,10,0,14,42.0,0.0,16.8,20.2,24.4,16.0,False,False,4. Mid-Tier Core
3304,60,Male,Dress,Clothing,90,Iowa,M,Indigo,Spring,3.3,No,Standard,No,No,40,Cash,Every 3 Months,Clothing,41,0,90,90.0,0.0,36.0,49.0,58.0,40.0,True,True,1. High Value Organic
3305,25,Female,Coat,Outerwear,20,Ohio,M,Gray,Fall,4.7,No,Free Shipping,Yes,Yes,2,PayPal,Every 3 Months,Outerwear,3,1,90,25.0,5.0,10.0,5.0,7.5,2.5,False,False,3. Promo-Using Repeat
3306,46,Female,Gloves,Accessories,64,Delaware,S,Gold,Fall,2.8,No,Express,Yes,Yes,15,PayPal,Monthly,Accessories,16,1,30,80.0,16.0,32.0,27.0,35.0,19.0,False,False,3. Promo-Using Repeat
3307,56,Female,Belt,Accessories,96,Massachusetts,M,Magenta,Spring,3.6,No,Store Pickup,Yes,Yes,40,Cash,Fortnightly,Accessories,41,1,14,120.0,24.0,48.0,43.0,55.0,31.0,True,False,2. High Spend Bargain Hunter
3308,39,Male,Sunglasses,Accessories,92,South Carolina,M,Indigo,Spring,4.7,No,2-Day Shipping,Yes,Yes,48,Debit Card,Quarterly,Accessories,49,1,90,115.0,23.0,46.0,41.0,52.5,29.5,True,False,2. High Spend Bargain Hunter
3309,60,Male,Skirt,Clothing,58,Delaware,L,Lavender,Summer,3.5,No,Next Day Air,Yes,Yes,20,PayPal,Fortnightly,Clothing,21,1,14,72.5,14.5,29.0,24.0,31.25,16.75,False,False,3. Promo-Using Repeat
3310,37,Female,Backpack,Accessories,66,California,M,Olive,Winter,4.4,No,Express,No,No,49,PayPal,Every 3 Months,Accessories,50,0,90,66.0,0.0,26.4,34.6,41.2,28.0,False,False,1. High Value Organic
3311,45,Male,Dress,Clothing,75,Louisiana,S,Pink,Winter,4.7,Yes,Next Day Air,No,No,39,Bank Transfer,Bi-Weekly,Clothing,40,0,14,75.0,0.0,30.0,40.0,47.5,32.5,False,True,1. High Value Organic
3312,30,Male,Handbag,Accessories,99,Maine,L,Indigo,Fall,2.6,No,2-Day Shipping,No,No,37,PayPal,Annually,Accessories,38,0,365,99.0,0.0,39.6,54.4,64.3,44.5,True,True,1. High Value Organic
3313,62,Female,Dress,Clothing,66,Ohio,S,Gold,Spring,4.8,No,Express,Yes,Yes,32,Cash,Monthly,Clothing,33,1,30,82.5,16.5,33.0,28.0,36.25,19.75,False,False,3. Promo-Using Repeat
3314,18,Male,Boots,Footwear,78,Arkansas,M,Maroon,Spring,4.4,Yes,Free Shipping,No,No,2,Debit Card,Bi-Weekly,Footwear,3,0,14,78.0,0.0,31.2,41.8,49.6,34.0,False,False,4. Mid-Tier Core
3315,64,Male,Sunglasses,Accessories,37,Alaska,M,Purple,Summer,3.1,No,Store Pickup,No,No,38,Bank Transfer,Weekly,Accessories,39,0,7,37.0,0.0,14.8,17.2,20.9,13.5,False,False,4. Mid-Tier Core
3316,20,Female,Shoes,Footwear,91,West Virginia,L,Peach,Spring,4.3,No,Express,Yes,Yes,5,Bank Transfer,Annually,Footwear,6,1,365,113.75,22.75,45.5,40.5,51.88,29.12,False,False,2. High Spend Bargain Hunter
3317,60,Female,Boots,Footwear,39,Texas,M,Red,Fall,4.3,No,Standard,Yes,Yes,11,Cash,Every 3 Months,Footwear,12,1,90,48.75,9.75,19.5,14.5,19.38,9.62,False,False,3. Promo-Using Repeat
3318,24,Male,Skirt,Clothing,64,West Virginia,L,Brown,Fall,3.6,No,Next Day Air,No,No,2,Bank Transfer,Annually,Clothing,3,0,365,64.0,0.0,25.6,33.4,39.8,27.0,False,False,4. Mid-Tier Core
3319,41,Female,Boots,Footwear,92,Indiana,M,Teal,Fall,3.7,Yes,2-Day Shipping,Yes,Yes,15,Bank Transfer,Fortnightly,Footwear,16,1,14,115.0,23.0,46.0,41.0,52.5,29.5,False,False,2. High Spend Bargain Hunter
3320,61,Female,Gloves,Accessories,85,Maine,M,Silver,Spring,4.6,No,Store Pickup,No,No,9,Bank Transfer,Monthly,Accessories,10,0,30,85.0,0.0,34.0,46.0,54.5,37.5,False,False,4. Mid-Tier Core
3321,48,Male,Jacket,Outerwear,71,Oklahoma,M,Charcoal,Fall,3.0,Yes,Store Pickup,Yes,Yes,8,Bank Transfer,Quarterly,Outerwear,9,1,90,88.75,17.75,35.5,30.5,39.38,21.62,False,False,3. Promo-Using Repeat
3322,47,Male,Shirt,Clothing,49,Oklahoma,M,Purple,Winter,4.6,No,Free Shipping,No,No,31,Bank Transfer,Weekly,Clothing,32,0,7,49.0,0.0,19.6,24.4,29.3,19.5,False,False,4. Mid-Tier Core
3323,29,Female,Shorts,Clothing,63,Illinois,S,Teal,Summer,3.5,Yes,Store Pickup,Yes,Yes,43,Cash,Monthly,Clothing,44,1,30,78.75,15.75,31.5,26.5,34.38,18.62,False,False,3. Promo-Using Repeat
3324,29,Male,Dress,Clothing,92,Illinois,M,Olive,Summer,3.5,Yes,Next Day Air,No,No,13,Credit Card,Every 3 Months,Clothing,14,0,90,92.0,0.0,36.8,50.2,59.4,41.0,False,False,1. High Value Organic
3325,24,Female,Boots,Footwear,85,Massachusetts,M,Beige,Fall,4.3,Yes,Next Day Air,No,No,12,Venmo,Weekly,Footwear,13,0,7,85.0,0.0,34.0,46.0,54.5,37.5,False,False,1. High Value Organic
3326,38,Male,Dress,Clothing,23,Oklahoma,M,Magenta,Winter,4.6,No,Express,No,No,36,Cash,Annually,Clothing,37,0,365,23.0,0.0,9.2,8.8,11.1,6.5,False,False,4. Mid-Tier Core
3327,50,Male,Dress,Clothing,44,Alaska,S,Pink,Spring,3.5,No,Standard,Yes,Yes,6,Credit Card,Monthly,Clothing,7,1,30,55.0,11.0,22.0,17.0,22.5,11.5,False,False,3. Promo-Using Repeat
3328,26,Male,Hat,Accessories,25,Arizona,M,Indigo,Summer,2.8,No,Free Shipping,No,No,10,Debit Card,Monthly,Accessories,11,0,30,25.0,0.0,10.0,10.0,12.5,7.5,False,False,4. Mid-Tier Core
3329,66,Male,Boots,Footwear,53,New Jersey,M,Lavender,Summer,3.1,No,Standard,No,No,49,PayPal,Fortnightly,Footwear,50,0,14,53.0,0.0,21.2,26.8,32.1,21.5,False,False,4. Mid-Tier Core
3330,69,Male,Jacket,Outerwear,70,Kansas,M,Peach,Fall,3.1,No,Next Day Air,No,No,14,Cash,Fortnightly,Outerwear,15,0,14,70.0,0.0,28.0,37.0,44.0,30.0,False,False,1. High Value Organic
3331,23,Male,Backpack,Accessories,20,Oklahoma,L,Indigo,Fall,3.3,Yes,Store Pickup,No,No,20,Venmo,Monthly,Accessories,21,0,30,20.0,0.0,8.0,7.0,9.0,5.0,False,False,4. Mid-Tier Core
3332,54,Male,Blouse,Clothing,43,Maine,L,Beige,Winter,3.5,No,2-Day Shipping,No,No,32,Bank Transfer,Fortnightly,Clothing,33,0,14,43.0,0.0,17.2,20.8,25.1,16.5,False,False,4. Mid-Tier Core
3333,27,Male,Hoodie,Clothing,67,Florida,M,Turquoise,Summer,3.2,No,2-Day Shipping,No,No,19,Venmo,Monthly,Clothing,20,0,30,67.0,0.0,26.8,35.2,41.9,28.5,False,False,1. High Value Organic
3334,59,Male,Socks,Clothing,72,Idaho,M,Red,Summer,3.2,Yes,Express,No,No,28,Bank Transfer,Annually,Clothing,29,0,365,72.0,0.0,28.8,38.2,45.4,31.0,False,False,1. High Value Organic
3335,50,Male,Hat,Accessories,36,Idaho,S,Purple,Winter,3.2,No,Express,No,No,35,Bank Transfer,Bi-Weekly,Accessories,36,0,14,36.0,0.0,14.4,16.6,20.2,13.0,False,False,4. Mid-Tier Core
3336,18,Female,Hat,Accessories,64,Alaska,XL,Brown,Spring,4.7,Yes,Express,No,No,36,PayPal,Fortnightly,Accessories,37,0,14,64.0,0.0,25.6,33.4,39.8,27.0,False,False,1. High Value Organic
3337,56,Male,Sweater,Clothing,65,North Dakota,L,Gold,Winter,3.4,Yes,2-Day Shipping,No,No,37,Debit Card,Monthly,Clothing,38,0,30,65.0,0.0,26.0,34.0,40.5,27.5,False,False,1. High Value Organic
3338,68,Male,Blouse,Clothing,63,New York,M,Indigo,Fall,2.9,No,Free Shipping,No,No,20,Cash,Monthly,Clothing,21,0,30,63.0,0.0,25.2,32.8,39.1,26.5,False,False,1. High Value Organic
3339,52,Male,Dress,Clothing,38,Florida,XL,Beige,Spring,3.1,No,Express,No,No,26,Bank Transfer,Monthly,Clothing,27,0,30,38.0,0.0,15.2,17.8,21.6,14.0,False,False,4. Mid-Tier Core
3340,37,Male,Jacket,Outerwear,38,Nebraska,M,Gold,Spring,4.9,Yes,Store Pickup,No,No,49,Debit Card,Monthly,Outerwear,50,0,30,38.0,0.0,15.2,17.8,21.6,14.0,False,False,4. Mid-Tier Core
3341,61,Male,Dress,Clothing,34,Tennessee,M,Lavender,Winter,2.9,No,2-Day Shipping,Yes,Yes,41,Venmo,Bi-Weekly,Clothing,42,1,14,42.5,8.5,17.0,12.0,16.25,7.75,False,False,3. Promo-Using Repeat
3342,62,Male,Handbag,Accessories,98,Alaska,S,Turquoise,Winter,4.6,No,Express,Yes,Yes,46,Credit Card,Every 3 Months,Accessories,47,1,90,122.5,24.5,49.0,44.0,56.25,31.75,True,False,2. High Spend Bargain Hunter
3343,63,Male,Boots,Footwear,25,Illinois,L,Lavender,Summer,4.7,No,Express,Yes,Yes,40,Venmo,Quarterly,Footwear,41,1,90,31.25,6.25,12.5,7.5,10.62,4.38,False,False,3. Promo-Using Repeat
3344,66,Male,Pants,Clothing,64,Vermont,M,Silver,Summer,3.8,No,Express,No,No,11,Venmo,Fortnightly,Clothing,12,0,14,64.0,0.0,25.6,33.4,39.8,27.0,False,False,1. High Value Organic
3345,56,Male,Pants,Clothing,77,Idaho,L,Violet,Winter,4.2,Yes,Next Day Air,No,No,26,Venmo,Monthly,Clothing,27,0,30,77.0,0.0,30.8,41.2,48.9,33.5,False,True,1. High Value Organic
3346,36,Male,Gloves,Accessories,43,Nebraska,L,Peach,Winter,4.0,No,2-Day Shipping,No,No,21,Bank Transfer,Monthly,Accessories,22,0,30,43.0,0.0,17.2,20.8,25.1,16.5,False,False,4. Mid-Tier Core
3347,53,Male,Jeans,Clothing,36,Oregon,M,Beige,Summer,4.0,No,Store Pickup,No,No,29,Cash,Weekly,Clothing,30,0,7,36.0,0.0,14.4,16.6,20.2,13.0,False,False,4. Mid-Tier Core
3348,54,Male,Hoodie,Clothing,29,Nevada,M,Black,Winter,4.5,No,2-Day Shipping,No,No,21,PayPal,Fortnightly,Clothing,22,0,14,29.0,0.0,11.6,12.4,15.3,9.5,False,False,4. Mid-Tier Core
3349,37,Female,Skirt,Clothing,90,North Dakota,S,Gold,Fall,3.1,No,Standard,Yes,Yes,20,Cash,Annually,Clothing,21,1,365,112.5,22.5,45.0,40.0,51.25,28.75,True,False,2. High Spend Bargain Hunter
3350,30,Female,Dress,Clothing,29,Minnesota,M,Brown,Fall,3.2,Yes,Next Day Air,No,No,25,Venmo,Monthly,Clothing,26,0,30,29.0,0.0,11.6,12.4,15.3,9.5,False,False,4. Mid-Tier Core
3351,55,Male,Sunglasses,Accessories,58,Nebraska,S,Maroon,Fall,3.5,No,Free Shipping,Yes,Yes,25,Debit Card,Weekly,Accessories,26,1,7,72.5,14.5,29.0,24.0,31.25,16.75,False,False,3. Promo-Using Repeat
3352,60,Male,Hoodie,Clothing,97,Ohio,L,Charcoal,Fall,4.6,No,Next Day Air,No,No,33,Bank Transfer,Weekly,Clothing,34,0,7,97.0,0.0,38.8,53.2,62.9,43.5,True,True,1. High Value Organic
3353,46,Female,Gloves,Accessories,57,Iowa,M,Black,Winter,2.9,No,Store Pickup,Yes,Yes,5,Cash,Weekly,Accessories,6,1,7,71.25,14.25,28.5,23.5,30.62,16.38,False,False,3. Promo-Using Repeat
3354,55,Male,Sunglasses,Accessories,96,North Carolina,S,Pink,Winter,3.7,No,Next Day Air,Yes,Yes,26,PayPal,Weekly,Accessories,27,1,7,120.0,24.0,48.0,43.0,55.0,31.0,True,False,2. High Spend Bargain Hunter
3355,37,Female,Dress,Clothing,93,Louisiana,L,White,Summer,4.5,Yes,Next Day Air,Yes,Yes,24,Credit Card,Weekly,Clothing,25,1,7,116.25,23.25,46.5,41.5,53.12,29.88,True,False,2. High Spend Bargain Hunter
3356,26,Male,Sunglasses,Accessories,85,Alabama,XL,Maroon,Fall,3.0,No,Store Pickup,Yes,Yes,41,Cash,Annually,Accessories,42,1,365,106.25,21.25,42.5,37.5,48.12,26.88,True,False,2. High Spend Bargain Hunter
3357,57,Male,Sneakers,Footwear,69,Texas,M,Gold,Winter,4.0,No,Express,No,No,3,Credit Card,Bi-Weekly,Footwear,4,0,14,69.0,0.0,27.6,36.4,43.3,29.5,False,False,4. Mid-Tier Core
3358,55,Male,Gloves,Accessories,23,Nebraska,XL,Gold,Winter,3.2,No,Express,No,No,24,Venmo,Bi-Weekly,Accessories,25,0,14,23.0,0.0,9.2,8.8,11.1,6.5,False,False,4. Mid-Tier Core
3359,38,Male,Belt,Accessories,58,Idaho,L,Charcoal,Spring,4.6,No,2-Day Shipping,No,No,27,Bank Transfer,Quarterly,Accessories,28,0,90,58.0,0.0,23.2,29.8,35.6,24.0,False,False,1. High Value Organic
3360,48,Male,Scarf,Accessories,42,Kentucky,M,Green,Fall,4.3,No,Next Day Air,No,No,16,Debit Card,Bi-Weekly,Accessories,17,0,14,42.0,0.0,16.8,20.2,24.4,16.0,False,False,4. Mid-Tier Core
3361,59,Male,Belt,Accessories,24,Delaware,XL,Cyan,Winter,4.0,No,Express,No,No,31,Cash,Weekly,Accessories,32,0,7,24.0,0.0,9.6,9.4,11.8,7.0,False,False,4. Mid-Tier Core
3362,48,Male,Jewelry,Accessories,31,Mississippi,L,Yellow,Fall,4.9,No,Store Pickup,No,No,46,Credit Card,Quarterly,Accessories,47,0,90,31.0,0.0,12.4,13.6,16.7,10.5,False,False,4. Mid-Tier Core
3363,57,Female,Jewelry,Accessories,82,Florida,S,Red,Fall,2.8,No,2-Day Shipping,No,No,22,Bank Transfer,Annually,Accessories,23,0,365,82.0,0.0,32.8,44.2,52.4,36.0,True,True,1. High Value Organic
3364,49,Male,Jewelry,Accessories,99,Ohio,S,Cyan,Winter,4.6,No,Standard,Yes,Yes,28,PayPal,Every 3 Months,Accessories,29,1,90,123.75,24.75,49.5,44.5,56.88,32.12,True,False,2. High Spend Bargain Hunter
3365,62,Male,Sweater,Clothing,40,New York,M,Turquoise,Winter,2.7,No,Express,Yes,Yes,24,Venmo,Annually,Clothing,25,1,365,50.0,10.0,20.0,15.0,20.0,10.0,False,False,3. Promo-Using Repeat
3366,46,Male,Shorts,Clothing,75,Georgia,L,Orange,Winter,2.8,No,Free Shipping,Yes,Yes,39,PayPal,Monthly,Clothing,40,1,30,93.75,18.75,37.5,32.5,41.88,23.12,False,False,3. Promo-Using Repeat
3367,40,Female,Boots,Footwear,54,Mississippi,S,Gold,Spring,4.8,No,Express,Yes,Yes,7,Credit Card,Fortnightly,Footwear,8,1,14,67.5,13.5,27.0,22.0,28.75,15.25,False,False,3. Promo-Using Repeat
3368,60,Male,Sandals,Footwear,22,Maine,M,Turquoise,Summer,2.8,No,Express,No,No,1,PayPal,Weekly,Footwear,2,0,7,22.0,0.0,8.8,8.2,10.4,6.0,False,False,4. Mid-Tier Core
3369,69,Male,Handbag,Accessories,33,California,S,Gold,Summer,4.5,No,Next Day Air,Yes,Yes,30,Credit Card,Annually,Accessories,31,1,365,41.25,8.25,16.5,11.5,15.62,7.38,False,False,3. Promo-Using Repeat
3370,44,Female,Scarf,Accessories,43,South Dakota,L,Violet,Summer,3.8,No,Store Pickup,Yes,Yes,46,Cash,Bi-Weekly,Accessories,47,1,14,53.75,10.75,21.5,16.5,21.88,11.12,False,False,3. Promo-Using Repeat
3371,26,Male,Blouse,Clothing,68,Maryland,M,Lavender,Winter,2.6,No,Free Shipping,No,No,20,Venmo,Every 3 Months,Clothing,21,0,90,68.0,0.0,27.2,35.8,42.6,29.0,False,False,1. High Value Organic
3372,60,Female,Jewelry,Accessories,82,Wyoming,M,Cyan,Fall,4.9,Yes,Next Day Air,No,No,45,Cash,Fortnightly,Accessories,46,0,14,82.0,0.0,32.8,44.2,52.4,36.0,True,True,1. High Value Organic
3373,26,Male,Jewelry,Accessories,55,New York,S,Pink,Spring,3.7,No,Free Shipping,Yes,Yes,6,Cash,Every 3 Months,Accessories,7,1,90,68.75,13.75,27.5,22.5,29.38,15.62,False,False,3. Promo-Using Repeat
3374,30,Male,Hoodie,Clothing,92,Georgia,M,Teal,Winter,4.4,Yes,Next Day Air,Yes,Yes,38,Cash,Every 3 Months,Clothing,39,1,90,115.0,23.0,46.0,41.0,52.5,29.5,True,False,2. High Spend Bargain Hunter
3375,56,Female,Socks,Clothing,22,Alabama,S,White,Summer,3.4,No,Standard,No,No,27,PayPal,Bi-Weekly,Clothing,28,0,14,22.0,0.0,8.8,8.2,10.4,6.0,False,False,4. Mid-Tier Core
3376,43,Female,Backpack,Accessories,89,Oklahoma,L,Maroon,Summer,3.9,No,Next Day Air,Yes,Yes,4,Cash,Monthly,Accessories,5,1,30,111.25,22.25,44.5,39.5,50.62,28.38,False,False,2. High Spend Bargain Hunter
3377,29,Male,Scarf,Accessories,71,South Dakota,M,Indigo,Summer,3.5,No,Next Day Air,Yes,Yes,27,PayPal,Bi-Weekly,Accessories,28,1,14,88.75,17.75,35.5,30.5,39.38,21.62,False,False,3. Promo-Using Repeat
3378,62,Male,Hat,Accessories,68,Colorado,L,Orange,Spring,3.7,No,Express,No,No,16,PayPal,Weekly,Accessories,17,0,7,68.0,0.0,27.2,35.8,42.6,29.0,False,False,1. High Value Organic
3379,54,Male,Sweater,Clothing,32,North Carolina,M,Gray,Winter,4.0,No,2-Day Shipping,No,No,12,Bank Transfer,Fortnightly,Clothing,13,0,14,32.0,0.0,12.8,14.2,17.4,11.0,False,False,4. Mid-Tier Core
3380,50,Male,Shorts,Clothing,76,California,L,Black,Fall,2.7,No,2-Day Shipping,No,No,7,Bank Transfer,Fortnightly,Clothing,8,0,14,76.0,0.0,30.4,40.6,48.2,33.0,False,False,4. Mid-Tier Core
3381,70,Female,Dress,Clothing,86,Maryland,M,Olive,Winter,3.0,No,Standard,No,No,36,PayPal,Bi-Weekly,Clothing,37,0,14,86.0,0.0,34.4,46.6,55.2,38.0,True,True,1. High Value Organic
3382,70,Male,Jeans,Clothing,71,South Carolina,M,Beige,Spring,3.9,Yes,Standard,Yes,Yes,30,Venmo,Every 3 Months,Clothing,31,1,90,88.75,17.75,35.5,30.5,39.38,21.62,False,False,3. Promo-Using Repeat
3383,42,Male,Jewelry,Accessories,81,Hawaii,L,Red,Spring,4.8,No,Express,Yes,Yes,47,Debit Card,Quarterly,Accessories,48,1,90,101.25,20.25,40.5,35.5,45.62,25.38,True,False,2. High Spend Bargain Hunter
3384,20,Female,Jeans,Clothing,75,Kansas,L,Teal,Summer,4.9,No,Free Shipping,No,No,50,Cash,Bi-Weekly,Clothing,51,0,14,75.0,0.0,30.0,40.0,47.5,32.5,False,True,1. High Value Organic
3385,32,Male,Sandals,Footwear,24,South Carolina,M,Black,Fall,3.2,No,2-Day Shipping,No,No,27,PayPal,Weekly,Footwear,28,0,7,24.0,0.0,9.6,9.4,11.8,7.0,False,False,4. Mid-Tier Core
3386,34,Male,Handbag,Accessories,69,Kansas,M,Gray,Summer,2.6,No,Express,No,No,40,Bank Transfer,Fortnightly,Accessories,41,0,14,69.0,0.0,27.6,36.4,43.3,29.5,False,False,1. High Value Organic
3387,47,Male,Pants,Clothing,93,Arkansas,M,Turquoise,Spring,4.7,No,Next Day Air,No,No,40,Debit Card,Every 3 Months,Clothing,41,0,90,93.0,0.0,37.2,50.8,60.1,41.5,True,True,1. High Value Organic
3388,39,Male,Sunglasses,Accessories,47,Massachusetts,L,Charcoal,Winter,3.8,No,2-Day Shipping,Yes,Yes,43,Credit Card,Fortnightly,Accessories,44,1,14,58.75,11.75,23.5,18.5,24.38,12.62,False,False,3. Promo-Using Repeat
3389,43,Female,Hat,Accessories,55,Ohio,L,Red,Winter,4.0,No,Standard,Yes,Yes,5,Venmo,Quarterly,Accessories,6,1,90,68.75,13.75,27.5,22.5,29.38,15.62,False,False,3. Promo-Using Repeat
3390,52,Male,Shorts,Clothing,89,North Dakota,M,Yellow,Summer,4.9,Yes,Store Pickup,No,No,9,PayPal,Weekly,Clothing,10,0,7,89.0,0.0,35.6,48.4,57.3,39.5,False,False,4. Mid-Tier Core
3391,59,Male,Hat,Accessories,81,Idaho,M,Brown,Fall,2.7,Yes,Free Shipping,No,No,2,Debit Card,Weekly,Accessories,3,0,7,81.0,0.0,32.4,43.6,51.7,35.5,False,False,4. Mid-Tier Core
3392,46,Male,Jacket,Outerwear,44,Rhode Island,S,Silver,Winter,3.7,No,Store Pickup,No,No,19,Debit Card,Weekly,Outerwear,20,0,7,44.0,0.0,17.6,21.4,25.8,17.0,False,False,4. Mid-Tier Core
3393,48,Male,Backpack,Accessories,84,South Dakota,L,Teal,Winter,3.8,No,Express,No,No,27,PayPal,Annually,Accessories,28,0,365,84.0,0.0,33.6,45.4,53.8,37.0,True,True,1. High Value Organic
3394,28,Male,Boots,Footwear,45,Tennessee,M,Maroon,Fall,4.9,No,Store Pickup,No,No,46,PayPal,Bi-Weekly,Footwear,47,0,14,45.0,0.0,18.0,22.0,26.5,17.5,False,False,4. Mid-Tier Core
3395,40,Male,Hat,Accessories,26,Indiana,M,Cyan,Summer,4.4,No,2-Day Shipping,Yes,Yes,15,Cash,Quarterly,Accessories,16,1,90,32.5,6.5,13.0,8.0,11.25,4.75,False,False,3. Promo-Using Repeat
3396,21,Male,Hat,Accessories,80,Alaska,M,White,Winter,4.0,No,2-Day Shipping,No,No,30,Venmo,Fortnightly,Accessories,31,0,14,80.0,0.0,32.0,43.0,51.0,35.0,True,True,1. High Value Organic
3397,65,Male,Sweater,Clothing,30,New Hampshire,M,Purple,Winter,3.4,Yes,Next Day Air,Yes,Yes,42,Bank Transfer,Annually,Clothing,43,1,365,37.5,7.5,15.0,10.0,13.75,6.25,False,False,3. Promo-Using Repeat
3398,29,Male,Sneakers,Footwear,96,Texas,M,Indigo,Winter,3.8,No,Express,Yes,Yes,37,Cash,Quarterly,Footwear,38,1,90,120.0,24.0,48.0,43.0,55.0,31.0,True,False,2. High Spend Bargain Hunter
3399,26,Male,Dress,Clothing,77,Idaho,M,Indigo,Fall,4.5,No,Express,No,No,1,Debit Card,Annually,Clothing,2,0,365,77.0,0.0,30.8,41.2,48.9,33.5,False,False,4. Mid-Tier Core
3400,49,Female,Belt,Accessories,47,Oklahoma,S,Beige,Fall,2.7,No,Standard,Yes,Yes,1,PayPal,Bi-Weekly,Accessories,2,1,14,58.75,11.75,23.5,18.5,24.38,12.62,False,False,3. Promo-Using Repeat
3401,45,Male,Scarf,Accessories,34,Arizona,M,Brown,Fall,3.9,No,Store Pickup,No,No,50,Credit Card,Annually,Accessories,51,0,365,34.0,0.0,13.6,15.4,18.8,12.0,False,False,4. Mid-Tier Core
3402,47,Male,Coat,Outerwear,25,Iowa,XL,Maroon,Fall,2.9,No,2-Day Shipping,No,No,16,Bank Transfer,Bi-Weekly,Outerwear,17,0,14,25.0,0.0,10.0,10.0,12.5,7.5,False,False,4. Mid-Tier Core
3403,28,Male,Skirt,Clothing,45,Alaska,M,Maroon,Fall,2.8,No,2-Day Shipping,No,No,44,Credit Card,Quarterly,Clothing,45,0,90,45.0,0.0,18.0,22.0,26.5,17.5,False,False,4. Mid-Tier Core
3404,56,Female,Jeans,Clothing,55,Iowa,M,Red,Fall,4.9,No,Standard,No,No,50,Bank Transfer,Bi-Weekly,Clothing,51,0,14,55.0,0.0,22.0,28.0,33.5,22.5,False,False,1. High Value Organic
3405,57,Male,Scarf,Accessories,32,South Carolina,XL,White,Winter,3.6,No,Next Day Air,No,No,50,Venmo,Monthly,Accessories,51,0,30,32.0,0.0,12.8,14.2,17.4,11.0,False,False,4. Mid-Tier Core
3406,42,Male,Boots,Footwear,24,Nevada,L,Charcoal,Fall,3.3,No,2-Day Shipping,Yes,Yes,37,Venmo,Bi-Weekly,Footwear,38,1,14,30.0,6.0,12.0,7.0,10.0,4.0,False,False,3. Promo-Using Repeat
3407,53,Male,Sneakers,Footwear,25,New York,M,Peach,Winter,4.0,Yes,Free Shipping,Yes,Yes,23,Bank Transfer,Quarterly,Footwear,24,1,90,31.25,6.25,12.5,7.5,10.62,4.38,False,False,3. Promo-Using Repeat
3408,27,Male,Jewelry,Accessories,40,Hawaii,L,Olive,Fall,4.9,No,Next Day Air,Yes,Yes,49,Bank Transfer,Every 3 Months,Accessories,50,1,90,50.0,10.0,20.0,15.0,20.0,10.0,False,False,3. Promo-Using Repeat
3409,44,Female,Shoes,Footwear,67,Nebraska,M,Magenta,Summer,4.3,Yes,2-Day Shipping,No,No,25,Bank Transfer,Fortnightly,Footwear,26,0,14,67.0,0.0,26.8,35.2,41.9,28.5,False,False,1. High Value Organic
3410,31,Male,Jacket,Outerwear,79,Tennessee,S,Orange,Fall,3.3,No,Express,No,No,50,PayPal,Annually,Outerwear,51,0,365,79.0,0.0,31.6,42.4,50.3,34.5,True,True,1. High Value Organic
3411,67,Female,Boots,Footwear,58,Louisiana,M,Violet,Spring,3.9,No,Store Pickup,Yes,Yes,2,Credit Card,Quarterly,Footwear,3,1,90,72.5,14.5,29.0,24.0,31.25,16.75,False,False,3. Promo-Using Repeat
3412,22,Male,Dress,Clothing,81,Oklahoma,M,Beige,Fall,4.6,No,Express,No,No,18,Credit Card,Bi-Weekly,Clothing,19,0,14,81.0,0.0,32.4,43.6,51.7,35.5,False,True,1. High Value Organic
3413,63,Female,Blouse,Clothing,55,Nebraska,L,Lavender,Winter,2.7,No,Standard,No,No,14,Bank Transfer,Annually,Clothing,15,0,365,55.0,0.0,22.0,28.0,33.5,22.5,False,False,1. High Value Organic
3414,43,Male,Sunglasses,Accessories,64,Minnesota,M,Violet,Winter,3.6,No,2-Day Shipping,No,No,34,Credit Card,Annually,Accessories,35,0,365,64.0,0.0,25.6,33.4,39.8,27.0,False,False,1. High Value Organic
3415,40,Male,Hoodie,Clothing,44,North Dakota,L,Gold,Summer,4.1,Yes,2-Day Shipping,Yes,Yes,2,Debit Card,Quarterly,Clothing,3,1,90,55.0,11.0,22.0,17.0,22.5,11.5,False,False,3. Promo-Using Repeat
3416,67,Female,Scarf,Accessories,79,Nebraska,M,Yellow,Summer,3.7,No,Store Pickup,Yes,Yes,10,PayPal,Fortnightly,Accessories,11,1,14,98.75,19.75,39.5,34.5,44.38,24.62,False,False,2. High Spend Bargain Hunter
3417,49,Male,Shoes,Footwear,93,West Virginia,S,Olive,Spring,3.3,No,Store Pickup,No,No,5,Debit Card,Fortnightly,Footwear,6,0,14,93.0,0.0,37.2,50.8,60.1,41.5,False,False,4. Mid-Tier Core
3418,49,Male,Shoes,Footwear,39,New Hampshire,M,Orange,Spring,2.7,No,Express,Yes,Yes,32,Bank Transfer,Annually,Footwear,33,1,365,48.75,9.75,19.5,14.5,19.38,9.62,False,False,3. Promo-Using Repeat
3419,45,Male,Jacket,Outerwear,22,Vermont,M,Magenta,Winter,4.6,Yes,Next Day Air,Yes,Yes,22,Venmo,Weekly,Outerwear,23,1,7,27.5,5.5,11.0,6.0,8.75,3.25,False,False,3. Promo-Using Repeat
3420,57,Female,Hoodie,Clothing,81,Texas,M,Turquoise,Spring,3.6,Yes,2-Day Shipping,No,No,45,Bank Transfer,Quarterly,Clothing,46,0,90,81.0,0.0,32.4,43.6,51.7,35.5,True,True,1. High Value Organic
3421,26,Male,Coat,Outerwear,62,Montana,XL,Teal,Spring,4.6,No,Standard,Yes,Yes,15,Debit Card,Quarterly,Outerwear,16,1,90,77.5,15.5,31.0,26.0,33.75,18.25,False,False,3. Promo-Using Repeat
3422,43,Female,Dress,Clothing,68,Kentucky,M,Orange,Winter,5.0,No,Express,Yes,Yes,49,Bank Transfer,Weekly,Clothing,50,1,7,85.0,17.0,34.0,29.0,37.5,20.5,False,False,3. Promo-Using Repeat
3423,18,Male,Dress,Clothing,94,South Dakota,M,Silver,Spring,3.2,No,Free Shipping,Yes,Yes,17,Debit Card,Monthly,Clothing,18,1,30,117.5,23.5,47.0,42.0,53.75,30.25,False,False,2. High Spend Bargain Hunter
3424,68,Male,Sneakers,Footwear,65,New York,M,Beige,Winter,3.0,Yes,Free Shipping,No,No,44,Venmo,Fortnightly,Footwear,45,0,14,65.0,0.0,26.0,34.0,40.5,27.5,False,False,1. High Value Organic
3425,39,Male,Sunglasses,Accessories,45,California,M,Pink,Summer,5.0,No,2-Day Shipping,Yes,Yes,46,PayPal,Every 3 Months,Accessories,47,1,90,56.25,11.25,22.5,17.5,23.12,11.88,False,False,3. Promo-Using Repeat
3426,32,Male,Sandals,Footwear,22,New York,M,Violet,Spring,3.9,No,Standard,Yes,Yes,21,Venmo,Quarterly,Footwear,22,1,90,27.5,5.5,11.0,6.0,8.75,3.25,False,False,3. Promo-Using Repeat
3427,45,Female,Boots,Footwear,92,Illinois,M,Charcoal,Winter,3.3,Yes,2-Day Shipping,No,No,31,Bank Transfer,Annually,Footwear,32,0,365,92.0,0.0,36.8,50.2,59.4,41.0,True,True,1. High Value Organic
3428,59,Female,Skirt,Clothing,76,Delaware,S,Brown,Winter,3.9,Yes,Standard,No,No,40,Credit Card,Fortnightly,Clothing,41,0,14,76.0,0.0,30.4,40.6,48.2,33.0,False,True,1. High Value Organic
3429,30,Male,Belt,Accessories,58,Maine,L,Peach,Winter,4.9,No,Next Day Air,Yes,Yes,28,PayPal,Weekly,Accessories,29,1,7,72.5,14.5,29.0,24.0,31.25,16.75,False,False,3. Promo-Using Repeat
3430,63,Female,Sandals,Footwear,73,Colorado,S,Yellow,Summer,3.3,Yes,2-Day Shipping,No,No,47,Bank Transfer,Monthly,Footwear,48,0,30,73.0,0.0,29.2,38.8,46.1,31.5,False,True,1. High Value Organic
3431,20,Male,Jacket,Outerwear,98,Mississippi,M,White,Spring,3.5,No,Standard,Yes,Yes,2,Debit Card,Weekly,Outerwear,3,1,7,122.5,24.5,49.0,44.0,56.25,31.75,False,False,2. High Spend Bargain Hunter
3432,42,Male,Boots,Footwear,64,Montana,M,Magenta,Winter,4.0,No,Store Pickup,No,No,13,Cash,Monthly,Footwear,14,0,30,64.0,0.0,25.6,33.4,39.8,27.0,False,False,1. High Value Organic
3433,62,Female,Handbag,Accessories,99,South Carolina,L,Purple,Fall,3.1,No,Express,Yes,Yes,21,Venmo,Weekly,Accessories,22,1,7,123.75,24.75,49.5,44.5,56.88,32.12,True,False,2. High Spend Bargain Hunter
3434,19,Male,Jewelry,Accessories,79,Wyoming,M,Lavender,Spring,4.8,No,Free Shipping,Yes,Yes,18,Credit Card,Bi-Weekly,Accessories,19,1,14,98.75,19.75,39.5,34.5,44.38,24.62,False,False,2. High Spend Bargain Hunter
3435,31,Female,Dress,Clothing,58,Kansas,M,Beige,Spring,4.6,No,Standard,No,No,9,Debit Card,Every 3 Months,Clothing,10,0,90,58.0,0.0,23.2,29.8,35.6,24.0,False,False,4. Mid-Tier Core
3436,20,Male,Pants,Clothing,97,New Hampshire,S,Beige,Winter,3.2,No,Standard,Yes,Yes,19,Bank Transfer,Quarterly,Clothing,20,1,90,121.25,24.25,48.5,43.5,55.62,31.38,False,False,2. High Spend Bargain Hunter
3437,52,Male,Shorts,Clothing,42,North Dakota,M,Violet,Spring,4.6,No,Store Pickup,Yes,Yes,12,Venmo,Bi-Weekly,Clothing,13,1,14,52.5,10.5,21.0,16.0,21.25,10.75,False,False,3. Promo-Using Repeat
3438,39,Female,Hoodie,Clothing,79,South Dakota,S,White,Spring,4.6,No,Store Pickup,No,No,23,Debit Card,Bi-Weekly,Clothing,24,0,14,79.0,0.0,31.6,42.4,50.3,34.5,True,True,1. High Value Organic
3439,38,Female,Hat,Accessories,44,South Carolina,XL,Gold,Summer,4.8,No,2-Day Shipping,Yes,Yes,23,Credit Card,Quarterly,Accessories,24,1,90,55.0,11.0,22.0,17.0,22.5,11.5,False,False,3. Promo-Using Repeat
3440,53,Male,Socks,Clothing,34,Ohio,S,Beige,Spring,4.0,No,Express,No,No,18,Debit Card,Fortnightly,Clothing,19,0,14,34.0,0.0,13.6,15.4,18.8,12.0,False,False,4. Mid-Tier Core
3441,26,Male,Hoodie,Clothing,34,New York,S,Turquoise,Fall,2.9,No,Standard,No,No,47,Cash,Annually,Clothing,48,0,365,34.0,0.0,13.6,15.4,18.8,12.0,False,False,4. Mid-Tier Core
3442,34,Male,Dress,Clothing,28,North Dakota,M,Yellow,Spring,4.3,No,Store Pickup,Yes,Yes,48,PayPal,Every 3 Months,Clothing,49,1,90,35.0,7.0,14.0,9.0,12.5,5.5,False,False,3. Promo-Using Repeat
3443,47,Male,Shorts,Clothing,71,Idaho,L,Turquoise,Spring,4.8,No,Standard,No,No,7,PayPal,Quarterly,Clothing,8,0,90,71.0,0.0,28.4,37.6,44.7,30.5,False,False,4. Mid-Tier Core
3444,32,Male,Coat,Outerwear,48,Utah,S,Olive,Spring,3.7,No,Express,No,No,27,PayPal,Bi-Weekly,Outerwear,28,0,14,48.0,0.0,19.2,23.8,28.6,19.0,False,False,4. Mid-Tier Core
3445,65,Male,Socks,Clothing,70,Rhode Island,S,Lavender,Summer,3.5,Yes,Store Pickup,Yes,Yes,1,Cash,Monthly,Clothing,2,1,30,87.5,17.5,35.0,30.0,38.75,21.25,False,False,3. Promo-Using Repeat
3446,66,Male,Sandals,Footwear,80,Georgia,L,Brown,Winter,2.6,Yes,Standard,Yes,Yes,3,Debit Card,Every 3 Months,Footwear,4,1,90,100.0,20.0,40.0,35.0,45.0,25.0,False,False,2. High Spend Bargain Hunter
3447,41,Male,Sneakers,Footwear,77,Maryland,M,Yellow,Winter,4.5,Yes,2-Day Shipping,No,No,28,Venmo,Weekly,Footwear,29,0,7,77.0,0.0,30.8,41.2,48.9,33.5,False,True,1. High Value Organic
3448,61,Male,Pants,Clothing,48,Georgia,M,Turquoise,Spring,3.7,No,Free Shipping,Yes,Yes,36,PayPal,Annually,Clothing,37,1,365,60.0,12.0,24.0,19.0,25.0,13.0,False,False,3. Promo-Using Repeat
3449,21,Male,Jacket,Outerwear,22,Arizona,L,Teal,Spring,4.4,Yes,Free Shipping,Yes,Yes,12,Cash,Every 3 Months,Outerwear,13,1,90,27.5,5.5,11.0,6.0,8.75,3.25,False,False,3. Promo-Using Repeat
3450,68,Female,Sandals,Footwear,76,New Hampshire,L,Violet,Winter,2.6,No,Free Shipping,No,No,35,Venmo,Quarterly,Footwear,36,0,90,76.0,0.0,30.4,40.6,48.2,33.0,False,True,1. High Value Organic
3451,58,Female,Jeans,Clothing,89,Arkansas,M,Maroon,Winter,4.3,No,Store Pickup,No,No,4,Venmo,Bi-Weekly,Clothing,5,0,14,89.0,0.0,35.6,48.4,57.3,39.5,False,False,4. Mid-Tier Core
3452,35,Male,Sandals,Footwear,99,Maine,M,Brown,Spring,4.5,No,2-Day Shipping,Yes,Yes,37,Cash,Quarterly,Footwear,38,1,90,123.75,24.75,49.5,44.5,56.88,32.12,True,False,2. High Spend Bargain Hunter
3453,54,Male,Coat,Outerwear,35,Louisiana,M,Charcoal,Winter,3.2,No,Next Day Air,No,No,19,Venmo,Bi-Weekly,Outerwear,20,0,14,35.0,0.0,14.0,16.0,19.5,12.5,False,False,4. Mid-Tier Core
3454,35,Female,Shirt,Clothing,36,South Dakota,S,Beige,Spring,3.6,No,Store Pickup,Yes,Yes,3,PayPal,Quarterly,Clothing,4,1,90,45.0,9.0,18.0,13.0,17.5,8.5,False,False,3. Promo-Using Repeat
3455,19,Male,Shorts,Clothing,24,Illinois,M,Red,Fall,2.6,No,Free Shipping,No,No,33,Bank Transfer,Every 3 Months,Clothing,34,0,90,24.0,0.0,9.6,9.4,11.8,7.0,False,False,4. Mid-Tier Core
3456,56,Male,Blouse,Clothing,34,Nevada,L,Violet,Fall,4.1,No,Free Shipping,Yes,Yes,16,Debit Card,Annually,Clothing,17,1,365,42.5,8.5,17.0,12.0,16.25,7.75,False,False,3. Promo-Using Repeat
3457,31,Female,Sneakers,Footwear,77,Oregon,M,Lavender,Spring,3.6,No,Express,No,No,9,Debit Card,Bi-Weekly,Footwear,10,0,14,77.0,0.0,30.8,41.2,48.9,33.5,False,False,4. Mid-Tier Core
3458,43,Male,Shirt,Clothing,72,South Carolina,M,Purple,Fall,4.8,Yes,Next Day Air,No,No,44,Credit Card,Fortnightly,Clothing,45,0,14,72.0,0.0,28.8,38.2,45.4,31.0,False,False,1. High Value Organic
3459,64,Male,Jacket,Outerwear,51,Utah,S,Maroon,Summer,3.0,No,Free Shipping,Yes,Yes,44,PayPal,Fortnightly,Outerwear,45,1,14,63.75,12.75,25.5,20.5,26.88,14.12,False,False,3. Promo-Using Repeat
3460,51,Male,Jewelry,Accessories,77,West Virginia,L,Teal,Fall,4.9,Yes,Store Pickup,No,No,12,Bank Transfer,Every 3 Months,Accessories,13,0,90,77.0,0.0,30.8,41.2,48.9,33.5,False,False,1. High Value Organic
3461,61,Male,Socks,Clothing,98,Texas,S,Cyan,Fall,3.0,No,Store Pickup,Yes,Yes,17,Debit Card,Every 3 Months,Clothing,18,1,90,122.5,24.5,49.0,44.0,56.25,31.75,False,False,2. High Spend Bargain Hunter
3462,64,Male,Sandals,Footwear,94,Florida,XL,Cyan,Winter,4.9,No,2-Day Shipping,No,No,4,Credit Card,Fortnightly,Footwear,5,0,14,94.0,0.0,37.6,51.4,60.8,42.0,False,False,4. Mid-Tier Core
3463,19,Male,Shorts,Clothing,76,Georgia,M,Cyan,Spring,3.3,No,Store Pickup,Yes,Yes,47,Credit Card,Bi-Weekly,Clothing,48,1,14,95.0,19.0,38.0,33.0,42.5,23.5,False,False,3. Promo-Using Repeat
3464,38,Male,Coat,Outerwear,70,New York,L,Maroon,Spring,3.7,No,Standard,No,No,40,Debit Card,Bi-Weekly,Outerwear,41,0,14,70.0,0.0,28.0,37.0,44.0,30.0,False,False,1. High Value Organic
3465,58,Male,Jewelry,Accessories,66,Idaho,M,Magenta,Fall,3.3,Yes,Standard,No,No,9,PayPal,Weekly,Accessories,10,0,7,66.0,0.0,26.4,34.6,41.2,28.0,False,False,4. Mid-Tier Core
3466,64,Male,Sweater,Clothing,49,Colorado,L,Magenta,Summer,3.5,Yes,Express,No,No,43,PayPal,Weekly,Clothing,44,0,7,49.0,0.0,19.6,24.4,29.3,19.5,False,False,4. Mid-Tier Core
3467,66,Male,Blouse,Clothing,91,Utah,L,Beige,Spring,3.6,Yes,Next Day Air,Yes,Yes,20,Bank Transfer,Quarterly,Clothing,21,1,90,113.75,22.75,45.5,40.5,51.88,29.12,True,False,2. High Spend Bargain Hunter
3468,57,Male,Backpack,Accessories,64,Georgia,L,Maroon,Fall,3.6,Yes,2-Day Shipping,Yes,Yes,14,Venmo,Monthly,Accessories,15,1,30,80.0,16.0,32.0,27.0,35.0,19.0,False,False,3. Promo-Using Repeat
3469,51,Male,Boots,Footwear,43,South Dakota,M,White,Fall,3.0,No,Store Pickup,No,No,47,Venmo,Weekly,Footwear,48,0,7,43.0,0.0,17.2,20.8,25.1,16.5,False,False,4. Mid-Tier Core
3470,32,Male,Backpack,Accessories,33,North Carolina,S,Yellow,Spring,4.1,No,2-Day Shipping,Yes,Yes,49,Bank Transfer,Weekly,Accessories,50,1,7,41.25,8.25,16.5,11.5,15.62,7.38,False,False,3. Promo-Using Repeat
3471,65,Male,Boots,Footwear,65,Nevada,M,Purple,Spring,4.0,Yes,Free Shipping,No,No,42,Bank Transfer,Bi-Weekly,Footwear,43,0,14,65.0,0.0,26.0,34.0,40.5,27.5,False,False,1. High Value Organic
3472,35,Female,Socks,Clothing,83,Kentucky,M,Gold,Summer,2.8,No,Express,No,No,32,Bank Transfer,Weekly,Clothing,33,0,7,83.0,0.0,33.2,44.8,53.1,36.5,True,True,1. High Value Organic
3473,40,Male,Sweater,Clothing,55,Maryland,M,Violet,Fall,5.0,Yes,Store Pickup,No,No,17,Credit Card,Annually,Clothing,18,0,365,55.0,0.0,22.0,28.0,33.5,22.5,False,False,1. High Value Organic
3474,40,Male,Dress,Clothing,35,Nebraska,S,Brown,Spring,4.4,No,Express,No,No,43,Credit Card,Fortnightly,Clothing,44,0,14,35.0,0.0,14.0,16.0,19.5,12.5,False,False,4. Mid-Tier Core
3475,23,Male,Jewelry,Accessories,83,West Virginia,M,Brown,Spring,3.7,No,Free Shipping,No,No,31,PayPal,Weekly,Accessories,32,0,7,83.0,0.0,33.2,44.8,53.1,36.5,True,True,1. High Value Organic
3476,41,Male,Blouse,Clothing,90,Iowa,M,Gray,Fall,5.0,Yes,Store Pickup,Yes,Yes,32,Cash,Weekly,Clothing,33,1,7,112.5,22.5,45.0,40.0,51.25,28.75,True,False,2. High Spend Bargain Hunter
3477,54,Male,Dress,Clothing,69,Missouri,L,Indigo,Fall,3.2,No,Store Pickup,Yes,Yes,47,Bank Transfer,Quarterly,Clothing,48,1,90,86.25,17.25,34.5,29.5,38.12,20.88,False,False,3. Promo-Using Repeat
3478,62,Male,Jewelry,Accessories,83,New Hampshire,M,Green,Spring,3.6,No,Store Pickup,No,No,35,Credit Card,Monthly,Accessories,36,0,30,83.0,0.0,33.2,44.8,53.1,36.5,True,True,1. High Value Organic
3479,53,Female,Blouse,Clothing,90,Montana,L,Charcoal,Spring,3.4,No,Free Shipping,Yes,Yes,1,Debit Card,Every 3 Months,Clothing,2,1,90,112.5,22.5,45.0,40.0,51.25,28.75,False,False,2. High Spend Bargain Hunter
3480,26,Male,Hoodie,Clothing,73,Kansas,S,Violet,Spring,3.1,No,Standard,Yes,Yes,1,Bank Transfer,Every 3 Months,Clothing,2,1,90,91.25,18.25,36.5,31.5,40.62,22.38,False,False,3. Promo-Using Repeat
3481,44,Male,Sweater,Clothing,48,South Carolina,L,White,Spring,3.3,Yes,Next Day Air,Yes,Yes,28,Cash,Fortnightly,Clothing,29,1,14,60.0,12.0,24.0,19.0,25.0,13.0,False,False,3. Promo-Using Repeat
3482,51,Female,Jeans,Clothing,68,North Dakota,M,Gray,Winter,2.5,No,Next Day Air,Yes,Yes,36,Cash,Bi-Weekly,Clothing,37,1,14,85.0,17.0,34.0,29.0,37.5,20.5,False,False,3. Promo-Using Repeat
3483,20,Male,Gloves,Accessories,54,Montana,L,Charcoal,Fall,3.8,No,Next Day Air,Yes,Yes,25,Venmo,Bi-Weekly,Accessories,26,1,14,67.5,13.5,27.0,22.0,28.75,15.25,False,False,3. Promo-Using Repeat
3484,29,Female,Hoodie,Clothing,24,Indiana,L,Turquoise,Spring,3.9,No,Free Shipping,No,No,33,Bank Transfer,Quarterly,Clothing,34,0,90,24.0,0.0,9.6,9.4,11.8,7.0,False,False,4. Mid-Tier Core
3485,43,Male,Backpack,Accessories,54,Mississippi,L,Gold,Winter,3.1,Yes,Free Shipping,Yes,Yes,11,Cash,Quarterly,Accessories,12,1,90,67.5,13.5,27.0,22.0,28.75,15.25,False,False,3. Promo-Using Repeat
3486,40,Female,Dress,Clothing,51,Kansas,M,Magenta,Fall,4.2,Yes,Next Day Air,No,No,7,Debit Card,Quarterly,Clothing,8,0,90,51.0,0.0,20.4,25.6,30.7,20.5,False,False,4. Mid-Tier Core
3487,62,Male,Dress,Clothing,70,California,M,Silver,Summer,4.0,No,Store Pickup,No,No,18,Debit Card,Quarterly,Clothing,19,0,90,70.0,0.0,28.0,37.0,44.0,30.0,False,False,1. High Value Organic
3488,20,Male,Jewelry,Accessories,76,Ohio,L,Silver,Fall,4.8,No,Express,Yes,Yes,19,PayPal,Quarterly,Accessories,20,1,90,95.0,19.0,38.0,33.0,42.5,23.5,False,False,3. Promo-Using Repeat
3489,62,Female,Sunglasses,Accessories,61,Minnesota,M,Olive,Spring,4.9,Yes,Free Shipping,Yes,Yes,42,Venmo,Fortnightly,Accessories,43,1,14,76.25,15.25,30.5,25.5,33.12,17.88,False,False,3. Promo-Using Repeat
3490,42,Female,Backpack,Accessories,77,Texas,XL,Purple,Spring,4.1,No,Standard,No,No,25,Bank Transfer,Every 3 Months,Accessories,26,0,90,77.0,0.0,30.8,41.2,48.9,33.5,False,True,1. High Value Organic
3491,24,Female,Hoodie,Clothing,49,Georgia,M,Indigo,Winter,2.7,Yes,Store Pickup,Yes,Yes,6,Cash,Monthly,Clothing,7,1,30,61.25,12.25,24.5,19.5,25.62,13.38,False,False,3. Promo-Using Repeat
3492,28,Male,Coat,Outerwear,25,New York,XL,Green,Winter,5.0,No,Free Shipping,No,No,29,PayPal,Annually,Outerwear,30,0,365,25.0,0.0,10.0,10.0,12.5,7.5,False,False,4. Mid-Tier Core
3493,29,Male,Sneakers,Footwear,66,North Carolina,L,Pink,Spring,4.1,No,Next Day Air,Yes,Yes,39,Credit Card,Annually,Footwear,40,1,365,82.5,16.5,33.0,28.0,36.25,19.75,False,False,3. Promo-Using Repeat
3494,19,Male,Shoes,Footwear,66,Florida,M,Orange,Fall,4.6,No,Express,No,No,3,Cash,Every 3 Months,Footwear,4,0,90,66.0,0.0,26.4,34.6,41.2,28.0,False,False,4. Mid-Tier Core
3495,54,Male,Handbag,Accessories,28,Louisiana,S,Cyan,Fall,3.2,No,Free Shipping,Yes,Yes,49,PayPal,Every 3 Months,Accessories,50,1,90,35.0,7.0,14.0,9.0,12.5,5.5,False,False,3. Promo-Using Repeat
3496,51,Male,Shorts,Clothing,38,Wyoming,M,Teal,Summer,4.3,No,Free Shipping,Yes,Yes,36,Credit Card,Fortnightly,Clothing,37,1,14,47.5,9.5,19.0,14.0,18.75,9.25,False,False,3. Promo-Using Repeat
3497,22,Male,Shorts,Clothing,29,Maine,M,Indigo,Summer,4.7,No,Next Day Air,No,No,35,PayPal,Annually,Clothing,36,0,365,29.0,0.0,11.6,12.4,15.3,9.5,False,False,4. Mid-Tier Core
3498,67,Male,Hat,Accessories,21,Oregon,XL,Lavender,Winter,3.6,No,Next Day Air,No,No,18,Debit Card,Annually,Accessories,19,0,365,21.0,0.0,8.4,7.6,9.7,5.5,False,False,4. Mid-Tier Core
3499,66,Male,Handbag,Accessories,70,Texas,M,Black,Spring,4.4,Yes,Standard,Yes,Yes,43,Cash,Annually,Accessories,44,1,365,87.5,17.5,35.0,30.0,38.75,21.25,False,False,3. Promo-Using Repeat
3500,53,Male,Jacket,Outerwear,43,Kentucky,L,Magenta,Spring,4.4,No,Standard,No,No,16,Cash,Weekly,Outerwear,17,0,7,43.0,0.0,17.2,20.8,25.1,16.5,False,False,4. Mid-Tier Core
3501,25,Female,Handbag,Accessories,21,North Carolina,S,Pink,Summer,4.8,Yes,Next Day Air,Yes,Yes,49,Debit Card,Annually,Accessories,50,1,365,26.25,5.25,10.5,5.5,8.12,2.88,False,False,3. Promo-Using Repeat
3502,67,Male,Coat,Outerwear,28,New Hampshire,XL,Cyan,Winter,3.3,No,Express,Yes,Yes,3,Bank Transfer,Weekly,Outerwear,4,1,7,35.0,7.0,14.0,9.0,12.5,5.5,False,False,3. Promo-Using Repeat
3503,33,Female,Skirt,Clothing,39,New York,M,Cyan,Fall,2.6,No,2-Day Shipping,No,No,7,Venmo,Bi-Weekly,Clothing,8,0,14,39.0,0.0,15.6,18.4,22.3,14.5,False,False,4. Mid-Tier Core
3504,27,Female,Socks,Clothing,48,Massachusetts,XL,Charcoal,Summer,3.1,Yes,Store Pickup,Yes,Yes,2,Credit Card,Fortnightly,Clothing,3,1,14,60.0,12.0,24.0,19.0,25.0,13.0,False,False,3. Promo-Using Repeat
3505,65,Male,Jeans,Clothing,99,New Jersey,S,Charcoal,Winter,3.7,No,Free Shipping,Yes,Yes,41,Bank Transfer,Quarterly,Clothing,42,1,90,123.75,24.75,49.5,44.5,56.88,32.12,True,False,2. High Spend Bargain Hunter
3506,60,Male,Socks,Clothing,47,Utah,S,Charcoal,Spring,4.2,No,Express,Yes,Yes,26,Venmo,Monthly,Clothing,27,1,30,58.75,11.75,23.5,18.5,24.38,12.62,False,False,3. Promo-Using Repeat
3507,35,Male,Hoodie,Clothing,65,Arkansas,M,Turquoise,Winter,4.8,No,2-Day Shipping,Yes,Yes,10,Credit Card,Bi-Weekly,Clothing,11,1,14,81.25,16.25,32.5,27.5,35.62,19.38,False,False,3. Promo-Using Repeat
3508,61,Male,Sweater,Clothing,55,Louisiana,M,Gray,Winter,4.9,No,Free Shipping,Yes,Yes,23,Venmo,Quarterly,Clothing,24,1,90,68.75,13.75,27.5,22.5,29.38,15.62,False,False,3. Promo-Using Repeat
3509,27,Male,Hoodie,Clothing,68,Indiana,S,Lavender,Fall,5.0,No,2-Day Shipping,No,No,11,Venmo,Fortnightly,Clothing,12,0,14,68.0,0.0,27.2,35.8,42.6,29.0,False,False,1. High Value Organic
3510,36,Male,Jewelry,Accessories,74,New York,M,Teal,Winter,3.7,No,Free Shipping,No,No,25,Bank Transfer,Annually,Accessories,26,0,365,74.0,0.0,29.6,39.4,46.8,32.0,False,True,1. High Value Organic
3511,59,Male,Pants,Clothing,98,Montana,M,Brown,Spring,4.1,Yes,2-Day Shipping,No,No,11,Debit Card,Quarterly,Clothing,12,0,90,98.0,0.0,39.2,53.8,63.6,44.0,False,False,1. High Value Organic
3512,54,Male,Shorts,Clothing,91,Missouri,L,Green,Summer,4.8,No,Next Day Air,Yes,Yes,4,Bank Transfer,Bi-Weekly,Clothing,5,1,14,113.75,22.75,45.5,40.5,51.88,29.12,False,False,2. High Spend Bargain Hunter
3513,61,Male,Coat,Outerwear,37,Hawaii,L,Gray,Spring,3.1,Yes,2-Day Shipping,No,No,22,Bank Transfer,Fortnightly,Outerwear,23,0,14,37.0,0.0,14.8,17.2,20.9,13.5,False,False,4. Mid-Tier Core
3514,33,Male,Dress,Clothing,54,Oregon,L,Brown,Winter,3.8,No,Store Pickup,Yes,Yes,5,Bank Transfer,Fortnightly,Clothing,6,1,14,67.5,13.5,27.0,22.0,28.75,15.25,False,False,3. Promo-Using Repeat
3515,67,Male,Sneakers,Footwear,29,Utah,L,Magenta,Summer,4.5,Yes,Standard,Yes,Yes,50,Bank Transfer,Every 3 Months,Footwear,51,1,90,36.25,7.25,14.5,9.5,13.12,5.88,False,False,3. Promo-Using Repeat
3516,40,Male,Hat,Accessories,70,Minnesota,M,Purple,Winter,4.2,Yes,Next Day Air,Yes,Yes,7,Credit Card,Monthly,Accessories,8,1,30,87.5,17.5,35.0,30.0,38.75,21.25,False,False,3. Promo-Using Repeat
3517,41,Male,Coat,Outerwear,26,New Jersey,S,Yellow,Spring,4.1,No,Express,No,No,19,PayPal,Bi-Weekly,Outerwear,20,0,14,26.0,0.0,10.4,10.6,13.2,8.0,False,False,4. Mid-Tier Core
3518,36,Male,Scarf,Accessories,98,Massachusetts,XL,Silver,Spring,4.2,No,Standard,Yes,Yes,31,Debit Card,Monthly,Accessories,32,1,30,122.5,24.5,49.0,44.0,56.25,31.75,True,False,2. High Spend Bargain Hunter
3519,66,Male,Sunglasses,Accessories,42,Vermont,M,Yellow,Spring,3.9,No,Express,No,No,22,Credit Card,Annually,Accessories,23,0,365,42.0,0.0,16.8,20.2,24.4,16.0,False,False,4. Mid-Tier Core
3520,25,Male,Sunglasses,Accessories,61,Oklahoma,XL,Olive,Summer,4.5,No,Free Shipping,No,No,14,Venmo,Fortnightly,Accessories,15,0,14,61.0,0.0,24.4,31.6,37.7,25.5,False,False,1. High Value Organic
3521,68,Female,Jewelry,Accessories,81,Colorado,XL,Black,Spring,3.9,No,Store Pickup,Yes,Yes,33,PayPal,Monthly,Accessories,34,1,30,101.25,20.25,40.5,35.5,45.62,25.38,True,False,2. High Spend Bargain Hunter
3522,64,Male,Scarf,Accessories,93,Maine,L,Orange,Spring,3.6,No,Next Day Air,Yes,Yes,48,Debit Card,Bi-Weekly,Accessories,49,1,14,116.25,23.25,46.5,41.5,53.12,29.88,True,False,2. High Spend Bargain Hunter
3523,30,Male,Shoes,Footwear,22,Iowa,XL,Orange,Summer,2.5,No,Express,Yes,Yes,1,Credit Card,Quarterly,Footwear,2,1,90,27.5,5.5,11.0,6.0,8.75,3.25,False,False,3. Promo-Using Repeat
3524,42,Male,Sunglasses,Accessories,55,Maine,L,Silver,Spring,3.4,No,Next Day Air,Yes,Yes,16,Venmo,Annually,Accessories,17,1,365,68.75,13.75,27.5,22.5,29.38,15.62,False,False,3. Promo-Using Repeat
3525,40,Male,Hat,Accessories,23,Nebraska,M,Violet,Summer,2.7,Yes,2-Day Shipping,Yes,Yes,38,Debit Card,Fortnightly,Accessories,39,1,14,28.75,5.75,11.5,6.5,9.38,3.62,False,False,3. Promo-Using Repeat
3526,43,Male,Dress,Clothing,87,North Carolina,L,Violet,Summer,4.4,No,Express,Yes,Yes,1,Cash,Bi-Weekly,Clothing,2,1,14,108.75,21.75,43.5,38.5,49.38,27.62,False,False,2. High Spend Bargain Hunter
3527,69,Female,Jacket,Outerwear,62,Oklahoma,M,Peach,Winter,4.2,No,Free Shipping,No,No,36,Bank Transfer,Monthly,Outerwear,37,0,30,62.0,0.0,24.8,32.2,38.4,26.0,False,False,1. High Value Organic
3528,39,Male,Coat,Outerwear,58,Oklahoma,S,Gray,Summer,4.2,Yes,Next Day Air,No,No,17,Credit Card,Annually,Outerwear,18,0,365,58.0,0.0,23.2,29.8,35.6,24.0,False,False,1. High Value Organic
3529,56,Female,Skirt,Clothing,85,California,XL,Gold,Winter,3.9,No,Express,Yes,Yes,46,Credit Card,Weekly,Clothing,47,1,7,106.25,21.25,42.5,37.5,48.12,26.88,True,False,2. High Spend Bargain Hunter
3530,27,Male,Socks,Clothing,63,West Virginia,L,Gold,Spring,3.1,Yes,Express,No,No,35,PayPal,Fortnightly,Clothing,36,0,14,63.0,0.0,25.2,32.8,39.1,26.5,False,False,1. High Value Organic
3531,62,Female,Scarf,Accessories,30,Iowa,M,Pink,Summer,4.8,No,Express,No,No,9,PayPal,Fortnightly,Accessories,10,0,14,30.0,0.0,12.0,13.0,16.0,10.0,False,False,4. Mid-Tier Core
3532,54,Female,Socks,Clothing,76,Nevada,L,Brown,Fall,4.4,No,Express,No,No,5,Cash,Fortnightly,Clothing,6,0,14,76.0,0.0,30.4,40.6,48.2,33.0,False,False,4. Mid-Tier Core
3533,70,Male,Jeans,Clothing,62,South Dakota,L,Olive,Winter,4.5,No,Free Shipping,Yes,Yes,25,Venmo,Monthly,Clothing,26,1,30,77.5,15.5,31.0,26.0,33.75,18.25,False,False,3. Promo-Using Repeat
3534,38,Male,Hat,Accessories,65,Rhode Island,XL,Cyan,Winter,3.4,No,Next Day Air,No,No,47,Credit Card,Bi-Weekly,Accessories,48,0,14,65.0,0.0,26.0,34.0,40.5,27.5,False,False,1. High Value Organic
3535,39,Male,Hat,Accessories,26,Louisiana,L,Maroon,Winter,4.7,Yes,Store Pickup,Yes,Yes,23,Credit Card,Quarterly,Accessories,24,1,90,32.5,6.5,13.0,8.0,11.25,4.75,False,False,3. Promo-Using Repeat
3536,54,Female,Dress,Clothing,38,New York,M,Charcoal,Fall,4.5,No,Free Shipping,Yes,Yes,20,Venmo,Monthly,Clothing,21,1,30,47.5,9.5,19.0,14.0,18.75,9.25,False,False,3. Promo-Using Repeat
3537,32,Male,Scarf,Accessories,31,Montana,S,Olive,Spring,3.0,No,Next Day Air,Yes,Yes,30,Credit Card,Bi-Weekly,Accessories,31,1,14,38.75,7.75,15.5,10.5,14.38,6.62,False,False,3. Promo-Using Repeat
3538,18,Male,Sunglasses,Accessories,44,Kansas,XL,Brown,Spring,2.9,No,Standard,Yes,Yes,43,Bank Transfer,Quarterly,Accessories,44,1,90,55.0,11.0,22.0,17.0,22.5,11.5,False,False,3. Promo-Using Repeat
3539,33,Female,Sweater,Clothing,46,Nevada,XL,Teal,Spring,3.7,No,Standard,Yes,Yes,3,Venmo,Every 3 Months,Clothing,4,1,90,57.5,11.5,23.0,18.0,23.75,12.25,False,False,3. Promo-Using Repeat
3540,68,Male,Shirt,Clothing,67,Arizona,M,Pink,Summer,2.7,No,Store Pickup,Yes,Yes,11,Debit Card,Fortnightly,Clothing,12,1,14,83.75,16.75,33.5,28.5,36.88,20.12,False,False,3. Promo-Using Repeat
3541,38,Male,Boots,Footwear,31,Arkansas,L,Gold,Summer,4.6,No,Standard,Yes,Yes,4,Credit Card,Monthly,Footwear,5,1,30,38.75,7.75,15.5,10.5,14.38,6.62,False,False,3. Promo-Using Repeat
3542,48,Male,Jeans,Clothing,30,Utah,S,Indigo,Winter,4.4,No,Express,No,No,42,Debit Card,Every 3 Months,Clothing,43,0,90,30.0,0.0,12.0,13.0,16.0,10.0,False,False,4. Mid-Tier Core
3543,34,Male,Belt,Accessories,100,Texas,S,Beige,Winter,3.6,Yes,Store Pickup,No,No,42,Venmo,Monthly,Accessories,43,0,30,100.0,0.0,40.0,55.0,65.0,45.0,True,True,1. High Value Organic
3544,49,Male,Handbag,Accessories,56,Illinois,M,Purple,Summer,4.2,Yes,Next Day Air,No,No,23,Cash,Quarterly,Accessories,24,0,90,56.0,0.0,22.4,28.6,34.2,23.0,False,False,1. High Value Organic
3545,61,Male,Sweater,Clothing,73,West Virginia,S,Orange,Summer,2.7,No,Free Shipping,No,No,27,Cash,Bi-Weekly,Clothing,28,0,14,73.0,0.0,29.2,38.8,46.1,31.5,False,True,1. High Value Organic
3546,21,Male,Handbag,Accessories,43,Alabama,M,Turquoise,Summer,4.3,No,2-Day Shipping,Yes,Yes,24,PayPal,Bi-Weekly,Accessories,25,1,14,53.75,10.75,21.5,16.5,21.88,11.12,False,False,3. Promo-Using Repeat
3547,31,Female,Shoes,Footwear,32,Nevada,XL,Teal,Fall,3.6,No,Store Pickup,Yes,Yes,36,Debit Card,Quarterly,Footwear,37,1,90,40.0,8.0,16.0,11.0,15.0,7.0,False,False,3. Promo-Using Repeat
3548,68,Male,Boots,Footwear,74,Iowa,L,Red,Fall,3.6,No,Free Shipping,No,No,2,Credit Card,Annually,Footwear,3,0,365,74.0,0.0,29.6,39.4,46.8,32.0,False,False,4. Mid-Tier Core
3549,57,Female,Shoes,Footwear,47,Massachusetts,M,Beige,Spring,3.5,Yes,Express,No,No,8,Venmo,Weekly,Footwear,9,0,7,47.0,0.0,18.8,23.2,27.9,18.5,False,False,4. Mid-Tier Core
3550,67,Male,Hat,Accessories,86,South Dakota,S,Pink,Summer,4.1,No,Standard,Yes,Yes,37,Credit Card,Quarterly,Accessories,38,1,90,107.5,21.5,43.0,38.0,48.75,27.25,True,False,2. High Spend Bargain Hunter
3551,19,Female,Sweater,Clothing,61,Mississippi,M,Gray,Spring,4.8,No,Next Day Air,Yes,Yes,34,Cash,Annually,Clothing,35,1,365,76.25,15.25,30.5,25.5,33.12,17.88,False,False,3. Promo-Using Repeat
3552,33,Male,Jewelry,Accessories,29,Maryland,S,Turquoise,Fall,3.1,Yes,Free Shipping,Yes,Yes,41,Bank Transfer,Fortnightly,Accessories,42,1,14,36.25,7.25,14.5,9.5,13.12,5.88,False,False,3. Promo-Using Repeat
3553,44,Male,Jeans,Clothing,62,Oklahoma,L,Green,Winter,4.2,No,Next Day Air,Yes,Yes,45,Debit Card,Annually,Clothing,46,1,365,77.5,15.5,31.0,26.0,33.75,18.25,False,False,3. Promo-Using Repeat
3554,46,Male,Handbag,Accessories,71,Arkansas,L,Gray,Winter,3.9,No,Standard,Yes,Yes,1,PayPal,Weekly,Accessories,2,1,7,88.75,17.75,35.5,30.5,39.38,21.62,False,False,3. Promo-Using Repeat
3555,23,Male,Dress,Clothing,66,Nebraska,S,Purple,Summer,3.6,Yes,Next Day Air,No,No,14,Debit Card,Annually,Clothing,15,0,365,66.0,0.0,26.4,34.6,41.2,28.0,False,False,1. High Value Organic
3556,59,Female,Belt,Accessories,30,Alabama,L,Olive,Summer,4.6,No,Free Shipping,No,No,13,Venmo,Annually,Accessories,14,0,365,30.0,0.0,12.0,13.0,16.0,10.0,False,False,4. Mid-Tier Core
3557,19,Male,Dress,Clothing,39,New York,L,Violet,Summer,3.2,No,Next Day Air,No,No,4,Bank Transfer,Weekly,Clothing,5,0,7,39.0,0.0,15.6,18.4,22.3,14.5,False,False,4. Mid-Tier Core
3558,30,Male,Sunglasses,Accessories,30,Oregon,L,Black,Spring,3.6,No,Express,Yes,Yes,37,Credit Card,Annually,Accessories,38,1,365,37.5,7.5,15.0,10.0,13.75,6.25,False,False,3. Promo-Using Repeat
3559,23,Male,Hat,Accessories,68,Nevada,M,Beige,Spring,3.5,Yes,Next Day Air,No,No,38,Venmo,Weekly,Accessories,39,0,7,68.0,0.0,27.2,35.8,42.6,29.0,False,False,1. High Value Organic
3560,54,Male,Sunglasses,Accessories,25,Iowa,M,Orange,Winter,4.5,Yes,2-Day Shipping,Yes,Yes,46,PayPal,Bi-Weekly,Accessories,47,1,14,31.25,6.25,12.5,7.5,10.62,4.38,False,False,3. Promo-Using Repeat
3561,35,Male,Shoes,Footwear,26,Rhode Island,S,Yellow,Winter,3.6,No,2-Day Shipping,No,No,35,Bank Transfer,Quarterly,Footwear,36,0,90,26.0,0.0,10.4,10.6,13.2,8.0,False,False,4. Mid-Tier Core
3562,57,Female,Boots,Footwear,38,Alaska,M,Brown,Spring,2.6,Yes,Free Shipping,Yes,Yes,15,Cash,Monthly,Footwear,16,1,30,47.5,9.5,19.0,14.0,18.75,9.25,False,False,3. Promo-Using Repeat
3563,68,Female,Jacket,Outerwear,28,Ohio,M,Olive,Winter,4.0,No,Next Day Air,Yes,Yes,38,Venmo,Annually,Outerwear,39,1,365,35.0,7.0,14.0,9.0,12.5,5.5,False,False,3. Promo-Using Repeat
3564,41,Male,Scarf,Accessories,62,Georgia,L,Yellow,Winter,2.8,No,2-Day Shipping,Yes,Yes,25,Venmo,Monthly,Accessories,26,1,30,77.5,15.5,31.0,26.0,33.75,18.25,False,False,3. Promo-Using Repeat
3565,54,Female,Blouse,Clothing,59,South Carolina,M,Violet,Spring,2.9,Yes,2-Day Shipping,No,No,11,Debit Card,Fortnightly,Clothing,12,0,14,59.0,0.0,23.6,30.4,36.3,24.5,False,False,1. High Value Organic
3566,60,Male,Shorts,Clothing,99,Massachusetts,L,Gold,Winter,4.8,No,Store Pickup,No,No,46,PayPal,Monthly,Clothing,47,0,30,99.0,0.0,39.6,54.4,64.3,44.5,True,True,1. High Value Organic
3567,18,Male,Shorts,Clothing,62,North Dakota,L,Beige,Summer,4.5,No,2-Day Shipping,No,No,42,Credit Card,Annually,Clothing,43,0,365,62.0,0.0,24.8,32.2,38.4,26.0,False,False,1. High Value Organic
3568,18,Male,Backpack,Accessories,61,Vermont,L,White,Winter,2.8,No,2-Day Shipping,No,No,36,Credit Card,Bi-Weekly,Accessories,37,0,14,61.0,0.0,24.4,31.6,37.7,25.5,False,False,1. High Value Organic
3569,21,Male,Socks,Clothing,37,West Virginia,M,Cyan,Spring,4.6,No,Store Pickup,No,No,6,Bank Transfer,Monthly,Clothing,7,0,30,37.0,0.0,14.8,17.2,20.9,13.5,False,False,4. Mid-Tier Core
3570,26,Male,Dress,Clothing,42,Idaho,S,Indigo,Winter,2.6,No,Free Shipping,No,No,22,Credit Card,Annually,Clothing,23,0,365,42.0,0.0,16.8,20.2,24.4,16.0,False,False,4. Mid-Tier Core
3571,23,Male,Blouse,Clothing,23,Arizona,L,Charcoal,Summer,4.2,No,Standard,No,No,36,Bank Transfer,Monthly,Clothing,37,0,30,23.0,0.0,9.2,8.8,11.1,6.5,False,False,4. Mid-Tier Core
3572,47,Male,Shoes,Footwear,66,Ohio,XL,Olive,Winter,3.9,Yes,Next Day Air,No,No,13,Cash,Weekly,Footwear,14,0,7,66.0,0.0,26.4,34.6,41.2,28.0,False,False,1. High Value Organic
3573,57,Female,Coat,Outerwear,21,Arizona,XL,Indigo,Winter,2.7,No,Next Day Air,No,No,38,PayPal,Quarterly,Outerwear,39,0,90,21.0,0.0,8.4,7.6,9.7,5.5,False,False,4. Mid-Tier Core
3574,44,Female,Boots,Footwear,47,North Dakota,M,Gray,Fall,3.1,No,Next Day Air,No,No,47,Venmo,Weekly,Footwear,48,0,7,47.0,0.0,18.8,23.2,27.9,18.5,False,False,4. Mid-Tier Core
3575,22,Male,Sunglasses,Accessories,84,Mississippi,L,Olive,Spring,2.5,No,2-Day Shipping,No,No,25,Debit Card,Fortnightly,Accessories,26,0,14,84.0,0.0,33.6,45.4,53.8,37.0,True,True,1. High Value Organic
3576,20,Female,Boots,Footwear,88,Indiana,M,Green,Summer,2.9,Yes,Standard,Yes,Yes,6,Debit Card,Bi-Weekly,Footwear,7,1,14,110.0,22.0,44.0,39.0,50.0,28.0,False,False,2. High Spend Bargain Hunter
3577,24,Male,Gloves,Accessories,65,Missouri,M,Magenta,Fall,3.5,No,2-Day Shipping,Yes,Yes,18,PayPal,Quarterly,Accessories,19,1,90,81.25,16.25,32.5,27.5,35.62,19.38,False,False,3. Promo-Using Repeat
3578,45,Male,Sneakers,Footwear,47,Kentucky,XL,Gold,Winter,2.8,No,Store Pickup,No,No,24,Credit Card,Quarterly,Footwear,25,0,90,47.0,0.0,18.8,23.2,27.9,18.5,False,False,4. Mid-Tier Core
3579,20,Female,Sunglasses,Accessories,77,Florida,M,Brown,Spring,2.5,Yes,Express,Yes,Yes,25,Cash,Bi-Weekly,Accessories,26,1,14,96.25,19.25,38.5,33.5,43.12,23.88,False,False,3. Promo-Using Repeat
3580,55,Female,Shirt,Clothing,32,Delaware,L,Gold,Fall,5.0,Yes,2-Day Shipping,No,No,8,Cash,Annually,Clothing,9,0,365,32.0,0.0,12.8,14.2,17.4,11.0,False,False,4. Mid-Tier Core
3581,51,Female,Gloves,Accessories,38,Illinois,L,Lavender,Fall,2.6,No,Store Pickup,Yes,Yes,13,Cash,Weekly,Accessories,14,1,7,47.5,9.5,19.0,14.0,18.75,9.25,False,False,3. Promo-Using Repeat
3582,42,Male,Blouse,Clothing,30,Kentucky,L,Purple,Summer,4.8,No,Free Shipping,Yes,Yes,12,Debit Card,Weekly,Clothing,13,1,7,37.5,7.5,15.0,10.0,13.75,6.25,False,False,3. Promo-Using Repeat
3583,38,Male,Gloves,Accessories,89,Alaska,L,Charcoal,Fall,4.9,No,Express,Yes,Yes,49,Cash,Weekly,Accessories,50,1,7,111.25,22.25,44.5,39.5,50.62,28.38,True,False,2. High Spend Bargain Hunter
3584,60,Male,Shoes,Footwear,21,New Jersey,M,Orange,Fall,2.7,No,Next Day Air,No,No,15,Venmo,Weekly,Footwear,16,0,7,21.0,0.0,8.4,7.6,9.7,5.5,False,False,4. Mid-Tier Core
3585,45,Male,Pants,Clothing,22,Alabama,M,Turquoise,Winter,4.1,No,Store Pickup,Yes,Yes,44,PayPal,Weekly,Clothing,45,1,7,27.5,5.5,11.0,6.0,8.75,3.25,False,False,3. Promo-Using Repeat
3586,70,Male,Jacket,Outerwear,89,Massachusetts,M,Teal,Fall,3.4,No,Store Pickup,No,No,44,Bank Transfer,Every 3 Months,Outerwear,45,0,90,89.0,0.0,35.6,48.4,57.3,39.5,True,True,1. High Value Organic
3587,33,Male,Shirt,Clothing,42,Alabama,M,Charcoal,Winter,3.0,No,Free Shipping,Yes,Yes,1,Credit Card,Every 3 Months,Clothing,2,1,90,52.5,10.5,21.0,16.0,21.25,10.75,False,False,3. Promo-Using Repeat
3588,50,Male,Sneakers,Footwear,59,New Hampshire,M,Lavender,Summer,3.3,Yes,Next Day Air,No,No,20,Venmo,Fortnightly,Footwear,21,0,14,59.0,0.0,23.6,30.4,36.3,24.5,False,False,1. High Value Organic
3589,30,Male,Backpack,Accessories,41,Montana,S,Orange,Winter,4.1,No,Store Pickup,No,No,3,Credit Card,Weekly,Accessories,4,0,7,41.0,0.0,16.4,19.6,23.7,15.5,False,False,4. Mid-Tier Core
3590,53,Female,Backpack,Accessories,73,Alabama,L,Teal,Spring,3.6,Yes,2-Day Shipping,No,No,3,Debit Card,Annually,Accessories,4,0,365,73.0,0.0,29.2,38.8,46.1,31.5,False,False,4. Mid-Tier Core
3591,22,Male,Sneakers,Footwear,39,Iowa,S,Charcoal,Spring,3.6,Yes,Express,Yes,Yes,32,Bank Transfer,Every 3 Months,Footwear,33,1,90,48.75,9.75,19.5,14.5,19.38,9.62,False,False,3. Promo-Using Repeat
3592,20,Male,Belt,Accessories,85,Alaska,M,Charcoal,Summer,4.6,No,Express,Yes,Yes,14,PayPal,Monthly,Accessories,15,1,30,106.25,21.25,42.5,37.5,48.12,26.88,False,False,2. High Spend Bargain Hunter
3593,42,Male,Sunglasses,Accessories,95,North Dakota,M,Teal,Summer,4.3,Yes,Next Day Air,No,No,6,Venmo,Bi-Weekly,Accessories,7,0,14,95.0,0.0,38.0,52.0,61.5,42.5,False,False,4. Mid-Tier Core
3594,37,Male,Jeans,Clothing,82,Rhode Island,M,Orange,Winter,3.3,No,Next Day Air,Yes,Yes,46,Bank Transfer,Monthly,Clothing,47,1,30,102.5,20.5,41.0,36.0,46.25,25.75,True,False,2. High Spend Bargain Hunter
3595,26,Male,Shoes,Footwear,34,North Carolina,M,Beige,Spring,4.2,Yes,Next Day Air,No,No,24,Credit Card,Weekly,Footwear,25,0,7,34.0,0.0,13.6,15.4,18.8,12.0,False,False,4. Mid-Tier Core
3596,40,Male,Jewelry,Accessories,60,Georgia,XL,Olive,Winter,2.8,No,Free Shipping,Yes,Yes,20,Debit Card,Every 3 Months,Accessories,21,1,90,75.0,15.0,30.0,25.0,32.5,17.5,False,False,3. Promo-Using Repeat
3597,26,Female,Hoodie,Clothing,48,Delaware,M,Green,Winter,3.1,No,Express,Yes,Yes,32,Venmo,Quarterly,Clothing,33,1,90,60.0,12.0,24.0,19.0,25.0,13.0,False,False,3. Promo-Using Repeat
3598,18,Male,Skirt,Clothing,70,Illinois,M,Yellow,Spring,3.3,No,Store Pickup,Yes,Yes,2,Debit Card,Weekly,Clothing,3,1,7,87.5,17.5,35.0,30.0,38.75,21.25,False,False,3. Promo-Using Repeat
3599,63,Female,Scarf,Accessories,43,Texas,M,Beige,Fall,4.9,No,2-Day Shipping,Yes,Yes,16,Cash,Monthly,Accessories,17,1,30,53.75,10.75,21.5,16.5,21.88,11.12,False,False,3. Promo-Using Repeat
3600,61,Female,Handbag,Accessories,35,Idaho,L,Silver,Spring,3.4,No,Next Day Air,No,No,32,Venmo,Weekly,Accessories,33,0,7,35.0,0.0,14.0,16.0,19.5,12.5,False,False,4. Mid-Tier Core
3601,22,Male,Socks,Clothing,95,Rhode Island,M,Violet,Fall,4.6,No,2-Day Shipping,Yes,Yes,8,PayPal,Bi-Weekly,Clothing,9,1,14,118.75,23.75,47.5,42.5,54.38,30.62,False,False,2. High Spend Bargain Hunter
3602,57,Male,Shirt,Clothing,99,Delaware,XL,Gray,Fall,3.6,No,Free Shipping,No,No,4,Venmo,Weekly,Clothing,5,0,7,99.0,0.0,39.6,54.4,64.3,44.5,False,False,4. Mid-Tier Core
3603,38,Female,Sunglasses,Accessories,31,Hawaii,S,Gold,Spring,2.8,No,2-Day Shipping,No,No,8,Debit Card,Bi-Weekly,Accessories,9,0,14,31.0,0.0,12.4,13.6,16.7,10.5,False,False,4. Mid-Tier Core
3604,40,Female,Sunglasses,Accessories,93,Iowa,S,Purple,Winter,4.6,No,2-Day Shipping,No,No,9,PayPal,Every 3 Months,Accessories,10,0,90,93.0,0.0,37.2,50.8,60.1,41.5,False,False,4. Mid-Tier Core
3605,56,Male,Shoes,Footwear,59,New Hampshire,M,Cyan,Winter,3.5,Yes,Next Day Air,No,No,21,Cash,Quarterly,Footwear,22,0,90,59.0,0.0,23.6,30.4,36.3,24.5,False,False,1. High Value Organic
3606,37,Male,Pants,Clothing,71,Texas,S,Maroon,Spring,4.5,Yes,Next Day Air,No,No,1,Debit Card,Fortnightly,Clothing,2,0,14,71.0,0.0,28.4,37.6,44.7,30.5,False,False,4. Mid-Tier Core
3607,56,Male,Sunglasses,Accessories,72,South Carolina,XL,Magenta,Winter,4.9,No,2-Day Shipping,No,No,7,Debit Card,Quarterly,Accessories,8,0,90,72.0,0.0,28.8,38.2,45.4,31.0,False,False,4. Mid-Tier Core
3608,47,Female,Gloves,Accessories,34,New York,M,Cyan,Summer,4.6,Yes,Express,Yes,Yes,45,Debit Card,Every 3 Months,Accessories,46,1,90,42.5,8.5,17.0,12.0,16.25,7.75,False,False,3. Promo-Using Repeat
3609,65,Male,Coat,Outerwear,59,Nebraska,S,White,Fall,3.2,No,Free Shipping,Yes,Yes,32,Venmo,Monthly,Outerwear,33,1,30,73.75,14.75,29.5,24.5,31.88,17.12,False,False,3. Promo-Using Repeat
3610,21,Male,Socks,Clothing,21,New Jersey,M,Purple,Winter,4.8,Yes,Express,No,No,50,Credit Card,Bi-Weekly,Clothing,51,0,14,21.0,0.0,8.4,7.6,9.7,5.5,False,False,4. Mid-Tier Core
3611,19,Female,Socks,Clothing,49,North Dakota,M,Indigo,Fall,3.1,Yes,Free Shipping,Yes,Yes,48,Bank Transfer,Monthly,Clothing,49,1,30,61.25,12.25,24.5,19.5,25.62,13.38,False,False,3. Promo-Using Repeat
3612,37,Female,Jeans,Clothing,68,Minnesota,L,Gold,Summer,4.7,Yes,2-Day Shipping,No,No,35,Credit Card,Bi-Weekly,Clothing,36,0,14,68.0,0.0,27.2,35.8,42.6,29.0,False,False,1. High Value Organic
3613,22,Male,Sandals,Footwear,61,Texas,S,Charcoal,Summer,4.0,No,Store Pickup,Yes,Yes,1,Debit Card,Monthly,Footwear,2,1,30,76.25,15.25,30.5,25.5,33.12,17.88,False,False,3. Promo-Using Repeat
3614,39,Male,Pants,Clothing,46,New York,M,Olive,Winter,3.9,No,Next Day Air,No,No,11,Venmo,Weekly,Clothing,12,0,7,46.0,0.0,18.4,22.6,27.2,18.0,False,False,4. Mid-Tier Core
3615,48,Male,Gloves,Accessories,24,Mississippi,L,Pink,Spring,4.9,Yes,2-Day Shipping,Yes,Yes,46,Cash,Fortnightly,Accessories,47,1,14,30.0,6.0,12.0,7.0,10.0,4.0,False,False,3. Promo-Using Repeat
3616,53,Male,Blouse,Clothing,51,Colorado,XL,Red,Summer,4.8,No,Express,Yes,Yes,13,Credit Card,Bi-Weekly,Clothing,14,1,14,63.75,12.75,25.5,20.5,26.88,14.12,False,False,3. Promo-Using Repeat
3617,38,Female,Dress,Clothing,42,Georgia,M,Turquoise,Spring,3.5,No,Standard,Yes,Yes,27,Cash,Bi-Weekly,Clothing,28,1,14,52.5,10.5,21.0,16.0,21.25,10.75,False,False,3. Promo-Using Repeat
3618,28,Female,Sneakers,Footwear,47,Texas,L,Peach,Summer,3.4,No,Free Shipping,No,No,6,PayPal,Annually,Footwear,7,0,365,47.0,0.0,18.8,23.2,27.9,18.5,False,False,4. Mid-Tier Core
3619,31,Male,Sunglasses,Accessories,22,South Dakota,M,Green,Summer,2.6,No,2-Day Shipping,Yes,Yes,12,Cash,Every 3 Months,Accessories,13,1,90,27.5,5.5,11.0,6.0,8.75,3.25,False,False,3. Promo-Using Repeat
3620,23,Female,Shorts,Clothing,77,West Virginia,L,Orange,Spring,2.8,No,2-Day Shipping,No,No,19,PayPal,Quarterly,Clothing,20,0,90,77.0,0.0,30.8,41.2,48.9,33.5,False,True,1. High Value Organic
3621,50,Male,Gloves,Accessories,66,Alaska,M,Pink,Spring,4.2,No,Free Shipping,No,No,15,Cash,Quarterly,Accessories,16,0,90,66.0,0.0,26.4,34.6,41.2,28.0,False,False,1. High Value Organic
3622,39,Male,Handbag,Accessories,56,Georgia,M,Indigo,Spring,4.8,No,Next Day Air,Yes,Yes,17,Venmo,Bi-Weekly,Accessories,18,1,14,70.0,14.0,28.0,23.0,30.0,16.0,False,False,3. Promo-Using Repeat
3623,25,Male,Hat,Accessories,92,North Carolina,S,Yellow,Fall,3.2,No,Store Pickup,No,No,44,Bank Transfer,Weekly,Accessories,45,0,7,92.0,0.0,36.8,50.2,59.4,41.0,True,True,1. High Value Organic
3624,55,Female,Pants,Clothing,24,Georgia,XL,Charcoal,Spring,4.5,No,Next Day Air,Yes,Yes,48,Venmo,Fortnightly,Clothing,49,1,14,30.0,6.0,12.0,7.0,10.0,4.0,False,False,3. Promo-Using Repeat
3625,44,Male,Boots,Footwear,50,Iowa,M,Maroon,Spring,3.9,No,2-Day Shipping,Yes,Yes,36,PayPal,Fortnightly,Footwear,37,1,14,62.5,12.5,25.0,20.0,26.25,13.75,False,False,3. Promo-Using Repeat
3626,62,Male,Shorts,Clothing,87,Delaware,L,Maroon,Summer,4.7,Yes,Express,Yes,Yes,7,Bank Transfer,Bi-Weekly,Clothing,8,1,14,108.75,21.75,43.5,38.5,49.38,27.62,False,False,2. High Spend Bargain Hunter
3627,19,Male,Hat,Accessories,32,Alaska,L,Cyan,Spring,2.5,No,Next Day Air,No,No,28,Cash,Weekly,Accessories,29,0,7,32.0,0.0,12.8,14.2,17.4,11.0,False,False,4. Mid-Tier Core
3628,39,Male,Sunglasses,Accessories,25,Idaho,L,Cyan,Winter,3.1,No,Next Day Air,No,No,40,Cash,Every 3 Months,Accessories,41,0,90,25.0,0.0,10.0,10.0,12.5,7.5,False,False,4. Mid-Tier Core
3629,19,Male,Sweater,Clothing,29,Hawaii,L,Gray,Spring,5.0,No,Standard,No,No,40,Debit Card,Annually,Clothing,41,0,365,29.0,0.0,11.6,12.4,15.3,9.5,False,False,4. Mid-Tier Core
3630,66,Male,Sweater,Clothing,51,Oregon,S,Green,Winter,2.8,No,Store Pickup,Yes,Yes,9,Debit Card,Every 3 Months,Clothing,10,1,90,63.75,12.75,25.5,20.5,26.88,14.12,False,False,3. Promo-Using Repeat
3631,18,Male,Handbag,Accessories,34,Kentucky,M,Turquoise,Winter,3.4,Yes,2-Day Shipping,Yes,Yes,18,Bank Transfer,Fortnightly,Accessories,19,1,14,42.5,8.5,17.0,12.0,16.25,7.75,False,False,3. Promo-Using Repeat
3632,33,Female,Scarf,Accessories,26,New York,M,Charcoal,Summer,3.0,No,Free Shipping,Yes,Yes,7,Bank Transfer,Every 3 Months,Accessories,8,1,90,32.5,6.5,13.0,8.0,11.25,4.75,False,False,3. Promo-Using Repeat
3633,55,Male,Handbag,Accessories,89,Indiana,S,Green,Winter,4.1,Yes,2-Day Shipping,Yes,Yes,6,Venmo,Monthly,Accessories,7,1,30,111.25,22.25,44.5,39.5,50.62,28.38,False,False,2. High Spend Bargain Hunter
3634,50,Female,Shirt,Clothing,29,Louisiana,L,Charcoal,Spring,3.5,Yes,Free Shipping,No,No,48,Credit Card,Fortnightly,Clothing,49,0,14,29.0,0.0,11.6,12.4,15.3,9.5,False,False,4. Mid-Tier Core
3635,62,Male,Boots,Footwear,65,Maine,M,Cyan,Spring,3.7,No,Express,Yes,Yes,28,Venmo,Fortnightly,Footwear,29,1,14,81.25,16.25,32.5,27.5,35.62,19.38,False,False,3. Promo-Using Repeat
3636,21,Female,Shoes,Footwear,93,Massachusetts,L,Magenta,Winter,4.8,No,Store Pickup,No,No,43,Venmo,Bi-Weekly,Footwear,44,0,14,93.0,0.0,37.2,50.8,60.1,41.5,True,True,1. High Value Organic
3637,41,Male,Dress,Clothing,87,West Virginia,L,Peach,Winter,4.9,No,Standard,No,No,19,PayPal,Monthly,Clothing,20,0,30,87.0,0.0,34.8,47.2,55.9,38.5,False,True,1. High Value Organic
3638,62,Female,Hat,Accessories,26,North Carolina,L,Magenta,Fall,4.7,No,2-Day Shipping,Yes,Yes,46,Debit Card,Fortnightly,Accessories,47,1,14,32.5,6.5,13.0,8.0,11.25,4.75,False,False,3. Promo-Using Repeat
3639,58,Male,Skirt,Clothing,46,Wyoming,S,Charcoal,Winter,2.7,No,Standard,Yes,Yes,25,Cash,Quarterly,Clothing,26,1,90,57.5,11.5,23.0,18.0,23.75,12.25,False,False,3. Promo-Using Repeat
3640,66,Male,Boots,Footwear,82,Missouri,M,Magenta,Winter,2.8,No,Express,Yes,Yes,47,Cash,Annually,Footwear,48,1,365,102.5,20.5,41.0,36.0,46.25,25.75,True,False,2. High Spend Bargain Hunter
3641,34,Male,Coat,Outerwear,50,Oregon,M,Brown,Winter,4.5,Yes,Standard,Yes,Yes,45,Debit Card,Fortnightly,Outerwear,46,1,14,62.5,12.5,25.0,20.0,26.25,13.75,False,False,3. Promo-Using Repeat
3642,40,Male,Socks,Clothing,22,Delaware,M,Turquoise,Spring,3.3,Yes,2-Day Shipping,Yes,Yes,10,PayPal,Weekly,Clothing,11,1,7,27.5,5.5,11.0,6.0,8.75,3.25,False,False,3. Promo-Using Repeat
3643,18,Male,Scarf,Accessories,75,Alaska,M,Olive,Winter,4.9,Yes,Standard,Yes,Yes,44,Cash,Quarterly,Accessories,45,1,90,93.75,18.75,37.5,32.5,41.88,23.12,False,False,3. Promo-Using Repeat
3644,43,Female,Hoodie,Clothing,48,Ohio,M,Turquoise,Summer,4.4,No,Store Pickup,No,No,38,Debit Card,Annually,Clothing,39,0,365,48.0,0.0,19.2,23.8,28.6,19.0,False,False,4. Mid-Tier Core
3645,37,Male,Shorts,Clothing,33,Delaware,M,Pink,Spring,3.7,No,Next Day Air,Yes,Yes,5,PayPal,Weekly,Clothing,6,1,7,41.25,8.25,16.5,11.5,15.62,7.38,False,False,3. Promo-Using Repeat
3646,67,Male,Scarf,Accessories,43,Vermont,M,Brown,Fall,2.8,No,Standard,Yes,Yes,19,PayPal,Quarterly,Accessories,20,1,90,53.75,10.75,21.5,16.5,21.88,11.12,False,False,3. Promo-Using Repeat
3647,48,Male,Scarf,Accessories,69,Massachusetts,M,Brown,Spring,4.5,No,Next Day Air,Yes,Yes,13,Venmo,Monthly,Accessories,14,1,30,86.25,17.25,34.5,29.5,38.12,20.88,False,False,3. Promo-Using Repeat
3648,43,Male,Socks,Clothing,50,Minnesota,M,Indigo,Winter,2.6,No,Free Shipping,No,No,29,Credit Card,Bi-Weekly,Clothing,30,0,14,50.0,0.0,20.0,25.0,30.0,20.0,False,False,4. Mid-Tier Core
3649,45,Male,Dress,Clothing,38,Alaska,XL,Pink,Spring,4.4,No,Free Shipping,Yes,Yes,28,Cash,Bi-Weekly,Clothing,29,1,14,47.5,9.5,19.0,14.0,18.75,9.25,False,False,3. Promo-Using Repeat
3650,64,Female,Handbag,Accessories,47,Kansas,M,Yellow,Winter,4.2,No,Next Day Air,No,No,4,Bank Transfer,Bi-Weekly,Accessories,5,0,14,47.0,0.0,18.8,23.2,27.9,18.5,False,False,4. Mid-Tier Core
3651,60,Male,Scarf,Accessories,42,Montana,M,Teal,Summer,3.5,No,Next Day Air,Yes,Yes,33,PayPal,Monthly,Accessories,34,1,30,52.5,10.5,21.0,16.0,21.25,10.75,False,False,3. Promo-Using Repeat
3652,39,Male,Jewelry,Accessories,40,North Carolina,S,Violet,Spring,3.6,No,Standard,No,No,46,PayPal,Weekly,Accessories,47,0,7,40.0,0.0,16.0,19.0,23.0,15.0,False,False,4. Mid-Tier Core
3653,58,Male,Jewelry,Accessories,55,Rhode Island,M,Lavender,Spring,3.2,Yes,2-Day Shipping,No,No,15,Bank Transfer,Weekly,Accessories,16,0,7,55.0,0.0,22.0,28.0,33.5,22.5,False,False,1. High Value Organic
3654,47,Male,Skirt,Clothing,40,Maryland,M,Red,Winter,5.0,No,Store Pickup,Yes,Yes,47,Cash,Bi-Weekly,Clothing,48,1,14,50.0,10.0,20.0,15.0,20.0,10.0,False,False,3. Promo-Using Repeat
3655,66,Male,Sneakers,Footwear,94,Kentucky,M,Red,Fall,2.9,No,2-Day Shipping,Yes,Yes,22,PayPal,Annually,Footwear,23,1,365,117.5,23.5,47.0,42.0,53.75,30.25,True,False,2. High Spend Bargain Hunter
3656,37,Male,Dress,Clothing,66,Colorado,M,Peach,Summer,4.6,Yes,Store Pickup,Yes,Yes,14,Venmo,Monthly,Clothing,15,1,30,82.5,16.5,33.0,28.0,36.25,19.75,False,False,3. Promo-Using Repeat
3657,48,Male,Shoes,Footwear,84,New Hampshire,S,Turquoise,Summer,4.5,No,2-Day Shipping,Yes,Yes,22,Cash,Fortnightly,Footwear,23,1,14,105.0,21.0,42.0,37.0,47.5,26.5,True,False,2. High Spend Bargain Hunter
3658,53,Female,Socks,Clothing,81,Iowa,L,Turquoise,Summer,3.9,No,2-Day Shipping,No,No,33,Credit Card,Annually,Clothing,34,0,365,81.0,0.0,32.4,43.6,51.7,35.5,True,True,1. High Value Organic
3659,22,Male,Handbag,Accessories,59,Iowa,M,Purple,Winter,4.1,No,Standard,Yes,Yes,25,Debit Card,Fortnightly,Accessories,26,1,14,73.75,14.75,29.5,24.5,31.88,17.12,False,False,3. Promo-Using Repeat
3660,68,Male,Jewelry,Accessories,28,Alaska,M,Beige,Fall,4.5,No,Store Pickup,No,No,28,PayPal,Bi-Weekly,Accessories,29,0,14,28.0,0.0,11.2,11.8,14.6,9.0,False,False,4. Mid-Tier Core
3661,54,Male,Jacket,Outerwear,21,Montana,L,Teal,Fall,4.0,No,Free Shipping,No,No,37,PayPal,Fortnightly,Outerwear,38,0,14,21.0,0.0,8.4,7.6,9.7,5.5,False,False,4. Mid-Tier Core
3662,36,Female,Coat,Outerwear,71,Delaware,M,Lavender,Fall,2.8,No,2-Day Shipping,Yes,Yes,48,Bank Transfer,Fortnightly,Outerwear,49,1,14,88.75,17.75,35.5,30.5,39.38,21.62,False,False,3. Promo-Using Repeat
3663,56,Female,Jacket,Outerwear,21,Alaska,M,Gray,Spring,4.9,No,Standard,No,No,22,Bank Transfer,Bi-Weekly,Outerwear,23,0,14,21.0,0.0,8.4,7.6,9.7,5.5,False,False,4. Mid-Tier Core
3664,20,Male,Dress,Clothing,72,Ohio,M,Pink,Summer,3.3,No,2-Day Shipping,Yes,Yes,38,Credit Card,Bi-Weekly,Clothing,39,1,14,90.0,18.0,36.0,31.0,40.0,22.0,False,False,3. Promo-Using Repeat
3665,51,Male,Sandals,Footwear,81,South Dakota,S,Brown,Winter,4.0,No,Next Day Air,Yes,Yes,35,PayPal,Every 3 Months,Footwear,36,1,90,101.25,20.25,40.5,35.5,45.62,25.38,True,False,2. High Spend Bargain Hunter
3666,44,Male,Jewelry,Accessories,64,Colorado,M,Gray,Summer,4.3,No,Next Day Air,Yes,Yes,43,PayPal,Every 3 Months,Accessories,44,1,90,80.0,16.0,32.0,27.0,35.0,19.0,False,False,3. Promo-Using Repeat
3667,36,Male,Gloves,Accessories,93,Oklahoma,S,Violet,Summer,4.8,No,Store Pickup,No,No,2,Credit Card,Fortnightly,Accessories,3,0,14,93.0,0.0,37.2,50.8,60.1,41.5,False,False,4. Mid-Tier Core
3668,65,Male,Coat,Outerwear,81,North Dakota,M,Yellow,Spring,3.5,Yes,Store Pickup,No,No,4,Cash,Quarterly,Outerwear,5,0,90,81.0,0.0,32.4,43.6,51.7,35.5,False,False,4. Mid-Tier Core
3669,65,Male,Dress,Clothing,64,South Carolina,M,Pink,Fall,4.6,No,Express,No,No,30,Bank Transfer,Monthly,Clothing,31,0,30,64.0,0.0,25.6,33.4,39.8,27.0,False,False,1. High Value Organic
3670,46,Female,Backpack,Accessories,85,Vermont,M,Gold,Winter,3.7,No,Free Shipping,No,No,49,Cash,Quarterly,Accessories,50,0,90,85.0,0.0,34.0,46.0,54.5,37.5,True,True,1. High Value Organic
3671,57,Female,Blouse,Clothing,91,New Jersey,S,Silver,Fall,4.5,No,Store Pickup,Yes,Yes,38,Bank Transfer,Every 3 Months,Clothing,39,1,90,113.75,22.75,45.5,40.5,51.88,29.12,True,False,2. High Spend Bargain Hunter
3672,64,Female,Handbag,Accessories,68,New York,L,Black,Summer,4.6,No,Store Pickup,Yes,Yes,40,PayPal,Bi-Weekly,Accessories,41,1,14,85.0,17.0,34.0,29.0,37.5,20.5,False,False,3. Promo-Using Repeat
3673,25,Female,Dress,Clothing,83,Nebraska,S,Red,Summer,5.0,No,2-Day Shipping,No,No,23,PayPal,Weekly,Clothing,24,0,7,83.0,0.0,33.2,44.8,53.1,36.5,True,True,1. High Value Organic
3674,36,Male,Dress,Clothing,21,South Dakota,S,Maroon,Fall,4.1,No,Next Day Air,Yes,Yes,26,Venmo,Fortnightly,Clothing,27,1,14,26.25,5.25,10.5,5.5,8.12,2.88,False,False,3. Promo-Using Repeat
3675,52,Female,Hoodie,Clothing,52,Vermont,M,Teal,Fall,3.1,No,Standard,No,No,39,Credit Card,Bi-Weekly,Clothing,40,0,14,52.0,0.0,20.8,26.2,31.4,21.0,False,False,4. Mid-Tier Core
3676,25,Male,Pants,Clothing,33,Arkansas,M,White,Summer,4.9,Yes,2-Day Shipping,No,No,27,Cash,Weekly,Clothing,28,0,7,33.0,0.0,13.2,14.8,18.1,11.5,False,False,4. Mid-Tier Core
3677,39,Female,Coat,Outerwear,28,Maryland,S,Pink,Winter,3.3,Yes,Free Shipping,No,No,29,PayPal,Bi-Weekly,Outerwear,30,0,14,28.0,0.0,11.2,11.8,14.6,9.0,False,False,4. Mid-Tier Core
3678,43,Female,Blouse,Clothing,85,Hawaii,M,Lavender,Winter,3.6,Yes,2-Day Shipping,Yes,Yes,14,Debit Card,Quarterly,Clothing,15,1,90,106.25,21.25,42.5,37.5,48.12,26.88,False,False,2. High Spend Bargain Hunter
3679,23,Female,Hat,Accessories,35,Hawaii,S,Orange,Spring,4.6,No,Free Shipping,Yes,Yes,26,Venmo,Weekly,Accessories,27,1,7,43.75,8.75,17.5,12.5,16.88,8.12,False,False,3. Promo-Using Repeat
3680,25,Male,Backpack,Accessories,29,Alaska,S,Purple,Spring,4.7,No,Standard,No,No,31,Venmo,Every 3 Months,Accessories,32,0,90,29.0,0.0,11.6,12.4,15.3,9.5,False,False,4. Mid-Tier Core
3681,66,Female,Blouse,Clothing,60,Minnesota,XL,Black,Fall,3.5,Yes,Store Pickup,No,No,4,Bank Transfer,Every 3 Months,Clothing,5,0,90,60.0,0.0,24.0,31.0,37.0,25.0,False,False,4. Mid-Tier Core
3682,35,Female,Sweater,Clothing,79,Maryland,M,Olive,Fall,5.0,No,2-Day Shipping,Yes,Yes,8,Credit Card,Quarterly,Clothing,9,1,90,98.75,19.75,39.5,34.5,44.38,24.62,False,False,2. High Spend Bargain Hunter
3683,38,Male,Sneakers,Footwear,58,New Hampshire,XL,Beige,Winter,4.0,No,Express,No,No,3,Bank Transfer,Monthly,Footwear,4,0,30,58.0,0.0,23.2,29.8,35.6,24.0,False,False,4. Mid-Tier Core
3684,38,Male,Shirt,Clothing,77,Wyoming,L,Black,Summer,3.7,No,Store Pickup,Yes,Yes,30,Credit Card,Fortnightly,Clothing,31,1,14,96.25,19.25,38.5,33.5,43.12,23.88,False,False,3. Promo-Using Repeat
3685,26,Male,Sandals,Footwear,53,Alabama,L,Teal,Summer,3.6,No,Express,No,No,19,Debit Card,Quarterly,Footwear,20,0,90,53.0,0.0,21.2,26.8,32.1,21.5,False,False,4. Mid-Tier Core
3686,21,Male,Backpack,Accessories,47,Kentucky,L,Teal,Summer,2.9,No,Express,Yes,Yes,6,Bank Transfer,Bi-Weekly,Accessories,7,1,14,58.75,11.75,23.5,18.5,24.38,12.62,False,False,3. Promo-Using Repeat
3687,52,Female,Hoodie,Clothing,55,South Dakota,L,Indigo,Spring,4.7,No,Express,No,No,44,Venmo,Fortnightly,Clothing,45,0,14,55.0,0.0,22.0,28.0,33.5,22.5,False,False,1. High Value Organic
3688,53,Male,Jewelry,Accessories,44,Colorado,M,Yellow,Summer,4.4,No,Standard,Yes,Yes,20,Bank Transfer,Weekly,Accessories,21,1,7,55.0,11.0,22.0,17.0,22.5,11.5,False,False,3. Promo-Using Repeat
3689,38,Male,Shorts,Clothing,51,Oklahoma,S,Gray,Spring,4.3,No,Standard,No,No,50,PayPal,Annually,Clothing,51,0,365,51.0,0.0,20.4,25.6,30.7,20.5,False,False,4. Mid-Tier Core
3690,58,Male,Sandals,Footwear,50,Montana,XL,Orange,Winter,3.3,No,Express,Yes,Yes,24,Credit Card,Weekly,Footwear,25,1,7,62.5,12.5,25.0,20.0,26.25,13.75,False,False,3. Promo-Using Repeat
3691,18,Female,Dress,Clothing,56,Wyoming,L,Gray,Fall,4.1,Yes,Express,No,No,11,Credit Card,Every 3 Months,Clothing,12,0,90,56.0,0.0,22.4,28.6,34.2,23.0,False,False,1. High Value Organic
3692,37,Male,Coat,Outerwear,65,Utah,S,Turquoise,Fall,3.0,No,2-Day Shipping,No,No,50,PayPal,Quarterly,Outerwear,51,0,90,65.0,0.0,26.0,34.0,40.5,27.5,False,False,1. High Value Organic
3693,31,Male,Dress,Clothing,73,Ohio,XL,Olive,Fall,3.8,No,2-Day Shipping,Yes,Yes,45,Credit Card,Quarterly,Clothing,46,1,90,91.25,18.25,36.5,31.5,40.62,22.38,False,False,3. Promo-Using Repeat
3694,30,Male,Hoodie,Clothing,87,Nebraska,L,Pink,Fall,2.7,Yes,Store Pickup,No,No,5,Credit Card,Weekly,Clothing,6,0,7,87.0,0.0,34.8,47.2,55.9,38.5,False,False,4. Mid-Tier Core
3695,41,Female,Scarf,Accessories,32,New York,M,Brown,Winter,4.4,Yes,Next Day Air,Yes,Yes,47,Venmo,Bi-Weekly,Accessories,48,1,14,40.0,8.0,16.0,11.0,15.0,7.0,False,False,3. Promo-Using Repeat
3696,52,Male,Jewelry,Accessories,26,Missouri,S,Violet,Spring,2.5,No,2-Day Shipping,No,No,22,Venmo,Annually,Accessories,23,0,365,26.0,0.0,10.4,10.6,13.2,8.0,False,False,4. Mid-Tier Core
3697,47,Male,Coat,Outerwear,41,Vermont,M,Black,Winter,2.7,Yes,Express,No,No,13,Bank Transfer,Annually,Outerwear,14,0,365,41.0,0.0,16.4,19.6,23.7,15.5,False,False,4. Mid-Tier Core
3698,62,Female,Gloves,Accessories,97,Nevada,S,Turquoise,Fall,3.1,No,Standard,No,No,21,Venmo,Fortnightly,Accessories,22,0,14,97.0,0.0,38.8,53.2,62.9,43.5,True,True,1. High Value Organic
3699,53,Female,Shorts,Clothing,59,North Dakota,M,Magenta,Fall,4.6,No,Free Shipping,No,No,45,PayPal,Bi-Weekly,Clothing,46,0,14,59.0,0.0,23.6,30.4,36.3,24.5,False,False,1. High Value Organic
3700,47,Male,Sunglasses,Accessories,20,West Virginia,L,Magenta,Spring,4.9,No,Standard,Yes,Yes,4,Cash,Weekly,Accessories,5,1,7,25.0,5.0,10.0,5.0,7.5,2.5,False,False,3. Promo-Using Repeat
3701,70,Female,Shorts,Clothing,58,Maine,S,Charcoal,Winter,3.3,Yes,2-Day Shipping,Yes,Yes,44,Debit Card,Monthly,Clothing,45,1,30,72.5,14.5,29.0,24.0,31.25,16.75,False,False,3. Promo-Using Repeat
3702,31,Male,Hoodie,Clothing,24,Florida,M,Yellow,Fall,2.8,No,Express,Yes,Yes,10,Credit Card,Monthly,Clothing,11,1,30,30.0,6.0,12.0,7.0,10.0,4.0,False,False,3. Promo-Using Repeat
3703,68,Female,Blouse,Clothing,60,Hawaii,M,Gray,Winter,4.9,No,Next Day Air,Yes,Yes,5,PayPal,Weekly,Clothing,6,1,7,75.0,15.0,30.0,25.0,32.5,17.5,False,False,3. Promo-Using Repeat
3704,63,Male,Dress,Clothing,83,Delaware,L,Red,Spring,4.2,No,2-Day Shipping,No,No,38,Debit Card,Quarterly,Clothing,39,0,90,83.0,0.0,33.2,44.8,53.1,36.5,True,True,1. High Value Organic
3705,41,Male,Backpack,Accessories,67,Kansas,M,Silver,Winter,3.7,Yes,2-Day Shipping,No,No,14,Cash,Annually,Accessories,15,0,365,67.0,0.0,26.8,35.2,41.9,28.5,False,False,1. High Value Organic
3706,28,Male,Belt,Accessories,81,Kansas,XL,Red,Spring,3.2,Yes,2-Day Shipping,No,No,14,Credit Card,Every 3 Months,Accessories,15,0,90,81.0,0.0,32.4,43.6,51.7,35.5,False,False,1. High Value Organic
3707,34,Male,Jewelry,Accessories,75,Oklahoma,XL,Charcoal,Spring,3.8,Yes,Next Day Air,No,No,6,Debit Card,Fortnightly,Accessories,7,0,14,75.0,0.0,30.0,40.0,47.5,32.5,False,False,4. Mid-Tier Core
3708,20,Male,Blouse,Clothing,93,Florida,M,Purple,Fall,3.3,Yes,Store Pickup,Yes,Yes,4,Debit Card,Monthly,Clothing,5,1,30,116.25,23.25,46.5,41.5,53.12,29.88,False,False,2. High Spend Bargain Hunter
3709,42,Female,Sweater,Clothing,79,Indiana,L,Yellow,Spring,3.6,No,Free Shipping,No,No,33,Debit Card,Monthly,Clothing,34,0,30,79.0,0.0,31.6,42.4,50.3,34.5,True,True,1. High Value Organic
3710,50,Male,Boots,Footwear,27,Indiana,L,Gray,Summer,3.9,No,2-Day Shipping,No,No,23,Debit Card,Bi-Weekly,Footwear,24,0,14,27.0,0.0,10.8,11.2,13.9,8.5,False,False,4. Mid-Tier Core
3711,53,Male,Backpack,Accessories,27,Indiana,L,Orange,Spring,3.0,No,Express,Yes,Yes,5,Bank Transfer,Annually,Accessories,6,1,365,33.75,6.75,13.5,8.5,11.88,5.12,False,False,3. Promo-Using Repeat
3712,24,Female,Skirt,Clothing,71,Alabama,L,Cyan,Summer,3.7,No,Standard,No,No,12,Debit Card,Monthly,Clothing,13,0,30,71.0,0.0,28.4,37.6,44.7,30.5,False,False,1. High Value Organic
3713,46,Male,Shoes,Footwear,87,South Carolina,XL,Brown,Spring,4.8,No,Next Day Air,Yes,Yes,27,Credit Card,Monthly,Footwear,28,1,30,108.75,21.75,43.5,38.5,49.38,27.62,True,False,2. High Spend Bargain Hunter
3714,18,Female,Dress,Clothing,23,Nevada,L,Purple,Summer,4.9,No,Free Shipping,No,No,44,PayPal,Every 3 Months,Clothing,45,0,90,23.0,0.0,9.2,8.8,11.1,6.5,False,False,4. Mid-Tier Core
3715,50,Male,Jacket,Outerwear,96,Arkansas,M,Cyan,Fall,4.4,No,Store Pickup,Yes,Yes,19,PayPal,Bi-Weekly,Outerwear,20,1,14,120.0,24.0,48.0,43.0,55.0,31.0,False,False,2. High Spend Bargain Hunter
3716,68,Male,Backpack,Accessories,44,South Carolina,L,Teal,Spring,4.6,No,2-Day Shipping,No,No,35,Bank Transfer,Weekly,Accessories,36,0,7,44.0,0.0,17.6,21.4,25.8,17.0,False,False,4. Mid-Tier Core
3717,51,Female,Sneakers,Footwear,78,Maine,XL,Turquoise,Summer,2.5,No,2-Day Shipping,No,No,28,Credit Card,Bi-Weekly,Footwear,29,0,14,78.0,0.0,31.2,41.8,49.6,34.0,False,True,1. High Value Organic
3718,29,Male,Boots,Footwear,25,Hawaii,S,Silver,Fall,3.9,No,Standard,Yes,Yes,1,PayPal,Monthly,Footwear,2,1,30,31.25,6.25,12.5,7.5,10.62,4.38,False,False,3. Promo-Using Repeat
3719,45,Male,Coat,Outerwear,54,Rhode Island,L,Olive,Summer,3.4,No,Express,No,No,5,Debit Card,Weekly,Outerwear,6,0,7,54.0,0.0,21.6,27.4,32.8,22.0,False,False,4. Mid-Tier Core
3720,54,Male,Scarf,Accessories,61,Maine,M,Black,Fall,4.3,Yes,Express,Yes,Yes,34,Cash,Every 3 Months,Accessories,35,1,90,76.25,15.25,30.5,25.5,33.12,17.88,False,False,3. Promo-Using Repeat
3721,28,Male,Socks,Clothing,75,Iowa,XL,Peach,Winter,3.8,Yes,Express,Yes,Yes,41,Bank Transfer,Fortnightly,Clothing,42,1,14,93.75,18.75,37.5,32.5,41.88,23.12,False,False,3. Promo-Using Repeat
3722,54,Male,Sweater,Clothing,52,West Virginia,L,Silver,Summer,3.7,Yes,Next Day Air,No,No,44,Venmo,Every 3 Months,Clothing,45,0,90,52.0,0.0,20.8,26.2,31.4,21.0,False,False,4. Mid-Tier Core
3723,32,Male,Sneakers,Footwear,22,Maryland,M,Gold,Fall,4.5,Yes,Express,No,No,30,Venmo,Bi-Weekly,Footwear,31,0,14,22.0,0.0,8.8,8.2,10.4,6.0,False,False,4. Mid-Tier Core
3724,41,Male,Skirt,Clothing,79,Missouri,L,Olive,Spring,3.1,Yes,Next Day Air,No,No,13,Bank Transfer,Fortnightly,Clothing,14,0,14,79.0,0.0,31.6,42.4,50.3,34.5,False,False,1. High Value Organic
3725,64,Male,Handbag,Accessories,38,Iowa,L,Charcoal,Spring,4.7,No,Standard,Yes,Yes,35,PayPal,Monthly,Accessories,36,1,30,47.5,9.5,19.0,14.0,18.75,9.25,False,False,3. Promo-Using Repeat
3726,29,Female,Backpack,Accessories,97,California,M,Yellow,Summer,4.6,No,Free Shipping,Yes,Yes,10,Credit Card,Bi-Weekly,Accessories,11,1,14,121.25,24.25,48.5,43.5,55.62,31.38,False,False,2. High Spend Bargain Hunter
3727,42,Male,Belt,Accessories,26,Minnesota,M,Lavender,Winter,3.7,Yes,Next Day Air,Yes,Yes,49,Credit Card,Quarterly,Accessories,50,1,90,32.5,6.5,13.0,8.0,11.25,4.75,False,False,3. Promo-Using Repeat
3728,63,Male,Jeans,Clothing,100,Idaho,S,Green,Fall,4.4,No,Store Pickup,Yes,Yes,8,PayPal,Fortnightly,Clothing,9,1,14,125.0,25.0,50.0,45.0,57.5,32.5,False,False,2. High Spend Bargain Hunter
3729,29,Male,Backpack,Accessories,46,Oregon,M,Black,Winter,2.5,No,Standard,No,No,33,Bank Transfer,Annually,Accessories,34,0,365,46.0,0.0,18.4,22.6,27.2,18.0,False,False,4. Mid-Tier Core
3730,66,Female,Shoes,Footwear,72,Oregon,L,Peach,Summer,4.6,No,Store Pickup,Yes,Yes,48,Bank Transfer,Monthly,Footwear,49,1,30,90.0,18.0,36.0,31.0,40.0,22.0,False,False,3. Promo-Using Repeat
3731,56,Male,Jewelry,Accessories,37,South Dakota,L,Turquoise,Fall,2.8,No,Express,No,No,29,Cash,Every 3 Months,Accessories,30,0,90,37.0,0.0,14.8,17.2,20.9,13.5,False,False,4. Mid-Tier Core
3732,70,Male,Shoes,Footwear,37,Maine,S,Magenta,Summer,4.6,No,Express,Yes,Yes,25,Credit Card,Weekly,Footwear,26,1,7,46.25,9.25,18.5,13.5,18.12,8.88,False,False,3. Promo-Using Repeat
3733,47,Female,Sandals,Footwear,21,California,S,Green,Fall,3.3,No,Free Shipping,No,No,6,Credit Card,Annually,Footwear,7,0,365,21.0,0.0,8.4,7.6,9.7,5.5,False,False,4. Mid-Tier Core
3734,70,Male,Socks,Clothing,44,Kentucky,L,Turquoise,Spring,2.7,Yes,Express,Yes,Yes,34,Debit Card,Weekly,Clothing,35,1,7,55.0,11.0,22.0,17.0,22.5,11.5,False,False,3. Promo-Using Repeat
3735,26,Female,Dress,Clothing,75,Florida,S,Gold,Fall,4.4,No,Free Shipping,Yes,Yes,7,Credit Card,Every 3 Months,Clothing,8,1,90,93.75,18.75,37.5,32.5,41.88,23.12,False,False,3. Promo-Using Repeat
3736,43,Male,Boots,Footwear,97,Vermont,M,Indigo,Winter,4.1,Yes,Free Shipping,No,No,47,Cash,Every 3 Months,Footwear,48,0,90,97.0,0.0,38.8,53.2,62.9,43.5,True,True,1. High Value Organic
3737,57,Male,Shoes,Footwear,20,North Carolina,XL,Teal,Spring,4.0,No,Express,No,No,27,Credit Card,Quarterly,Footwear,28,0,90,20.0,0.0,8.0,7.0,9.0,5.0,False,False,4. Mid-Tier Core
3738,35,Male,Coat,Outerwear,32,New Jersey,S,Indigo,Summer,3.8,No,Store Pickup,No,No,33,Bank Transfer,Quarterly,Outerwear,34,0,90,32.0,0.0,12.8,14.2,17.4,11.0,False,False,4. Mid-Tier Core
3739,31,Female,Scarf,Accessories,78,Louisiana,L,Yellow,Spring,4.5,Yes,Standard,No,No,49,Bank Transfer,Every 3 Months,Accessories,50,0,90,78.0,0.0,31.2,41.8,49.6,34.0,False,True,1. High Value Organic
3740,63,Female,Skirt,Clothing,47,Vermont,M,Brown,Winter,4.8,No,2-Day Shipping,Yes,Yes,6,Bank Transfer,Every 3 Months,Clothing,7,1,90,58.75,11.75,23.5,18.5,24.38,12.62,False,False,3. Promo-Using Repeat
3741,33,Female,Sandals,Footwear,20,Nevada,L,Violet,Fall,2.7,No,2-Day Shipping,No,No,50,Bank Transfer,Quarterly,Footwear,51,0,90,20.0,0.0,8.0,7.0,9.0,5.0,False,False,4. Mid-Tier Core
3742,68,Male,Jeans,Clothing,56,Wyoming,L,Charcoal,Summer,4.1,No,Express,No,No,34,PayPal,Bi-Weekly,Clothing,35,0,14,56.0,0.0,22.4,28.6,34.2,23.0,False,False,1. High Value Organic
3743,56,Male,Blouse,Clothing,64,Delaware,L,Gold,Spring,3.1,Yes,Store Pickup,Yes,Yes,18,Credit Card,Weekly,Clothing,19,1,7,80.0,16.0,32.0,27.0,35.0,19.0,False,False,3. Promo-Using Repeat
3744,39,Male,Belt,Accessories,99,Massachusetts,M,Indigo,Winter,4.4,No,Standard,Yes,Yes,14,Cash,Fortnightly,Accessories,15,1,14,123.75,24.75,49.5,44.5,56.88,32.12,False,False,2. High Spend Bargain Hunter
3745,27,Female,Jacket,Outerwear,87,Tennessee,S,Lavender,Fall,4.3,No,Store Pickup,No,No,46,Credit Card,Annually,Outerwear,47,0,365,87.0,0.0,34.8,47.2,55.9,38.5,True,True,1. High Value Organic
3746,59,Male,Dress,Clothing,29,West Virginia,M,Silver,Summer,3.3,No,Standard,No,No,50,Cash,Weekly,Clothing,51,0,7,29.0,0.0,11.6,12.4,15.3,9.5,False,False,4. Mid-Tier Core
3747,50,Male,Hat,Accessories,94,Minnesota,M,Gray,Spring,3.9,No,Express,Yes,Yes,42,Cash,Weekly,Accessories,43,1,7,117.5,23.5,47.0,42.0,53.75,30.25,True,False,2. High Spend Bargain Hunter
3748,69,Male,Sneakers,Footwear,52,Wyoming,M,Green,Winter,2.8,Yes,Standard,Yes,Yes,48,Debit Card,Bi-Weekly,Footwear,49,1,14,65.0,13.0,26.0,21.0,27.5,14.5,False,False,3. Promo-Using Repeat
3749,61,Male,Handbag,Accessories,66,West Virginia,M,Cyan,Fall,3.1,No,Store Pickup,No,No,32,Debit Card,Weekly,Accessories,33,0,7,66.0,0.0,26.4,34.6,41.2,28.0,False,False,1. High Value Organic
3750,34,Male,Jeans,Clothing,32,North Carolina,M,Teal,Spring,3.7,No,2-Day Shipping,Yes,Yes,39,Cash,Fortnightly,Clothing,40,1,14,40.0,8.0,16.0,11.0,15.0,7.0,False,False,3. Promo-Using Repeat
3751,51,Male,Socks,Clothing,82,New Jersey,M,Yellow,Fall,4.7,Yes,Standard,Yes,Yes,2,Venmo,Every 3 Months,Clothing,3,1,90,102.5,20.5,41.0,36.0,46.25,25.75,False,False,2. High Spend Bargain Hunter
3752,65,Female,Pants,Clothing,45,South Dakota,M,Lavender,Winter,2.6,Yes,Store Pickup,No,No,22,Credit Card,Fortnightly,Clothing,23,0,14,45.0,0.0,18.0,22.0,26.5,17.5,False,False,4. Mid-Tier Core
3753,31,Male,Boots,Footwear,38,Indiana,M,Silver,Summer,4.6,No,Next Day Air,No,No,31,Cash,Bi-Weekly,Footwear,32,0,14,38.0,0.0,15.2,17.8,21.6,14.0,False,False,4. Mid-Tier Core
3754,22,Male,Sunglasses,Accessories,58,Florida,S,Green,Winter,4.0,Yes,Free Shipping,No,No,50,Venmo,Every 3 Months,Accessories,51,0,90,58.0,0.0,23.2,29.8,35.6,24.0,False,False,1. High Value Organic
3755,59,Female,Gloves,Accessories,41,North Dakota,M,Teal,Summer,3.9,No,2-Day Shipping,No,No,4,Venmo,Every 3 Months,Accessories,5,0,90,41.0,0.0,16.4,19.6,23.7,15.5,False,False,4. Mid-Tier Core
3756,48,Female,Handbag,Accessories,79,Iowa,M,Yellow,Fall,2.7,Yes,2-Day Shipping,Yes,Yes,1,Credit Card,Every 3 Months,Accessories,2,1,90,98.75,19.75,39.5,34.5,44.38,24.62,False,False,2. High Spend Bargain Hunter
3757,66,Female,Socks,Clothing,77,Texas,XL,Teal,Winter,2.6,No,2-Day Shipping,Yes,Yes,19,PayPal,Fortnightly,Clothing,20,1,14,96.25,19.25,38.5,33.5,43.12,23.88,False,False,3. Promo-Using Repeat
3758,57,Female,Sandals,Footwear,53,North Carolina,M,Red,Spring,3.2,No,2-Day Shipping,Yes,Yes,1,Venmo,Fortnightly,Footwear,2,1,14,66.25,13.25,26.5,21.5,28.12,14.88,False,False,3. Promo-Using Repeat
3759,44,Male,Belt,Accessories,35,New Hampshire,XL,Indigo,Winter,2.6,No,Free Shipping,No,No,45,Bank Transfer,Bi-Weekly,Accessories,46,0,14,35.0,0.0,14.0,16.0,19.5,12.5,False,False,4. Mid-Tier Core
3760,49,Female,Belt,Accessories,77,Idaho,M,Cyan,Fall,4.7,No,2-Day Shipping,Yes,Yes,19,Venmo,Bi-Weekly,Accessories,20,1,14,96.25,19.25,38.5,33.5,43.12,23.88,False,False,3. Promo-Using Repeat
3761,43,Female,Sneakers,Footwear,40,South Carolina,M,Gold,Winter,4.6,No,Standard,No,No,44,PayPal,Bi-Weekly,Footwear,45,0,14,40.0,0.0,16.0,19.0,23.0,15.0,False,False,4. Mid-Tier Core
3762,39,Female,Jeans,Clothing,81,Missouri,L,Yellow,Fall,4.2,No,Next Day Air,No,No,43,Credit Card,Fortnightly,Clothing,44,0,14,81.0,0.0,32.4,43.6,51.7,35.5,True,True,1. High Value Organic
3763,36,Female,Sweater,Clothing,38,Illinois,S,Pink,Fall,3.5,No,Express,No,No,38,Venmo,Monthly,Clothing,39,0,30,38.0,0.0,15.2,17.8,21.6,14.0,False,False,4. Mid-Tier Core
3764,59,Female,Sunglasses,Accessories,84,Nebraska,L,Violet,Fall,3.3,No,Next Day Air,No,No,5,Cash,Annually,Accessories,6,0,365,84.0,0.0,33.6,45.4,53.8,37.0,False,False,4. Mid-Tier Core
3765,49,Male,Dress,Clothing,28,Maryland,L,Yellow,Spring,4.1,Yes,Next Day Air,No,No,44,Credit Card,Weekly,Clothing,45,0,7,28.0,0.0,11.2,11.8,14.6,9.0,False,False,4. Mid-Tier Core
3766,39,Male,Jewelry,Accessories,80,Delaware,M,Turquoise,Spring,4.2,No,Express,No,No,9,Venmo,Weekly,Accessories,10,0,7,80.0,0.0,32.0,43.0,51.0,35.0,False,False,4. Mid-Tier Core
3767,38,Male,Pants,Clothing,88,Mississippi,L,Gray,Winter,4.2,No,2-Day Shipping,No,No,33,Cash,Every 3 Months,Clothing,34,0,90,88.0,0.0,35.2,47.8,56.6,39.0,True,True,1. High Value Organic
3768,34,Male,Sandals,Footwear,76,Arizona,XL,Gray,Spring,3.8,No,Express,No,No,30,Venmo,Monthly,Footwear,31,0,30,76.0,0.0,30.4,40.6,48.2,33.0,False,True,1. High Value Organic
3769,37,Male,Shoes,Footwear,31,Nevada,S,Black,Spring,4.2,No,Store Pickup,Yes,Yes,2,Cash,Bi-Weekly,Footwear,3,1,14,38.75,7.75,15.5,10.5,14.38,6.62,False,False,3. Promo-Using Repeat
3770,42,Female,Dress,Clothing,92,Vermont,M,Turquoise,Winter,2.5,No,Express,No,No,35,Debit Card,Quarterly,Clothing,36,0,90,92.0,0.0,36.8,50.2,59.4,41.0,True,True,1. High Value Organic
3771,54,Female,Shorts,Clothing,80,Oklahoma,L,Lavender,Winter,4.8,Yes,Next Day Air,No,No,39,Venmo,Every 3 Months,Clothing,40,0,90,80.0,0.0,32.0,43.0,51.0,35.0,True,True,1. High Value Organic
3772,36,Male,Sunglasses,Accessories,49,Indiana,M,Red,Winter,3.2,No,Express,Yes,Yes,30,Debit Card,Bi-Weekly,Accessories,31,1,14,61.25,12.25,24.5,19.5,25.62,13.38,False,False,3. Promo-Using Repeat
3773,61,Male,Dress,Clothing,34,Oregon,M,Red,Summer,4.4,No,2-Day Shipping,Yes,Yes,27,Venmo,Bi-Weekly,Clothing,28,1,14,42.5,8.5,17.0,12.0,16.25,7.75,False,False,3. Promo-Using Repeat
3774,62,Male,Hoodie,Clothing,42,Idaho,M,Violet,Fall,4.2,No,Free Shipping,No,No,1,Bank Transfer,Monthly,Clothing,2,0,30,42.0,0.0,16.8,20.2,24.4,16.0,False,False,4. Mid-Tier Core
3775,18,Female,Dress,Clothing,46,Maryland,M,Beige,Spring,4.1,No,2-Day Shipping,Yes,Yes,44,Cash,Weekly,Clothing,45,1,7,57.5,11.5,23.0,18.0,23.75,12.25,False,False,3. Promo-Using Repeat
3776,45,Male,Sunglasses,Accessories,96,North Dakota,M,Brown,Winter,3.4,Yes,Store Pickup,Yes,Yes,10,Cash,Every 3 Months,Accessories,11,1,90,120.0,24.0,48.0,43.0,55.0,31.0,False,False,2. High Spend Bargain Hunter
3777,38,Female,Boots,Footwear,51,New Hampshire,S,Red,Summer,3.8,Yes,Store Pickup,No,No,42,Bank Transfer,Bi-Weekly,Footwear,43,0,14,51.0,0.0,20.4,25.6,30.7,20.5,False,False,4. Mid-Tier Core
3778,48,Male,Sweater,Clothing,78,New Jersey,L,Cyan,Fall,2.7,No,Store Pickup,Yes,Yes,49,Bank Transfer,Quarterly,Clothing,50,1,90,97.5,19.5,39.0,34.0,43.75,24.25,False,False,3. Promo-Using Repeat
3779,63,Male,Sneakers,Footwear,83,Maine,L,Peach,Winter,4.4,No,Standard,No,No,7,Debit Card,Bi-Weekly,Footwear,8,0,14,83.0,0.0,33.2,44.8,53.1,36.5,False,False,4. Mid-Tier Core
3780,47,Male,Sneakers,Footwear,67,Arizona,M,Olive,Spring,3.8,No,Free Shipping,No,No,5,Bank Transfer,Every 3 Months,Footwear,6,0,90,67.0,0.0,26.8,35.2,41.9,28.5,False,False,4. Mid-Tier Core
3781,48,Female,Socks,Clothing,43,South Carolina,M,Gold,Summer,3.5,Yes,Store Pickup,No,No,48,Bank Transfer,Every 3 Months,Clothing,49,0,90,43.0,0.0,17.2,20.8,25.1,16.5,False,False,4. Mid-Tier Core
3782,70,Male,Jacket,Outerwear,82,South Carolina,L,Peach,Fall,4.9,No,Free Shipping,Yes,Yes,15,Cash,Quarterly,Outerwear,16,1,90,102.5,20.5,41.0,36.0,46.25,25.75,False,False,2. High Spend Bargain Hunter
3783,31,Male,Gloves,Accessories,20,Kansas,L,Violet,Summer,2.8,No,Next Day Air,No,No,41,PayPal,Weekly,Accessories,42,0,7,20.0,0.0,8.0,7.0,9.0,5.0,False,False,4. Mid-Tier Core
3784,22,Male,Shirt,Clothing,23,Colorado,S,Beige,Fall,3.6,Yes,Standard,No,No,33,Debit Card,Every 3 Months,Clothing,34,0,90,23.0,0.0,9.2,8.8,11.1,6.5,False,False,4. Mid-Tier Core
3785,54,Male,Sneakers,Footwear,52,Wyoming,M,Teal,Winter,3.3,Yes,Free Shipping,No,No,16,Debit Card,Every 3 Months,Footwear,17,0,90,52.0,0.0,20.8,26.2,31.4,21.0,False,False,4. Mid-Tier Core
3786,45,Female,Dress,Clothing,86,Illinois,M,Gold,Summer,3.9,No,2-Day Shipping,Yes,Yes,16,Cash,Quarterly,Clothing,17,1,90,107.5,21.5,43.0,38.0,48.75,27.25,False,False,2. High Spend Bargain Hunter
3787,50,Female,Pants,Clothing,94,Nebraska,L,Silver,Winter,4.2,No,Store Pickup,Yes,Yes,36,PayPal,Every 3 Months,Clothing,37,1,90,117.5,23.5,47.0,42.0,53.75,30.25,True,False,2. High Spend Bargain Hunter
3788,39,Female,Boots,Footwear,52,South Dakota,L,Silver,Fall,3.5,No,Next Day Air,Yes,Yes,26,Venmo,Every 3 Months,Footwear,27,1,90,65.0,13.0,26.0,21.0,27.5,14.5,False,False,3. Promo-Using Repeat
3789,39,Female,Belt,Accessories,74,Alaska,XL,Maroon,Spring,3.4,No,Standard,No,No,16,Bank Transfer,Every 3 Months,Accessories,17,0,90,74.0,0.0,29.6,39.4,46.8,32.0,False,True,1. High Value Organic
3790,58,Male,Socks,Clothing,62,Maine,M,Magenta,Summer,4.6,No,Express,Yes,Yes,21,Credit Card,Fortnightly,Clothing,22,1,14,77.5,15.5,31.0,26.0,33.75,18.25,False,False,3. Promo-Using Repeat
3791,52,Male,Sunglasses,Accessories,52,Massachusetts,S,Purple,Summer,3.1,No,Next Day Air,No,No,4,PayPal,Every 3 Months,Accessories,5,0,90,52.0,0.0,20.8,26.2,31.4,21.0,False,False,4. Mid-Tier Core
3792,51,Female,Sandals,Footwear,79,Arizona,M,Magenta,Spring,2.9,No,Store Pickup,Yes,Yes,28,Bank Transfer,Quarterly,Footwear,29,1,90,98.75,19.75,39.5,34.5,44.38,24.62,True,False,2. High Spend Bargain Hunter
3793,55,Female,Sweater,Clothing,92,Maine,M,Gold,Winter,3.5,Yes,2-Day Shipping,No,No,10,Venmo,Annually,Clothing,11,0,365,92.0,0.0,36.8,50.2,59.4,41.0,False,False,1. High Value Organic
3794,51,Female,Shorts,Clothing,72,Arizona,M,Brown,Fall,2.9,No,Standard,No,No,3,Credit Card,Weekly,Clothing,4,0,7,72.0,0.0,28.8,38.2,45.4,31.0,False,False,4. Mid-Tier Core
3795,66,Male,Jeans,Clothing,65,Alabama,S,Black,Spring,3.0,No,2-Day Shipping,No,No,12,Venmo,Quarterly,Clothing,13,0,90,65.0,0.0,26.0,34.0,40.5,27.5,False,False,1. High Value Organic
3796,66,Male,Pants,Clothing,65,Alabama,M,Magenta,Summer,2.8,Yes,Free Shipping,No,No,23,Cash,Fortnightly,Clothing,24,0,14,65.0,0.0,26.0,34.0,40.5,27.5,False,False,1. High Value Organic
3797,27,Male,Jeans,Clothing,28,Maine,L,Turquoise,Summer,2.8,No,2-Day Shipping,Yes,Yes,13,Debit Card,Every 3 Months,Clothing,14,1,90,35.0,7.0,14.0,9.0,12.5,5.5,False,False,3. Promo-Using Repeat
3798,62,Female,Shorts,Clothing,20,Florida,S,Turquoise,Fall,3.7,Yes,Standard,No,No,34,Cash,Bi-Weekly,Clothing,35,0,14,20.0,0.0,8.0,7.0,9.0,5.0,False,False,4. Mid-Tier Core
3799,24,Male,Socks,Clothing,77,Kentucky,S,Olive,Summer,3.2,No,Standard,Yes,Yes,3,PayPal,Bi-Weekly,Clothing,4,1,14,96.25,19.25,38.5,33.5,43.12,23.88,False,False,3. Promo-Using Repeat
3800,33,Male,Sweater,Clothing,95,Indiana,M,Yellow,Summer,4.8,Yes,Next Day Air,No,No,26,Bank Transfer,Every 3 Months,Clothing,27,0,90,95.0,0.0,38.0,52.0,61.5,42.5,True,True,1. High Value Organic
3801,40,Male,Socks,Clothing,41,South Carolina,M,Green,Winter,4.6,No,Free Shipping,No,No,42,PayPal,Weekly,Clothing,43,0,7,41.0,0.0,16.4,19.6,23.7,15.5,False,False,4. Mid-Tier Core
3802,39,Male,Jacket,Outerwear,81,Kentucky,S,Indigo,Fall,4.3,Yes,Standard,Yes,Yes,41,PayPal,Fortnightly,Outerwear,42,1,14,101.25,20.25,40.5,35.5,45.62,25.38,True,False,2. High Spend Bargain Hunter
3803,31,Male,Pants,Clothing,30,Rhode Island,L,Purple,Winter,3.6,Yes,Free Shipping,Yes,Yes,3,Bank Transfer,Weekly,Clothing,4,1,7,37.5,7.5,15.0,10.0,13.75,6.25,False,False,3. Promo-Using Repeat
3804,25,Male,Boots,Footwear,86,Alaska,M,Teal,Spring,4.1,No,Store Pickup,No,No,18,PayPal,Monthly,Footwear,19,0,30,86.0,0.0,34.4,46.6,55.2,38.0,False,True,1. High Value Organic
3805,47,Male,Jewelry,Accessories,64,New Jersey,L,Brown,Fall,3.8,No,Express,No,No,9,PayPal,Weekly,Accessories,10,0,7,64.0,0.0,25.6,33.4,39.8,27.0,False,False,4. Mid-Tier Core
3806,48,Male,Belt,Accessories,41,Iowa,M,Cyan,Summer,3.7,Yes,Express,No,No,2,Debit Card,Quarterly,Accessories,3,0,90,41.0,0.0,16.4,19.6,23.7,15.5,False,False,4. Mid-Tier Core
3807,22,Male,Dress,Clothing,43,Illinois,S,Indigo,Fall,3.9,Yes,Express,No,No,30,Bank Transfer,Quarterly,Clothing,31,0,90,43.0,0.0,17.2,20.8,25.1,16.5,False,False,4. Mid-Tier Core
3808,35,Male,Gloves,Accessories,49,Tennessee,XL,White,Winter,3.2,No,Next Day Air,Yes,Yes,43,Credit Card,Quarterly,Accessories,44,1,90,61.25,12.25,24.5,19.5,25.62,13.38,False,False,3. Promo-Using Repeat
3809,69,Male,Sweater,Clothing,47,Vermont,M,Beige,Spring,2.7,No,Store Pickup,No,No,12,Bank Transfer,Weekly,Clothing,13,0,7,47.0,0.0,18.8,23.2,27.9,18.5,False,False,4. Mid-Tier Core
3810,29,Female,Skirt,Clothing,28,New York,S,Olive,Fall,4.0,No,Free Shipping,Yes,Yes,43,Debit Card,Annually,Clothing,44,1,365,35.0,7.0,14.0,9.0,12.5,5.5,False,False,3. Promo-Using Repeat
3811,38,Female,Belt,Accessories,37,California,L,Olive,Fall,3.1,Yes,Next Day Air,No,No,8,Debit Card,Weekly,Accessories,9,0,7,37.0,0.0,14.8,17.2,20.9,13.5,False,False,4. Mid-Tier Core
3812,33,Male,Sunglasses,Accessories,21,Alaska,S,Red,Summer,3.9,No,Next Day Air,No,No,24,Venmo,Quarterly,Accessories,25,0,90,21.0,0.0,8.4,7.6,9.7,5.5,False,False,4. Mid-Tier Core
3813,29,Male,Pants,Clothing,87,Indiana,L,Maroon,Summer,3.8,Yes,Free Shipping,No,No,1,Debit Card,Every 3 Months,Clothing,2,0,90,87.0,0.0,34.8,47.2,55.9,38.5,False,False,4. Mid-Tier Core
3814,20,Female,Hoodie,Clothing,80,Alabama,S,Lavender,Spring,2.8,Yes,Express,Yes,Yes,4,Venmo,Monthly,Clothing,5,1,30,100.0,20.0,40.0,35.0,45.0,25.0,False,False,2. High Spend Bargain Hunter
3815,42,Female,Hoodie,Clothing,24,New Hampshire,M,Maroon,Winter,4.8,No,Next Day Air,Yes,Yes,8,Cash,Monthly,Clothing,9,1,30,30.0,6.0,12.0,7.0,10.0,4.0,False,False,3. Promo-Using Repeat
3816,59,Male,Belt,Accessories,68,Kentucky,XL,Yellow,Fall,4.9,No,Store Pickup,Yes,Yes,38,Cash,Weekly,Accessories,39,1,7,85.0,17.0,34.0,29.0,37.5,20.5,False,False,3. Promo-Using Repeat
3817,53,Female,Hat,Accessories,79,Minnesota,S,Yellow,Fall,2.6,Yes,2-Day Shipping,No,No,25,Cash,Monthly,Accessories,26,0,30,79.0,0.0,31.6,42.4,50.3,34.5,True,True,1. High Value Organic
3818,66,Male,Coat,Outerwear,91,Delaware,M,Cyan,Fall,4.2,No,Free Shipping,No,No,16,Bank Transfer,Annually,Outerwear,17,0,365,91.0,0.0,36.4,49.6,58.7,40.5,False,True,1. High Value Organic
3819,41,Female,Jeans,Clothing,58,Maine,M,Gold,Fall,4.3,No,Express,Yes,Yes,17,PayPal,Monthly,Clothing,18,1,30,72.5,14.5,29.0,24.0,31.25,16.75,False,False,3. Promo-Using Repeat
3820,59,Male,Socks,Clothing,91,Massachusetts,S,Maroon,Spring,2.9,Yes,Standard,Yes,Yes,16,Bank Transfer,Weekly,Clothing,17,1,7,113.75,22.75,45.5,40.5,51.88,29.12,False,False,2. High Spend Bargain Hunter
3821,28,Male,Belt,Accessories,73,Ohio,M,Charcoal,Fall,4.7,No,Standard,Yes,Yes,40,PayPal,Annually,Accessories,41,1,365,91.25,18.25,36.5,31.5,40.62,22.38,False,False,3. Promo-Using Repeat
3822,57,Male,Shirt,Clothing,63,New Jersey,S,Orange,Spring,5.0,Yes,2-Day Shipping,No,No,35,Credit Card,Annually,Clothing,36,0,365,63.0,0.0,25.2,32.8,39.1,26.5,False,False,1. High Value Organic
3823,70,Male,Jacket,Outerwear,46,Oregon,L,Lavender,Winter,4.7,Yes,2-Day Shipping,Yes,Yes,27,Bank Transfer,Annually,Outerwear,28,1,365,57.5,11.5,23.0,18.0,23.75,12.25,False,False,3. Promo-Using Repeat
3824,48,Male,Socks,Clothing,26,Oregon,M,Lavender,Fall,2.6,No,Next Day Air,No,No,33,Bank Transfer,Every 3 Months,Clothing,34,0,90,26.0,0.0,10.4,10.6,13.2,8.0,False,False,4. Mid-Tier Core
3825,33,Male,Pants,Clothing,90,Louisiana,M,Brown,Summer,2.7,No,Express,Yes,Yes,6,Debit Card,Monthly,Clothing,7,1,30,112.5,22.5,45.0,40.0,51.25,28.75,False,False,2. High Spend Bargain Hunter
3826,39,Male,Shirt,Clothing,94,Alaska,M,Olive,Spring,2.6,No,Store Pickup,No,No,48,Credit Card,Quarterly,Clothing,49,0,90,94.0,0.0,37.6,51.4,60.8,42.0,True,True,1. High Value Organic
3827,26,Male,Sunglasses,Accessories,56,Texas,XL,Pink,Summer,3.1,No,Express,No,No,38,PayPal,Every 3 Months,Accessories,39,0,90,56.0,0.0,22.4,28.6,34.2,23.0,False,False,1. High Value Organic
3828,30,Female,Hoodie,Clothing,49,Iowa,S,Silver,Fall,3.3,No,Store Pickup,No,No,25,Credit Card,Monthly,Clothing,26,0,30,49.0,0.0,19.6,24.4,29.3,19.5,False,False,4. Mid-Tier Core
3829,22,Female,Gloves,Accessories,58,Mississippi,M,Yellow,Summer,2.9,No,Free Shipping,Yes,Yes,9,Debit Card,Bi-Weekly,Accessories,10,1,14,72.5,14.5,29.0,24.0,31.25,16.75,False,False,3. Promo-Using Repeat
3830,19,Male,Shirt,Clothing,31,California,L,Red,Summer,3.7,Yes,Store Pickup,No,No,47,Bank Transfer,Every 3 Months,Clothing,48,0,90,31.0,0.0,12.4,13.6,16.7,10.5,False,False,4. Mid-Tier Core
3831,37,Female,Boots,Footwear,88,Massachusetts,M,Teal,Summer,4.1,Yes,Free Shipping,No,No,28,Debit Card,Weekly,Footwear,29,0,7,88.0,0.0,35.2,47.8,56.6,39.0,True,True,1. High Value Organic
3832,48,Male,Sweater,Clothing,34,South Carolina,L,Maroon,Winter,3.4,No,Next Day Air,Yes,Yes,9,PayPal,Weekly,Clothing,10,1,7,42.5,8.5,17.0,12.0,16.25,7.75,False,False,3. Promo-Using Repeat
3833,18,Male,Sneakers,Footwear,74,Indiana,S,Green,Winter,3.3,No,Next Day Air,No,No,5,Credit Card,Quarterly,Footwear,6,0,90,74.0,0.0,29.6,39.4,46.8,32.0,False,False,4. Mid-Tier Core
3834,56,Male,Sandals,Footwear,55,Tennessee,XL,Violet,Spring,4.2,No,Next Day Air,Yes,Yes,32,PayPal,Fortnightly,Footwear,33,1,14,68.75,13.75,27.5,22.5,29.38,15.62,False,False,3. Promo-Using Repeat
3835,21,Male,Sneakers,Footwear,90,Colorado,XL,Olive,Summer,3.0,Yes,Store Pickup,No,No,34,Debit Card,Monthly,Footwear,35,0,30,90.0,0.0,36.0,49.0,58.0,40.0,True,True,1. High Value Organic
3836,28,Female,Jacket,Outerwear,75,Minnesota,M,Lavender,Winter,3.2,No,Express,Yes,Yes,48,Bank Transfer,Monthly,Outerwear,49,1,30,93.75,18.75,37.5,32.5,41.88,23.12,False,False,3. Promo-Using Repeat
3837,33,Female,Sneakers,Footwear,78,Georgia,M,Turquoise,Fall,4.8,No,Store Pickup,No,No,23,PayPal,Fortnightly,Footwear,24,0,14,78.0,0.0,31.2,41.8,49.6,34.0,False,True,1. High Value Organic
3838,53,Male,Shirt,Clothing,46,Alaska,L,Black,Fall,3.8,No,Express,No,No,36,Venmo,Weekly,Clothing,37,0,7,46.0,0.0,18.4,22.6,27.2,18.0,False,False,4. Mid-Tier Core
3839,70,Male,Blouse,Clothing,77,Arizona,L,Black,Winter,2.9,Yes,Next Day Air,Yes,Yes,41,Credit Card,Weekly,Clothing,42,1,7,96.25,19.25,38.5,33.5,43.12,23.88,False,False,3. Promo-Using Repeat
3840,55,Male,Belt,Accessories,84,Alaska,M,Yellow,Summer,3.1,No,Standard,Yes,Yes,42,Credit Card,Bi-Weekly,Accessories,43,1,14,105.0,21.0,42.0,37.0,47.5,26.5,True,False,2. High Spend Bargain Hunter
3841,69,Male,Sunglasses,Accessories,48,New Hampshire,L,Green,Spring,3.0,Yes,Store Pickup,Yes,Yes,33,Debit Card,Every 3 Months,Accessories,34,1,90,60.0,12.0,24.0,19.0,25.0,13.0,False,False,3. Promo-Using Repeat
3842,49,Male,Hoodie,Clothing,96,Massachusetts,M,Peach,Spring,4.2,No,Standard,No,No,28,Bank Transfer,Annually,Clothing,29,0,365,96.0,0.0,38.4,52.6,62.2,43.0,True,True,1. High Value Organic
3843,18,Female,Backpack,Accessories,64,New York,L,Peach,Spring,3.8,No,Standard,No,No,9,Venmo,Weekly,Accessories,10,0,7,64.0,0.0,25.6,33.4,39.8,27.0,False,False,4. Mid-Tier Core
3844,46,Male,Coat,Outerwear,31,Illinois,M,Teal,Fall,3.8,No,2-Day Shipping,Yes,Yes,36,Cash,Quarterly,Outerwear,37,1,90,38.75,7.75,15.5,10.5,14.38,6.62,False,False,3. Promo-Using Repeat
3845,60,Male,Belt,Accessories,64,Nevada,L,Violet,Fall,2.8,No,2-Day Shipping,No,No,31,Bank Transfer,Bi-Weekly,Accessories,32,0,14,64.0,0.0,25.6,33.4,39.8,27.0,False,False,1. High Value Organic
3846,23,Female,Sweater,Clothing,61,Texas,M,Maroon,Spring,4.5,Yes,Store Pickup,No,No,20,PayPal,Every 3 Months,Clothing,21,0,90,61.0,0.0,24.4,31.6,37.7,25.5,False,False,1. High Value Organic
3847,26,Male,Backpack,Accessories,40,Iowa,M,Lavender,Winter,3.7,No,Store Pickup,No,No,12,Bank Transfer,Quarterly,Accessories,13,0,90,40.0,0.0,16.0,19.0,23.0,15.0,False,False,4. Mid-Tier Core
3848,49,Female,Pants,Clothing,30,Rhode Island,XL,Orange,Spring,4.1,No,Standard,No,No,32,Debit Card,Quarterly,Clothing,33,0,90,30.0,0.0,12.0,13.0,16.0,10.0,False,False,4. Mid-Tier Core
3849,19,Male,Shirt,Clothing,57,Oregon,M,Black,Spring,4.7,No,Standard,No,No,11,Debit Card,Every 3 Months,Clothing,12,0,90,57.0,0.0,22.8,29.2,34.9,23.5,False,False,1. High Value Organic
3850,54,Male,Belt,Accessories,29,Idaho,L,Lavender,Winter,4.8,No,Standard,No,No,24,Debit Card,Weekly,Accessories,25,0,7,29.0,0.0,11.6,12.4,15.3,9.5,False,False,4. Mid-Tier Core
3851,67,Male,Shorts,Clothing,52,Tennessee,L,Turquoise,Summer,4.0,Yes,Standard,No,No,50,PayPal,Weekly,Clothing,51,0,7,52.0,0.0,20.8,26.2,31.4,21.0,False,False,4. Mid-Tier Core
3852,38,Male,Belt,Accessories,66,Mississippi,L,Maroon,Winter,4.9,No,Free Shipping,Yes,Yes,49,Venmo,Bi-Weekly,Accessories,50,1,14,82.5,16.5,33.0,28.0,36.25,19.75,False,False,3. Promo-Using Repeat
3853,69,Female,Boots,Footwear,27,Florida,S,Silver,Fall,4.1,Yes,2-Day Shipping,Yes,Yes,4,Bank Transfer,Fortnightly,Footwear,5,1,14,33.75,6.75,13.5,8.5,11.88,5.12,False,False,3. Promo-Using Repeat
3854,27,Male,Handbag,Accessories,56,Nevada,M,White,Spring,3.0,No,Express,No,No,49,Cash,Monthly,Accessories,50,0,30,56.0,0.0,22.4,28.6,34.2,23.0,False,False,1. High Value Organic
3855,23,Male,Sweater,Clothing,59,Arkansas,L,Beige,Spring,4.0,No,Free Shipping,No,No,39,Venmo,Quarterly,Clothing,40,0,90,59.0,0.0,23.6,30.4,36.3,24.5,False,False,1. High Value Organic
3856,28,Male,Sandals,Footwear,67,Tennessee,S,Beige,Summer,4.4,Yes,Next Day Air,Yes,Yes,16,Credit Card,Quarterly,Footwear,17,1,90,83.75,16.75,33.5,28.5,36.88,20.12,False,False,3. Promo-Using Repeat
3857,22,Female,Boots,Footwear,96,North Dakota,L,Orange,Summer,2.8,No,Standard,No,No,39,Bank Transfer,Every 3 Months,Footwear,40,0,90,96.0,0.0,38.4,52.6,62.2,43.0,True,True,1. High Value Organic
3858,67,Male,Jewelry,Accessories,47,Missouri,XL,Lavender,Winter,3.9,No,Standard,Yes,Yes,40,PayPal,Bi-Weekly,Accessories,41,1,14,58.75,11.75,23.5,18.5,24.38,12.62,False,False,3. Promo-Using Repeat
3859,55,Male,Sneakers,Footwear,48,Indiana,S,Silver,Spring,4.3,No,Free Shipping,Yes,Yes,13,PayPal,Monthly,Footwear,14,1,30,60.0,12.0,24.0,19.0,25.0,13.0,False,False,3. Promo-Using Repeat
3860,57,Male,Socks,Clothing,21,Louisiana,L,Cyan,Summer,4.5,No,Store Pickup,No,No,10,PayPal,Quarterly,Clothing,11,0,90,21.0,0.0,8.4,7.6,9.7,5.5,False,False,4. Mid-Tier Core
3861,58,Female,Jacket,Outerwear,23,Indiana,M,White,Winter,2.7,No,Store Pickup,No,No,36,Cash,Every 3 Months,Outerwear,37,0,90,23.0,0.0,9.2,8.8,11.1,6.5,False,False,4. Mid-Tier Core
3862,23,Male,Backpack,Accessories,28,Texas,M,Gray,Summer,3.3,No,Store Pickup,Yes,Yes,43,Cash,Bi-Weekly,Accessories,44,1,14,35.0,7.0,14.0,9.0,12.5,5.5,False,False,3. Promo-Using Repeat
3863,37,Male,Jewelry,Accessories,34,West Virginia,M,Beige,Spring,3.8,No,Next Day Air,Yes,Yes,33,Credit Card,Monthly,Accessories,34,1,30,42.5,8.5,17.0,12.0,16.25,7.75,False,False,3. Promo-Using Repeat
3864,60,Male,Dress,Clothing,58,Oklahoma,L,Gold,Summer,3.3,No,Next Day Air,Yes,Yes,49,Bank Transfer,Bi-Weekly,Clothing,50,1,14,72.5,14.5,29.0,24.0,31.25,16.75,False,False,3. Promo-Using Repeat
3865,24,Female,Sandals,Footwear,31,Kentucky,M,Purple,Fall,2.8,No,Free Shipping,No,No,40,Bank Transfer,Bi-Weekly,Footwear,41,0,14,31.0,0.0,12.4,13.6,16.7,10.5,False,False,4. Mid-Tier Core
3866,23,Female,Hoodie,Clothing,70,Arizona,M,Black,Spring,4.8,No,Express,No,No,41,Bank Transfer,Every 3 Months,Clothing,42,0,90,70.0,0.0,28.0,37.0,44.0,30.0,False,False,1. High Value Organic
3867,27,Female,Shorts,Clothing,92,New York,S,Teal,Spring,4.5,No,Standard,No,No,15,Cash,Every 3 Months,Clothing,16,0,90,92.0,0.0,36.8,50.2,59.4,41.0,False,True,1. High Value Organic
3868,31,Male,Handbag,Accessories,26,Kansas,S,Maroon,Winter,5.0,No,Free Shipping,Yes,Yes,41,Debit Card,Bi-Weekly,Accessories,42,1,14,32.5,6.5,13.0,8.0,11.25,4.75,False,False,3. Promo-Using Repeat
3869,18,Male,Shorts,Clothing,86,Georgia,L,White,Winter,3.5,Yes,2-Day Shipping,No,No,14,Bank Transfer,Weekly,Clothing,15,0,7,86.0,0.0,34.4,46.6,55.2,38.0,False,False,1. High Value Organic
3870,35,Male,Shoes,Footwear,93,Arkansas,XL,Brown,Fall,3.2,No,Standard,No,No,19,Venmo,Quarterly,Footwear,20,0,90,93.0,0.0,37.2,50.8,60.1,41.5,False,True,1. High Value Organic
3871,64,Female,Sunglasses,Accessories,68,Illinois,M,Teal,Winter,2.9,No,2-Day Shipping,Yes,Yes,39,Credit Card,Quarterly,Accessories,40,1,90,85.0,17.0,34.0,29.0,37.5,20.5,False,False,3. Promo-Using Repeat
3872,19,Male,Hat,Accessories,42,Maryland,M,Indigo,Winter,4.9,No,Express,No,No,33,Bank Transfer,Quarterly,Accessories,34,0,90,42.0,0.0,16.8,20.2,24.4,16.0,False,False,4. Mid-Tier Core
3873,35,Female,Coat,Outerwear,34,South Carolina,L,Gold,Spring,2.9,Yes,Free Shipping,Yes,Yes,22,Venmo,Monthly,Outerwear,23,1,30,42.5,8.5,17.0,12.0,16.25,7.75,False,False,3. Promo-Using Repeat
3874,26,Female,Hoodie,Clothing,80,Oklahoma,M,Green,Winter,4.9,Yes,Express,Yes,Yes,27,Credit Card,Weekly,Clothing,28,1,7,100.0,20.0,40.0,35.0,45.0,25.0,True,False,2. High Spend Bargain Hunter
3875,34,Male,Shoes,Footwear,86,Nebraska,M,Indigo,Summer,4.5,No,Store Pickup,No,No,9,Debit Card,Monthly,Footwear,10,0,30,86.0,0.0,34.4,46.6,55.2,38.0,False,False,4. Mid-Tier Core
3876,69,Male,Gloves,Accessories,30,Minnesota,M,White,Summer,4.1,No,2-Day Shipping,No,No,28,Debit Card,Monthly,Accessories,29,0,30,30.0,0.0,12.0,13.0,16.0,10.0,False,False,4. Mid-Tier Core
3877,57,Male,Belt,Accessories,57,Arkansas,L,Gold,Summer,3.2,Yes,Express,No,No,32,Cash,Quarterly,Accessories,33,0,90,57.0,0.0,22.8,29.2,34.9,23.5,False,False,1. High Value Organic
3878,41,Male,Jeans,Clothing,81,Idaho,XL,Orange,Fall,3.9,No,Standard,Yes,Yes,26,Venmo,Bi-Weekly,Clothing,27,1,14,101.25,20.25,40.5,35.5,45.62,25.38,True,False,2. High Spend Bargain Hunter
3879,48,Male,Skirt,Clothing,75,Minnesota,M,Red,Winter,3.3,No,Free Shipping,No,No,47,Credit Card,Annually,Clothing,48,0,365,75.0,0.0,30.0,40.0,47.5,32.5,False,True,1. High Value Organic
3880,59,Male,Belt,Accessories,87,Utah,L,Pink,Winter,4.4,No,2-Day Shipping,No,No,50,Debit Card,Fortnightly,Accessories,51,0,14,87.0,0.0,34.8,47.2,55.9,38.5,True,True,1. High Value Organic
3881,70,Male,Sweater,Clothing,24,Florida,S,Purple,Fall,4.1,Yes,Store Pickup,No,No,9,Cash,Fortnightly,Clothing,10,0,14,24.0,0.0,9.6,9.4,11.8,7.0,False,False,4. Mid-Tier Core
3882,20,Male,Hoodie,Clothing,46,Rhode Island,L,Brown,Spring,2.6,Yes,Store Pickup,No,No,12,Debit Card,Bi-Weekly,Clothing,13,0,14,46.0,0.0,18.4,22.6,27.2,18.0,False,False,4. Mid-Tier Core
3883,58,Male,Backpack,Accessories,56,Idaho,S,Silver,Spring,4.0,No,2-Day Shipping,Yes,Yes,10,Debit Card,Weekly,Accessories,11,1,7,70.0,14.0,28.0,23.0,30.0,16.0,False,False,3. Promo-Using Repeat
3884,51,Female,Skirt,Clothing,98,Minnesota,XL,Red,Summer,3.6,No,Standard,Yes,Yes,32,PayPal,Monthly,Clothing,33,1,30,122.5,24.5,49.0,44.0,56.25,31.75,True,False,2. High Spend Bargain Hunter
3885,57,Male,Shorts,Clothing,49,Mississippi,M,Teal,Spring,4.2,No,2-Day Shipping,No,No,45,Credit Card,Weekly,Clothing,46,0,7,49.0,0.0,19.6,24.4,29.3,19.5,False,False,4. Mid-Tier Core
3886,57,Male,Shoes,Footwear,43,Arizona,M,Orange,Spring,3.9,No,2-Day Shipping,Yes,Yes,14,Venmo,Annually,Footwear,15,1,365,53.75,10.75,21.5,16.5,21.88,11.12,False,False,3. Promo-Using Repeat
3887,65,Male,Scarf,Accessories,92,West Virginia,M,Olive,Winter,4.3,No,Standard,Yes,Yes,2,Venmo,Weekly,Accessories,3,1,7,115.0,23.0,46.0,41.0,52.5,29.5,False,False,2. High Spend Bargain Hunter
3888,61,Male,Backpack,Accessories,53,Iowa,L,Peach,Summer,3.3,No,Standard,No,No,49,PayPal,Bi-Weekly,Accessories,50,0,14,53.0,0.0,21.2,26.8,32.1,21.5,False,False,4. Mid-Tier Core
3889,44,Female,Gloves,Accessories,90,Arkansas,L,Yellow,Fall,3.8,Yes,Next Day Air,Yes,Yes,19,PayPal,Monthly,Accessories,20,1,30,112.5,22.5,45.0,40.0,51.25,28.75,False,False,2. High Spend Bargain Hunter
3890,35,Male,Scarf,Accessories,61,South Dakota,M,Purple,Summer,3.3,Yes,Store Pickup,Yes,Yes,23,Bank Transfer,Quarterly,Accessories,24,1,90,76.25,15.25,30.5,25.5,33.12,17.88,False,False,3. Promo-Using Repeat
3891,45,Male,Scarf,Accessories,46,Maine,XL,Maroon,Winter,4.1,No,2-Day Shipping,No,No,32,PayPal,Fortnightly,Accessories,33,0,14,46.0,0.0,18.4,22.6,27.2,18.0,False,False,4. Mid-Tier Core
3892,58,Male,Scarf,Accessories,63,Hawaii,M,Brown,Summer,3.8,Yes,Next Day Air,No,No,14,PayPal,Weekly,Accessories,15,0,7,63.0,0.0,25.2,32.8,39.1,26.5,False,False,1. High Value Organic
3893,58,Female,Gloves,Accessories,78,North Carolina,S,Turquoise,Fall,3.2,No,Next Day Air,No,No,21,Venmo,Bi-Weekly,Accessories,22,0,14,78.0,0.0,31.2,41.8,49.6,34.0,False,True,1. High Value Organic
3894,42,Male,Sneakers,Footwear,80,Massachusetts,M,Turquoise,Spring,3.3,Yes,Next Day Air,No,No,50,Debit Card,Weekly,Footwear,51,0,7,80.0,0.0,32.0,43.0,51.0,35.0,True,True,1. High Value Organic
3895,35,Male,Pants,Clothing,51,Wyoming,M,Cyan,Fall,4.9,No,Standard,No,No,40,Venmo,Fortnightly,Clothing,41,0,14,51.0,0.0,20.4,25.6,30.7,20.5,False,False,4. Mid-Tier Core
3896,28,Male,Jewelry,Accessories,40,New York,S,Pink,Fall,4.3,No,2-Day Shipping,Yes,Yes,43,Venmo,Monthly,Accessories,44,1,30,50.0,10.0,20.0,15.0,20.0,10.0,False,False,3. Promo-Using Repeat
3897,57,Female,Socks,Clothing,81,Indiana,M,Peach,Spring,4.3,Yes,Free Shipping,No,No,27,Bank Transfer,Every 3 Months,Clothing,28,0,90,81.0,0.0,32.4,43.6,51.7,35.5,True,True,1. High Value Organic
3898,62,Female,Backpack,Accessories,87,Idaho,M,Purple,Winter,2.5,No,Next Day Air,No,No,16,Debit Card,Annually,Accessories,17,0,365,87.0,0.0,34.8,47.2,55.9,38.5,False,True,1. High Value Organic
3899,19,Male,Scarf,Accessories,30,New Jersey,S,Brown,Spring,3.1,Yes,Express,Yes,Yes,39,Venmo,Fortnightly,Accessories,40,1,14,37.5,7.5,15.0,10.0,13.75,6.25,False,False,3. Promo-Using Repeat
3900,39,Female,Socks,Clothing,97,Nevada,M,Silver,Summer,4.8,No,Express,No,No,16,Venmo,Weekly,Clothing,17,0,7,97.0,0.0,38.8,53.2,62.9,43.5,False,True,1. High Value Organic
