Customer ID,Age,Gender,Item Purchased,Category,Purchase Amount (USD),Location,Size,Color,Season,Review Rating,Subscription Status,Shipping Type,Discount Applied,Promo Code Used,Previous Purchases,Payment Method,Frequency of Purchases
1,55,Male,Blouse,Clothing,53,Kentucky,L,Gray,Winter,3.1,Yes,Express,Yes,Yes,14,Venmo,Fortnightly
2,19,Male,Sweater,Clothing,64,Maine,L,Maroon,Winter,3.1,Yes,Express,Yes,Yes,2,Cash,Fortnightly
3,50,Male,Jeans,Clothing,73,Massachusetts,S,Maroon,Spring,3.1,Yes,Free Shipping,Yes,Yes,23,Credit Card,Weekly
4,21,Male,Sandals,Footwear,90,Rhode Island,M,Maroon,Spring,3.5,Yes,Next Day Air,Yes,Yes,49,PayPal,Weekly
5,45,Male,Blouse,Clothing,49,Oregon,M,Turquoise,Spring,2.7,Yes,Free Shipping,Yes,Yes,31,PayPal,Annually
6,46,Male,Sneakers,Footwear,20,Wyoming,M,White,Summer,2.9,Yes,Standard,Yes,Yes,14,Venmo,Weekly
7,63,Male,Shirt,Clothing,85,Montana,M,Gray,Fall,3.2,Yes,Free Shipping,Yes,Yes,49,Cash,Quarterly
8,27,Male,Shorts,Clothing,34,Louisiana,L,Charcoal,Winter,3.2,Yes,Free Shipping,Yes,Yes,19,Credit Card,Weekly
9,26,Male,Coat,Outerwear,97,West Virginia,L,Silver,Summer,2.6,Yes,Express,Yes,Yes,8,Venmo,Annually
10,57,Male,Handbag,Accessories,31,Missouri,M,Pink,Spring,4.8,Yes,2-Day Shipping,Yes,Yes,4,Cash,Quarterly
11,53,Male,Shoes,Footwear,34,Arkansas,L,Purple,Fall,4.1,Yes,Store Pickup,Yes,Yes,26,Bank Transfer,Bi-Weekly
12,30,Male,Shorts,Clothing,68,Hawaii,S,Olive,Winter,4.9,Yes,Store Pickup,Yes,Yes,10,Bank Transfer,Fortnightly
13,61,Male,Coat,Outerwear,72,Delaware,M,Gold,Winter,4.5,Yes,Express,Yes,Yes,37,Venmo,Fortnightly
14,65,Male,Dress,Clothing,51,New Hampshire,M,Violet,Spring,4.7,Yes,Express,Yes,Yes,31,PayPal,Weekly
15,64,Male,Coat,Outerwear,53,New York,L,Teal,Winter,4.7,Yes,Free Shipping,Yes,Yes,34,Debit Card,Weekly
16,64,Male,Skirt,Clothing,81,Rhode Island,M,Teal,Winter,2.8,Yes,Store Pickup,Yes,Yes,8,PayPal,Monthly
17,25,Male,Sunglasses,Accessories,36,Alabama,S,Gray,Spring,4.1,Yes,Next Day Air,Yes,Yes,44,Debit Card,Bi-Weekly
18,53,Male,Dress,Clothing,38,Mississippi,XL,Lavender,Winter,4.7,Yes,2-Day Shipping,Yes,Yes,36,Venmo,Quarterly
19,52,Male,Sweater,Clothing,48,Montana,S,Black,Summer,4.6,Yes,Free Shipping,Yes,Yes,17,Cash,Weekly
20,66,Male,Pants,Clothing,90,Rhode Island,M,Green,Summer,3.3,Yes,Standard,Yes,Yes,46,Debit Card,Bi-Weekly
21,21,Male,Pants,Clothing,51,Louisiana,M,Black,Winter,2.8,Yes,Express,Yes,Yes,50,Cash,Every 3 Months
22,31,Male,Pants,Clothing,62,North Carolina,M,Charcoal,Winter,4.1,Yes,Store Pickup,Yes,Yes,22,Debit Card,Quarterly
23,56,Male,Pants,Clothing,37,California,M,Peach,Summer,3.2,Yes,Store Pickup,Yes,Yes,32,Debit Card,Annually
24,31,Male,Pants,Clothing,88,Oklahoma,XL,White,Winter,4.4,Yes,Express,Yes,Yes,40,Credit Card,Weekly
25,18,Male,Jacket,Outerwear,22,Florida,M,Green,Fall,2.9,Yes,Store Pickup,Yes,Yes,16,Debit Card,Weekly
26,18,Male,Hoodie,Clothing,25,Texas,M,Silver,Summer,3.6,Yes,Express,Yes,Yes,14,PayPal,Annually
27,38,Male,Jewelry,Accessories,20,Nevada,M,Red,Spring,3.6,Yes,Next Day Air,Yes,Yes,13,Credit Card,Annually
28,56,Male,Shorts,Clothing,56,Kentucky,L,Cyan,Summer,5.0,Yes,Next Day Air,Yes,Yes,7,Bank Transfer,Every 3 Months
29,54,Male,Handbag,Accessories,94,North Carolina,M,Gray,Fall,4.4,Yes,Free Shipping,Yes,Yes,41,PayPal,Every 3 Months
30,31,Male,Dress,Clothing,48,Wyoming,S,Black,Fall,4.1,Yes,Store Pickup,Yes,Yes,14,Credit Card,Weekly
31,57,Male,Jewelry,Accessories,31,North Carolina,L,Black,Winter,4.7,Yes,Standard,Yes,Yes,16,Credit Card,Monthly
32,33,Male,Dress,Clothing,79,West Virginia,L,Brown,Winter,4.7,Yes,Store Pickup,Yes,Yes,45,Venmo,Monthly
33,36,Male,Jacket,Outerwear,67,Kansas,M,Silver,Summer,4.9,Yes,Free Shipping,Yes,Yes,37,Venmo,Annually
34,54,Male,Pants,Clothing,38,Colorado,L,Green,Summer,3.3,Yes,Store Pickup,Yes,Yes,45,Cash,Quarterly
35,36,Male,T-shirt,Clothing,91,North Dakota,L,Violet,Spring,4.6,Yes,2-Day Shipping,Yes,Yes,38,PayPal,Quarterly
36,54,Male,Blouse,Clothing,33,Massachusetts,M,Cyan,Summer,4.0,Yes,2-Day Shipping,Yes,Yes,48,Credit Card,Bi-Weekly
37,35,Male,T-shirt,Clothing,69,Illinois,M,Maroon,Winter,4.6,Yes,Free Shipping,Yes,Yes,44,PayPal,Fortnightly
38,35,Male,Jeans,Clothing,45,Indiana,S,Cyan,Summer,2.8,Yes,Store Pickup,Yes,Yes,10,PayPal,Weekly
39,29,Male,Dress,Clothing,37,Florida,M,Red,Winter,,Yes,2-Day Shipping,Yes,Yes,44,Venmo,Every 3 Months
40,70,Male,Pants,Clothing,60,Arizona,S,Turquoise,Summer,4.2,Yes,Express,Yes,Yes,18,Credit Card,Monthly
41,58,Female,Hoodie,Clothing,22,Delaware,M,Cyan,Winter,4.7,Yes,Store Pickup,Yes,Yes,44,Debit Card,Bi-Weekly
42,38,Female,Scarf,Accessories,55,Kansas,L,Red,Summer,4.1,No,Express,No,No,3,Venmo,Quarterly
43,33,Female,Skirt,Clothing,95,Colorado,M,Purple,Spring,3.0,No,Free Shipping,No,No,50,PayPal,Annually
44,44,Female,Sneakers,Footwear,36,West Virginia,M,Orange,Winter,4.2,Yes,Store Pickup,No,No,35,Debit Card,Monthly
45,22,Male,Socks,Clothing,85,Missouri,XL,Red,Summer,2.6,Yes,Express,Yes,Yes,1,Cash,Every 3 Months
46,43,Male,Hat,Accessories,78,Arizona,M,Gray,Spring,2.6,Yes,2-Day Shipping,Yes,Yes,48,Bank Transfer,Annually
47,22,Female,Hat,Accessories,72,California,L,Charcoal,Spring,4.6,Yes,Store Pickup,No,No,9,Bank Transfer,Fortnightly
48,21,Male,Jacket,Outerwear,51,Idaho,M,Purple,Summer,4.2,No,Store Pickup,Yes,Yes,3,Credit Card,Weekly
49,61,Male,Skirt,Clothing,76,Mississippi,S,Green,Summer,4.4,No,Free Shipping,No,No,11,Credit Card,Every 3 Months
50,51,Male,Shirt,Clothing,49,New York,M,Maroon,Fall,3.9,No,Standard,No,No,30,Cash,Quarterly
51,21,Male,Hat,Accessories,36,Missouri,L,Orange,Fall,2.6,No,Free Shipping,No,No,13,Bank Transfer,Quarterly
52,68,Male,Dress,Clothing,42,Alabama,S,Yellow,Fall,4.1,Yes,Express,Yes,Yes,3,Credit Card,Quarterly
53,68,Male,Socks,Clothing,24,North Carolina,M,Yellow,Winter,3.9,No,Standard,No,No,26,Bank Transfer,Weekly
54,62,Male,Hat,Accessories,45,Nevada,S,Violet,Summer,3.4,Yes,Standard,No,No,1,Venmo,Quarterly
55,39,Male,Hoodie,Clothing,47,California,M,Maroon,Winter,2.7,Yes,Next Day Air,Yes,Yes,7,Credit Card,Every 3 Months
56,64,Male,Boots,Footwear,37,Iowa,M,Green,Fall,3.2,No,Free Shipping,No,No,39,Venmo,Fortnightly
57,61,Male,Shorts,Clothing,32,Florida,M,Gold,Summer,4.1,No,Standard,Yes,Yes,47,Bank Transfer,Weekly
58,66,Male,Scarf,Accessories,61,South Dakota,M,Orange,Spring,4.0,Yes,Next Day Air,No,No,45,Bank Transfer,Bi-Weekly
59,39,Male,Jewelry,Accessories,89,Rhode Island,L,Indigo,Summer,4.6,Yes,2-Day Shipping,Yes,Yes,36,Bank Transfer,Weekly
60,21,Male,Hoodie,Clothing,70,Maine,M,Purple,Spring,3.2,No,Store Pickup,No,No,26,Bank Transfer,Annually
61,37,Male,Jacket,Outerwear,66,Kentucky,M,Silver,Winter,3.8,No,2-Day Shipping,Yes,Yes,43,Credit Card,Fortnightly
62,27,Male,Shirt,Clothing,29,Maine,M,Maroon,Fall,3.1,No,Express,Yes,Yes,9,Credit Card,Every 3 Months
63,52,Male,Backpack,Accessories,68,Oregon,L,Teal,Spring,2.8,No,Express,No,No,34,PayPal,Quarterly
64,39,Male,Jeans,Clothing,91,Arkansas,L,Black,Fall,2.9,Yes,2-Day Shipping,No,No,19,Credit Card,Monthly
65,59,Male,Sandals,Footwear,59,Louisiana,M,Black,Fall,3.7,No,Express,Yes,Yes,25,Venmo,Fortnightly
66,31,Male,Scarf,Accessories,70,Nebraska,S,Silver,Summer,4.1,No,Standard,Yes,Yes,15,Debit Card,Fortnightly
67,44,Female,Hoodie,Clothing,57,South Carolina,L,Beige,Winter,2.6,No,Free Shipping,No,No,5,Credit Card,Weekly
68,30,Male,Blouse,Clothing,71,New York,L,Charcoal,Winter,3.1,No,Free Shipping,Yes,Yes,27,Credit Card,Quarterly
69,60,Male,Sandals,Footwear,39,Arkansas,XL,Purple,Spring,3.1,No,Free Shipping,No,No,46,Credit Card,Annually
70,35,Male,Sunglasses,Accessories,79,Illinois,XL,White,Fall,4.2,No,Free Shipping,Yes,Yes,49,PayPal,Every 3 Months
71,46,Male,Handbag,Accessories,60,Nevada,XL,Gray,Spring,3.1,Yes,Standard,Yes,Yes,23,Venmo,Fortnightly
72,57,Male,Gloves,Accessories,66,West Virginia,L,Gold,Fall,4.5,No,Next Day Air,No,No,25,Cash,Quarterly
73,35,Male,Shirt,Clothing,36,Illinois,S,Brown,Spring,2.9,No,Store Pickup,Yes,Yes,24,Venmo,Fortnightly
74,45,Male,Dress,Clothing,68,Montana,XL,Olive,Winter,3.9,No,2-Day Shipping,No,No,40,Venmo,Every 3 Months
75,47,Female,Blouse,Clothing,75,Oklahoma,M,Cyan,Winter,3.4,No,Next Day Air,Yes,Yes,18,Venmo,Monthly
76,19,Male,Jacket,Outerwear,57,Rhode Island,M,Beige,Summer,4.4,No,Next Day Air,No,No,46,Cash,Annually
77,45,Female,Blouse,Clothing,26,Ohio,M,Beige,Summer,3.1,No,2-Day Shipping,Yes,Yes,8,Bank Transfer,Fortnightly
78,68,Male,Scarf,Accessories,27,Idaho,L,Indigo,Spring,4.0,No,Standard,No,No,37,Bank Transfer,Bi-Weekly
79,65,Male,Dress,Clothing,93,Montana,L,Magenta,Summer,2.8,No,2-Day Shipping,Yes,Yes,18,Cash,Fortnightly
80,28,Male,Scarf,Accessories,21,Massachusetts,M,Teal,Fall,4.1,No,Store Pickup,No,No,9,Cash,Bi-Weekly
81,39,Female,Skirt,Clothing,100,Missouri,M,Black,Summer,4.5,No,Next Day Air,Yes,Yes,17,Bank Transfer,Fortnightly
82,42,Male,Coat,Outerwear,41,Illinois,M,Lavender,Spring,3.2,Yes,Free Shipping,No,No,21,Cash,Annually
83,34,Male,Handbag,Accessories,95,California,S,Yellow,Winter,3.2,Yes,Next Day Air,Yes,Yes,40,Cash,Annually
84,24,Male,Sunglasses,Accessories,36,Indiana,M,Black,Fall,3.4,No,Express,No,No,36,Credit Card,Weekly
85,28,Male,Belt,Accessories,78,Nebraska,M,Yellow,Spring,3.5,No,Store Pickup,No,No,5,Venmo,Weekly
86,36,Male,Sandals,Footwear,100,Illinois,M,Maroon,Winter,3.4,No,Express,No,No,25,Debit Card,Quarterly
87,56,Male,Coat,Outerwear,63,New Jersey,S,Teal,Summer,3.3,No,Express,No,No,17,Cash,Fortnightly
88,29,Male,Boots,Footwear,27,Vermont,L,Beige,Winter,4.2,No,Express,No,No,18,Venmo,Annually
89,58,Female,Scarf,Accessories,66,Alaska,L,Pink,Winter,3.0,No,Free Shipping,No,No,7,Bank Transfer,Every 3 Months
90,68,Female,Belt,Accessories,78,California,L,Orange,Summer,3.6,No,Express,No,No,14,Credit Card,Annually
91,54,Male,Sunglasses,Accessories,74,California,S,Green,Fall,3.8,No,Express,Yes,Yes,13,Cash,Fortnightly
92,61,Male,Pants,Clothing,74,Kansas,L,Beige,Winter,3.8,No,Next Day Air,Yes,Yes,39,Bank Transfer,Annually
93,70,Male,Hat,Accessories,35,Missouri,S,Pink,Fall,4.3,Yes,Next Day Air,Yes,Yes,45,Bank Transfer,Monthly
94,54,Male,Socks,Clothing,84,New York,M,Cyan,Winter,4.2,Yes,Free Shipping,Yes,Yes,37,Debit Card,Bi-Weekly
95,56,Female,Dress,Clothing,65,Colorado,M,Lavender,Spring,2.9,No,Next Day Air,No,No,8,PayPal,Bi-Weekly
96,62,Male,Gloves,Accessories,76,Indiana,S,Turquoise,Fall,3.4,Yes,Express,No,No,9,Credit Card,Annually
97,59,Male,Hat,Accessories,81,Mississippi,S,Turquoise,Spring,4.1,No,Express,Yes,Yes,9,PayPal,Monthly
98,58,Male,Sneakers,Footwear,48,West Virginia,S,Maroon,Fall,2.6,No,Express,Yes,Yes,5,Credit Card,Quarterly
99,32,Male,Sweater,Clothing,24,Indiana,M,Charcoal,Fall,2.8,No,2-Day Shipping,Yes,Yes,17,Cash,Bi-Weekly
100,57,Male,Jacket,Outerwear,96,South Carolina,L,Brown,Fall,4.1,No,Next Day Air,No,No,48,Venmo,Bi-Weekly
101,70,Female,Dress,Clothing,82,Arizona,L,Pink,Winter,4.7,No,Next Day Air,Yes,Yes,31,Cash,Weekly
102,56,Male,Dress,Clothing,21,New Hampshire,L,Teal,Summer,3.0,Yes,Next Day Air,Yes,Yes,49,Venmo,Fortnightly
103,41,Female,Coat,Outerwear,89,Oklahoma,L,Gold,Winter,4.9,No,Standard,Yes,Yes,15,Bank Transfer,Bi-Weekly
104,49,Female,Gloves,Accessories,87,Arizona,S,Teal,Spring,4.3,No,Store Pickup,No,No,26,Credit Card,Weekly
105,64,Female,Socks,Clothing,55,Kansas,M,Teal,Summer,2.7,No,Next Day Air,No,No,11,Cash,Every 3 Months
106,46,Female,Sweater,Clothing,32,South Dakota,S,Beige,Winter,4.2,Yes,Free Shipping,Yes,Yes,47,Bank Transfer,Annually
107,20,Female,Gloves,Accessories,75,Tennessee,L,Green,Fall,4.6,No,Next Day Air,Yes,Yes,5,Credit Card,Quarterly
108,55,Male,Blouse,Clothing,80,Kansas,S,Indigo,Fall,3.9,No,Next Day Air,Yes,Yes,8,PayPal,Monthly
109,70,Male,Jewelry,Accessories,46,Montana,M,Teal,Winter,4.8,No,Standard,No,No,46,Venmo,Monthly
110,61,Male,Dress,Clothing,28,Iowa,M,Yellow,Spring,3.3,No,Next Day Air,No,No,13,Venmo,Bi-Weekly
111,35,Male,Socks,Clothing,57,Alaska,L,Gray,Fall,4.4,Yes,Store Pickup,No,No,24,Venmo,Fortnightly
112,49,Male,Skirt,Clothing,73,Nevada,M,Gray,Spring,4.4,No,Express,No,No,2,Venmo,Fortnightly
113,50,Female,Handbag,Accessories,45,Nevada,M,Silver,Summer,3.0,No,Free Shipping,Yes,Yes,42,PayPal,Fortnightly
114,20,Female,Coat,Outerwear,28,Wyoming,M,Olive,Spring,4.8,No,Standard,No,No,20,Bank Transfer,Every 3 Months
115,33,Male,Shorts,Clothing,77,Nevada,M,Turquoise,Summer,3.8,No,Next Day Air,No,No,18,Bank Transfer,Annually
116,42,Female,Boots,Footwear,38,Utah,L,Beige,Winter,4.1,No,Free Shipping,No,No,6,Cash,Quarterly
117,58,Male,Gloves,Accessories,47,Missouri,M,Yellow,Summer,3.0,No,Express,Yes,Yes,30,Debit Card,Every 3 Months
118,21,Female,Backpack,Accessories,39,Colorado,M,Brown,Fall,4.0,Yes,Free Shipping,Yes,Yes,36,Cash,Every 3 Months
119,56,Male,Sweater,Clothing,77,Hawaii,M,Red,Fall,4.6,Yes,Free Shipping,No,No,8,PayPal,Monthly
120,31,Female,Boots,Footwear,56,Oregon,S,Olive,Spring,2.7,No,Store Pickup,No,No,39,Venmo,Annually
121,34,Male,Sweater,Clothing,47,Maine,L,Charcoal,Summer,4.0,No,Standard,Yes,Yes,45,Credit Card,Weekly
122,33,Male,Jeans,Clothing,29,Hawaii,L,Gray,Winter,3.1,No,Express,No,No,20,PayPal,Fortnightly
123,54,Male,Dress,Clothing,68,Tennessee,L,Silver,Fall,3.8,Yes,Store Pickup,No,No,2,Venmo,Every 3 Months
124,46,Male,Sneakers,Footwear,54,Wyoming,M,Charcoal,Winter,3.8,Yes,Free Shipping,No,No,20,Debit Card,Weekly
125,51,Male,Backpack,Accessories,48,Nebraska,M,Green,Summer,3.7,No,Standard,No,No,23,Bank Transfer,Bi-Weekly
126,59,Female,Hoodie,Clothing,27,Texas,S,Purple,Winter,3.6,No,Store Pickup,No,No,47,Cash,Fortnightly
127,60,Female,Boots,Footwear,36,Indiana,L,Purple,Winter,2.6,No,Store Pickup,No,No,4,Venmo,Fortnightly
128,31,Male,Jacket,Outerwear,88,South Dakota,S,Maroon,Spring,4.0,No,Express,No,No,41,Venmo,Bi-Weekly
129,48,Female,Handbag,Accessories,87,Idaho,M,Black,Fall,4.2,No,Free Shipping,Yes,Yes,13,Venmo,Every 3 Months
130,18,Male,Jacket,Outerwear,73,Montana,S,Green,Winter,3.4,No,2-Day Shipping,No,No,19,PayPal,Bi-Weekly
131,49,Male,Jewelry,Accessories,63,Iowa,S,Turquoise,Fall,4.2,No,Store Pickup,No,No,9,Credit Card,Bi-Weekly
132,23,Female,Coat,Outerwear,45,North Dakota,M,Maroon,Fall,4.0,No,Next Day Air,No,No,48,Bank Transfer,Monthly
133,60,Male,Socks,Clothing,42,Illinois,S,Green,Winter,4.7,Yes,Next Day Air,No,No,15,PayPal,Bi-Weekly
134,51,Male,Sunglasses,Accessories,87,Arizona,XL,Turquoise,Fall,3.3,No,Free Shipping,Yes,Yes,2,Venmo,Bi-Weekly
135,47,Male,Sandals,Footwear,93,Nebraska,M,Pink,Summer,2.8,No,Free Shipping,No,No,36,PayPal,Annually
136,18,Male,Gloves,Accessories,64,Maryland,S,Lavender,Summer,4.1,No,Standard,No,No,9,Cash,Fortnightly
137,59,Female,Scarf,Accessories,99,Indiana,M,White,Spring,4.3,No,Free Shipping,No,No,25,Cash,Quarterly
138,67,Male,Sandals,Footwear,68,Kansas,L,Gray,Summer,3.8,Yes,2-Day Shipping,Yes,Yes,15,Credit Card,Annually
139,27,Male,Shorts,Clothing,96,North Dakota,XL,Turquoise,Summer,4.2,No,Store Pickup,No,No,39,Venmo,Fortnightly
140,63,Male,Dress,Clothing,61,Alaska,M,Black,Fall,2.7,No,Next Day Air,No,No,9,Venmo,Quarterly
141,21,Male,Shirt,Clothing,79,Maine,L,Teal,Summer,4.1,No,Free Shipping,Yes,Yes,3,Bank Transfer,Annually
142,19,Female,Jeans,Clothing,21,Iowa,M,Maroon,Summer,3.7,Yes,Standard,Yes,Yes,36,Debit Card,Bi-Weekly
143,33,Male,Scarf,Accessories,49,Alabama,S,Peach,Fall,5.0,No,Store Pickup,Yes,Yes,45,PayPal,Quarterly
144,37,Female,Coat,Outerwear,84,New Jersey,M,Silver,Spring,2.7,No,Express,Yes,Yes,16,PayPal,Monthly
145,31,Male,Hoodie,Clothing,42,Maine,M,Maroon,Summer,3.1,No,Next Day Air,No,No,23,Cash,Annually
146,52,Female,Socks,Clothing,34,Nevada,M,Orange,Spring,3.8,No,Store Pickup,No,No,18,Debit Card,Quarterly
147,31,Female,Backpack,Accessories,99,Montana,M,Olive,Summer,3.5,Yes,Free Shipping,No,No,35,Cash,Monthly
148,27,Female,Hoodie,Clothing,44,South Carolina,XL,Black,Winter,4.0,No,2-Day Shipping,No,No,3,Credit Card,Fortnightly
149,70,Male,Shirt,Clothing,40,Idaho,M,Green,Fall,2.7,No,Standard,Yes,Yes,13,Bank Transfer,Annually
150,23,Male,Socks,Clothing,62,Maine,L,Brown,Summer,2.7,No,Free Shipping,Yes,Yes,25,Cash,Monthly
151,48,Female,Dress,Clothing,92,California,M,Turquoise,Winter,2.8,No,Next Day Air,No,No,7,PayPal,Fortnightly
152,57,Female,Sandals,Footwear,71,Ohio,M,Silver,Summer,4.3,No,Store Pickup,No,No,35,Credit Card,Annually
153,54,Male,Gloves,Accessories,24,Maine,S,Magenta,Spring,4.5,No,Free Shipping,No,No,39,Debit Card,Fortnightly
154,67,Male,Sunglasses,Accessories,72,North Carolina,S,White,Winter,2.8,No,2-Day Shipping,Yes,Yes,26,Bank Transfer,Annually
155,35,Male,Sweater,Clothing,71,Ohio,M,Magenta,Spring,4.7,No,Express,Yes,Yes,9,Venmo,Fortnightly
156,46,Male,Sweater,Clothing,77,Minnesota,M,Violet,Summer,4.1,No,Express,No,No,15,Venmo,Annually
157,36,Male,Boots,Footwear,63,Kentucky,M,Purple,Winter,2.6,No,Express,No,No,45,Credit Card,Quarterly
158,37,Female,Backpack,Accessories,77,Vermont,M,Violet,Fall,4.4,No,Standard,Yes,Yes,43,Cash,Bi-Weekly
159,49,Male,Sneakers,Footwear,29,Iowa,S,Peach,Fall,4.7,No,Express,No,No,9,Cash,Every 3 Months
160,53,Male,Socks,Clothing,97,South Dakota,L,Beige,Spring,4.7,No,Standard,Yes,Yes,12,Credit Card,Weekly
161,49,Female,Gloves,Accessories,51,Alaska,L,Violet,Spring,3.3,No,Express,No,No,25,Credit Card,Monthly
162,69,Male,Jewelry,Accessories,63,Alaska,M,Cyan,Fall,5.0,No,Store Pickup,Yes,Yes,39,Venmo,Annually
163,38,Female,Handbag,Accessories,40,Louisiana,L,Black,Summer,3.0,Yes,Store Pickup,No,No,22,Credit Card,Fortnightly
164,30,Male,Gloves,Accessories,48,Texas,L,Red,Summer,3.7,Yes,Standard,No,No,13,Bank Transfer,Quarterly
165,20,Male,Sneakers,Footwear,38,California,L,Pink,Fall,4.1,No,Free Shipping,No,No,16,Venmo,Annually
166,21,Male,Sneakers,Footwear,83,Maryland,L,Gold,Winter,4.3,No,Next Day Air,No,No,2,Venmo,Bi-Weekly
167,39,Female,Handbag,Accessories,77,Hawaii,L,Black,Winter,4.9,No,Next Day Air,No,No,16,Credit Card,Every 3 Months
168,36,Female,Boots,Footwear,23,Rhode Island,L,Indigo,Spring,4.0,No,2-Day Shipping,No,No,40,Debit Card,Weekly
169,62,Male,Shirt,Clothing,90,Rhode Island,M,Turquoise,Fall,2.8,Yes,Standard,Yes,Yes,4,Bank Transfer,Weekly
170,36,Male,Socks,Clothing,41,Colorado,M,Silver,Winter,4.5,No,2-Day Shipping,No,No,36,Bank Transfer,Every 3 Months
171,35,Male,Hat,Accessories,66,Arkansas,L,Yellow,Winter,2.9,No,Standard,No,No,48,Credit Card,Every 3 Months
172,28,Female,Shirt,Clothing,35,Oregon,M,Gold,Spring,2.9,No,Store Pickup,No,No,45,Bank Transfer,Fortnightly
173,36,Male,Sunglasses,Accessories,65,Indiana,L,Charcoal,Fall,4.5,No,2-Day Shipping,No,No,36,Bank Transfer,Weekly
174,56,Male,Sandals,Footwear,20,Colorado,L,Silver,Winter,2.9,No,Standard,Yes,Yes,31,PayPal,Fortnightly
175,41,Male,Sandals,Footwear,49,Nevada,M,Turquoise,Summer,4.8,Yes,Store Pickup,Yes,Yes,31,Cash,Fortnightly
176,26,Male,Sunglasses,Accessories,75,Illinois,S,Violet,Winter,3.4,No,Next Day Air,Yes,Yes,7,Bank Transfer,Every 3 Months
177,28,Female,Scarf,Accessories,34,Montana,M,Teal,Fall,3.2,No,Free Shipping,Yes,Yes,21,Cash,Bi-Weekly
178,54,Male,Jeans,Clothing,38,North Dakota,XL,Teal,Winter,3.0,Yes,2-Day Shipping,No,No,4,Cash,Fortnightly
179,50,Male,Shorts,Clothing,80,Idaho,M,Violet,Winter,4.5,No,Free Shipping,No,No,6,Bank Transfer,Monthly
180,38,Male,Sweater,Clothing,41,Maine,S,Peach,Fall,3.7,No,Standard,No,No,24,Bank Transfer,Annually
181,68,Female,Shoes,Footwear,83,Alaska,M,Orange,Spring,3.3,No,Store Pickup,No,No,15,Debit Card,Every 3 Months
182,31,Male,Gloves,Accessories,59,Tennessee,L,Maroon,Winter,2.7,No,Standard,Yes,Yes,33,Cash,Annually
183,69,Male,Jeans,Clothing,69,Illinois,L,Brown,Summer,3.0,No,Standard,Yes,Yes,28,Venmo,Annually
184,26,Male,Sneakers,Footwear,67,Minnesota,M,Orange,Spring,4.5,No,Next Day Air,No,No,45,Credit Card,Quarterly
185,55,Male,Socks,Clothing,20,Louisiana,L,Peach,Summer,3.3,No,Store Pickup,Yes,Yes,19,Venmo,Annually
186,33,Female,Dress,Clothing,40,New Jersey,L,White,Fall,4.7,No,Next Day Air,No,No,5,Venmo,Quarterly
187,37,Female,Blouse,Clothing,24,Kansas,M,Olive,Fall,4.8,Yes,Standard,Yes,Yes,44,Venmo,Quarterly
188,61,Male,Sweater,Clothing,22,Hawaii,M,Peach,Winter,2.8,Yes,Express,No,No,21,Credit Card,Annually
189,64,Male,Sweater,Clothing,94,California,M,Yellow,Winter,4.6,No,Next Day Air,Yes,Yes,35,Venmo,Annually
190,52,Female,Pants,Clothing,47,Nebraska,S,Orange,Fall,5.0,Yes,Next Day Air,Yes,Yes,4,Cash,Fortnightly
191,38,Male,Scarf,Accessories,72,New Hampshire,XL,Cyan,Summer,4.5,Yes,Free Shipping,Yes,Yes,33,Bank Transfer,Quarterly
192,51,Male,Boots,Footwear,57,New Hampshire,L,Purple,Spring,3.5,No,Store Pickup,Yes,Yes,20,Venmo,Fortnightly
193,43,Female,Coat,Outerwear,41,Oklahoma,XL,Turquoise,Spring,4.2,No,2-Day Shipping,No,No,7,Bank Transfer,Every 3 Months
194,36,Female,Handbag,Accessories,33,Iowa,S,White,Fall,3.2,Yes,Express,Yes,Yes,25,Bank Transfer,Quarterly
195,31,Female,Belt,Accessories,87,Rhode Island,L,Maroon,Winter,3.3,No,2-Day Shipping,Yes,Yes,49,Bank Transfer,Annually
196,63,Female,Jeans,Clothing,40,Oregon,M,Charcoal,Summer,3.7,No,Express,Yes,Yes,9,PayPal,Quarterly
197,49,Male,Hat,Accessories,64,California,M,Teal,Spring,3.6,No,Express,Yes,Yes,19,Cash,Annually
198,68,Male,Gloves,Accessories,48,Rhode Island,L,White,Spring,4.5,No,Standard,No,No,2,Cash,Quarterly
199,25,Male,Boots,Footwear,25,Nevada,M,Cyan,Winter,3.7,Yes,Next Day Air,No,No,42,Venmo,Fortnightly
200,57,Male,Sunglasses,Accessories,67,Florida,M,Lavender,Winter,2.5,Yes,Store Pickup,No,No,8,Credit Card,Annually
201,38,Male,Blouse,Clothing,83,Maryland,M,Olive,Winter,4.5,No,Express,Yes,Yes,24,Debit Card,Quarterly
202,56,Male,Shorts,Clothing,30,Oklahoma,M,Black,Winter,3.5,No,Standard,No,No,8,Debit Card,Bi-Weekly
203,65,Male,Sunglasses,Accessories,88,Louisiana,L,Black,Summer,4.3,No,Express,No,No,47,PayPal,Weekly
204,47,Female,Socks,Clothing,55,North Carolina,S,Green,Fall,3.9,No,Standard,Yes,Yes,15,Venmo,Every 3 Months
205,58,Male,Sweater,Clothing,70,Arkansas,M,Black,Spring,2.8,Yes,Standard,No,No,3,PayPal,Monthly
206,55,Female,Belt,Accessories,59,Maine,S,Teal,Summer,3.6,Yes,Free Shipping,No,No,37,Debit Card,Monthly
207,42,Female,Hat,Accessories,57,Tennessee,M,Violet,Spring,3.5,Yes,Express,Yes,Yes,38,Cash,Monthly
208,20,Male,Skirt,Clothing,63,New York,L,Beige,Fall,4.7,Yes,Next Day Air,No,No,36,PayPal,Fortnightly
209,45,Male,Backpack,Accessories,87,Georgia,L,Gray,Summer,2.9,Yes,Standard,Yes,Yes,18,PayPal,Quarterly
210,44,Male,Dress,Clothing,68,Iowa,L,Purple,Spring,4.6,No,Store Pickup,Yes,Yes,1,PayPal,Fortnightly
211,47,Male,Sunglasses,Accessories,78,Massachusetts,XL,White,Spring,2.6,Yes,Next Day Air,No,No,42,Credit Card,Weekly
212,32,Male,Shirt,Clothing,61,Georgia,L,Charcoal,Spring,3.4,No,Store Pickup,No,No,4,Cash,Annually
213,30,Male,Handbag,Accessories,36,Alaska,M,White,Winter,2.9,No,Free Shipping,No,No,45,Bank Transfer,Bi-Weekly
214,59,Female,Boots,Footwear,70,Texas,M,Teal,Winter,4.9,No,Next Day Air,No,No,1,PayPal,Every 3 Months
215,30,Male,Backpack,Accessories,30,Utah,M,Cyan,Summer,4.7,No,Express,No,No,24,Cash,Quarterly
216,25,Male,Sneakers,Footwear,36,Georgia,M,Brown,Summer,4.9,No,Next Day Air,No,No,45,PayPal,Monthly
217,56,Male,Belt,Accessories,100,Florida,M,Teal,Spring,2.9,No,Standard,No,No,44,PayPal,Monthly
218,55,Male,Boots,Footwear,81,Colorado,M,Violet,Fall,3.7,No,Next Day Air,Yes,Yes,14,Credit Card,Weekly
219,64,Male,Jacket,Outerwear,54,West Virginia,S,Lavender,Winter,4.1,No,Next Day Air,No,No,38,Credit Card,Quarterly
220,63,Male,Sneakers,Footwear,99,Alaska,XL,Yellow,Summer,4.7,No,Store Pickup,No,No,21,PayPal,Weekly
221,47,Female,Handbag,Accessories,66,Kansas,XL,Purple,Spring,4.6,No,Next Day Air,Yes,Yes,1,PayPal,Fortnightly
222,54,Male,Sneakers,Footwear,27,Oregon,L,Olive,Summer,4.7,No,Express,No,No,34,Bank Transfer,Monthly
223,55,Male,Sandals,Footwear,91,Massachusetts,L,Lavender,Winter,4.2,Yes,Next Day Air,Yes,Yes,38,Cash,Fortnightly
224,33,Male,Boots,Footwear,85,Maine,L,Indigo,Summer,3.0,No,Next Day Air,No,No,8,Bank Transfer,Monthly
225,46,Male,Boots,Footwear,58,Kentucky,M,Magenta,Winter,4.0,No,Express,No,No,25,Bank Transfer,Every 3 Months
226,49,Male,Hat,Accessories,29,Utah,M,Orange,Fall,4.2,Yes,Standard,No,No,46,PayPal,Bi-Weekly
227,47,Male,Backpack,Accessories,96,California,L,Teal,Summer,2.9,No,Free Shipping,Yes,Yes,11,Venmo,Annually
228,48,Male,Hat,Accessories,45,North Carolina,M,Silver,Winter,2.7,No,Express,Yes,Yes,6,Debit Card,Annually
229,45,Male,Jewelry,Accessories,84,Illinois,M,Maroon,Fall,3.9,No,Next Day Air,Yes,Yes,13,Credit Card,Fortnightly
230,29,Male,Shirt,Clothing,36,California,M,Gray,Fall,4.1,No,Free Shipping,Yes,Yes,47,Debit Card,Bi-Weekly
231,50,Male,Dress,Clothing,30,Mississippi,L,Olive,Winter,3.7,No,2-Day Shipping,No,No,42,Venmo,Bi-Weekly
232,45,Female,Gloves,Accessories,66,North Carolina,L,Turquoise,Fall,2.5,No,2-Day Shipping,No,No,18,Debit Card,Bi-Weekly
233,33,Male,Sandals,Footwear,57,Arkansas,L,Yellow,Winter,4.5,No,2-Day Shipping,No,No,34,Venmo,Every 3 Months
234,45,Female,Sandals,Footwear,63,Texas,L,Yellow,Spring,3.9,Yes,Next Day Air,No,No,35,Debit Card,Fortnightly
235,27,Male,Hat,Accessories,66,Missouri,S,Charcoal,Spring,3.3,Yes,Standard,Yes,Yes,14,Cash,Quarterly
236,55,Male,Jewelry,Accessories,73,Colorado,L,White,Spring,3.8,No,Standard,No,No,28,Venmo,Annually
237,70,Male,Skirt,Clothing,66,New Jersey,M,Charcoal,Spring,3.6,No,Express,Yes,Yes,33,Cash,Every 3 Months
238,29,Male,Hoodie,Clothing,62,Utah,M,White,Summer,4.2,No,Express,No,No,23,Venmo,Bi-Weekly
239,57,Male,Gloves,Accessories,48,Idaho,M,Lavender,Summer,2.6,No,Standard,Yes,Yes,26,Venmo,Every 3 Months
240,37,Male,Sneakers,Footwear,34,Alaska,S,Olive,Winter,3.1,Yes,Free Shipping,No,No,26,Venmo,Weekly
241,30,Female,Sunglasses,Accessories,87,Vermont,L,Violet,Winter,3.4,No,Store Pickup,Yes,Yes,47,Venmo,Monthly
242,67,Male,Socks,Clothing,71,South Dakota,M,Yellow,Winter,4.9,No,2-Day Shipping,No,No,21,Bank Transfer,Bi-Weekly
243,39,Female,Shirt,Clothing,97,Missouri,M,Turquoise,Spring,4.7,No,2-Day Shipping,Yes,Yes,43,PayPal,Fortnightly
244,30,Male,Hat,Accessories,47,Wyoming,S,White,Summer,3.7,No,Next Day Air,No,No,26,Bank Transfer,Fortnightly
245,42,Female,Skirt,Clothing,74,Iowa,M,Silver,Fall,4.6,No,2-Day Shipping,Yes,Yes,34,Venmo,Quarterly
246,19,Female,Dress,Clothing,27,Delaware,L,White,Summer,3.1,No,Express,No,No,20,Cash,Monthly
247,54,Male,Gloves,Accessories,47,Maryland,L,Magenta,Fall,4.5,Yes,Next Day Air,No,No,22,Debit Card,Quarterly
248,61,Male,Jewelry,Accessories,29,Utah,M,Indigo,Summer,4.8,No,Express,Yes,Yes,29,Venmo,Quarterly
249,47,Female,Hoodie,Clothing,97,Mississippi,L,Orange,Winter,3.9,No,Standard,Yes,Yes,1,Cash,Fortnightly
250,40,Male,Sunglasses,Accessories,94,South Dakota,S,Gray,Winter,2.9,No,Express,No,No,29,PayPal,Bi-Weekly
251,38,Male,Dress,Clothing,45,Oklahoma,S,Pink,Summer,4.8,No,2-Day Shipping,No,No,21,Bank Transfer,Annually
252,32,Male,Boots,Footwear,27,South Dakota,M,Peach,Summer,2.6,No,Next Day Air,No,No,4,Cash,Every 3 Months
253,20,Male,Jeans,Clothing,46,Minnesota,S,White,Spring,4.4,No,Standard,No,No,3,Cash,Fortnightly
254,69,Male,Hat,Accessories,88,Vermont,S,Olive,Winter,4.0,Yes,Store Pickup,No,No,37,Venmo,Weekly
255,55,Male,Coat,Outerwear,22,Nevada,L,Teal,Spring,4.3,No,Express,Yes,Yes,5,Debit Card,Every 3 Months
256,54,Female,Socks,Clothing,46,New Hampshire,S,Peach,Summer,5.0,No,Store Pickup,No,No,21,Bank Transfer,Bi-Weekly
257,48,Female,Coat,Outerwear,51,Idaho,L,Olive,Winter,4.9,Yes,Express,No,No,17,PayPal,Annually
258,38,Male,Scarf,Accessories,84,North Dakota,S,Cyan,Winter,3.6,Yes,Next Day Air,No,No,6,Venmo,Every 3 Months
259,34,Male,Boots,Footwear,60,Ohio,S,Silver,Spring,4.2,Yes,Express,Yes,Yes,49,PayPal,Every 3 Months
260,18,Male,Sunglasses,Accessories,34,Utah,L,White,Spring,2.5,No,Next Day Air,No,No,40,Bank Transfer,Weekly
261,21,Male,Blouse,Clothing,48,Oklahoma,L,Gray,Winter,3.9,No,2-Day Shipping,No,No,27,Bank Transfer,Bi-Weekly
262,52,Female,Pants,Clothing,99,Illinois,L,Orange,Summer,3.3,No,Store Pickup,No,No,37,Bank Transfer,Every 3 Months
263,36,Male,Jeans,Clothing,99,Louisiana,S,Cyan,Fall,3.2,No,Next Day Air,No,No,12,Venmo,Monthly
264,45,Male,Blouse,Clothing,78,South Carolina,M,Peach,Winter,4.2,No,Free Shipping,No,No,30,PayPal,Fortnightly
265,24,Male,Sunglasses,Accessories,33,California,M,Yellow,Winter,2.8,No,Free Shipping,No,No,10,Venmo,Fortnightly
266,46,Female,Coat,Outerwear,85,Wyoming,M,Olive,Winter,3.0,No,Express,Yes,Yes,27,Venmo,Annually
267,27,Male,Shorts,Clothing,54,Alabama,L,Indigo,Spring,4.2,Yes,Next Day Air,Yes,Yes,29,Bank Transfer,Annually
268,61,Male,Handbag,Accessories,85,New Jersey,L,Yellow,Summer,3.4,No,Express,Yes,Yes,33,Bank Transfer,Fortnightly
269,19,Female,Sandals,Footwear,84,Oklahoma,S,Gold,Winter,4.9,No,2-Day Shipping,Yes,Yes,22,PayPal,Weekly
270,18,Male,Jewelry,Accessories,87,Montana,M,White,Summer,4.9,No,2-Day Shipping,Yes,Yes,46,Cash,Monthly
271,27,Male,Pants,Clothing,73,Kansas,L,Magenta,Summer,4.5,No,Standard,No,No,29,Credit Card,Fortnightly
272,34,Male,Jacket,Outerwear,60,Maryland,L,Lavender,Fall,4.1,No,Standard,No,No,47,Venmo,Fortnightly
273,65,Female,Dress,Clothing,94,Massachusetts,M,Gray,Summer,4.0,No,Free Shipping,Yes,Yes,18,Bank Transfer,Every 3 Months
274,30,Female,Jacket,Outerwear,22,Missouri,M,Beige,Fall,5.0,No,Store Pickup,No,No,42,Venmo,Fortnightly
275,56,Male,Shirt,Clothing,47,South Carolina,L,Olive,Spring,4.5,No,2-Day Shipping,No,No,43,Credit Card,Annually
276,53,Male,Shirt,Clothing,56,New York,S,Maroon,Summer,3.2,No,Express,Yes,Yes,13,PayPal,Monthly
277,41,Female,Shorts,Clothing,98,Kentucky,L,Black,Spring,4.1,Yes,Store Pickup,Yes,Yes,21,Debit Card,Bi-Weekly
278,38,Female,Hat,Accessories,86,Florida,M,White,Winter,2.5,No,Next Day Air,Yes,Yes,42,Venmo,Bi-Weekly
279,62,Male,Hoodie,Clothing,51,Alaska,L,Black,Spring,3.4,No,Express,No,No,49,Debit Card,Bi-Weekly
280,62,Male,Handbag,Accessories,41,South Dakota,L,Gold,Summer,4.6,No,Next Day Air,Yes,Yes,30,Venmo,Every 3 Months
281,64,Male,Gloves,Accessories,32,Alaska,L,Green,Fall,2.8,Yes,2-Day Shipping,Yes,Yes,2,Debit Card,Monthly
282,39,Male,Skirt,Clothing,49,Mississippi,M,Gold,Summer,3.1,No,Standard,No,No,36,Cash,Fortnightly
283,31,Male,Shoes,Footwear,66,Oklahoma,M,Indigo,Fall,5.0,No,Express,No,No,33,Credit Card,Quarterly
284,59,Male,Shoes,Footwear,69,Idaho,M,Yellow,Winter,4.1,No,2-Day Shipping,Yes,Yes,48,Venmo,Bi-Weekly
285,43,Male,Shorts,Clothing,32,Oregon,L,Turquoise,Summer,4.4,No,Express,Yes,Yes,49,Bank Transfer,Fortnightly
286,20,Male,Dress,Clothing,51,Indiana,M,Yellow,Fall,4.2,No,2-Day Shipping,Yes,Yes,22,Venmo,Quarterly
287,58,Male,Skirt,Clothing,48,Oklahoma,L,Olive,Winter,3.7,Yes,Store Pickup,Yes,Yes,30,Venmo,Weekly
288,19,Male,Jacket,Outerwear,41,Wyoming,M,Purple,Fall,4.6,No,Express,Yes,Yes,45,Cash,Weekly
289,32,Male,Sunglasses,Accessories,86,Oklahoma,S,Black,Fall,4.0,No,Standard,No,No,11,Cash,Every 3 Months
290,47,Male,Dress,Clothing,81,West Virginia,S,Maroon,Winter,2.8,Yes,Standard,No,No,8,Venmo,Weekly
291,56,Male,Sneakers,Footwear,100,Kansas,L,Teal,Winter,3.5,No,Standard,No,No,6,Debit Card,Weekly
292,48,Male,Hat,Accessories,83,Indiana,L,Charcoal,Winter,4.1,Yes,Free Shipping,Yes,Yes,13,Credit Card,Monthly
293,57,Male,Pants,Clothing,21,New Jersey,L,Gold,Fall,4.4,No,Free Shipping,Yes,Yes,2,Cash,Annually
294,35,Female,Jacket,Outerwear,81,Iowa,M,Turquoise,Spring,4.4,Yes,Store Pickup,No,No,45,PayPal,Bi-Weekly
295,53,Female,Dress,Clothing,93,Nebraska,L,Green,Fall,3.7,No,Standard,Yes,Yes,37,PayPal,Annually
296,18,Male,Blouse,Clothing,41,Wyoming,M,Turquoise,Summer,3.9,Yes,Free Shipping,No,No,48,Bank Transfer,Fortnightly
297,57,Female,Backpack,Accessories,90,Minnesota,L,Red,Spring,4.4,No,2-Day Shipping,Yes,Yes,38,Credit Card,Annually
298,48,Female,Skirt,Clothing,80,Missouri,S,Turquoise,Summer,2.6,No,Express,Yes,Yes,35,PayPal,Quarterly
299,28,Male,Belt,Accessories,67,Kansas,S,Black,Fall,4.1,No,Next Day Air,No,No,35,Credit Card,Bi-Weekly
300,36,Male,Belt,Accessories,80,Ohio,L,Violet,Spring,4.3,No,Standard,Yes,Yes,48,Credit Card,Every 3 Months
301,51,Male,Backpack,Accessories,88,Oregon,XL,Teal,Spring,4.1,No,Standard,Yes,Yes,38,Venmo,Monthly
302,35,Male,Dress,Clothing,73,North Carolina,S,Violet,Winter,4.1,Yes,Next Day Air,No,No,25,Venmo,Monthly
303,18,Male,Shoes,Footwear,23,Kentucky,S,Teal,Spring,3.6,No,2-Day Shipping,No,No,46,Bank Transfer,Weekly
304,50,Male,Hoodie,Clothing,62,New York,L,Yellow,Fall,4.9,No,Free Shipping,No,No,30,Debit Card,Bi-Weekly
305,55,Male,Sweater,Clothing,73,Indiana,L,Teal,Fall,4.0,No,2-Day Shipping,No,No,40,Cash,Monthly
306,69,Male,Hat,Accessories,65,Illinois,M,Lavender,Summer,4.7,Yes,2-Day Shipping,No,No,23,Venmo,Quarterly
307,59,Female,Jacket,Outerwear,76,Louisiana,XL,Magenta,Spring,2.8,No,2-Day Shipping,Yes,Yes,12,Venmo,Fortnightly
308,36,Male,Shoes,Footwear,69,Montana,M,Maroon,Summer,3.7,Yes,Free Shipping,No,No,32,PayPal,Every 3 Months
309,54,Female,Sneakers,Footwear,59,Louisiana,M,Indigo,Summer,4.5,No,2-Day Shipping,No,No,30,PayPal,Weekly
310,53,Male,Shorts,Clothing,55,Georgia,S,White,Summer,4.4,Yes,Store Pickup,Yes,Yes,2,Credit Card,Annually
311,22,Male,Dress,Clothing,29,Minnesota,M,Indigo,Summer,2.5,Yes,Express,No,No,1,Cash,Fortnightly
312,51,Male,Boots,Footwear,32,North Dakota,M,Brown,Fall,4.4,No,2-Day Shipping,Yes,Yes,17,Venmo,Annually
313,33,Male,Belt,Accessories,95,Iowa,L,Pink,Winter,4.6,No,Standard,No,No,25,Bank Transfer,Bi-Weekly
314,54,Male,Sunglasses,Accessories,96,Indiana,L,Yellow,Fall,4.9,No,2-Day Shipping,No,No,32,Credit Card,Monthly
315,70,Male,Shirt,Clothing,47,Massachusetts,M,Maroon,Fall,3.2,No,Store Pickup,No,No,6,Bank Transfer,Quarterly
316,29,Male,Shoes,Footwear,50,Ohio,L,Orange,Winter,2.6,Yes,2-Day Shipping,Yes,Yes,20,Bank Transfer,Annually
317,59,Female,Sunglasses,Accessories,39,Delaware,M,White,Winter,3.9,Yes,Free Shipping,No,No,8,Cash,Quarterly
318,25,Male,Sunglasses,Accessories,78,Delaware,M,Cyan,Fall,4.4,Yes,Free Shipping,No,No,18,Venmo,Monthly
319,67,Male,Shorts,Clothing,32,Illinois,S,Magenta,Fall,3.4,No,Standard,No,No,15,Venmo,Annually
320,70,Male,Shoes,Footwear,71,New Jersey,M,Orange,Winter,4.6,Yes,Next Day Air,No,No,11,Cash,Fortnightly
321,62,Male,Scarf,Accessories,76,Louisiana,M,Teal,Winter,4.0,Yes,Next Day Air,No,No,11,Credit Card,Every 3 Months
322,46,Female,Hat,Accessories,59,California,XL,Yellow,Spring,3.3,No,Next Day Air,Yes,Yes,8,Venmo,Fortnightly
323,41,Male,Jeans,Clothing,85,Minnesota,XL,Cyan,Spring,4.2,No,Free Shipping,Yes,Yes,38,Debit Card,Quarterly
324,43,Female,Hoodie,Clothing,55,Delaware,S,Cyan,Winter,3.4,No,Next Day Air,No,No,35,Bank Transfer,Quarterly
325,65,Female,Blouse,Clothing,82,Hawaii,M,Peach,Spring,4.8,Yes,Express,Yes,Yes,47,PayPal,Every 3 Months
326,62,Male,Backpack,Accessories,53,Massachusetts,M,Yellow,Spring,4.8,No,Free Shipping,Yes,Yes,19,Credit Card,Bi-Weekly
327,33,Female,Jeans,Clothing,54,Hawaii,L,Teal,Spring,4.3,No,Free Shipping,No,No,20,PayPal,Every 3 Months
328,65,Male,Sandals,Footwear,85,New Jersey,XL,Magenta,Winter,4.7,No,2-Day Shipping,Yes,Yes,33,PayPal,Monthly
329,63,Male,Scarf,Accessories,65,North Dakota,S,Charcoal,Spring,4.8,No,Standard,No,No,27,Cash,Bi-Weekly
330,40,Female,Jeans,Clothing,59,Missouri,M,Cyan,Fall,4.6,No,2-Day Shipping,No,No,45,Debit Card,Every 3 Months
331,62,Male,Sneakers,Footwear,88,West Virginia,L,Maroon,Winter,4.2,No,Next Day Air,Yes,Yes,28,PayPal,Annually
332,25,Male,Shorts,Clothing,80,Tennessee,XL,Olive,Summer,4.9,No,Free Shipping,Yes,Yes,31,PayPal,Fortnightly
333,39,Male,Skirt,Clothing,20,Kentucky,S,Gold,Spring,4.7,No,Store Pickup,No,No,38,Credit Card,Bi-Weekly
334,64,Male,Pants,Clothing,32,Mississippi,L,Peach,Spring,4.8,No,Store Pickup,Yes,Yes,47,Debit Card,Every 3 Months
335,30,Male,Gloves,Accessories,54,Wyoming,L,Cyan,Summer,3.8,Yes,2-Day Shipping,No,No,26,PayPal,Monthly
336,67,Female,Shirt,Clothing,36,New Hampshire,L,Pink,Fall,3.1,No,Next Day Air,No,No,47,PayPal,Quarterly
337,37,Male,Hat,Accessories,51,Minnesota,M,Cyan,Summer,3.1,Yes,Standard,No,No,13,Bank Transfer,Weekly
338,32,Male,Dress,Clothing,87,Minnesota,S,Peach,Spring,2.9,Yes,2-Day Shipping,Yes,Yes,2,Credit Card,Monthly
339,60,Male,Coat,Outerwear,64,Maine,L,Indigo,Fall,4.8,No,Express,No,No,16,Credit Card,Monthly
340,67,Male,Shoes,Footwear,58,Idaho,L,Lavender,Summer,4.6,No,Free Shipping,Yes,Yes,46,PayPal,Annually
341,59,Female,Boots,Footwear,59,Alaska,M,Gold,Fall,3.0,No,Next Day Air,No,No,42,Credit Card,Quarterly
342,21,Male,Hat,Accessories,24,Alaska,L,Silver,Summer,4.9,No,Next Day Air,No,No,13,Credit Card,Weekly
343,29,Male,Jeans,Clothing,37,South Dakota,M,Gold,Summer,4.7,No,Standard,No,No,23,Bank Transfer,Fortnightly
344,65,Male,Sweater,Clothing,93,New Hampshire,L,Black,Spring,3.4,No,Express,Yes,Yes,14,Credit Card,Annually
345,52,Male,Pants,Clothing,40,Nevada,XL,Beige,Winter,3.1,No,Standard,Yes,Yes,42,Cash,Monthly
346,68,Male,Dress,Clothing,78,Indiana,XL,Teal,Summer,3.3,Yes,Standard,Yes,Yes,13,PayPal,Every 3 Months
347,44,Female,Gloves,Accessories,91,Montana,S,Beige,Spring,3.0,Yes,2-Day Shipping,No,No,43,Venmo,Every 3 Months
348,38,Male,Hat,Accessories,99,Utah,M,Green,Fall,3.2,No,Store Pickup,Yes,Yes,10,Debit Card,Annually
349,32,Male,Sneakers,Footwear,65,Oklahoma,M,Magenta,Fall,3.2,No,2-Day Shipping,No,No,20,Venmo,Monthly
350,49,Male,Sandals,Footwear,88,Utah,M,Brown,Summer,4.5,Yes,Store Pickup,Yes,Yes,29,PayPal,Monthly
351,53,Male,Hoodie,Clothing,38,Iowa,M,Green,Summer,4.6,No,Standard,No,No,50,Cash,Bi-Weekly
352,28,Male,Hoodie,Clothing,77,Rhode Island,M,Maroon,Winter,5.0,Yes,Standard,No,No,19,Cash,Monthly
353,48,Male,Jeans,Clothing,72,Alaska,M,Orange,Spring,3.6,No,Express,No,No,32,Bank Transfer,Every 3 Months
354,41,Female,Belt,Accessories,23,Montana,S,Red,Fall,2.6,No,Standard,Yes,Yes,32,Venmo,Every 3 Months
355,19,Male,Belt,Accessories,23,Oklahoma,S,Purple,Spring,4.2,No,Standard,No,No,3,Cash,Quarterly
356,66,Female,Hat,Accessories,79,New Jersey,M,Gold,Fall,4.9,No,Express,No,No,42,Debit Card,Monthly
357,37,Female,Pants,Clothing,46,South Dakota,XL,Maroon,Fall,3.3,No,Express,Yes,Yes,10,Venmo,Weekly
358,19,Male,Pants,Clothing,55,Colorado,M,Maroon,Summer,4.5,No,Standard,Yes,Yes,37,PayPal,Annually
359,27,Male,Shorts,Clothing,37,Colorado,M,Teal,Spring,2.9,No,Standard,No,No,22,Bank Transfer,Every 3 Months
360,42,Male,Pants,Clothing,64,Utah,M,Silver,Summer,3.1,No,Next Day Air,No,No,5,PayPal,Bi-Weekly
361,56,Male,Coat,Outerwear,89,Hawaii,M,Lavender,Summer,3.9,No,Standard,Yes,Yes,17,Venmo,Monthly
362,22,Male,Scarf,Accessories,97,New York,L,Magenta,Summer,3.3,No,Store Pickup,No,No,23,Debit Card,Quarterly
363,26,Male,Hoodie,Clothing,44,Vermont,M,Lavender,Winter,3.5,Yes,Express,No,No,20,PayPal,Every 3 Months
364,41,Male,Dress,Clothing,73,Indiana,S,Orange,Spring,3.7,No,2-Day Shipping,No,No,47,Venmo,Fortnightly
365,23,Male,Sweater,Clothing,70,South Carolina,L,Turquoise,Winter,3.9,No,2-Day Shipping,No,No,20,Venmo,Every 3 Months
366,36,Female,Sandals,Footwear,64,Illinois,M,Yellow,Fall,3.6,No,Store Pickup,Yes,Yes,43,Credit Card,Annually
367,65,Male,Coat,Outerwear,42,Illinois,M,Olive,Fall,4.1,No,Next Day Air,No,No,12,Bank Transfer,Quarterly
368,55,Male,Shoes,Footwear,38,Wyoming,M,Silver,Winter,4.0,No,Next Day Air,No,No,47,Credit Card,Every 3 Months
369,43,Female,Sandals,Footwear,31,Illinois,XL,Charcoal,Spring,4.3,No,2-Day Shipping,Yes,Yes,25,Debit Card,Monthly
370,21,Male,Gloves,Accessories,68,Montana,M,Violet,Fall,4.8,Yes,Free Shipping,Yes,Yes,28,Credit Card,Every 3 Months
371,46,Male,Jewelry,Accessories,55,New Hampshire,S,Cyan,Summer,3.6,No,2-Day Shipping,Yes,Yes,45,Bank Transfer,Fortnightly
372,64,Male,Jacket,Outerwear,57,California,M,Pink,Spring,2.8,Yes,Free Shipping,Yes,Yes,10,Venmo,Every 3 Months
373,55,Female,Pants,Clothing,52,Kentucky,S,Maroon,Fall,4.3,Yes,Free Shipping,No,No,4,Venmo,Every 3 Months
374,52,Male,Socks,Clothing,43,Oklahoma,M,Orange,Summer,4.2,No,Express,No,No,18,PayPal,Annually
375,48,Male,Pants,Clothing,36,Nebraska,XL,Peach,Summer,3.8,Yes,Store Pickup,No,No,11,Cash,Annually
376,35,Male,Skirt,Clothing,90,Kentucky,M,Beige,Spring,2.9,No,Store Pickup,No,No,19,Debit Card,Weekly
377,59,Male,Sneakers,Footwear,31,New Jersey,S,Olive,Spring,2.7,No,Express,Yes,Yes,43,Bank Transfer,Bi-Weekly
378,56,Male,Scarf,Accessories,73,North Carolina,M,Violet,Spring,3.5,Yes,Express,No,No,44,Credit Card,Every 3 Months
379,35,Male,Dress,Clothing,41,Maine,L,Silver,Spring,4.5,No,Next Day Air,No,No,16,Bank Transfer,Every 3 Months
380,26,Male,Jacket,Outerwear,41,Alaska,L,Charcoal,Spring,3.2,No,Next Day Air,No,No,39,Cash,Every 3 Months
381,64,Male,Shorts,Clothing,29,Tennessee,M,Turquoise,Spring,3.5,No,2-Day Shipping,No,No,19,Credit Card,Every 3 Months
382,68,Male,Hoodie,Clothing,64,Louisiana,M,Lavender,Summer,4.7,No,2-Day Shipping,No,No,7,Bank Transfer,Weekly
383,66,Male,Handbag,Accessories,20,Missouri,XL,Black,Fall,3.2,Yes,Standard,No,No,25,Venmo,Annually
384,58,Male,Dress,Clothing,42,Illinois,L,Charcoal,Summer,2.6,No,Next Day Air,No,No,14,PayPal,Weekly
385,44,Female,Jewelry,Accessories,28,Minnesota,L,Gray,Fall,2.9,Yes,Next Day Air,Yes,Yes,26,Bank Transfer,Every 3 Months
386,42,Male,Sunglasses,Accessories,85,Missouri,M,Red,Summer,4.8,Yes,Free Shipping,Yes,Yes,47,Venmo,Every 3 Months
387,56,Male,Dress,Clothing,33,Colorado,M,Brown,Summer,4.9,Yes,Store Pickup,No,No,19,Cash,Annually
388,50,Female,Boots,Footwear,71,Georgia,L,Maroon,Summer,3.5,No,2-Day Shipping,Yes,Yes,23,PayPal,Monthly
389,65,Female,Gloves,Accessories,64,Louisiana,S,Beige,Spring,4.7,No,Express,Yes,Yes,41,Venmo,Monthly
390,40,Male,Boots,Footwear,42,Alaska,M,Violet,Spring,3.9,Yes,Express,Yes,Yes,39,Credit Card,Bi-Weekly
391,68,Female,Skirt,Clothing,70,Maryland,M,Peach,Fall,4.2,No,2-Day Shipping,Yes,Yes,45,Venmo,Every 3 Months
392,65,Male,Belt,Accessories,68,California,M,Yellow,Winter,2.7,No,Free Shipping,No,No,25,Cash,Weekly
393,55,Male,Handbag,Accessories,94,New Hampshire,S,Turquoise,Summer,3.9,Yes,Next Day Air,No,No,18,Venmo,Annually
394,18,Male,Backpack,Accessories,64,Illinois,M,Peach,Spring,4.1,No,Express,No,No,16,Bank Transfer,Quarterly
395,36,Male,Handbag,Accessories,99,Minnesota,M,Maroon,Winter,3.9,No,Free Shipping,No,No,6,Venmo,Quarterly
396,27,Male,Shorts,Clothing,37,Colorado,M,Olive,Summer,2.5,No,Express,No,No,45,Venmo,Weekly
397,32,Male,Sandals,Footwear,71,Oregon,M,Orange,Summer,4.2,No,2-Day Shipping,Yes,Yes,4,Cash,Bi-Weekly
398,58,Female,Shoes,Footwear,82,West Virginia,S,Violet,Summer,4.8,Yes,Standard,Yes,Yes,13,PayPal,Bi-Weekly
399,26,Female,Shoes,Footwear,21,California,M,Pink,Winter,4.8,No,Next Day Air,No,No,5,Venmo,Every 3 Months
400,34,Male,Socks,Clothing,44,Delaware,M,Gold,Summer,3.8,No,Free Shipping,Yes,Yes,11,Bank Transfer,Annually
401,36,Male,Sneakers,Footwear,81,Alabama,L,Olive,Fall,4.5,No,Next Day Air,Yes,Yes,14,Venmo,Quarterly
402,47,Male,Shirt,Clothing,35,Minnesota,L,Red,Fall,4.0,No,Express,No,No,45,Debit Card,Every 3 Months
403,42,Female,Shoes,Footwear,37,California,L,Beige,Winter,4.2,Yes,Next Day Air,No,No,34,PayPal,Quarterly
404,31,Male,Dress,Clothing,67,Texas,L,Pink,Spring,4.9,No,Store Pickup,No,No,7,Venmo,Bi-Weekly
405,25,Male,Blouse,Clothing,87,Kansas,L,Yellow,Winter,2.6,No,Next Day Air,No,No,16,Bank Transfer,Every 3 Months
406,28,Male,Skirt,Clothing,52,Utah,M,Cyan,Summer,4.5,No,Next Day Air,Yes,Yes,47,Bank Transfer,Quarterly
407,65,Female,Hoodie,Clothing,50,Vermont,L,Indigo,Fall,2.8,No,Store Pickup,No,No,50,Bank Transfer,Quarterly
408,25,Female,Scarf,Accessories,81,Delaware,M,Indigo,Fall,3.5,Yes,Store Pickup,No,No,49,Debit Card,Fortnightly
409,61,Male,Sweater,Clothing,90,Ohio,S,Silver,Spring,5.0,Yes,Express,Yes,Yes,37,Bank Transfer,Fortnightly
410,37,Male,Backpack,Accessories,41,Kansas,L,Red,Spring,4.2,Yes,Free Shipping,No,No,2,PayPal,Bi-Weekly
411,23,Male,Shorts,Clothing,88,Oregon,XL,Peach,Summer,2.6,Yes,2-Day Shipping,Yes,Yes,42,Venmo,Weekly
412,39,Female,Handbag,Accessories,41,Idaho,S,Silver,Summer,2.7,No,Express,No,No,33,Venmo,Annually
413,44,Male,Sandals,Footwear,51,South Carolina,L,Olive,Summer,2.6,No,Free Shipping,Yes,Yes,23,Cash,Weekly
414,30,Male,Backpack,Accessories,73,Delaware,L,Violet,Summer,4.5,No,Free Shipping,Yes,Yes,23,Bank Transfer,Quarterly
415,20,Female,Sweater,Clothing,37,Maryland,M,Silver,Spring,4.5,No,Express,No,No,50,Credit Card,Bi-Weekly
416,26,Male,Belt,Accessories,95,Maryland,M,Brown,Spring,3.3,No,Store Pickup,No,No,8,Venmo,Monthly
417,64,Male,Hat,Accessories,82,Kansas,M,Yellow,Summer,4.8,No,Express,Yes,Yes,42,Cash,Fortnightly
418,34,Male,Pants,Clothing,98,Nevada,L,Beige,Summer,3.3,Yes,Free Shipping,No,No,1,PayPal,Bi-Weekly
419,68,Male,Shirt,Clothing,40,Alabama,S,Yellow,Fall,3.0,Yes,Standard,Yes,Yes,10,Credit Card,Fortnightly
420,24,Male,Jewelry,Accessories,90,New York,L,Lavender,Fall,4.4,No,Next Day Air,No,No,2,Cash,Weekly
421,23,Male,Hat,Accessories,20,Wyoming,L,Silver,Winter,3.0,No,2-Day Shipping,No,No,7,PayPal,Quarterly
422,62,Female,Blouse,Clothing,76,Oregon,S,Beige,Spring,2.8,No,Store Pickup,Yes,Yes,29,Cash,Quarterly
423,46,Male,Scarf,Accessories,60,South Dakota,XL,Turquoise,Spring,4.1,No,Express,No,No,1,Debit Card,Monthly
424,56,Male,Hoodie,Clothing,49,Utah,M,Cyan,Winter,3.0,Yes,Free Shipping,No,No,12,Venmo,Every 3 Months
425,67,Male,Hat,Accessories,55,Montana,M,Beige,Fall,2.6,No,Express,Yes,Yes,11,Cash,Fortnightly
426,70,Male,Sneakers,Footwear,64,Colorado,S,Indigo,Winter,2.7,No,Free Shipping,Yes,Yes,32,Venmo,Annually
427,34,Male,Backpack,Accessories,69,New Jersey,M,Violet,Winter,3.9,No,Free Shipping,Yes,Yes,45,Venmo,Weekly
428,54,Male,Shoes,Footwear,36,West Virginia,L,White,Spring,3.8,No,Next Day Air,Yes,Yes,44,Venmo,Bi-Weekly
429,45,Male,Scarf,Accessories,38,Indiana,XL,Black,Fall,4.1,No,Next Day Air,No,No,2,Venmo,Weekly
430,50,Male,Jacket,Outerwear,75,Massachusetts,M,Beige,Spring,3.4,No,2-Day Shipping,No,No,7,Bank Transfer,Monthly
431,18,Male,Sandals,Footwear,29,Alabama,M,Purple,Winter,3.7,No,Standard,No,No,16,Venmo,Monthly
432,31,Male,Dress,Clothing,45,Florida,M,Orange,Fall,4.3,No,Store Pickup,Yes,Yes,44,Bank Transfer,Fortnightly
433,50,Female,Skirt,Clothing,45,Texas,M,White,Fall,2.6,No,2-Day Shipping,No,No,23,Venmo,Monthly
434,37,Female,Pants,Clothing,65,Massachusetts,M,Purple,Spring,4.6,No,Next Day Air,No,No,34,PayPal,Bi-Weekly
435,53,Male,Dress,Clothing,31,New Jersey,M,Purple,Summer,3.9,No,Standard,Yes,Yes,27,Debit Card,Quarterly
436,22,Male,Sneakers,Footwear,83,Massachusetts,S,Beige,Winter,3.8,No,2-Day Shipping,No,No,6,Venmo,Weekly
437,28,Female,Belt,Accessories,54,New Hampshire,M,Gold,Fall,3.0,Yes,Free Shipping,No,No,41,Cash,Weekly
438,48,Male,Hat,Accessories,31,Nebraska,M,Lavender,Spring,3.4,No,Standard,Yes,Yes,18,Debit Card,Quarterly
439,27,Male,Sweater,Clothing,27,Arkansas,M,Teal,Winter,3.5,No,Standard,Yes,Yes,36,Cash,Bi-Weekly
440,53,Male,Hoodie,Clothing,95,New Hampshire,L,Red,Winter,4.5,Yes,Store Pickup,Yes,Yes,39,PayPal,Every 3 Months
441,43,Female,Shorts,Clothing,80,Nevada,M,Beige,Spring,2.5,No,Free Shipping,Yes,Yes,38,Credit Card,Weekly
442,23,Male,Backpack,Accessories,58,Colorado,M,Red,Fall,4.4,No,Standard,No,No,48,Cash,Quarterly
443,69,Male,Shoes,Footwear,45,North Dakota,S,Maroon,Winter,2.6,No,2-Day Shipping,No,No,31,Venmo,Bi-Weekly
444,50,Male,Sweater,Clothing,54,North Carolina,M,Indigo,Fall,2.8,No,Free Shipping,Yes,Yes,23,PayPal,Fortnightly
445,43,Female,Dress,Clothing,66,Delaware,L,White,Spring,4.1,No,Next Day Air,No,No,23,Credit Card,Monthly
446,41,Male,Pants,Clothing,27,North Carolina,XL,Charcoal,Spring,3.9,Yes,2-Day Shipping,Yes,Yes,3,Cash,Quarterly
447,61,Female,Skirt,Clothing,96,Georgia,M,Maroon,Summer,4.2,No,Standard,No,No,16,Bank Transfer,Annually
448,54,Male,Handbag,Accessories,94,Missouri,L,Olive,Winter,3.3,No,Standard,Yes,Yes,32,Credit Card,Every 3 Months
449,38,Male,Scarf,Accessories,23,Arkansas,L,Charcoal,Summer,3.3,No,2-Day Shipping,Yes,Yes,49,Credit Card,Every 3 Months
450,33,Male,Coat,Outerwear,87,Minnesota,M,Magenta,Spring,2.6,No,2-Day Shipping,Yes,Yes,48,Venmo,Annually
451,69,Male,Handbag,Accessories,75,Kansas,S,Black,Spring,4.4,No,Free Shipping,No,No,14,Credit Card,Weekly
452,50,Male,Shirt,Clothing,91,Georgia,XL,Gold,Summer,4.5,No,2-Day Shipping,Yes,Yes,29,Credit Card,Monthly
453,21,Female,Jacket,Outerwear,99,Minnesota,M,Beige,Fall,3.1,No,Express,Yes,Yes,18,Credit Card,Quarterly
454,58,Male,Jewelry,Accessories,60,New York,M,Peach,Fall,3.1,No,Express,Yes,Yes,39,Cash,Fortnightly
455,41,Male,Pants,Clothing,61,Nebraska,S,Silver,Summer,3.5,No,Express,No,No,4,Cash,Fortnightly
456,48,Male,Backpack,Accessories,59,Illinois,M,Indigo,Winter,4.3,No,2-Day Shipping,Yes,Yes,15,Credit Card,Annually
457,61,Male,Pants,Clothing,86,Nevada,L,Red,Winter,5.0,No,Standard,No,No,21,PayPal,Every 3 Months
458,40,Male,Skirt,Clothing,98,California,XL,Charcoal,Winter,3.2,No,2-Day Shipping,Yes,Yes,19,Bank Transfer,Bi-Weekly
459,53,Male,Socks,Clothing,71,Oklahoma,M,Pink,Winter,2.9,No,Free Shipping,Yes,Yes,2,Debit Card,Every 3 Months
460,58,Male,Shoes,Footwear,88,Missouri,M,Brown,Winter,2.7,No,Store Pickup,No,No,21,Bank Transfer,Bi-Weekly
461,22,Male,Hat,Accessories,81,Vermont,M,Purple,Spring,3.6,No,Free Shipping,Yes,Yes,33,Debit Card,Monthly
462,46,Female,Backpack,Accessories,55,Missouri,M,Gray,Summer,3.3,No,Store Pickup,No,No,23,PayPal,Annually
463,45,Male,Shirt,Clothing,40,North Carolina,M,Brown,Fall,4.3,No,Free Shipping,Yes,Yes,21,Credit Card,Fortnightly
464,62,Male,Coat,Outerwear,74,Florida,M,Lavender,Spring,3.3,No,Store Pickup,Yes,Yes,13,Venmo,Every 3 Months
465,19,Female,Handbag,Accessories,26,Maryland,XL,Orange,Winter,2.5,Yes,Store Pickup,Yes,Yes,36,Credit Card,Fortnightly
466,70,Female,Sneakers,Footwear,90,Mississippi,L,Purple,Winter,2.6,Yes,Store Pickup,No,No,12,PayPal,Bi-Weekly
467,41,Female,Handbag,Accessories,37,Maryland,XL,Teal,Spring,3.4,No,Next Day Air,Yes,Yes,23,Venmo,Fortnightly
468,26,Female,Scarf,Accessories,43,Kansas,M,Brown,Winter,4.5,Yes,Express,Yes,Yes,45,Venmo,Weekly
469,49,Male,Scarf,Accessories,37,Alaska,M,Red,Summer,2.8,No,Standard,Yes,Yes,8,Bank Transfer,Every 3 Months
470,35,Male,Sweater,Clothing,78,West Virginia,L,Black,Fall,4.9,No,2-Day Shipping,Yes,Yes,14,PayPal,Monthly
471,42,Female,Sandals,Footwear,85,Illinois,S,Beige,Fall,4.3,Yes,Standard,No,No,15,Venmo,Fortnightly
472,29,Female,Shorts,Clothing,69,Maryland,M,Teal,Summer,3.5,No,Store Pickup,Yes,Yes,44,Cash,Fortnightly
473,58,Female,Sandals,Footwear,53,Wyoming,M,Lavender,Spring,3.2,No,Store Pickup,Yes,Yes,6,Cash,Bi-Weekly
474,20,Male,Socks,Clothing,93,Massachusetts,S,Peach,Winter,4.1,No,Standard,Yes,Yes,10,Venmo,Annually
475,49,Female,Shirt,Clothing,96,Oklahoma,S,Silver,Fall,4.7,No,Standard,No,No,37,Bank Transfer,Quarterly
476,57,Male,Backpack,Accessories,65,New Hampshire,S,Silver,Winter,3.0,Yes,Express,No,No,41,Cash,Fortnightly
477,69,Male,Sunglasses,Accessories,41,Illinois,L,Turquoise,Fall,3.6,No,Standard,Yes,Yes,39,Debit Card,Fortnightly
478,29,Male,Jewelry,Accessories,93,South Carolina,M,Yellow,Fall,3.9,Yes,2-Day Shipping,No,No,26,Credit Card,Monthly
479,27,Male,Shorts,Clothing,53,Massachusetts,S,Violet,Winter,3.7,No,Express,Yes,Yes,32,PayPal,Fortnightly
480,42,Male,Sweater,Clothing,58,Mississippi,M,Silver,Winter,3.3,No,Store Pickup,Yes,Yes,2,Bank Transfer,Annually
481,66,Female,Jewelry,Accessories,56,South Carolina,M,Green,Winter,2.6,No,2-Day Shipping,No,No,37,Bank Transfer,Quarterly
482,65,Female,Shoes,Footwear,35,Iowa,S,Maroon,Spring,4.2,Yes,2-Day Shipping,Yes,Yes,28,Debit Card,Every 3 Months
483,44,Male,Sunglasses,Accessories,46,Indiana,M,Gold,Summer,3.2,No,Standard,No,No,34,Debit Card,Every 3 Months
484,26,Female,Pants,Clothing,73,Nebraska,XL,Turquoise,Fall,3.2,No,Express,Yes,Yes,38,Cash,Quarterly
485,48,Male,Blouse,Clothing,85,Arizona,S,Green,Spring,4.7,No,Next Day Air,No,No,31,PayPal,Every 3 Months
486,55,Male,Blouse,Clothing,82,Maine,L,Teal,Winter,3.6,Yes,Free Shipping,No,No,34,PayPal,Monthly
487,53,Male,Shoes,Footwear,68,Wyoming,XL,Turquoise,Spring,4.2,No,2-Day Shipping,Yes,Yes,45,Cash,Monthly
488,22,Male,Skirt,Clothing,35,Kentucky,S,Turquoise,Fall,4.3,No,Next Day Air,Yes,Yes,21,Cash,Monthly
489,55,Female,Shirt,Clothing,30,Louisiana,M,Magenta,Summer,3.0,Yes,Next Day Air,No,No,21,PayPal,Weekly
490,46,Male,Dress,Clothing,34,New Jersey,L,Yellow,Fall,4.7,Yes,2-Day Shipping,No,No,22,Venmo,Bi-Weekly
491,65,Male,Pants,Clothing,33,South Carolina,M,Indigo,Winter,2.6,No,Next Day Air,No,No,28,PayPal,Every 3 Months
492,59,Male,Sneakers,Footwear,46,Maine,L,Magenta,Summer,4.9,No,Standard,No,No,25,Bank Transfer,Bi-Weekly
493,23,Female,Jeans,Clothing,77,North Carolina,L,Teal,Spring,4.4,No,Standard,No,No,1,Venmo,Fortnightly
494,62,Male,Blouse,Clothing,22,Arkansas,M,Teal,Winter,4.8,Yes,Free Shipping,Yes,Yes,35,PayPal,Annually
495,34,Male,Pants,Clothing,98,Alabama,M,Maroon,Summer,4.6,No,Standard,Yes,Yes,43,Debit Card,Quarterly
496,35,Female,Sunglasses,Accessories,60,Maryland,S,Pink,Summer,3.6,Yes,Express,No,No,26,Venmo,Bi-Weekly
497,58,Male,Pants,Clothing,51,Rhode Island,M,Magenta,Fall,3.0,No,Standard,No,No,35,Bank Transfer,Monthly
498,42,Male,Sandals,Footwear,84,Oregon,S,Yellow,Fall,4.1,Yes,2-Day Shipping,Yes,Yes,36,PayPal,Annually
499,35,Male,Sandals,Footwear,60,North Carolina,M,Magenta,Fall,4.2,No,2-Day Shipping,Yes,Yes,26,Debit Card,Fortnightly
500,68,Female,Pants,Clothing,97,Georgia,M,Peach,Spring,3.7,No,Free Shipping,No,No,39,Cash,Every 3 Months
501,68,Male,Jacket,Outerwear,35,Rhode Island,L,Pink,Spring,3.6,No,Express,No,No,42,Cash,Quarterly
502,59,Female,Hat,Accessories,52,Utah,S,Olive,Spring,4.8,No,Store Pickup,No,No,25,Bank Transfer,Weekly
503,35,Male,Scarf,Accessories,68,Nebraska,M,Black,Summer,3.5,No,Store Pickup,Yes,Yes,45,Cash,Weekly
504,42,Female,Hoodie,Clothing,96,Rhode Island,M,Gray,Fall,3.1,Yes,Free Shipping,No,No,44,Debit Card,Monthly
505,26,Male,Sneakers,Footwear,52,Massachusetts,S,Teal,Winter,4.5,No,Store Pickup,No,No,9,Cash,Weekly
506,42,Female,Jeans,Clothing,63,Kansas,L,Olive,Spring,2.7,Yes,Standard,No,No,47,Cash,Weekly
507,59,Female,Sunglasses,Accessories,75,Illinois,M,Maroon,Winter,3.8,Yes,Store Pickup,No,No,3,Debit Card,Quarterly
508,70,Male,Jewelry,Accessories,79,Maryland,L,White,Spring,3.1,No,Free Shipping,No,No,21,PayPal,Annually
509,70,Male,Dress,Clothing,49,Louisiana,L,Green,Winter,3.0,No,Next Day Air,No,No,5,Credit Card,Every 3 Months
510,44,Male,Coat,Outerwear,45,Arizona,M,Red,Spring,4.4,No,Express,No,No,19,Debit Card,Quarterly
511,40,Male,Blouse,Clothing,31,Louisiana,M,Magenta,Winter,3.9,No,2-Day Shipping,Yes,Yes,28,Venmo,Quarterly
512,35,Male,Boots,Footwear,49,Indiana,M,Pink,Winter,3.7,No,Store Pickup,Yes,Yes,2,Venmo,Monthly
513,59,Female,Dress,Clothing,46,South Dakota,M,Gold,Winter,3.7,Yes,Store Pickup,No,No,14,Bank Transfer,Monthly
514,29,Male,Shirt,Clothing,41,California,M,Purple,Spring,4.8,No,Free Shipping,No,No,9,PayPal,Weekly
515,68,Female,Jewelry,Accessories,54,Iowa,M,Gold,Fall,4.6,No,Express,No,No,19,Credit Card,Weekly
516,29,Male,Shorts,Clothing,30,New Jersey,M,Gray,Summer,2.5,No,Standard,Yes,Yes,13,Venmo,Weekly
517,65,Male,Sneakers,Footwear,41,Utah,XL,Black,Winter,3.1,No,Standard,Yes,Yes,31,Cash,Fortnightly
518,66,Female,Dress,Clothing,83,Maine,M,Maroon,Spring,4.6,No,2-Day Shipping,Yes,Yes,3,Cash,Monthly
519,70,Male,Jewelry,Accessories,37,West Virginia,M,Magenta,Winter,2.8,No,Next Day Air,Yes,Yes,6,PayPal,Annually
520,57,Male,Sunglasses,Accessories,22,Hawaii,L,Maroon,Fall,3.9,No,2-Day Shipping,No,No,9,Debit Card,Quarterly
521,66,Male,Sneakers,Footwear,50,South Carolina,M,Black,Winter,5.0,No,Next Day Air,Yes,Yes,23,Venmo,Weekly
522,52,Male,Coat,Outerwear,40,Oregon,XL,Magenta,Winter,4.3,No,Standard,No,No,50,Venmo,Weekly
523,23,Male,Jewelry,Accessories,86,South Carolina,M,Charcoal,Winter,3.0,No,Express,No,No,35,PayPal,Monthly
524,56,Male,Sneakers,Footwear,66,Massachusetts,M,Orange,Summer,3.0,No,Express,No,No,8,Cash,Annually
525,29,Male,Pants,Clothing,58,North Dakota,S,Indigo,Fall,4.7,Yes,Free Shipping,Yes,Yes,23,Cash,Bi-Weekly
526,66,Male,Socks,Clothing,99,South Dakota,L,Red,Winter,3.5,No,2-Day Shipping,No,No,16,Credit Card,Weekly
527,70,Male,Socks,Clothing,68,South Carolina,L,Cyan,Summer,3.8,No,Store Pickup,No,No,29,PayPal,Monthly
528,30,Female,Jacket,Outerwear,81,South Carolina,L,Red,Winter,3.3,No,Express,No,No,19,Credit Card,Monthly
529,51,Male,Jeans,Clothing,87,Missouri,M,Magenta,Summer,3.3,Yes,2-Day Shipping,No,No,30,Venmo,Every 3 Months
530,33,Male,Pants,Clothing,31,Kansas,M,Red,Summer,3.4,Yes,Express,No,No,6,Credit Card,Annually
531,45,Male,Jewelry,Accessories,57,Massachusetts,M,Pink,Winter,4.3,No,2-Day Shipping,Yes,Yes,34,Debit Card,Weekly
532,24,Male,Jewelry,Accessories,50,Colorado,M,Gold,Fall,2.9,No,Free Shipping,Yes,Yes,48,Debit Card,Every 3 Months
533,49,Male,Gloves,Accessories,37,Georgia,L,Turquoise,Fall,2.6,No,Store Pickup,No,No,19,Bank Transfer,Bi-Weekly
534,28,Female,Jeans,Clothing,38,Hawaii,M,Violet,Winter,3.0,No,Next Day Air,Yes,Yes,26,PayPal,Weekly
535,21,Female,Hoodie,Clothing,57,California,L,Brown,Summer,3.7,No,2-Day Shipping,Yes,Yes,11,Debit Card,Weekly
536,31,Male,Boots,Footwear,28,Kansas,S,Teal,Fall,2.9,No,Standard,Yes,Yes,11,Venmo,Bi-Weekly
537,36,Male,Shoes,Footwear,40,Alaska,M,Lavender,Winter,3.1,No,Express,No,No,35,Debit Card,Bi-Weekly
538,68,Male,Socks,Clothing,100,Illinois,S,Silver,Spring,2.5,No,Standard,Yes,Yes,45,Cash,Weekly
539,34,Male,Scarf,Accessories,47,New Hampshire,S,Cyan,Fall,4.5,No,Store Pickup,No,No,27,Cash,Bi-Weekly
540,51,Female,Backpack,Accessories,98,Arkansas,L,Indigo,Winter,4.8,Yes,Next Day Air,No,No,28,PayPal,Every 3 Months
541,28,Male,Boots,Footwear,54,Ohio,XL,Red,Spring,3.5,Yes,Free Shipping,No,No,45,Debit Card,Annually
542,66,Male,Sandals,Footwear,91,Nebraska,M,Charcoal,Spring,3.4,No,Store Pickup,No,No,39,PayPal,Every 3 Months
543,55,Female,Dress,Clothing,44,Montana,M,Charcoal,Summer,3.8,No,Free Shipping,Yes,Yes,20,Credit Card,Annually
544,40,Female,Dress,Clothing,80,Montana,S,Gold,Summer,4.4,No,Free Shipping,Yes,Yes,41,Debit Card,Weekly
545,61,Male,Jewelry,Accessories,58,New York,M,Purple,Spring,3.5,No,Standard,No,No,21,Credit Card,Every 3 Months
546,27,Male,Dress,Clothing,41,Massachusetts,M,Red,Summer,4.8,Yes,Store Pickup,Yes,Yes,43,Credit Card,Annually
547,19,Male,Sweater,Clothing,93,Idaho,XL,Purple,Winter,4.1,No,Store Pickup,No,No,44,Debit Card,Quarterly
548,50,Male,Blouse,Clothing,51,Oregon,S,Purple,Winter,2.7,No,Next Day Air,No,No,50,Debit Card,Monthly
549,20,Male,Hoodie,Clothing,74,Colorado,M,Yellow,Summer,4.3,Yes,Next Day Air,No,No,49,Bank Transfer,Monthly
550,44,Male,Coat,Outerwear,53,Alaska,M,Cyan,Winter,3.8,No,2-Day Shipping,No,No,9,Venmo,Annually
551,38,Male,Hat,Accessories,88,Missouri,L,Brown,Winter,3.4,Yes,Store Pickup,No,No,8,Cash,Fortnightly
552,28,Male,Hat,Accessories,44,North Dakota,L,Yellow,Fall,3.8,Yes,Express,Yes,Yes,4,Debit Card,Monthly
553,30,Male,Skirt,Clothing,87,Alabama,L,Violet,Fall,4.0,No,Next Day Air,Yes,Yes,39,PayPal,Every 3 Months
554,65,Male,Boots,Footwear,92,South Dakota,XL,Lavender,Summer,3.0,No,Standard,No,No,17,Cash,Bi-Weekly
555,44,Male,Socks,Clothing,98,South Carolina,L,Teal,Winter,3.3,No,Store Pickup,No,No,27,Venmo,Bi-Weekly
556,48,Female,Boots,Footwear,73,Oregon,S,Violet,Winter,4.1,No,Store Pickup,No,No,32,Credit Card,Monthly
557,67,Male,Sunglasses,Accessories,27,Mississippi,L,Gray,Spring,2.9,No,Store Pickup,Yes,Yes,27,PayPal,Weekly
558,46,Male,Hat,Accessories,35,Mississippi,L,Indigo,Fall,2.6,No,2-Day Shipping,No,No,41,PayPal,Weekly
559,34,Male,Skirt,Clothing,58,Maryland,L,Pink,Spring,4.5,Yes,Standard,Yes,Yes,43,PayPal,Quarterly
560,22,Female,Sweater,Clothing,27,North Dakota,M,Orange,Spring,4.3,Yes,Express,Yes,Yes,12,Debit Card,Annually
561,22,Male,Shirt,Clothing,77,Ohio,M,Black,Spring,2.6,No,Next Day Air,No,No,14,Debit Card,Weekly
562,57,Male,Sweater,Clothing,73,Idaho,S,Cyan,Spring,3.3,No,Store Pickup,No,No,25,Debit Card,Quarterly
563,66,Male,Shirt,Clothing,49,Mississippi,XL,Turquoise,Fall,4.3,No,Next Day Air,No,No,49,PayPal,Every 3 Months
564,28,Male,Boots,Footwear,81,Idaho,L,Cyan,Fall,3.9,No,Next Day Air,Yes,Yes,3,Cash,Bi-Weekly
565,64,Male,Jacket,Outerwear,91,North Carolina,M,Violet,Summer,2.9,No,2-Day Shipping,Yes,Yes,10,Bank Transfer,Every 3 Months
566,38,Male,Blouse,Clothing,43,North Dakota,S,Gold,Winter,4.9,No,Free Shipping,Yes,Yes,24,Credit Card,Fortnightly
567,21,Female,Skirt,Clothing,76,Delaware,L,Gold,Winter,2.6,No,Standard,No,No,34,Credit Card,Every 3 Months
568,56,Female,Sunglasses,Accessories,94,Idaho,M,Violet,Winter,4.5,Yes,2-Day Shipping,No,No,37,Venmo,Bi-Weekly
569,24,Male,Skirt,Clothing,96,Georgia,M,Violet,Fall,3.3,Yes,Express,No,No,39,Credit Card,Monthly
570,56,Female,Dress,Clothing,87,Wyoming,L,Charcoal,Winter,3.2,No,Express,No,No,33,Venmo,Quarterly
571,45,Female,Shirt,Clothing,84,Delaware,M,Gray,Fall,3.1,Yes,Next Day Air,Yes,Yes,17,Bank Transfer,Bi-Weekly
572,70,Male,Sandals,Footwear,44,Maine,M,Charcoal,Fall,3.4,No,2-Day Shipping,No,No,37,Venmo,Weekly
573,50,Male,Boots,Footwear,100,Texas,XL,Black,Fall,2.7,No,Next Day Air,No,No,25,Credit Card,Fortnightly
574,27,Male,Sweater,Clothing,65,Arizona,L,Charcoal,Spring,3.1,No,Store Pickup,No,No,24,Credit Card,Every 3 Months
575,47,Male,Jacket,Outerwear,82,New Hampshire,S,Teal,Winter,4.8,No,2-Day Shipping,No,No,23,PayPal,Quarterly
576,27,Male,Jewelry,Accessories,89,Utah,XL,Violet,Summer,4.7,No,2-Day Shipping,No,No,37,Bank Transfer,Fortnightly
577,58,Male,Shirt,Clothing,98,Indiana,M,Indigo,Fall,3.8,No,Next Day Air,No,No,42,Venmo,Annually
578,29,Male,Dress,Clothing,31,Maryland,L,Pink,Summer,4.5,No,2-Day Shipping,Yes,Yes,18,Venmo,Weekly
579,48,Male,Backpack,Accessories,29,Maine,L,Turquoise,Summer,3.7,No,Next Day Air,Yes,Yes,15,Debit Card,Annually
580,67,Male,Shoes,Footwear,34,North Carolina,M,Olive,Fall,3.6,No,Next Day Air,Yes,Yes,26,Bank Transfer,Monthly
581,18,Male,Shoes,Footwear,20,Oklahoma,M,Orange,Winter,4.7,No,Standard,No,No,22,PayPal,Weekly
582,50,Male,Blouse,Clothing,55,Oregon,S,Beige,Winter,4.0,No,Store Pickup,Yes,Yes,26,Cash,Monthly
583,28,Female,Dress,Clothing,62,Ohio,L,Yellow,Summer,3.2,No,Next Day Air,No,No,10,Credit Card,Weekly
584,59,Female,Dress,Clothing,51,Maryland,L,Brown,Winter,3.4,No,Free Shipping,Yes,Yes,17,Bank Transfer,Every 3 Months
585,26,Male,Shorts,Clothing,68,Kentucky,XL,Magenta,Summer,4.2,No,Standard,Yes,Yes,9,Venmo,Monthly
586,60,Male,Socks,Clothing,25,Oklahoma,L,Green,Summer,3.7,No,Next Day Air,No,No,37,Credit Card,Monthly
587,43,Female,Sneakers,Footwear,91,South Carolina,L,Green,Fall,2.5,Yes,Free Shipping,Yes,Yes,24,PayPal,Bi-Weekly
588,30,Male,Sandals,Footwear,85,South Carolina,L,Olive,Fall,4.1,No,Free Shipping,No,No,1,Cash,Bi-Weekly
589,32,Female,Handbag,Accessories,88,South Dakota,S,Olive,Summer,2.7,Yes,Express,Yes,Yes,27,Venmo,Monthly
590,26,Male,Boots,Footwear,68,South Carolina,S,Silver,Winter,3.2,No,2-Day Shipping,No,No,14,PayPal,Annually
591,43,Male,Belt,Accessories,47,Rhode Island,L,Yellow,Fall,3.6,No,Free Shipping,No,No,37,Debit Card,Every 3 Months
592,56,Male,Socks,Clothing,58,Texas,M,White,Fall,4.3,No,Express,No,No,34,PayPal,Monthly
593,56,Female,Pants,Clothing,73,Florida,M,Gray,Winter,3.7,No,2-Day Shipping,No,No,43,Venmo,Fortnightly
594,28,Male,Sweater,Clothing,80,Vermont,L,Olive,Spring,4.6,No,Free Shipping,Yes,Yes,5,Bank Transfer,Monthly
595,65,Male,Hat,Accessories,56,Kentucky,M,Yellow,Spring,4.6,No,Standard,No,No,10,Cash,Quarterly
596,23,Male,Shoes,Footwear,85,Alaska,M,Teal,Winter,3.5,No,2-Day Shipping,No,No,15,Debit Card,Annually
597,22,Male,Coat,Outerwear,57,Arkansas,S,Orange,Fall,4.8,Yes,Free Shipping,No,No,34,Cash,Monthly
598,48,Male,Handbag,Accessories,87,Wyoming,S,Green,Fall,3.5,No,Next Day Air,Yes,Yes,49,Bank Transfer,Every 3 Months
599,42,Female,Dress,Clothing,90,Indiana,M,Brown,Summer,2.7,No,2-Day Shipping,No,No,25,Cash,Weekly
600,30,Male,Pants,Clothing,96,Vermont,M,Yellow,Spring,4.6,No,Free Shipping,Yes,Yes,38,Bank Transfer,Weekly
601,58,Male,Sneakers,Footwear,23,Kansas,L,Green,Summer,4.8,Yes,Express,No,No,16,Credit Card,Weekly
602,20,Male,Dress,Clothing,39,New Hampshire,M,Yellow,Summer,4.5,Yes,Free Shipping,No,No,30,Venmo,Every 3 Months
603,25,Male,Jacket,Outerwear,86,Nevada,M,Cyan,Spring,4.6,No,2-Day Shipping,No,No,12,Debit Card,Quarterly
604,64,Male,Hoodie,Clothing,71,Louisiana,L,Teal,Fall,2.7,No,Next Day Air,Yes,Yes,21,PayPal,Annually
605,26,Male,Sandals,Footwear,92,Delaware,L,Silver,Spring,2.7,No,Next Day Air,No,No,24,Credit Card,Fortnightly
606,45,Female,Sunglasses,Accessories,29,Nevada,M,Olive,Winter,3.8,Yes,Express,Yes,Yes,17,Bank Transfer,Monthly
607,64,Male,Sunglasses,Accessories,85,Mississippi,M,Purple,Fall,2.5,No,Store Pickup,No,No,16,Credit Card,Bi-Weekly
608,60,Male,Hat,Accessories,52,New Jersey,XL,Green,Spring,3.2,Yes,Store Pickup,No,No,30,Venmo,Bi-Weekly
609,69,Male,Scarf,Accessories,83,Iowa,L,Yellow,Fall,3.6,No,Express,No,No,24,Venmo,Quarterly
610,50,Female,Sweater,Clothing,65,West Virginia,L,Beige,Winter,3.6,No,Store Pickup,No,No,48,Debit Card,Annually
611,20,Male,Scarf,Accessories,33,Utah,M,Olive,Spring,4.8,No,Express,Yes,Yes,27,Venmo,Quarterly
612,24,Female,Dress,Clothing,34,Kansas,L,Beige,Fall,4.2,Yes,Express,No,No,41,Cash,Weekly
613,38,Male,Boots,Footwear,32,Tennessee,S,Orange,Winter,3.9,No,Next Day Air,No,No,9,Debit Card,Every 3 Months
614,61,Female,Sunglasses,Accessories,52,Colorado,S,Olive,Spring,3.1,No,2-Day Shipping,Yes,Yes,44,Credit Card,Annually
615,65,Male,Socks,Clothing,44,Hawaii,M,Violet,Fall,2.5,No,Express,No,No,35,PayPal,Fortnightly
616,42,Male,Dress,Clothing,88,Oregon,M,Brown,Summer,3.2,No,Express,Yes,Yes,2,Bank Transfer,Monthly
617,42,Female,Blouse,Clothing,66,Alabama,L,Indigo,Summer,4.0,Yes,Free Shipping,Yes,Yes,2,Credit Card,Weekly
618,25,Male,Jeans,Clothing,87,New Hampshire,S,Gold,Winter,3.0,No,Express,No,No,49,Cash,Fortnightly
619,49,Male,Shorts,Clothing,32,Maine,L,Indigo,Winter,4.1,No,Free Shipping,Yes,Yes,41,Credit Card,Annually
620,45,Male,Handbag,Accessories,63,Missouri,M,Red,Summer,3.1,No,Standard,No,No,14,PayPal,Every 3 Months
621,32,Male,Shoes,Footwear,77,South Dakota,M,Peach,Winter,3.5,No,Next Day Air,Yes,Yes,50,Credit Card,Every 3 Months
622,29,Female,Belt,Accessories,28,Nebraska,L,Beige,Summer,4.4,No,Store Pickup,No,No,24,Credit Card,Weekly
623,66,Male,Blouse,Clothing,90,Indiana,M,Pink,Summer,3.7,No,Express,Yes,Yes,45,Venmo,Every 3 Months
624,20,Male,Shorts,Clothing,40,Vermont,M,Turquoise,Summer,4.4,Yes,2-Day Shipping,No,No,21,Venmo,Annually
625,48,Male,Jacket,Outerwear,83,New York,L,Violet,Spring,3.7,No,2-Day Shipping,Yes,Yes,20,Cash,Monthly
626,68,Female,Socks,Clothing,72,Wyoming,L,Indigo,Winter,3.7,No,Next Day Air,No,No,21,Credit Card,Weekly
627,62,Female,Jacket,Outerwear,48,Mississippi,XL,Lavender,Winter,3.3,No,Express,Yes,Yes,31,Credit Card,Every 3 Months
628,66,Male,Sweater,Clothing,91,Kansas,S,Red,Spring,4.4,No,Next Day Air,Yes,Yes,4,Venmo,Bi-Weekly
629,55,Female,Jacket,Outerwear,75,Indiana,L,Silver,Spring,4.8,No,2-Day Shipping,No,No,31,Credit Card,Every 3 Months
630,41,Female,Hoodie,Clothing,42,Minnesota,L,Olive,Fall,2.8,Yes,Express,No,No,7,Credit Card,Every 3 Months
631,30,Male,Jewelry,Accessories,43,Ohio,L,White,Winter,4.9,No,Express,No,No,29,PayPal,Weekly
632,45,Male,Handbag,Accessories,22,New Hampshire,L,Green,Spring,4.5,No,Standard,No,No,50,Credit Card,Bi-Weekly
633,56,Female,Shirt,Clothing,45,Kentucky,L,Gray,Summer,3.2,No,Free Shipping,Yes,Yes,17,PayPal,Every 3 Months
634,26,Male,Pants,Clothing,89,Kentucky,L,Lavender,Spring,4.5,Yes,Next Day Air,No,No,50,PayPal,Monthly
635,53,Male,Scarf,Accessories,83,Montana,S,Gold,Spring,4.1,No,2-Day Shipping,No,No,1,Venmo,Every 3 Months
636,43,Male,Blouse,Clothing,52,Georgia,M,Cyan,Fall,3.2,No,Express,No,No,12,Debit Card,Monthly
637,18,Male,Jewelry,Accessories,22,Oklahoma,M,Red,Spring,4.5,No,Store Pickup,Yes,Yes,36,Debit Card,Fortnightly
638,37,Male,Hat,Accessories,62,Rhode Island,M,Charcoal,Spring,3.6,No,Next Day Air,Yes,Yes,20,Bank Transfer,Bi-Weekly
639,51,Male,Gloves,Accessories,92,Nevada,M,Green,Spring,4.5,No,2-Day Shipping,No,No,31,Credit Card,Annually
640,49,Female,Dress,Clothing,72,Texas,M,Pink,Fall,3.2,No,Next Day Air,No,No,48,PayPal,Annually
641,34,Male,Gloves,Accessories,49,Kansas,M,Yellow,Winter,4.3,No,2-Day Shipping,No,No,46,Venmo,Quarterly
642,38,Male,Sandals,Footwear,38,Mississippi,XL,Yellow,Summer,4.7,No,Express,Yes,Yes,44,PayPal,Quarterly
643,57,Male,Sneakers,Footwear,80,West Virginia,M,Peach,Fall,4.2,No,Next Day Air,Yes,Yes,42,Debit Card,Fortnightly
644,20,Male,Hat,Accessories,32,Oklahoma,L,Brown,Winter,3.8,No,2-Day Shipping,Yes,Yes,23,Cash,Weekly
645,50,Female,Socks,Clothing,30,South Carolina,M,Pink,Fall,2.7,Yes,Store Pickup,Yes,Yes,47,Bank Transfer,Annually
646,36,Male,Belt,Accessories,25,Illinois,M,Red,Winter,4.2,No,Store Pickup,Yes,Yes,5,Credit Card,Annually
647,41,Male,Sandals,Footwear,36,Nebraska,M,Beige,Winter,3.1,No,2-Day Shipping,No,No,18,Credit Card,Annually
648,61,Male,Jeans,Clothing,83,Minnesota,M,White,Spring,4.1,Yes,2-Day Shipping,Yes,Yes,4,Venmo,Annually
649,59,Male,Jeans,Clothing,37,Kentucky,M,Magenta,Spring,3.0,Yes,Next Day Air,Yes,Yes,3,Debit Card,Quarterly
650,46,Male,Jewelry,Accessories,23,New Hampshire,L,Gray,Spring,4.4,No,Express,Yes,Yes,23,PayPal,Bi-Weekly
651,38,Female,Sneakers,Footwear,57,Colorado,M,Green,Summer,4.0,No,2-Day Shipping,Yes,Yes,19,Bank Transfer,Fortnightly
652,31,Female,Gloves,Accessories,96,Iowa,L,Beige,Summer,4.0,No,2-Day Shipping,Yes,Yes,5,Bank Transfer,Every 3 Months
653,65,Male,Pants,Clothing,96,Missouri,S,Olive,Summer,2.5,Yes,Standard,Yes,Yes,34,Venmo,Annually
654,49,Male,Jacket,Outerwear,88,Massachusetts,L,Pink,Fall,4.6,No,Store Pickup,No,No,18,Debit Card,Every 3 Months
655,45,Female,Blouse,Clothing,98,Rhode Island,L,Gray,Winter,2.8,No,Free Shipping,No,No,1,PayPal,Every 3 Months
656,50,Female,Gloves,Accessories,39,Alabama,XL,Beige,Fall,2.8,No,Store Pickup,No,No,31,PayPal,Weekly
657,26,Male,Skirt,Clothing,28,Maryland,M,Indigo,Spring,3.4,No,Express,No,No,50,Venmo,Bi-Weekly
658,38,Male,Sweater,Clothing,66,Nevada,M,Magenta,Summer,3.0,No,2-Day Shipping,Yes,Yes,9,Venmo,Fortnightly
659,63,Male,Blouse,Clothing,89,Mississippi,L,Silver,Fall,4.6,No,Next Day Air,Yes,Yes,18,Cash,Annually
660,54,Male,Coat,Outerwear,46,Rhode Island,M,Indigo,Spring,4.2,Yes,Express,No,No,31,Debit Card,Annually
661,49,Male,Dress,Clothing,79,Nevada,S,Orange,Fall,4.1,No,Store Pickup,No,No,4,Credit Card,Annually
662,69,Female,Dress,Clothing,38,Texas,L,Olive,Winter,4.3,No,2-Day Shipping,No,No,8,Cash,Bi-Weekly
663,23,Female,Blouse,Clothing,24,Alabama,L,Red,Winter,5.0,Yes,Next Day Air,Yes,Yes,25,Cash,Bi-Weekly
664,35,Female,Boots,Footwear,52,North Carolina,L,Pink,Fall,4.4,No,Express,No,No,7,Bank Transfer,Quarterly
665,42,Female,Belt,Accessories,41,Alabama,M,Peach,Fall,4.4,No,Express,Yes,Yes,13,Debit Card,Annually
666,50,Male,Handbag,Accessories,69,West Virginia,M,Red,Winter,4.4,No,Express,No,No,34,Bank Transfer,Quarterly
667,40,Female,Sneakers,Footwear,80,California,M,Gold,Winter,4.9,Yes,2-Day Shipping,No,No,22,Venmo,Every 3 Months
668,26,Female,Gloves,Accessories,69,Nevada,M,Purple,Summer,4.5,Yes,2-Day Shipping,Yes,Yes,13,Debit Card,Fortnightly
669,22,Male,Shorts,Clothing,49,West Virginia,L,Brown,Fall,4.3,No,2-Day Shipping,No,No,15,Debit Card,Bi-Weekly
670,25,Male,Sunglasses,Accessories,55,Indiana,XL,Gray,Winter,3.2,Yes,Next Day Air,Yes,Yes,3,PayPal,Quarterly
671,46,Male,Scarf,Accessories,94,Illinois,M,Silver,Fall,4.6,Yes,Express,No,No,31,Credit Card,Quarterly
672,50,Male,Sandals,Footwear,99,Utah,M,Lavender,Winter,2.7,Yes,Store Pickup,No,No,40,PayPal,Every 3 Months
673,21,Male,Hoodie,Clothing,28,Delaware,M,Black,Spring,4.0,Yes,Next Day Air,Yes,Yes,6,Cash,Weekly
674,68,Male,Sunglasses,Accessories,38,Kentucky,S,Yellow,Fall,4.8,Yes,Next Day Air,No,No,17,Credit Card,Quarterly
675,28,Male,Coat,Outerwear,21,Alabama,L,Magenta,Winter,3.8,No,Store Pickup,Yes,Yes,24,PayPal,Bi-Weekly
676,68,Male,Backpack,Accessories,60,Maine,S,Teal,Winter,3.3,No,Express,No,No,12,Venmo,Annually
677,55,Male,Handbag,Accessories,80,Nevada,XL,Red,Spring,3.9,Yes,2-Day Shipping,No,No,43,PayPal,Bi-Weekly
678,67,Male,Jewelry,Accessories,74,Delaware,L,Yellow,Winter,4.6,No,2-Day Shipping,No,No,35,Cash,Quarterly
679,52,Male,Sneakers,Footwear,29,Maine,L,White,Winter,4.1,No,Store Pickup,No,No,23,Credit Card,Monthly
680,38,Male,Gloves,Accessories,38,South Carolina,M,Turquoise,Summer,4.3,Yes,Store Pickup,No,No,6,Venmo,Annually
681,33,Female,Boots,Footwear,88,South Dakota,L,Green,Fall,3.5,No,Standard,Yes,Yes,30,Cash,Annually
682,56,Male,Jeans,Clothing,79,North Carolina,M,Indigo,Summer,3.8,Yes,Express,Yes,Yes,39,Debit Card,Quarterly
683,35,Male,Dress,Clothing,58,Montana,L,Magenta,Summer,4.6,No,2-Day Shipping,No,No,44,Venmo,Annually
684,37,Male,Jewelry,Accessories,23,Iowa,M,Green,Winter,3.0,No,Express,Yes,Yes,14,Venmo,Monthly
685,52,Male,Jeans,Clothing,75,Delaware,M,Brown,Spring,3.7,Yes,Standard,No,No,41,Bank Transfer,Weekly
686,57,Male,Handbag,Accessories,56,Maine,M,Beige,Winter,4.2,No,Free Shipping,Yes,Yes,31,Cash,Bi-Weekly
687,23,Male,Backpack,Accessories,93,North Carolina,XL,Olive,Summer,4.0,No,Express,No,No,40,Credit Card,Fortnightly
688,46,Male,Sweater,Clothing,71,Nevada,L,Orange,Spring,2.6,No,Express,No,No,24,PayPal,Quarterly
689,33,Male,Sunglasses,Accessories,37,Georgia,M,Peach,Winter,3.8,No,Standard,No,No,45,Bank Transfer,Quarterly
690,26,Male,Shorts,Clothing,40,Kansas,M,Brown,Summer,3.2,No,Standard,No,No,1,Credit Card,Bi-Weekly
691,40,Male,Backpack,Accessories,99,Illinois,L,Violet,Summer,3.6,No,Express,Yes,Yes,32,Venmo,Bi-Weekly
692,46,Male,Boots,Footwear,90,Hawaii,XL,Yellow,Fall,3.3,No,Next Day Air,No,No,1,Cash,Quarterly
693,50,Male,Belt,Accessories,88,California,M,Indigo,Summer,3.2,Yes,2-Day Shipping,No,No,29,Debit Card,Monthly
694,40,Male,Scarf,Accessories,73,South Dakota,M,Cyan,Winter,4.8,No,Standard,No,No,46,Cash,Every 3 Months
695,53,Male,Jacket,Outerwear,45,New York,L,Silver,Summer,4.6,No,Standard,Yes,Yes,7,Bank Transfer,Quarterly
696,41,Male,Shorts,Clothing,87,Ohio,S,Beige,Winter,4.2,No,Next Day Air,No,No,26,Debit Card,Quarterly
697,20,Female,Jacket,Outerwear,62,Montana,S,Olive,Winter,2.5,No,Store Pickup,Yes,Yes,5,Debit Card,Quarterly
698,27,Male,Coat,Outerwear,54,Louisiana,L,Olive,Spring,3.1,No,Free Shipping,Yes,Yes,50,Venmo,Weekly
699,68,Male,Sweater,Clothing,44,New Jersey,M,Violet,Winter,5.0,Yes,Standard,No,No,48,PayPal,Bi-Weekly
700,44,Male,Sweater,Clothing,97,Rhode Island,L,White,Summer,3.8,No,Free Shipping,No,No,6,Bank Transfer,Weekly
701,27,Male,Skirt,Clothing,51,Florida,M,Olive,Fall,4.4,Yes,Standard,No,No,8,Bank Transfer,Quarterly
702,59,Female,Skirt,Clothing,82,Texas,S,Red,Fall,4.6,No,Standard,No,No,7,Venmo,Fortnightly
703,68,Male,Socks,Clothing,81,Georgia,L,Turquoise,Winter,4.7,Yes,Express,No,No,19,Venmo,Fortnightly
704,45,Male,Skirt,Clothing,89,Louisiana,M,Yellow,Fall,4.7,Yes,Standard,No,No,47,Credit Card,Bi-Weekly
705,19,Male,Sneakers,Footwear,68,Alabama,M,Beige,Spring,2.8,No,Free Shipping,Yes,Yes,23,Venmo,Monthly
706,27,Male,Sweater,Clothing,76,California,M,Olive,Spring,2.8,No,Next Day Air,No,No,33,Bank Transfer,Weekly
707,39,Male,Pants,Clothing,25,Indiana,M,Turquoise,Fall,3.5,No,Express,No,No,43,Cash,Weekly
708,25,Female,Skirt,Clothing,47,Montana,XL,White,Spring,4.1,No,Free Shipping,Yes,Yes,16,Bank Transfer,Quarterly
709,39,Male,Shoes,Footwear,85,Nebraska,M,Brown,Fall,4.0,No,2-Day Shipping,No,No,21,Credit Card,Every 3 Months
710,49,Male,Handbag,Accessories,80,Utah,M,Olive,Fall,4.0,No,2-Day Shipping,Yes,Yes,22,Debit Card,Quarterly
711,46,Male,Sandals,Footwear,29,Alabama,S,Gold,Winter,4.1,No,Express,No,No,5,Cash,Monthly
712,64,Male,Backpack,Accessories,70,Rhode Island,S,Peach,Fall,4.5,Yes,Free Shipping,No,No,34,PayPal,Monthly
713,70,Male,Dress,Clothing,60,Mississippi,M,Pink,Spring,2.6,No,Next Day Air,No,No,29,Credit Card,Fortnightly
714,43,Male,Sandals,Footwear,74,Wyoming,XL,Gray,Summer,2.8,Yes,Express,No,No,43,Credit Card,Bi-Weekly
715,29,Male,Belt,Accessories,90,Mississippi,XL,Gold,Summer,4.7,No,2-Day Shipping,Yes,Yes,18,Bank Transfer,Weekly
716,25,Male,Hat,Accessories,48,Alaska,M,Violet,Fall,3.0,No,Free Shipping,Yes,Yes,37,Debit Card,Weekly
717,34,Male,Sneakers,Footwear,82,North Dakota,M,Gold,Fall,2.9,No,2-Day Shipping,No,No,29,PayPal,Annually
718,43,Male,Hat,Accessories,31,Texas,L,Yellow,Spring,2.7,No,Express,Yes,Yes,26,Credit Card,Fortnightly
719,32,Male,Shoes,Footwear,25,New York,M,Pink,Winter,3.3,Yes,2-Day Shipping,No,No,5,Bank Transfer,Annually
720,34,Male,Gloves,Accessories,75,Colorado,L,Yellow,Summer,4.2,Yes,2-Day Shipping,Yes,Yes,3,Credit Card,Annually
721,47,Male,Boots,Footwear,55,South Carolina,XL,Peach,Fall,3.0,Yes,2-Day Shipping,No,No,31,Credit Card,Weekly
722,61,Male,Skirt,Clothing,93,Nebraska,M,Charcoal,Fall,4.5,Yes,Free Shipping,Yes,Yes,14,Credit Card,Every 3 Months
723,53,Female,Shoes,Footwear,75,Vermont,S,Lavender,Winter,2.9,Yes,Next Day Air,No,No,39,Bank Transfer,Weekly
724,29,Female,Jacket,Outerwear,61,Delaware,L,Magenta,Spring,3.6,No,2-Day Shipping,No,No,37,Debit Card,Annually
725,57,Female,Skirt,Clothing,69,South Dakota,S,Gold,Winter,3.8,Yes,2-Day Shipping,No,No,12,Venmo,Annually
726,36,Female,Gloves,Accessories,86,California,M,Red,Spring,2.6,No,Free Shipping,Yes,Yes,23,Credit Card,Every 3 Months
727,61,Male,Jewelry,Accessories,71,Nebraska,M,Indigo,Fall,3.9,No,2-Day Shipping,No,No,19,Debit Card,Annually
728,56,Male,Belt,Accessories,89,Oregon,L,Lavender,Spring,4.5,No,Next Day Air,No,No,17,Cash,Bi-Weekly
729,65,Male,Jewelry,Accessories,99,Indiana,XL,Peach,Summer,4.3,No,Free Shipping,No,No,44,Debit Card,Monthly
730,26,Male,Pants,Clothing,100,Hawaii,L,Brown,Summer,4.7,No,Next Day Air,Yes,Yes,25,Venmo,Fortnightly
731,23,Male,Pants,Clothing,23,Idaho,L,Olive,Fall,4.7,No,Next Day Air,Yes,Yes,1,Debit Card,Annually
732,52,Male,Jewelry,Accessories,61,Arkansas,M,Turquoise,Summer,3.6,No,2-Day Shipping,No,No,24,Credit Card,Every 3 Months
733,48,Male,Skirt,Clothing,63,Tennessee,M,Teal,Summer,4.9,No,Next Day Air,No,No,19,PayPal,Quarterly
734,53,Male,Handbag,Accessories,43,Oregon,M,Gold,Summer,4.0,No,2-Day Shipping,Yes,Yes,6,Debit Card,Bi-Weekly
735,55,Male,Socks,Clothing,87,Kansas,M,Orange,Summer,4.4,No,Express,No,No,3,Debit Card,Annually
736,43,Male,Dress,Clothing,77,Utah,M,Charcoal,Winter,3.3,Yes,Store Pickup,No,No,11,Debit Card,Fortnightly
737,45,Male,Coat,Outerwear,22,Utah,S,Orange,Summer,2.7,No,2-Day Shipping,No,No,41,PayPal,Fortnightly
738,63,Male,Shoes,Footwear,33,Louisiana,M,Gray,Fall,3.2,No,Express,Yes,Yes,13,Venmo,Every 3 Months
739,41,Female,Jewelry,Accessories,27,Ohio,XL,Purple,Winter,3.8,No,2-Day Shipping,Yes,Yes,30,Debit Card,Every 3 Months
740,23,Male,Scarf,Accessories,63,North Carolina,S,Orange,Winter,4.8,No,Store Pickup,Yes,Yes,26,Bank Transfer,Fortnightly
741,46,Male,Belt,Accessories,96,West Virginia,M,White,Winter,2.6,Yes,2-Day Shipping,Yes,Yes,41,Bank Transfer,Weekly
742,57,Female,Skirt,Clothing,46,Kentucky,XL,White,Fall,3.9,Yes,Express,Yes,Yes,3,PayPal,Quarterly
743,33,Female,Scarf,Accessories,78,Wyoming,S,Magenta,Fall,4.8,No,2-Day Shipping,No,No,50,Credit Card,Every 3 Months
744,61,Male,Shoes,Footwear,76,Texas,XL,Orange,Summer,4.6,No,Store Pickup,Yes,Yes,21,Debit Card,Monthly
745,65,Female,Shorts,Clothing,23,Texas,L,Purple,Winter,4.8,Yes,Express,No,No,43,Venmo,Bi-Weekly
746,45,Male,Jewelry,Accessories,87,Florida,L,Gray,Fall,4.5,Yes,Next Day Air,Yes,Yes,40,PayPal,Monthly
747,63,Female,Pants,Clothing,63,New York,XL,Violet,Spring,2.7,Yes,Free Shipping,No,No,44,Cash,Every 3 Months
748,46,Male,Sandals,Footwear,71,West Virginia,L,Indigo,Fall,3.7,No,Free Shipping,No,No,4,Debit Card,Bi-Weekly
749,45,Male,Dress,Clothing,23,Maine,M,Red,Winter,3.2,No,Standard,Yes,Yes,5,Venmo,Annually
750,26,Male,Socks,Clothing,68,Mississippi,M,Beige,Spring,4.4,No,Next Day Air,No,No,19,PayPal,Quarterly
751,48,Male,Shirt,Clothing,64,Arkansas,M,Olive,Winter,3.8,No,Free Shipping,Yes,Yes,31,Cash,Every 3 Months
752,42,Male,Shoes,Footwear,34,South Dakota,M,Gold,Fall,3.4,No,2-Day Shipping,No,No,1,Cash,Weekly
753,25,Female,Jacket,Outerwear,45,Arizona,M,Black,Winter,2.8,No,Standard,Yes,Yes,3,Credit Card,Weekly
754,49,Male,Hoodie,Clothing,79,Indiana,M,Brown,Spring,4.2,Yes,Express,No,No,38,Debit Card,Monthly
755,20,Female,Jeans,Clothing,34,Arkansas,M,Indigo,Winter,3.5,No,Express,No,No,49,Cash,Bi-Weekly
756,29,Male,Pants,Clothing,63,New Hampshire,S,White,Fall,4.7,No,Free Shipping,Yes,Yes,45,Cash,Quarterly
757,70,Male,Jacket,Outerwear,27,New Hampshire,M,Silver,Winter,2.9,Yes,Store Pickup,Yes,Yes,19,PayPal,Weekly
758,19,Male,Shoes,Footwear,74,Alabama,M,Brown,Fall,2.9,No,Standard,No,No,13,Debit Card,Quarterly
759,34,Male,Dress,Clothing,47,Oklahoma,M,Yellow,Summer,3.1,Yes,Standard,No,No,42,Venmo,Annually
760,27,Male,Sweater,Clothing,86,Montana,M,Orange,Fall,3.9,No,Free Shipping,Yes,Yes,22,Bank Transfer,Fortnightly
761,54,Female,Blouse,Clothing,83,New York,L,Violet,Fall,4.1,No,Free Shipping,Yes,Yes,48,Debit Card,Quarterly
762,56,Male,Shoes,Footwear,56,North Dakota,L,Indigo,Winter,4.3,No,Store Pickup,No,No,12,PayPal,Annually
763,69,Male,Jacket,Outerwear,79,Arkansas,S,Purple,Spring,3.1,No,Express,Yes,Yes,7,Bank Transfer,Annually
764,25,Male,Sweater,Clothing,54,California,M,Green,Spring,4.3,Yes,Express,Yes,Yes,36,Credit Card,Bi-Weekly
765,36,Male,Jeans,Clothing,83,Mississippi,S,Yellow,Spring,3.0,No,Express,No,No,22,Bank Transfer,Bi-Weekly
766,60,Female,Jewelry,Accessories,20,Georgia,S,Black,Winter,2.9,Yes,Next Day Air,Yes,Yes,22,PayPal,Every 3 Months
767,43,Male,Shirt,Clothing,65,Minnesota,L,Gold,Spring,4.6,No,2-Day Shipping,Yes,Yes,29,Credit Card,Every 3 Months
768,59,Female,Coat,Outerwear,72,Kansas,L,Charcoal,Fall,2.6,Yes,Standard,Yes,Yes,20,Cash,Annually
769,46,Female,Scarf,Accessories,63,Minnesota,M,Pink,Spring,3.9,No,Standard,No,No,14,Debit Card,Fortnightly
770,33,Male,Coat,Outerwear,99,Montana,L,Black,Fall,4.1,No,2-Day Shipping,Yes,Yes,47,PayPal,Every 3 Months
771,46,Male,Pants,Clothing,89,Colorado,S,Yellow,Spring,3.3,No,2-Day Shipping,Yes,Yes,6,Venmo,Bi-Weekly
772,44,Male,Jacket,Outerwear,37,Nebraska,M,Lavender,Winter,4.5,No,Express,Yes,Yes,13,Cash,Annually
773,53,Female,Jewelry,Accessories,38,Maryland,L,Magenta,Spring,4.8,No,Express,Yes,Yes,9,PayPal,Monthly
774,54,Male,Dress,Clothing,65,South Dakota,M,Purple,Spring,4.0,Yes,Store Pickup,No,No,21,Credit Card,Annually
775,30,Male,Boots,Footwear,24,Nebraska,XL,Violet,Summer,4.5,No,2-Day Shipping,No,No,14,Venmo,Bi-Weekly
776,50,Male,Shoes,Footwear,35,Iowa,S,Green,Fall,2.7,No,Free Shipping,No,No,27,PayPal,Every 3 Months
777,58,Male,Hoodie,Clothing,52,California,M,Teal,Winter,2.9,No,Standard,Yes,Yes,20,Cash,Quarterly
778,47,Female,Pants,Clothing,31,South Dakota,S,Red,Spring,3.0,Yes,Store Pickup,No,No,42,Bank Transfer,Every 3 Months
779,49,Male,Hat,Accessories,32,Oklahoma,S,Charcoal,Winter,4.6,Yes,Express,No,No,23,Bank Transfer,Monthly
780,60,Male,Jewelry,Accessories,25,Iowa,M,Orange,Fall,2.7,No,Express,Yes,Yes,34,PayPal,Every 3 Months
781,52,Male,Sandals,Footwear,59,Nevada,L,Lavender,Fall,3.9,No,Store Pickup,Yes,Yes,29,Cash,Every 3 Months
782,21,Male,Shirt,Clothing,24,Maryland,L,Green,Summer,4.1,No,2-Day Shipping,Yes,Yes,25,Venmo,Bi-Weekly
783,65,Male,Hat,Accessories,68,Rhode Island,M,Gray,Spring,2.7,No,Express,No,No,44,PayPal,Annually
784,25,Male,Gloves,Accessories,92,North Dakota,L,Gold,Summer,4.0,No,Store Pickup,No,No,44,Cash,Bi-Weekly
785,46,Male,Hat,Accessories,23,California,M,Teal,Winter,2.9,No,2-Day Shipping,No,No,32,Debit Card,Weekly
786,66,Male,Scarf,Accessories,53,Wyoming,M,Cyan,Winter,3.9,No,Express,Yes,Yes,38,Bank Transfer,Fortnightly
787,18,Male,Jewelry,Accessories,46,Wyoming,S,Gray,Spring,2.6,No,Next Day Air,No,No,19,Credit Card,Annually
788,36,Male,Boots,Footwear,76,Idaho,M,Silver,Spring,5.0,No,Free Shipping,No,No,26,Cash,Monthly
789,37,Male,Jacket,Outerwear,69,Alabama,M,Yellow,Winter,4.1,No,Store Pickup,No,No,8,Debit Card,Monthly
790,61,Male,Socks,Clothing,73,Indiana,M,White,Spring,3.8,No,Next Day Air,Yes,Yes,50,Bank Transfer,Monthly
791,34,Male,Coat,Outerwear,42,California,M,Green,Winter,4.5,No,Store Pickup,No,No,2,Bank Transfer,Bi-Weekly
792,26,Female,Skirt,Clothing,100,Arizona,M,Violet,Spring,4.2,No,Free Shipping,Yes,Yes,48,PayPal,Every 3 Months
793,30,Male,Scarf,Accessories,64,Kansas,L,Lavender,Winter,4.1,No,Standard,No,No,32,Credit Card,Bi-Weekly
794,35,Male,Backpack,Accessories,29,Colorado,L,Magenta,Winter,3.6,No,Store Pickup,No,No,4,Cash,Monthly
795,40,Male,Jeans,Clothing,21,Colorado,S,Gray,Spring,3.1,No,Free Shipping,Yes,Yes,29,PayPal,Every 3 Months
796,18,Male,Scarf,Accessories,81,Oklahoma,L,Beige,Fall,3.1,No,Store Pickup,No,No,49,Debit Card,Fortnightly
797,27,Male,Shirt,Clothing,74,Florida,M,White,Winter,4.2,No,Free Shipping,No,No,46,PayPal,Fortnightly
798,67,Female,Dress,Clothing,46,North Carolina,XL,Gold,Spring,4.0,Yes,2-Day Shipping,No,No,24,Bank Transfer,Quarterly
799,58,Male,Coat,Outerwear,21,Maine,L,Gold,Fall,4.1,No,Standard,Yes,Yes,45,PayPal,Quarterly
800,42,Male,Shoes,Footwear,56,Idaho,XL,Red,Spring,4.4,No,Standard,Yes,Yes,35,Debit Card,Weekly
801,25,Male,Hat,Accessories,72,Utah,M,Charcoal,Fall,2.6,Yes,2-Day Shipping,No,No,20,Credit Card,Bi-Weekly
802,25,Male,Scarf,Accessories,22,Kentucky,M,Olive,Spring,3.0,No,Express,No,No,13,Debit Card,Fortnightly
803,64,Male,Sunglasses,Accessories,82,Missouri,L,Silver,Summer,4.6,No,Next Day Air,No,No,46,Venmo,Weekly
804,31,Female,Scarf,Accessories,97,Massachusetts,M,Black,Spring,4.3,No,Next Day Air,No,No,12,Bank Transfer,Bi-Weekly
805,30,Male,Shoes,Footwear,70,Alaska,M,Silver,Fall,3.6,Yes,Store Pickup,No,No,45,PayPal,Monthly
806,50,Male,Shoes,Footwear,55,Illinois,XL,Teal,Summer,4.7,No,Express,No,No,25,Cash,Quarterly
807,40,Male,Jeans,Clothing,61,Colorado,M,Silver,Fall,2.8,No,2-Day Shipping,No,No,44,Cash,Bi-Weekly
808,39,Male,Gloves,Accessories,37,Vermont,M,Black,Winter,3.0,No,Standard,No,No,23,PayPal,Bi-Weekly
809,43,Male,Scarf,Accessories,46,North Dakota,M,Orange,Summer,4.4,No,Free Shipping,No,No,15,Venmo,Quarterly
810,22,Male,Dress,Clothing,33,Indiana,L,Pink,Summer,3.1,Yes,Express,No,No,4,PayPal,Fortnightly
811,33,Male,Scarf,Accessories,57,Georgia,L,Peach,Spring,4.6,No,Standard,No,No,44,Cash,Every 3 Months
812,30,Male,Sandals,Footwear,52,Texas,M,Yellow,Winter,4.1,Yes,Next Day Air,No,No,48,PayPal,Annually
813,48,Male,Blouse,Clothing,91,Georgia,S,Maroon,Fall,4.7,No,Standard,Yes,Yes,37,Bank Transfer,Quarterly
814,69,Male,Blouse,Clothing,75,Mississippi,XL,Lavender,Summer,3.1,No,Free Shipping,Yes,Yes,5,Cash,Quarterly
815,23,Female,Gloves,Accessories,69,New Hampshire,XL,Green,Summer,3.4,No,Next Day Air,No,No,29,Venmo,Bi-Weekly
816,70,Male,Sneakers,Footwear,89,Illinois,L,Olive,Fall,3.5,Yes,Next Day Air,No,No,36,Venmo,Fortnightly
817,68,Male,Belt,Accessories,74,Kentucky,M,Magenta,Spring,3.8,No,Store Pickup,Yes,Yes,8,Cash,Fortnightly
818,36,Male,Shoes,Footwear,43,Colorado,M,Brown,Spring,3.8,No,Free Shipping,No,No,32,PayPal,Every 3 Months
819,57,Female,Coat,Outerwear,27,New York,M,Violet,Summer,3.5,No,Standard,No,No,49,Credit Card,Quarterly
820,18,Male,Handbag,Accessories,90,Montana,XL,Turquoise,Winter,3.7,No,2-Day Shipping,No,No,37,Venmo,Quarterly
821,44,Male,Backpack,Accessories,23,Colorado,M,Brown,Spring,3.0,No,Express,Yes,Yes,31,Cash,Fortnightly
822,66,Male,Gloves,Accessories,72,California,M,Yellow,Winter,2.6,Yes,2-Day Shipping,Yes,Yes,48,Debit Card,Bi-Weekly
823,47,Male,Jeans,Clothing,64,Montana,XL,Pink,Spring,4.0,No,Store Pickup,No,No,25,Debit Card,Annually
824,37,Female,Belt,Accessories,79,Nebraska,M,Violet,Spring,3.2,No,2-Day Shipping,No,No,20,PayPal,Monthly
825,63,Male,Gloves,Accessories,82,New Hampshire,S,Orange,Winter,2.6,No,Free Shipping,No,No,50,Debit Card,Monthly
826,25,Male,Hoodie,Clothing,41,Alabama,M,Gold,Winter,4.6,No,Express,No,No,31,Cash,Weekly
827,21,Male,Belt,Accessories,23,West Virginia,L,Lavender,Fall,3.2,No,Store Pickup,No,No,37,Bank Transfer,Fortnightly
828,60,Female,Boots,Footwear,99,Montana,L,Olive,Spring,2.8,Yes,Standard,Yes,Yes,10,Venmo,Bi-Weekly
829,40,Male,Pants,Clothing,90,Alabama,M,White,Summer,3.2,No,2-Day Shipping,No,No,6,PayPal,Quarterly
830,55,Male,Sneakers,Footwear,58,Texas,M,Red,Spring,3.9,No,2-Day Shipping,No,No,46,Bank Transfer,Every 3 Months
831,18,Male,Shorts,Clothing,63,Vermont,XL,Peach,Summer,3.3,No,2-Day Shipping,Yes,Yes,11,PayPal,Weekly
832,69,Male,Pants,Clothing,63,Nebraska,L,Yellow,Winter,3.4,No,Standard,Yes,Yes,28,Cash,Bi-Weekly
833,40,Female,Jewelry,Accessories,71,Ohio,L,Peach,Winter,3.6,No,Express,No,No,39,Credit Card,Bi-Weekly
834,24,Male,Jacket,Outerwear,63,North Carolina,S,Charcoal,Summer,3.5,No,Standard,Yes,Yes,40,Credit Card,Every 3 Months
835,35,Male,Blouse,Clothing,85,Oregon,L,Gold,Fall,3.8,No,2-Day Shipping,No,No,15,PayPal,Fortnightly
836,44,Male,Skirt,Clothing,52,Indiana,L,Purple,Winter,4.6,No,Next Day Air,No,No,2,Venmo,Every 3 Months
837,39,Female,Skirt,Clothing,66,Mississippi,M,Turquoise,Spring,4.9,No,Next Day Air,Yes,Yes,41,Credit Card,Bi-Weekly
838,41,Male,Sunglasses,Accessories,87,Nevada,L,Lavender,Spring,3.6,Yes,Free Shipping,No,No,17,Bank Transfer,Bi-Weekly
839,38,Male,Boots,Footwear,32,Hawaii,S,Pink,Fall,2.9,Yes,2-Day Shipping,Yes,Yes,41,Debit Card,Every 3 Months
840,69,Male,Socks,Clothing,27,Colorado,M,Beige,Summer,4.9,No,2-Day Shipping,Yes,Yes,38,Cash,Fortnightly
841,38,Male,Backpack,Accessories,67,Delaware,M,Turquoise,Summer,4.0,No,Next Day Air,Yes,Yes,4,Debit Card,Quarterly
842,19,Male,Sneakers,Footwear,93,Massachusetts,L,Silver,Winter,4.0,No,Next Day Air,No,No,24,Venmo,Weekly
843,23,Male,Sweater,Clothing,54,Ohio,M,Magenta,Winter,3.2,Yes,Store Pickup,Yes,Yes,48,Cash,Every 3 Months
844,64,Female,Belt,Accessories,58,Massachusetts,L,Magenta,Winter,3.1,Yes,Express,No,No,24,Bank Transfer,Fortnightly
845,61,Male,Dress,Clothing,79,Nevada,L,Brown,Spring,4.2,No,Free Shipping,Yes,Yes,22,Debit Card,Annually
846,61,Male,Backpack,Accessories,90,Florida,M,Beige,Winter,2.6,No,Standard,Yes,Yes,13,Credit Card,Weekly
847,64,Male,Socks,Clothing,43,Kansas,M,Lavender,Summer,4.6,No,Next Day Air,Yes,Yes,40,PayPal,Annually
848,57,Male,Jacket,Outerwear,26,Arkansas,XL,Black,Spring,4.9,No,Store Pickup,No,No,10,Debit Card,Monthly
849,34,Male,Socks,Clothing,77,Delaware,M,Silver,Winter,4.3,Yes,Express,Yes,Yes,11,PayPal,Monthly
850,67,Female,Sunglasses,Accessories,91,Oregon,XL,Indigo,Fall,3.0,Yes,Standard,No,No,36,PayPal,Quarterly
851,54,Female,Jeans,Clothing,37,Alabama,L,Charcoal,Winter,3.3,No,Store Pickup,No,No,4,PayPal,Annually
852,59,Male,Jewelry,Accessories,97,Delaware,XL,Teal,Winter,4.1,No,Free Shipping,No,No,44,Credit Card,Annually
853,27,Male,Shirt,Clothing,36,Alabama,L,Magenta,Winter,2.5,No,Express,Yes,Yes,15,Cash,Quarterly
854,49,Female,Dress,Clothing,39,Nebraska,M,Red,Winter,3.3,Yes,Next Day Air,No,No,19,Cash,Monthly
855,53,Male,Shorts,Clothing,63,West Virginia,L,Lavender,Winter,3.9,No,Standard,Yes,Yes,27,Venmo,Fortnightly
856,62,Male,Jewelry,Accessories,51,West Virginia,M,Silver,Fall,4.8,No,Next Day Air,Yes,Yes,36,Venmo,Monthly
857,21,Male,Handbag,Accessories,87,North Dakota,L,Beige,Summer,4.1,No,Next Day Air,Yes,Yes,36,Bank Transfer,Weekly
858,59,Female,Coat,Outerwear,90,Hawaii,S,White,Spring,3.4,No,Free Shipping,Yes,Yes,21,Bank Transfer,Monthly
859,46,Female,Pants,Clothing,37,Alabama,M,Maroon,Fall,3.1,No,2-Day Shipping,No,No,42,Bank Transfer,Bi-Weekly
860,18,Female,Sandals,Footwear,83,Alaska,XL,Green,Spring,3.5,No,Standard,Yes,Yes,1,Debit Card,Fortnightly
861,68,Male,Handbag,Accessories,90,West Virginia,XL,Magenta,Fall,3.9,No,Store Pickup,Yes,Yes,21,Bank Transfer,Weekly
862,23,Male,Coat,Outerwear,52,South Dakota,L,Pink,Winter,4.1,No,2-Day Shipping,Yes,Yes,13,Credit Card,Annually
863,55,Male,Socks,Clothing,85,Delaware,M,Violet,Winter,4.3,No,Free Shipping,No,No,38,Bank Transfer,Bi-Weekly
864,33,Male,Pants,Clothing,50,Nebraska,M,Beige,Fall,4.3,Yes,Free Shipping,Yes,Yes,27,PayPal,Weekly
865,30,Female,Pants,Clothing,28,Indiana,L,Lavender,Winter,2.6,No,Next Day Air,No,No,12,Debit Card,Weekly
866,20,Female,Jewelry,Accessories,73,Alabama,M,Indigo,Summer,4.8,Yes,Next Day Air,Yes,Yes,30,Venmo,Weekly
867,61,Male,Sweater,Clothing,34,Alaska,M,Cyan,Fall,3.8,No,Next Day Air,Yes,Yes,35,PayPal,Weekly
868,65,Female,Scarf,Accessories,52,South Carolina,XL,Red,Summer,4.9,No,Free Shipping,No,No,30,Venmo,Bi-Weekly
869,62,Male,Pants,Clothing,31,Ohio,S,Indigo,Fall,2.7,Yes,2-Day Shipping,No,No,4,Bank Transfer,Weekly
870,64,Female,Socks,Clothing,70,Indiana,M,Indigo,Fall,3.3,No,2-Day Shipping,No,No,41,PayPal,Quarterly
871,44,Male,Sunglasses,Accessories,85,Colorado,M,Magenta,Winter,4.0,Yes,Store Pickup,No,No,5,Cash,Quarterly
872,19,Female,Shoes,Footwear,56,Montana,M,Turquoise,Spring,4.6,No,Next Day Air,No,No,4,PayPal,Every 3 Months
873,36,Male,Gloves,Accessories,54,Alaska,M,Green,Fall,3.3,Yes,Next Day Air,No,No,30,Venmo,Weekly
874,34,Female,Scarf,Accessories,43,Georgia,M,Pink,Summer,4.4,Yes,Store Pickup,No,No,27,Credit Card,Quarterly
875,34,Male,Dress,Clothing,87,Arkansas,L,Cyan,Fall,3.7,Yes,Next Day Air,Yes,Yes,38,Debit Card,Bi-Weekly
876,43,Female,Dress,Clothing,27,Louisiana,S,Peach,Winter,3.2,No,Store Pickup,Yes,Yes,32,Venmo,Bi-Weekly
877,19,Female,Hat,Accessories,45,Tennessee,M,Charcoal,Winter,4.4,No,Store Pickup,No,No,17,PayPal,Fortnightly
878,48,Female,Jeans,Clothing,78,Louisiana,M,Pink,Fall,4.1,No,2-Day Shipping,Yes,Yes,20,Credit Card,Bi-Weekly
879,41,Male,Boots,Footwear,73,Idaho,XL,Charcoal,Winter,4.3,Yes,Free Shipping,Yes,Yes,8,Credit Card,Every 3 Months
880,39,Female,Sunglasses,Accessories,39,Maine,L,Beige,Summer,5.0,Yes,Store Pickup,No,No,14,PayPal,Monthly
881,53,Male,Jacket,Outerwear,26,Massachusetts,M,Maroon,Spring,2.6,No,Store Pickup,Yes,Yes,14,Bank Transfer,Monthly
882,68,Male,Hat,Accessories,99,Minnesota,M,Teal,Winter,4.9,No,Free Shipping,Yes,Yes,17,Venmo,Fortnightly
883,69,Male,Sandals,Footwear,91,Delaware,M,Yellow,Fall,3.1,Yes,Express,Yes,Yes,35,Credit Card,Weekly
884,62,Male,Blouse,Clothing,34,New Hampshire,M,Cyan,Spring,4.4,No,2-Day Shipping,No,No,40,PayPal,Quarterly
885,56,Male,Sweater,Clothing,32,Maine,L,Silver,Winter,4.2,No,Express,Yes,Yes,36,Venmo,Annually
886,47,Female,Skirt,Clothing,65,Vermont,M,Lavender,Spring,4.8,No,2-Day Shipping,Yes,Yes,29,PayPal,Monthly
887,42,Female,Socks,Clothing,40,North Carolina,S,Magenta,Spring,3.7,No,Standard,No,No,21,PayPal,Monthly
888,26,Female,Pants,Clothing,71,Ohio,M,Teal,Summer,3.5,No,Express,No,No,15,Venmo,Weekly
889,19,Male,Coat,Outerwear,92,West Virginia,M,Green,Summer,2.7,No,Free Shipping,No,No,11,Bank Transfer,Weekly
890,27,Male,Jacket,Outerwear,26,Minnesota,M,Turquoise,Summer,2.7,Yes,Express,Yes,Yes,41,Debit Card,Weekly
891,53,Male,Belt,Accessories,67,Texas,XL,Magenta,Winter,4.4,Yes,Next Day Air,Yes,Yes,50,Credit Card,Quarterly
892,68,Male,Jeans,Clothing,88,South Dakota,L,Peach,Summer,4.3,No,Standard,Yes,Yes,23,Venmo,Monthly
893,19,Female,Scarf,Accessories,81,California,L,Charcoal,Fall,3.9,Yes,Free Shipping,Yes,Yes,3,Debit Card,Bi-Weekly
894,70,Male,Sunglasses,Accessories,69,Kentucky,M,Orange,Winter,3.3,No,Next Day Air,No,No,35,Bank Transfer,Annually
895,35,Male,Sunglasses,Accessories,44,Arizona,M,Gold,Winter,3.8,No,Next Day Air,Yes,Yes,6,Venmo,Every 3 Months
896,54,Male,Handbag,Accessories,60,Maine,L,Gray,Fall,2.6,No,Standard,Yes,Yes,9,Cash,Every 3 Months
897,63,Female,Backpack,Accessories,100,Utah,M,Peach,Winter,4.3,No,Standard,No,No,35,PayPal,Every 3 Months
898,29,Male,Sneakers,Footwear,61,Oklahoma,XL,Charcoal,Winter,4.8,No,Standard,Yes,Yes,49,Cash,Bi-Weekly
899,65,Male,Blouse,Clothing,98,Mississippi,L,Lavender,Winter,2.8,No,Standard,No,No,30,Bank Transfer,Monthly
900,23,Female,Boots,Footwear,31,Maine,L,Beige,Fall,3.9,Yes,Store Pickup,No,No,7,Credit Card,Every 3 Months
901,19,Female,Jeans,Clothing,60,North Carolina,S,Lavender,Spring,3.5,No,Express,Yes,Yes,21,Venmo,Bi-Weekly
902,41,Male,Backpack,Accessories,52,California,M,Magenta,Winter,3.1,No,Store Pickup,No,No,39,Cash,Weekly
903,32,Male,Blouse,Clothing,37,New Jersey,M,Lavender,Fall,3.3,Yes,Standard,Yes,Yes,47,Venmo,Weekly
904,37,Male,Dress,Clothing,49,Iowa,L,Olive,Spring,3.6,No,Express,Yes,Yes,34,Bank Transfer,Weekly
905,19,Male,Coat,Outerwear,84,Florida,S,Purple,Winter,3.6,Yes,Store Pickup,No,No,26,Bank Transfer,Monthly
906,47,Female,Sandals,Footwear,54,Minnesota,M,Black,Spring,3.6,No,Standard,No,No,38,PayPal,Bi-Weekly
907,32,Male,Blouse,Clothing,62,Kansas,S,White,Spring,4.5,Yes,Next Day Air,No,No,10,Bank Transfer,Fortnightly
908,52,Female,Dress,Clothing,79,Alaska,M,Pink,Winter,4.5,No,Standard,No,No,34,Cash,Quarterly
909,57,Male,Handbag,Accessories,57,Idaho,M,Red,Summer,3.9,Yes,Express,Yes,Yes,47,PayPal,Bi-Weekly
910,21,Female,Sunglasses,Accessories,55,Maine,M,Beige,Summer,4.1,No,Store Pickup,Yes,Yes,35,PayPal,Weekly
911,55,Male,Belt,Accessories,78,Illinois,L,White,Winter,3.2,No,Express,No,No,14,Credit Card,Bi-Weekly
912,41,Male,Sweater,Clothing,45,Illinois,S,Peach,Spring,4.4,No,Free Shipping,No,No,8,Bank Transfer,Quarterly
913,63,Male,Shorts,Clothing,44,Nevada,L,Beige,Summer,4.6,No,Store Pickup,Yes,Yes,10,Cash,Monthly
914,55,Male,Sunglasses,Accessories,28,Delaware,M,Charcoal,Winter,2.5,No,Next Day Air,Yes,Yes,47,Venmo,Every 3 Months
915,67,Male,Jacket,Outerwear,65,Oklahoma,M,Yellow,Summer,4.8,No,Next Day Air,No,No,27,PayPal,Fortnightly
916,24,Female,Jacket,Outerwear,62,Oregon,S,Violet,Fall,2.5,No,Free Shipping,No,No,13,Cash,Weekly
917,66,Male,Shoes,Footwear,22,Arizona,S,Maroon,Winter,3.7,No,Store Pickup,Yes,Yes,49,PayPal,Quarterly
918,40,Male,Gloves,Accessories,92,Colorado,L,Black,Summer,4.1,Yes,Express,No,No,26,Venmo,Every 3 Months
919,56,Male,Sunglasses,Accessories,88,West Virginia,M,Lavender,Spring,4.9,No,Next Day Air,No,No,38,PayPal,Quarterly
920,35,Female,Belt,Accessories,81,Hawaii,L,Magenta,Spring,4.4,No,Free Shipping,Yes,Yes,29,Bank Transfer,Annually
921,68,Female,Belt,Accessories,56,Iowa,L,Peach,Fall,2.9,No,Free Shipping,Yes,Yes,3,Debit Card,Every 3 Months
922,62,Male,Handbag,Accessories,38,California,M,Pink,Fall,3.8,Yes,Free Shipping,Yes,Yes,33,PayPal,Every 3 Months
923,52,Male,Socks,Clothing,50,Iowa,M,Olive,Winter,3.8,No,2-Day Shipping,Yes,Yes,22,Cash,Weekly
924,51,Male,Dress,Clothing,40,Illinois,XL,Black,Fall,2.8,No,Express,No,No,44,Venmo,Weekly
925,54,Male,Hat,Accessories,100,Iowa,M,Green,Summer,3.7,No,2-Day Shipping,No,No,35,Cash,Fortnightly
926,39,Male,Handbag,Accessories,21,Utah,M,Gold,Spring,4.9,No,Free Shipping,No,No,15,Cash,Quarterly
927,31,Female,Dress,Clothing,48,Oklahoma,S,Charcoal,Winter,3.5,No,Standard,Yes,Yes,36,PayPal,Weekly
928,31,Male,Jewelry,Accessories,27,Colorado,XL,Green,Summer,4.1,No,Store Pickup,No,No,12,Cash,Monthly
929,54,Male,Scarf,Accessories,21,Tennessee,L,Yellow,Summer,4.3,No,Next Day Air,No,No,1,Cash,Bi-Weekly
930,33,Male,Blouse,Clothing,41,South Dakota,M,Red,Summer,4.2,No,Next Day Air,No,No,10,Venmo,Every 3 Months
931,69,Male,Sneakers,Footwear,43,Indiana,L,Black,Spring,4.3,No,Store Pickup,No,No,2,Debit Card,Quarterly
932,27,Male,Handbag,Accessories,28,Nevada,S,Peach,Winter,3.0,Yes,Standard,No,No,7,Credit Card,Every 3 Months
933,61,Male,Jacket,Outerwear,26,Wyoming,M,Lavender,Summer,2.9,No,Store Pickup,No,No,34,Bank Transfer,Fortnightly
934,59,Male,Sunglasses,Accessories,33,Nebraska,L,Indigo,Fall,2.6,No,Store Pickup,No,No,25,PayPal,Weekly
935,18,Male,Sandals,Footwear,81,Oregon,L,Black,Spring,4.3,Yes,Free Shipping,No,No,47,Credit Card,Fortnightly
936,42,Female,Shirt,Clothing,97,New Hampshire,M,White,Fall,2.5,Yes,Store Pickup,Yes,Yes,1,Cash,Bi-Weekly
937,41,Male,Hoodie,Clothing,46,Minnesota,M,Gray,Fall,3.9,Yes,Free Shipping,No,No,23,Credit Card,Weekly
938,30,Female,Jewelry,Accessories,30,Mississippi,M,Orange,Winter,3.1,No,2-Day Shipping,No,No,40,Credit Card,Monthly
939,65,Male,Skirt,Clothing,61,Missouri,M,Peach,Winter,4.4,Yes,2-Day Shipping,No,No,46,Credit Card,Bi-Weekly
940,57,Female,Belt,Accessories,83,Oklahoma,M,Cyan,Winter,2.8,No,Free Shipping,No,No,32,Venmo,Monthly
941,29,Female,Sneakers,Footwear,67,Wyoming,L,Peach,Fall,4.5,Yes,Free Shipping,No,No,29,Credit Card,Fortnightly
942,39,Male,Dress,Clothing,65,West Virginia,S,Magenta,Spring,3.4,No,2-Day Shipping,Yes,Yes,5,Credit Card,Fortnightly
943,56,Male,Belt,Accessories,24,Nevada,M,Silver,Fall,2.7,No,Free Shipping,Yes,Yes,31,PayPal,Quarterly
944,20,Male,Skirt,Clothing,24,Arkansas,L,Turquoise,Summer,4.6,No,Next Day Air,Yes,Yes,32,Credit Card,Every 3 Months
945,37,Male,Sunglasses,Accessories,23,North Carolina,M,Orange,Spring,4.5,No,Express,No,No,4,Venmo,Quarterly
946,70,Female,Sunglasses,Accessories,40,New York,M,Magenta,Spring,3.8,No,Store Pickup,No,No,6,Debit Card,Every 3 Months
947,57,Male,Hoodie,Clothing,88,New Jersey,S,Peach,Summer,4.2,No,Store Pickup,Yes,Yes,31,Cash,Bi-Weekly
948,28,Female,Handbag,Accessories,83,Ohio,M,Cyan,Spring,2.8,No,Store Pickup,No,No,34,Venmo,Annually
949,27,Male,Jewelry,Accessories,37,Alaska,M,Peach,Spring,2.7,No,Express,No,No,7,PayPal,Weekly
950,20,Male,Shoes,Footwear,63,Kansas,S,White,Winter,3.4,Yes,Standard,No,No,38,PayPal,Quarterly
951,21,Male,Skirt,Clothing,32,New Jersey,L,Brown,Spring,3.7,No,Express,No,No,49,Cash,Weekly
952,36,Male,Jacket,Outerwear,60,Maryland,L,Orange,Fall,4.0,No,Standard,No,No,23,Debit Card,Bi-Weekly
953,30,Male,Dress,Clothing,91,North Dakota,L,Red,Summer,2.7,Yes,Standard,Yes,Yes,50,PayPal,Monthly
954,47,Male,Scarf,Accessories,50,Delaware,M,Red,Summer,4.8,No,Next Day Air,No,No,36,Debit Card,Annually
955,57,Female,Boots,Footwear,51,Ohio,M,Magenta,Spring,3.0,Yes,2-Day Shipping,Yes,Yes,42,Debit Card,Monthly
956,67,Female,Handbag,Accessories,21,Massachusetts,L,Turquoise,Spring,3.1,No,Standard,Yes,Yes,28,Venmo,Annually
957,45,Female,Jewelry,Accessories,88,Missouri,M,Maroon,Fall,4.2,No,2-Day Shipping,No,No,20,Cash,Every 3 Months
958,49,Male,Dress,Clothing,69,Iowa,L,Gold,Spring,3.5,No,Next Day Air,No,No,17,PayPal,Weekly
959,69,Male,Backpack,Accessories,97,Utah,L,Olive,Winter,4.7,No,Store Pickup,No,No,31,PayPal,Every 3 Months
960,23,Male,Jewelry,Accessories,27,West Virginia,S,Olive,Summer,3.4,No,2-Day Shipping,Yes,Yes,19,Bank Transfer,Quarterly
961,34,Male,Jacket,Outerwear,82,Vermont,M,Gold,Summer,4.7,No,Free Shipping,No,No,25,Credit Card,Annually
962,32,Male,Gloves,Accessories,40,Ohio,XL,Gold,Winter,4.9,No,Standard,No,No,49,PayPal,Quarterly
963,21,Male,Belt,Accessories,76,South Carolina,L,Brown,Fall,3.2,Yes,2-Day Shipping,Yes,Yes,26,PayPal,Annually
964,31,Male,Gloves,Accessories,63,Florida,S,Silver,Summer,4.7,Yes,2-Day Shipping,Yes,Yes,41,Cash,Every 3 Months
965,54,Male,Handbag,Accessories,98,Alaska,S,Red,Winter,2.8,No,Free Shipping,Yes,Yes,48,Cash,Weekly
966,57,Male,Sandals,Footwear,43,Mississippi,L,Cyan,Fall,4.7,No,2-Day Shipping,Yes,Yes,15,Cash,Weekly
967,55,Male,Jewelry,Accessories,51,Texas,XL,Brown,Spring,2.6,No,Standard,Yes,Yes,34,PayPal,Quarterly
968,30,Female,Handbag,Accessories,54,Delaware,M,Indigo,Winter,3.5,No,2-Day Shipping,No,No,40,Credit Card,Weekly
969,57,Female,Jacket,Outerwear,26,South Dakota,L,Black,Spring,3.0,No,Standard,No,No,46,Debit Card,Monthly
970,31,Male,Jacket,Outerwear,43,Wyoming,M,Silver,Summer,2.8,No,Next Day Air,No,No,28,Cash,Weekly
971,27,Female,Blouse,Clothing,86,Oregon,M,Teal,Winter,4.5,No,2-Day Shipping,No,No,37,PayPal,Bi-Weekly
972,38,Male,Scarf,Accessories,40,Illinois,L,Silver,Winter,3.5,No,Store Pickup,Yes,Yes,1,Bank Transfer,Weekly
973,59,Male,Backpack,Accessories,25,Florida,M,Indigo,Fall,5.0,No,Standard,No,No,49,Bank Transfer,Monthly
974,66,Male,Sneakers,Footwear,63,Nevada,L,Olive,Winter,2.9,No,Free Shipping,No,No,19,Debit Card,Quarterly
975,62,Female,Scarf,Accessories,55,California,M,Teal,Summer,4.4,No,Store Pickup,Yes,Yes,14,Venmo,Bi-Weekly
976,32,Male,Jacket,Outerwear,74,Hawaii,L,Gold,Spring,3.9,No,Store Pickup,No,No,16,Debit Card,Fortnightly
977,48,Female,Scarf,Accessories,72,Nebraska,M,Purple,Fall,5.0,Yes,Store Pickup,Yes,Yes,22,Venmo,Weekly
978,21,Male,Skirt,Clothing,20,Tennessee,M,White,Winter,3.3,No,Free Shipping,Yes,Yes,20,PayPal,Bi-Weekly
979,39,Female,Sneakers,Footwear,88,Vermont,M,Indigo,Winter,2.8,No,Store Pickup,No,No,12,PayPal,Weekly
980,40,Male,Sweater,Clothing,36,Texas,M,Turquoise,Winter,3.6,Yes,Store Pickup,Yes,Yes,28,Bank Transfer,Weekly
981,55,Male,Sunglasses,Accessories,51,Missouri,M,Gray,Summer,4.6,No,Next Day Air,No,No,47,Debit Card,Every 3 Months
982,52,Male,Dress,Clothing,81,Oregon,M,Brown,Fall,3.0,No,Next Day Air,No,No,21,Credit Card,Monthly
983,66,Female,Dress,Clothing,100,Nebraska,M,Magenta,Winter,3.4,No,2-Day Shipping,No,No,30,Credit Card,Fortnightly
984,47,Female,Jacket,Outerwear,74,Arizona,M,Charcoal,Spring,4.7,No,2-Day Shipping,No,No,16,PayPal,Every 3 Months
985,44,Male,Pants,Clothing,54,New York,M,Pink,Spring,2.7,Yes,Store Pickup,Yes,Yes,20,Bank Transfer,Bi-Weekly
986,56,Male,Coat,Outerwear,69,New York,M,Brown,Spring,4.8,No,2-Day Shipping,Yes,Yes,43,Cash,Every 3 Months
987,58,Female,Sunglasses,Accessories,26,South Dakota,M,Maroon,Fall,2.8,Yes,Free Shipping,Yes,Yes,14,PayPal,Fortnightly
988,45,Female,Shoes,Footwear,40,California,S,Charcoal,Fall,2.6,Yes,Express,No,No,18,Credit Card,Fortnightly
989,70,Male,Hoodie,Clothing,85,Vermont,M,Charcoal,Winter,4.9,No,Next Day Air,No,No,3,Venmo,Monthly
990,52,Male,Dress,Clothing,48,Rhode Island,L,Cyan,Fall,3.9,No,Next Day Air,Yes,Yes,18,Credit Card,Quarterly
991,57,Male,Pants,Clothing,35,Hawaii,L,Brown,Winter,2.8,No,Express,Yes,Yes,37,Venmo,Weekly
992,32,Male,Hat,Accessories,91,California,S,Pink,Summer,3.3,Yes,Free Shipping,No,No,18,PayPal,Every 3 Months
993,32,Female,Dress,Clothing,57,South Carolina,M,Gray,Winter,2.8,Yes,Store Pickup,Yes,Yes,10,Cash,Bi-Weekly
994,31,Female,Skirt,Clothing,48,Hawaii,M,Teal,Spring,3.6,No,Free Shipping,Yes,Yes,22,Credit Card,Weekly
995,53,Male,Belt,Accessories,50,Vermont,M,Brown,Winter,2.9,No,2-Day Shipping,Yes,Yes,22,PayPal,Every 3 Months
996,40,Male,Scarf,Accessories,59,Nebraska,M,Red,Winter,3.6,No,2-Day Shipping,No,No,5,Bank Transfer,Fortnightly
997,27,Male,Shorts,Clothing,87,Iowa,S,Olive,Winter,3.5,No,Express,No,No,43,Credit Card,Weekly
998,32,Female,Skirt,Clothing,52,Wyoming,L,Beige,Fall,2.8,No,Standard,No,No,29,Debit Card,Monthly
999,62,Male,Hoodie,Clothing,84,New York,M,Peach,Fall,4.8,Yes,Store Pickup,No,No,5,Cash,Every 3 Months
1000,41,Female,Jeans,Clothing,90,North Dakota,L,Green,Winter,4.6,Yes,Express,No,No,37,PayPal,Monthly
1001,45,Male,Sandals,Footwear,96,Vermont,S,Pink,Fall,3.3,No,Standard,Yes,Yes,31,Venmo,Bi-Weekly
1002,27,Male,Boots,Footwear,67,Arkansas,S,Turquoise,Fall,5.0,No,2-Day Shipping,Yes,Yes,42,PayPal,Bi-Weekly
1003,55,Male,Hat,Accessories,100,New York,M,Green,Spring,2.7,No,Standard,No,No,35,Cash,Annually
1004,37,Male,Shoes,Footwear,72,Ohio,M,Red,Winter,4.5,No,Standard,No,No,30,Debit Card,Quarterly
1005,39,Female,Blouse,Clothing,20,Illinois,M,Green,Fall,4.7,No,Free Shipping,Yes,Yes,46,Bank Transfer,Fortnightly
1006,40,Male,Handbag,Accessories,21,Maine,L,Brown,Winter,4.4,No,Standard,No,No,29,Debit Card,Fortnightly
1007,33,Male,Sandals,Footwear,53,Kentucky,M,Purple,Summer,4.6,No,Express,No,No,17,PayPal,Weekly
1008,62,Male,Hoodie,Clothing,70,Maryland,XL,Red,Summer,4.0,No,Free Shipping,Yes,Yes,25,PayPal,Every 3 Months
1009,29,Male,Shoes,Footwear,69,North Dakota,M,Brown,Fall,3.9,No,Express,Yes,Yes,45,PayPal,Monthly
1010,32,Male,Pants,Clothing,91,Alaska,L,Olive,Summer,2.8,Yes,Store Pickup,No,No,4,Credit Card,Bi-Weekly
1011,61,Male,Shoes,Footwear,66,Texas,L,Pink,Winter,2.7,No,Next Day Air,Yes,Yes,30,Credit Card,Weekly
1012,69,Male,Jewelry,Accessories,54,Tennessee,M,Pink,Summer,4.3,No,Standard,No,No,14,Debit Card,Annually
1013,70,Female,Backpack,Accessories,91,New York,M,Orange,Fall,4.5,No,Express,No,No,30,Bank Transfer,Every 3 Months
1014,57,Male,Belt,Accessories,53,Arizona,M,Olive,Winter,4.8,Yes,Store Pickup,Yes,Yes,21,Credit Card,Monthly
1015,42,Male,Shoes,Footwear,58,New Jersey,M,Beige,Fall,4.5,Yes,Free Shipping,Yes,Yes,39,Bank Transfer,Bi-Weekly
1016,49,Male,Shoes,Footwear,47,Alabama,M,Purple,Spring,2.7,Yes,Store Pickup,No,No,1,Bank Transfer,Bi-Weekly
1017,45,Male,Skirt,Clothing,100,Kentucky,XL,Yellow,Fall,3.6,No,Free Shipping,No,No,47,Cash,Annually
1018,27,Male,Jewelry,Accessories,64,New York,XL,White,Winter,4.0,No,Free Shipping,Yes,Yes,27,Debit Card,Fortnightly
1019,48,Female,Scarf,Accessories,77,South Dakota,M,Silver,Summer,4.2,No,Next Day Air,Yes,Yes,14,Venmo,Bi-Weekly
1020,34,Male,Handbag,Accessories,33,Mississippi,M,Purple,Winter,2.7,No,Express,No,No,30,PayPal,Bi-Weekly
1021,61,Female,Jewelry,Accessories,81,Indiana,M,Peach,Winter,4.4,No,Express,Yes,Yes,23,Debit Card,Every 3 Months
1022,60,Female,Jacket,Outerwear,63,Kansas,M,Yellow,Spring,3.4,Yes,Free Shipping,No,No,13,PayPal,Annually
1023,50,Male,Socks,Clothing,36,Tennessee,L,Peach,Summer,3.0,No,Free Shipping,Yes,Yes,34,Debit Card,Bi-Weekly
1024,43,Female,Sneakers,Footwear,86,Florida,M,Red,Winter,3.5,Yes,Next Day Air,Yes,Yes,42,Venmo,Monthly
1025,37,Male,Dress,Clothing,37,Texas,L,Lavender,Spring,4.7,No,2-Day Shipping,No,No,27,PayPal,Quarterly
1026,36,Female,Hat,Accessories,59,Mississippi,S,Green,Spring,2.7,No,Express,Yes,Yes,4,PayPal,Bi-Weekly
1027,50,Male,Sandals,Footwear,84,Alabama,L,Green,Spring,4.9,No,Store Pickup,No,No,43,Debit Card,Quarterly
1028,42,Male,Jacket,Outerwear,36,North Carolina,S,Green,Fall,2.6,Yes,Free Shipping,No,No,46,Cash,Quarterly
1029,22,Male,Coat,Outerwear,45,Nevada,L,Lavender,Winter,4.9,No,Standard,No,No,37,PayPal,Fortnightly
1030,47,Male,Hoodie,Clothing,36,Utah,XL,Pink,Summer,3.7,No,Next Day Air,No,No,42,Cash,Weekly
1031,45,Male,Sandals,Footwear,65,Colorado,L,Silver,Summer,3.8,Yes,Standard,No,No,35,PayPal,Monthly
1032,61,Male,Boots,Footwear,27,Maine,M,Magenta,Summer,4.4,No,Standard,No,No,38,Credit Card,Annually
1033,38,Female,Pants,Clothing,66,Indiana,M,Black,Summer,4.7,Yes,Store Pickup,No,No,18,Bank Transfer,Weekly
1034,56,Female,Socks,Clothing,90,Montana,L,Black,Spring,3.2,Yes,Free Shipping,No,No,32,Venmo,Monthly
1035,65,Male,Scarf,Accessories,34,Kansas,XL,Purple,Summer,3.4,No,2-Day Shipping,No,No,15,Cash,Bi-Weekly
1036,45,Female,Backpack,Accessories,81,North Dakota,XL,Maroon,Spring,3.7,No,Next Day Air,No,No,4,Debit Card,Weekly
1037,37,Male,Belt,Accessories,68,Georgia,M,Teal,Winter,3.1,Yes,Express,No,No,15,Venmo,Weekly
1038,58,Male,Hat,Accessories,96,Rhode Island,S,Olive,Summer,4.9,No,Express,Yes,Yes,42,Cash,Quarterly
1039,52,Male,Belt,Accessories,74,West Virginia,M,Lavender,Summer,3.7,No,Free Shipping,Yes,Yes,11,Credit Card,Weekly
1040,61,Male,Sneakers,Footwear,38,Oklahoma,L,Yellow,Summer,3.6,Yes,Standard,No,No,29,Debit Card,Quarterly
1041,35,Female,Sneakers,Footwear,67,Hawaii,M,Silver,Summer,3.3,Yes,Store Pickup,No,No,30,Debit Card,Weekly
1042,64,Male,Hat,Accessories,37,Kansas,L,Indigo,Fall,2.9,No,2-Day Shipping,Yes,Yes,36,Cash,Weekly
1043,63,Female,Sunglasses,Accessories,95,Alaska,M,Magenta,Spring,4.8,No,Next Day Air,Yes,Yes,13,Bank Transfer,Annually
1044,35,Female,Coat,Outerwear,62,Alabama,S,Magenta,Spring,4.6,No,Free Shipping,No,No,29,Cash,Annually
1045,40,Male,Sneakers,Footwear,78,Texas,M,Teal,Fall,4.0,No,Express,No,No,49,Cash,Weekly
1046,28,Male,Jewelry,Accessories,85,Wyoming,S,Orange,Winter,4.5,No,Standard,No,No,27,Bank Transfer,Bi-Weekly
1047,22,Male,Boots,Footwear,79,Rhode Island,S,Violet,Winter,4.6,No,Store Pickup,Yes,Yes,48,Bank Transfer,Every 3 Months
1048,42,Male,Socks,Clothing,58,Massachusetts,M,Green,Spring,3.8,No,Free Shipping,No,No,34,PayPal,Bi-Weekly
1049,18,Male,Jacket,Outerwear,98,Indiana,L,Olive,Winter,4.1,Yes,Next Day Air,Yes,Yes,45,Cash,Weekly
1050,35,Male,Dress,Clothing,94,Wyoming,S,Maroon,Fall,3.4,No,Free Shipping,Yes,Yes,31,Venmo,Monthly
1051,32,Male,Backpack,Accessories,67,Arizona,M,Turquoise,Spring,3.9,Yes,Free Shipping,No,No,32,Debit Card,Every 3 Months
1052,20,Male,Dress,Clothing,62,Utah,XL,Turquoise,Winter,3.1,Yes,Free Shipping,No,No,3,Bank Transfer,Weekly
1053,63,Female,Hoodie,Clothing,45,Arizona,M,Yellow,Winter,3.0,Yes,Next Day Air,No,No,49,Cash,Quarterly
1054,55,Male,Skirt,Clothing,25,North Carolina,S,Yellow,Summer,3.1,No,Standard,Yes,Yes,24,Bank Transfer,Weekly
1055,57,Male,Coat,Outerwear,100,Montana,M,Red,Fall,2.7,No,Next Day Air,Yes,Yes,33,Debit Card,Bi-Weekly
1056,62,Male,Shoes,Footwear,25,Maryland,L,Red,Winter,3.0,Yes,Free Shipping,Yes,Yes,17,PayPal,Weekly
1057,35,Female,Belt,Accessories,27,Maine,M,Maroon,Fall,4.6,No,Free Shipping,Yes,Yes,1,PayPal,Monthly
1058,47,Female,Scarf,Accessories,69,Missouri,M,Gold,Spring,4.6,No,Next Day Air,No,No,6,Debit Card,Monthly
1059,41,Male,Blouse,Clothing,81,Illinois,XL,Magenta,Fall,3.7,No,Standard,No,No,10,Cash,Fortnightly
1060,45,Male,Shirt,Clothing,84,Idaho,L,Charcoal,Spring,4.9,No,2-Day Shipping,Yes,Yes,21,Venmo,Quarterly
1061,66,Female,Sneakers,Footwear,92,Alaska,L,Purple,Winter,4.8,Yes,Store Pickup,Yes,Yes,27,Venmo,Annually
1062,64,Male,Scarf,Accessories,29,South Carolina,XL,Black,Fall,4.5,No,Store Pickup,No,No,5,PayPal,Fortnightly
1063,55,Male,Shirt,Clothing,82,South Dakota,L,Lavender,Fall,2.6,No,Express,Yes,Yes,8,PayPal,Bi-Weekly
1064,54,Male,Gloves,Accessories,38,Kentucky,L,Gray,Summer,3.8,No,Express,No,No,6,Venmo,Monthly
1065,21,Male,Hat,Accessories,83,Georgia,S,Lavender,Spring,4.9,No,2-Day Shipping,No,No,29,Debit Card,Annually
1066,40,Female,Belt,Accessories,21,Alaska,L,Cyan,Summer,3.2,No,Next Day Air,Yes,Yes,9,Cash,Bi-Weekly
1067,64,Male,Dress,Clothing,76,Iowa,S,Silver,Spring,2.8,No,Express,No,No,48,PayPal,Fortnightly
1068,58,Male,Coat,Outerwear,73,North Dakota,M,White,Spring,4.0,No,Free Shipping,No,No,8,PayPal,Weekly
1069,31,Male,Shorts,Clothing,23,Ohio,S,Silver,Winter,2.8,Yes,Express,Yes,Yes,3,Venmo,Fortnightly
1070,47,Female,Shorts,Clothing,67,Nevada,M,Black,Fall,3.8,No,Standard,Yes,Yes,17,Debit Card,Every 3 Months
1071,69,Female,Shoes,Footwear,95,Kentucky,S,Red,Summer,4.0,Yes,Store Pickup,No,No,26,Cash,Fortnightly
1072,60,Male,Belt,Accessories,33,South Carolina,L,Olive,Summer,4.9,No,Free Shipping,No,No,15,Credit Card,Annually
1073,56,Male,Hoodie,Clothing,83,Missouri,L,Yellow,Spring,2.5,No,Free Shipping,Yes,Yes,32,Cash,Weekly
1074,32,Male,Jeans,Clothing,37,Oklahoma,XL,Charcoal,Fall,3.3,No,Next Day Air,No,No,38,PayPal,Weekly
1075,49,Male,Hoodie,Clothing,72,Louisiana,L,Pink,Spring,4.6,No,2-Day Shipping,Yes,Yes,3,Debit Card,Weekly
1076,35,Male,Sneakers,Footwear,40,Maine,S,Beige,Fall,2.7,No,Next Day Air,No,No,23,Cash,Monthly
1077,50,Female,Belt,Accessories,73,South Carolina,M,Gray,Summer,3.5,No,Next Day Air,Yes,Yes,31,Debit Card,Fortnightly
1078,36,Female,Backpack,Accessories,78,South Carolina,S,Charcoal,Winter,2.6,No,Next Day Air,Yes,Yes,33,Credit Card,Monthly
1079,24,Male,Jewelry,Accessories,21,Oklahoma,M,Gold,Winter,3.7,No,Next Day Air,Yes,Yes,41,PayPal,Annually
1080,25,Male,Hoodie,Clothing,82,Minnesota,XL,Charcoal,Winter,4.9,No,Express,Yes,Yes,31,Cash,Monthly
1081,50,Male,Hoodie,Clothing,58,Idaho,M,Green,Spring,3.9,No,Standard,No,No,1,Venmo,Annually
1082,25,Male,Sandals,Footwear,70,Illinois,S,Gold,Fall,2.8,No,Standard,No,No,47,Venmo,Bi-Weekly
1083,34,Male,Dress,Clothing,84,Utah,M,Brown,Summer,3.9,No,2-Day Shipping,Yes,Yes,12,Credit Card,Every 3 Months
1084,29,Male,Skirt,Clothing,70,Illinois,L,Gray,Winter,4.2,No,2-Day Shipping,Yes,Yes,45,Debit Card,Fortnightly
1085,55,Female,Backpack,Accessories,56,South Carolina,M,Violet,Fall,5.0,Yes,Standard,No,No,10,Venmo,Every 3 Months
1086,32,Male,Sandals,Footwear,81,Wyoming,M,Teal,Spring,3.8,Yes,Express,No,No,26,PayPal,Fortnightly
1087,67,Male,Scarf,Accessories,55,New York,M,Teal,Winter,4.5,No,Standard,No,No,33,Bank Transfer,Weekly
1088,64,Female,Dress,Clothing,75,Vermont,L,Yellow,Summer,3.1,Yes,Next Day Air,Yes,Yes,7,PayPal,Annually
1089,47,Female,Hoodie,Clothing,48,Vermont,M,Brown,Spring,3.4,Yes,Store Pickup,No,No,8,Cash,Every 3 Months
1090,19,Male,Gloves,Accessories,35,Massachusetts,M,Beige,Spring,2.7,Yes,2-Day Shipping,Yes,Yes,2,Credit Card,Annually
1091,37,Female,Sweater,Clothing,44,New Hampshire,L,Teal,Summer,4.5,Yes,2-Day Shipping,Yes,Yes,2,Bank Transfer,Every 3 Months
1092,55,Male,Scarf,Accessories,70,Maryland,M,Charcoal,Winter,3.2,No,Next Day Air,No,No,14,Debit Card,Weekly
1093,21,Female,Belt,Accessories,80,New Hampshire,L,Charcoal,Fall,2.5,No,Store Pickup,Yes,Yes,21,Bank Transfer,Every 3 Months
1094,58,Male,Handbag,Accessories,99,New Jersey,S,Magenta,Winter,4.2,No,Standard,Yes,Yes,20,Debit Card,Every 3 Months
1095,49,Male,Sneakers,Footwear,45,Georgia,L,Charcoal,Winter,3.7,Yes,Standard,No,No,9,Debit Card,Quarterly
1096,59,Female,Hoodie,Clothing,30,Arizona,M,Maroon,Spring,3.1,No,Next Day Air,No,No,3,PayPal,Monthly
1097,22,Female,Hoodie,Clothing,57,New Hampshire,L,Cyan,Fall,2.8,Yes,2-Day Shipping,No,No,41,Credit Card,Bi-Weekly
1098,36,Male,Sunglasses,Accessories,70,Georgia,S,Orange,Spring,3.0,Yes,Store Pickup,No,No,3,Debit Card,Quarterly
1099,48,Male,Coat,Outerwear,45,North Carolina,S,Pink,Fall,3.7,No,Standard,No,No,33,Credit Card,Quarterly
1100,21,Female,Shirt,Clothing,70,Mississippi,M,Orange,Spring,4.4,Yes,Next Day Air,Yes,Yes,24,Bank Transfer,Monthly
1101,66,Male,Jewelry,Accessories,84,Texas,S,Olive,Fall,4.3,No,Standard,No,No,35,PayPal,Weekly
1102,26,Male,Sandals,Footwear,88,West Virginia,S,Brown,Fall,3.3,No,Standard,Yes,Yes,36,Credit Card,Annually
1103,48,Female,Sneakers,Footwear,40,South Dakota,M,Gold,Spring,3.2,Yes,Store Pickup,Yes,Yes,49,Debit Card,Every 3 Months
1104,35,Male,Belt,Accessories,83,Minnesota,M,Teal,Winter,2.6,Yes,Standard,Yes,Yes,31,Cash,Quarterly
1105,62,Male,Skirt,Clothing,71,Idaho,M,Black,Summer,4.2,No,2-Day Shipping,No,No,22,PayPal,Monthly
1106,59,Male,Dress,Clothing,50,Idaho,S,Silver,Winter,2.6,No,Standard,No,No,35,Bank Transfer,Monthly
1107,63,Female,Coat,Outerwear,67,New York,M,Lavender,Spring,3.8,No,Next Day Air,No,No,22,Credit Card,Monthly
1108,68,Male,Scarf,Accessories,28,Idaho,S,Green,Spring,2.8,No,Standard,Yes,Yes,19,Venmo,Quarterly
1109,27,Male,Shoes,Footwear,54,Illinois,M,Purple,Summer,3.6,No,Store Pickup,No,No,47,Bank Transfer,Every 3 Months
1110,46,Male,Shoes,Footwear,100,Ohio,L,Green,Fall,2.6,No,Express,No,No,5,PayPal,Annually
1111,48,Female,Pants,Clothing,86,Indiana,L,Gold,Spring,3.0,No,Free Shipping,Yes,Yes,41,Credit Card,Weekly
1112,38,Female,Jacket,Outerwear,46,Colorado,S,Black,Winter,4.4,No,Store Pickup,Yes,Yes,42,Bank Transfer,Monthly
1113,18,Male,Shorts,Clothing,71,Kansas,S,Charcoal,Fall,4.6,No,Free Shipping,Yes,Yes,29,Cash,Fortnightly
1114,46,Male,Sandals,Footwear,71,Colorado,XL,Orange,Winter,3.3,Yes,Next Day Air,No,No,7,Venmo,Quarterly
1115,55,Male,Jeans,Clothing,69,Maryland,XL,Beige,Summer,3.7,No,2-Day Shipping,Yes,Yes,20,PayPal,Bi-Weekly
1116,34,Male,Belt,Accessories,33,Oklahoma,L,Maroon,Spring,4.9,Yes,Store Pickup,Yes,Yes,5,Venmo,Bi-Weekly
1117,30,Male,Jacket,Outerwear,90,Massachusetts,M,Gray,Fall,3.7,No,Free Shipping,No,No,23,Credit Card,Bi-Weekly
1118,44,Male,Shirt,Clothing,64,California,M,Cyan,Winter,2.5,Yes,2-Day Shipping,Yes,Yes,46,PayPal,Fortnightly
1119,49,Male,Shirt,Clothing,36,Florida,L,Green,Fall,3.3,Yes,Standard,No,No,6,PayPal,Every 3 Months
1120,36,Male,Boots,Footwear,63,Massachusetts,M,Black,Spring,4.9,No,Store Pickup,No,No,10,Venmo,Every 3 Months
1121,32,Female,Jacket,Outerwear,91,Kentucky,S,Red,Fall,3.8,Yes,Standard,No,No,49,Credit Card,Quarterly
1122,32,Male,Shirt,Clothing,100,North Carolina,M,Indigo,Winter,3.8,No,Standard,Yes,Yes,8,Debit Card,Bi-Weekly
1123,48,Male,Dress,Clothing,46,West Virginia,M,Gray,Spring,4.9,No,2-Day Shipping,No,No,1,PayPal,Annually
1124,67,Male,Hat,Accessories,91,Idaho,L,Green,Fall,4.9,Yes,Free Shipping,No,No,9,Cash,Monthly
1125,66,Male,Jacket,Outerwear,74,Tennessee,XL,Red,Fall,3.7,No,Standard,Yes,Yes,10,Debit Card,Bi-Weekly
1126,32,Male,Scarf,Accessories,28,Nebraska,M,Indigo,Spring,4.5,No,Store Pickup,Yes,Yes,25,PayPal,Fortnightly
1127,26,Female,Shoes,Footwear,79,Vermont,M,Silver,Spring,3.8,No,Store Pickup,Yes,Yes,5,Bank Transfer,Bi-Weekly
1128,61,Male,Sweater,Clothing,38,Colorado,M,Orange,Fall,3.9,No,Standard,Yes,Yes,50,Credit Card,Annually
1129,22,Male,Gloves,Accessories,61,Louisiana,M,Green,Fall,2.5,No,Standard,Yes,Yes,41,Credit Card,Bi-Weekly
1130,30,Male,Sweater,Clothing,96,Utah,S,Magenta,Fall,3.2,No,Free Shipping,Yes,Yes,15,Venmo,Weekly
1131,58,Male,Boots,Footwear,72,Minnesota,S,Charcoal,Spring,4.1,Yes,Store Pickup,Yes,Yes,3,Bank Transfer,Bi-Weekly
1132,18,Male,Shorts,Clothing,33,Tennessee,L,Silver,Spring,2.7,Yes,Next Day Air,Yes,Yes,49,Bank Transfer,Every 3 Months
1133,40,Male,Sweater,Clothing,44,New York,XL,Orange,Spring,2.5,No,Standard,Yes,Yes,35,Cash,Monthly
1134,52,Female,Gloves,Accessories,20,Idaho,S,Gold,Fall,5.0,No,Express,Yes,Yes,39,Cash,Quarterly
1135,39,Female,Hoodie,Clothing,94,North Dakota,S,Purple,Winter,3.9,No,Standard,No,No,30,Debit Card,Annually
1136,63,Female,Belt,Accessories,67,Nevada,M,Charcoal,Spring,4.5,No,Store Pickup,Yes,Yes,20,Cash,Quarterly
1137,35,Male,Gloves,Accessories,53,California,M,Gold,Winter,3.4,No,Express,No,No,9,Venmo,Quarterly
1138,35,Male,Pants,Clothing,52,Rhode Island,M,Orange,Winter,4.9,No,2-Day Shipping,Yes,Yes,12,Venmo,Every 3 Months
1139,59,Male,Jewelry,Accessories,72,Indiana,XL,Purple,Summer,3.3,Yes,Next Day Air,No,No,44,PayPal,Every 3 Months
1140,38,Male,Shorts,Clothing,67,Indiana,M,White,Fall,4.9,No,Free Shipping,Yes,Yes,15,Bank Transfer,Quarterly
1141,34,Male,Coat,Outerwear,77,Utah,M,Green,Spring,3.2,No,Standard,No,No,7,PayPal,Weekly
1142,32,Male,Jacket,Outerwear,33,Massachusetts,S,Yellow,Spring,3.5,Yes,Store Pickup,No,No,20,Debit Card,Quarterly
1143,19,Male,Jeans,Clothing,59,Colorado,S,Lavender,Fall,3.6,No,2-Day Shipping,No,No,15,Venmo,Bi-Weekly
1144,55,Female,Shoes,Footwear,90,Delaware,S,Black,Winter,3.4,Yes,Express,No,No,48,Cash,Bi-Weekly
1145,53,Male,Sandals,Footwear,42,Kansas,XL,Pink,Spring,4.2,No,Express,Yes,Yes,39,PayPal,Weekly
1146,40,Female,Scarf,Accessories,40,Indiana,M,Maroon,Spring,3.2,No,Standard,No,No,6,Debit Card,Quarterly
1147,56,Male,Dress,Clothing,25,Montana,XL,Green,Fall,4.3,No,Express,Yes,Yes,23,Venmo,Every 3 Months
1148,54,Male,Jeans,Clothing,57,Missouri,S,Gold,Spring,2.8,No,Standard,Yes,Yes,48,Bank Transfer,Every 3 Months
1149,70,Female,Jacket,Outerwear,45,Vermont,S,Gold,Winter,3.9,No,2-Day Shipping,Yes,Yes,24,Venmo,Monthly
1150,52,Male,Backpack,Accessories,96,Oregon,M,Silver,Spring,2.6,Yes,Free Shipping,Yes,Yes,45,Debit Card,Bi-Weekly
1151,20,Male,Gloves,Accessories,33,New Hampshire,L,Olive,Spring,2.7,No,Store Pickup,Yes,Yes,1,Venmo,Annually
1152,20,Female,Scarf,Accessories,100,Iowa,M,Pink,Spring,3.1,No,Store Pickup,No,No,30,Credit Card,Every 3 Months
1153,43,Male,Dress,Clothing,28,South Dakota,L,Gold,Spring,3.7,Yes,Express,No,No,19,Bank Transfer,Weekly
1154,45,Male,Scarf,Accessories,29,Missouri,L,Olive,Fall,3.5,No,Next Day Air,Yes,Yes,42,PayPal,Weekly
1155,70,Male,Boots,Footwear,85,New Jersey,S,Gold,Spring,4.8,Yes,2-Day Shipping,No,No,36,Cash,Annually
1156,36,Male,Hat,Accessories,36,Maine,L,Pink,Spring,4.1,Yes,Store Pickup,Yes,Yes,27,PayPal,Every 3 Months
1157,55,Female,Dress,Clothing,34,Tennessee,S,Red,Fall,2.8,Yes,Store Pickup,Yes,Yes,19,Credit Card,Weekly
1158,55,Female,Jewelry,Accessories,62,Ohio,M,Black,Spring,3.6,No,Express,Yes,Yes,47,Cash,Quarterly
1159,67,Female,Boots,Footwear,32,Ohio,S,Magenta,Winter,3.4,No,Standard,No,No,14,Debit Card,Monthly
1160,41,Male,Coat,Outerwear,84,Nevada,M,Brown,Fall,4.6,No,Store Pickup,No,No,41,Debit Card,Fortnightly
1161,33,Male,Boots,Footwear,29,North Dakota,M,Yellow,Winter,4.6,No,Store Pickup,No,No,4,PayPal,Monthly
1162,53,Male,Sweater,Clothing,23,Kentucky,M,Indigo,Summer,3.0,No,2-Day Shipping,No,No,18,Venmo,Weekly
1163,43,Male,Handbag,Accessories,61,Kansas,M,Olive,Summer,3.3,No,2-Day Shipping,No,No,7,Credit Card,Weekly
1164,46,Female,Hat,Accessories,75,Ohio,XL,Silver,Winter,3.1,No,Express,Yes,Yes,9,PayPal,Weekly
1165,36,Male,Coat,Outerwear,68,Alabama,M,Black,Spring,3.6,No,2-Day Shipping,No,No,17,Venmo,Monthly
1166,35,Female,Hoodie,Clothing,64,Tennessee,L,Orange,Fall,4.7,No,Store Pickup,Yes,Yes,40,Debit Card,Every 3 Months
1167,58,Male,Sandals,Footwear,27,New York,L,Beige,Spring,4.5,No,Express,No,No,34,Cash,Weekly
1168,61,Male,Shoes,Footwear,32,Maryland,M,Magenta,Spring,2.7,No,Store Pickup,No,No,33,PayPal,Bi-Weekly
1169,27,Female,Skirt,Clothing,58,South Dakota,S,Green,Summer,4.1,No,Express,Yes,Yes,44,Venmo,Weekly
1170,55,Male,Scarf,Accessories,45,Utah,S,Gray,Winter,4.8,No,2-Day Shipping,No,No,5,Cash,Fortnightly
1171,30,Male,Jacket,Outerwear,85,Rhode Island,L,Red,Winter,4.4,Yes,Free Shipping,Yes,Yes,15,Bank Transfer,Fortnightly
1172,42,Female,Shoes,Footwear,27,Texas,M,Black,Winter,3.5,No,Store Pickup,Yes,Yes,30,Bank Transfer,Fortnightly
1173,59,Male,Sunglasses,Accessories,89,Alaska,L,Pink,Winter,4.5,No,Free Shipping,Yes,Yes,44,PayPal,Annually
1174,30,Male,Shorts,Clothing,89,Arkansas,S,Orange,Winter,3.2,No,2-Day Shipping,No,No,35,Bank Transfer,Bi-Weekly
1175,35,Male,Scarf,Accessories,35,Rhode Island,M,Black,Summer,4.0,Yes,Free Shipping,Yes,Yes,24,Venmo,Bi-Weekly
1176,53,Male,Belt,Accessories,85,Massachusetts,L,Peach,Summer,4.0,Yes,Express,Yes,Yes,44,Bank Transfer,Every 3 Months
1177,36,Female,Dress,Clothing,69,South Dakota,M,Olive,Fall,3.4,No,Free Shipping,Yes,Yes,40,Debit Card,Every 3 Months
1178,58,Male,Jeans,Clothing,87,Alaska,S,Maroon,Spring,4.8,No,Standard,Yes,Yes,38,Cash,Annually
1179,37,Female,Jacket,Outerwear,46,Idaho,XL,Olive,Spring,4.9,Yes,Next Day Air,Yes,Yes,10,Bank Transfer,Weekly
1180,53,Male,Sunglasses,Accessories,38,Oklahoma,S,Lavender,Winter,3.5,No,Free Shipping,No,No,39,Bank Transfer,Bi-Weekly
1181,64,Male,Hat,Accessories,69,Wyoming,L,Maroon,Summer,4.7,Yes,Next Day Air,Yes,Yes,37,Venmo,Quarterly
1182,54,Male,Dress,Clothing,98,Nevada,L,Beige,Winter,3.0,No,Standard,Yes,Yes,28,Cash,Annually
1183,39,Male,Jewelry,Accessories,94,Montana,XL,Pink,Fall,3.1,No,Standard,Yes,Yes,16,Credit Card,Every 3 Months
1184,40,Male,Jacket,Outerwear,95,Minnesota,M,Silver,Fall,4.1,No,Store Pickup,No,No,34,PayPal,Weekly
1185,18,Male,Dress,Clothing,60,South Dakota,S,Beige,Spring,3.1,No,Store Pickup,Yes,Yes,31,Venmo,Fortnightly
1186,28,Male,Hoodie,Clothing,29,Ohio,M,Purple,Fall,3.7,No,Express,Yes,Yes,15,Debit Card,Every 3 Months
1187,19,Male,Belt,Accessories,78,Alabama,M,Brown,Summer,5.0,No,2-Day Shipping,No,No,12,Venmo,Annually
1188,69,Male,Coat,Outerwear,68,Maryland,L,Yellow,Spring,3.6,No,Free Shipping,Yes,Yes,24,PayPal,Every 3 Months
1189,20,Male,Coat,Outerwear,67,Colorado,M,Peach,Spring,3.2,Yes,Next Day Air,Yes,Yes,29,Debit Card,Every 3 Months
1190,60,Male,Shirt,Clothing,79,Maine,M,Brown,Spring,4.2,No,2-Day Shipping,No,No,10,Venmo,Bi-Weekly
1191,53,Male,Pants,Clothing,79,Ohio,M,Beige,Summer,4.6,Yes,Store Pickup,No,No,45,PayPal,Monthly
1192,61,Male,Shoes,Footwear,42,West Virginia,L,Purple,Winter,2.9,Yes,Next Day Air,No,No,14,Venmo,Weekly
1193,43,Male,Skirt,Clothing,33,West Virginia,L,Maroon,Summer,4.2,Yes,Free Shipping,No,No,13,Debit Card,Weekly
1194,41,Female,Boots,Footwear,91,Indiana,L,Gray,Fall,3.4,No,Store Pickup,Yes,Yes,42,Cash,Quarterly
1195,22,Male,Shirt,Clothing,98,New York,XL,Charcoal,Fall,4.4,No,Free Shipping,No,No,15,Bank Transfer,Fortnightly
1196,33,Male,Scarf,Accessories,66,New Jersey,S,Gray,Summer,3.0,No,Next Day Air,No,No,18,Credit Card,Weekly
1197,65,Male,Hat,Accessories,65,Alaska,XL,Peach,Spring,3.0,Yes,Express,No,No,46,Credit Card,Monthly
1198,59,Male,Jeans,Clothing,87,Arkansas,L,Indigo,Spring,4.1,No,2-Day Shipping,Yes,Yes,13,Venmo,Every 3 Months
1199,69,Male,Shorts,Clothing,32,Colorado,S,Violet,Spring,3.9,No,Store Pickup,Yes,Yes,1,Credit Card,Weekly
1200,18,Male,Shoes,Footwear,58,New York,S,Beige,Winter,2.6,No,Free Shipping,No,No,6,Debit Card,Monthly
1201,62,Male,Sneakers,Footwear,23,Maryland,M,Gray,Summer,3.2,No,Standard,No,No,17,Cash,Quarterly
1202,41,Male,Jeans,Clothing,69,Nebraska,M,Beige,Winter,2.7,No,Next Day Air,Yes,Yes,49,Cash,Every 3 Months
1203,19,Male,Skirt,Clothing,34,Tennessee,M,Orange,Spring,4.8,No,Next Day Air,No,No,37,Venmo,Monthly
1204,26,Male,Scarf,Accessories,97,Ohio,M,Violet,Spring,2.8,No,Next Day Air,No,No,2,Credit Card,Monthly
1205,45,Male,Handbag,Accessories,70,North Carolina,S,White,Winter,4.1,No,2-Day Shipping,No,No,47,Cash,Annually
1206,45,Male,Dress,Clothing,50,South Carolina,M,Olive,Winter,4.2,No,Next Day Air,Yes,Yes,25,Credit Card,Fortnightly
1207,52,Female,Jeans,Clothing,51,Montana,M,Charcoal,Spring,2.8,Yes,Next Day Air,Yes,Yes,47,Debit Card,Every 3 Months
1208,38,Male,Dress,Clothing,60,South Carolina,M,Purple,Summer,3.8,No,Next Day Air,No,No,43,Debit Card,Every 3 Months
1209,57,Male,Backpack,Accessories,24,Hawaii,S,Lavender,Spring,3.9,No,Store Pickup,No,No,38,Credit Card,Bi-Weekly
1210,28,Male,Belt,Accessories,59,Nevada,M,Brown,Fall,3.8,No,2-Day Shipping,Yes,Yes,42,Bank Transfer,Annually
1211,27,Male,Hat,Accessories,33,Indiana,M,Peach,Fall,3.9,No,Next Day Air,Yes,Yes,48,Cash,Weekly
1212,46,Female,Scarf,Accessories,88,Colorado,L,Purple,Summer,4.8,Yes,Free Shipping,Yes,Yes,19,Venmo,Monthly
1213,69,Male,Gloves,Accessories,88,Iowa,L,Magenta,Winter,4.8,Yes,Store Pickup,Yes,Yes,11,Cash,Fortnightly
1214,27,Male,Scarf,Accessories,72,Vermont,S,Silver,Spring,3.4,No,Free Shipping,Yes,Yes,38,Venmo,Every 3 Months
1215,60,Male,Sweater,Clothing,35,North Carolina,L,Charcoal,Summer,4.9,No,Store Pickup,Yes,Yes,5,Cash,Monthly
1216,25,Male,Sunglasses,Accessories,99,Illinois,L,Gray,Winter,4.3,Yes,Store Pickup,Yes,Yes,41,Credit Card,Bi-Weekly
1217,59,Male,Handbag,Accessories,94,South Carolina,L,Purple,Fall,4.4,No,Standard,No,No,15,Credit Card,Monthly
1218,45,Female,Sneakers,Footwear,53,Rhode Island,L,Brown,Spring,3.5,No,2-Day Shipping,No,No,43,Bank Transfer,Every 3 Months
1219,38,Male,Shoes,Footwear,50,Idaho,L,Pink,Summer,4.6,Yes,Express,Yes,Yes,13,Credit Card,Bi-Weekly
1220,53,Male,Shirt,Clothing,86,Rhode Island,XL,Gold,Fall,4.4,Yes,Next Day Air,Yes,Yes,3,Credit Card,Weekly
1221,50,Female,Boots,Footwear,96,Hawaii,XL,Magenta,Winter,4.8,Yes,Store Pickup,Yes,Yes,41,Cash,Every 3 Months
1222,28,Male,Handbag,Accessories,45,New Jersey,L,Silver,Winter,2.9,No,Store Pickup,No,No,28,Cash,Bi-Weekly
1223,66,Male,Shoes,Footwear,52,Maryland,M,Brown,Spring,3.0,No,Express,No,No,38,Venmo,Annually
1224,59,Male,Sneakers,Footwear,44,Maryland,S,Yellow,Summer,4.5,Yes,Standard,Yes,Yes,45,Bank Transfer,Annually
1225,64,Male,Hat,Accessories,56,South Carolina,M,Yellow,Winter,3.9,No,Express,No,No,17,Cash,Every 3 Months
1226,36,Male,Gloves,Accessories,59,Colorado,M,Beige,Fall,3.1,No,2-Day Shipping,Yes,Yes,44,Cash,Every 3 Months
1227,34,Male,Belt,Accessories,28,Kansas,M,Red,Fall,3.6,No,Next Day Air,Yes,Yes,30,Cash,Weekly
1228,46,Male,Skirt,Clothing,36,South Carolina,S,Indigo,Winter,3.6,No,Standard,No,No,46,Credit Card,Quarterly
1229,25,Female,Skirt,Clothing,21,New Hampshire,M,Maroon,Fall,2.9,No,Standard,No,No,6,Debit Card,Weekly
1230,36,Male,Jeans,Clothing,62,Tennessee,M,Indigo,Spring,4.8,Yes,2-Day Shipping,No,No,10,Debit Card,Quarterly
1231,60,Male,Shirt,Clothing,54,Georgia,M,White,Summer,4.9,Yes,Express,Yes,Yes,17,Debit Card,Bi-Weekly
1232,39,Male,Sandals,Footwear,97,Mississippi,M,Lavender,Spring,3.4,Yes,Store Pickup,No,No,24,PayPal,Quarterly
1233,23,Male,Shirt,Clothing,60,Arkansas,M,Peach,Summer,2.7,No,Express,No,No,31,Credit Card,Fortnightly
1234,26,Female,Jacket,Outerwear,29,West Virginia,L,Brown,Spring,4.7,Yes,Standard,Yes,Yes,21,Cash,Quarterly
1235,19,Male,Hat,Accessories,62,Missouri,M,Indigo,Winter,2.8,No,Store Pickup,No,No,9,PayPal,Weekly
1236,42,Male,Scarf,Accessories,75,Montana,M,Orange,Fall,3.3,No,Store Pickup,Yes,Yes,10,Bank Transfer,Every 3 Months
1237,41,Female,Shorts,Clothing,39,Alaska,M,Cyan,Spring,3.7,No,Next Day Air,No,No,43,Credit Card,Annually
1238,50,Female,Blouse,Clothing,64,Colorado,M,Cyan,Fall,4.4,No,Free Shipping,No,No,14,PayPal,Weekly
1239,68,Female,Sandals,Footwear,76,North Carolina,XL,Silver,Winter,4.7,No,Next Day Air,Yes,Yes,38,Bank Transfer,Quarterly
1240,28,Male,Jacket,Outerwear,100,Kansas,L,Pink,Winter,4.0,No,Express,No,No,41,Bank Transfer,Monthly
1241,58,Male,Backpack,Accessories,56,Maine,M,Olive,Summer,4.0,Yes,Next Day Air,Yes,Yes,40,Bank Transfer,Bi-Weekly
1242,32,Female,Shorts,Clothing,25,West Virginia,L,Pink,Fall,2.6,No,Free Shipping,No,No,25,PayPal,Weekly
1243,42,Male,Jeans,Clothing,95,Minnesota,M,Silver,Fall,3.2,No,Express,No,No,7,Credit Card,Weekly
1244,68,Male,Sandals,Footwear,26,Arizona,M,Cyan,Fall,2.6,No,2-Day Shipping,No,No,12,Venmo,Fortnightly
1245,64,Male,Hoodie,Clothing,77,South Dakota,M,Orange,Summer,2.6,Yes,Free Shipping,Yes,Yes,34,Credit Card,Monthly
1246,24,Female,Scarf,Accessories,82,Kansas,S,Green,Summer,3.4,Yes,Next Day Air,No,No,48,Cash,Fortnightly
1247,67,Female,Sneakers,Footwear,76,Nevada,M,Maroon,Summer,3.7,No,Next Day Air,No,No,8,Bank Transfer,Weekly
1248,29,Female,Boots,Footwear,92,North Carolina,M,Purple,Summer,4.3,Yes,Standard,Yes,Yes,26,Cash,Bi-Weekly
1249,51,Male,Hoodie,Clothing,90,New Jersey,L,Peach,Winter,3.4,No,Free Shipping,Yes,Yes,27,Cash,Bi-Weekly
1250,18,Male,Skirt,Clothing,25,New Hampshire,M,Gray,Fall,3.4,No,Store Pickup,Yes,Yes,48,PayPal,Every 3 Months
1251,50,Male,Pants,Clothing,29,Idaho,M,White,Fall,2.8,No,Store Pickup,No,No,32,Credit Card,Quarterly
1252,52,Female,Coat,Outerwear,31,Hawaii,L,Brown,Summer,4.6,No,Standard,No,No,42,Bank Transfer,Every 3 Months
1253,52,Female,Jewelry,Accessories,72,Alaska,L,Violet,Fall,2.9,No,Free Shipping,Yes,Yes,32,Debit Card,Weekly
1254,37,Male,Jacket,Outerwear,68,Oklahoma,M,Pink,Winter,2.9,No,Express,No,No,7,Credit Card,Fortnightly
1255,20,Male,Hat,Accessories,70,Florida,L,Pink,Fall,4.1,No,Next Day Air,Yes,Yes,44,Debit Card,Annually
1256,29,Male,Pants,Clothing,81,Mississippi,M,Teal,Spring,3.2,No,Express,Yes,Yes,39,PayPal,Monthly
1257,29,Male,Pants,Clothing,48,California,M,Magenta,Summer,3.9,Yes,2-Day Shipping,Yes,Yes,22,Credit Card,Weekly
1258,63,Male,Shorts,Clothing,65,Indiana,M,Teal,Fall,3.4,No,2-Day Shipping,No,No,40,Cash,Monthly
1259,68,Male,Shorts,Clothing,67,Oklahoma,M,Red,Summer,3.4,No,2-Day Shipping,Yes,Yes,36,Bank Transfer,Weekly
1260,33,Female,Gloves,Accessories,75,Nebraska,S,Green,Fall,3.8,No,Next Day Air,Yes,Yes,23,PayPal,Bi-Weekly
1261,26,Male,Hoodie,Clothing,82,Nevada,M,Olive,Summer,4.6,No,2-Day Shipping,Yes,Yes,5,Debit Card,Every 3 Months
1262,39,Female,Sneakers,Footwear,54,Colorado,S,Silver,Fall,3.5,No,Free Shipping,No,No,2,Debit Card,Every 3 Months
1263,51,Male,Belt,Accessories,71,California,S,Violet,Winter,2.6,No,Store Pickup,Yes,Yes,37,Debit Card,Monthly
1264,51,Male,Pants,Clothing,28,Oregon,M,Brown,Spring,4.1,No,Free Shipping,Yes,Yes,21,Venmo,Quarterly
1265,18,Female,Jewelry,Accessories,26,Louisiana,XL,Violet,Summer,4.8,No,Express,No,No,50,PayPal,Weekly
1266,50,Male,Sandals,Footwear,59,Oregon,XL,Magenta,Spring,4.3,No,Standard,Yes,Yes,22,Venmo,Bi-Weekly
1267,20,Male,Sunglasses,Accessories,30,Arkansas,L,Magenta,Summer,2.9,No,Express,Yes,Yes,11,Debit Card,Fortnightly
1268,54,Male,Sweater,Clothing,64,Georgia,L,Pink,Spring,3.7,No,Free Shipping,Yes,Yes,16,Credit Card,Bi-Weekly
1269,23,Male,Sandals,Footwear,86,Rhode Island,XL,Maroon,Winter,4.1,No,Free Shipping,No,No,50,PayPal,Monthly
1270,41,Male,Pants,Clothing,77,South Dakota,M,Indigo,Spring,3.4,No,Express,Yes,Yes,40,Venmo,Monthly
1271,65,Male,Blouse,Clothing,57,Tennessee,M,Purple,Summer,3.8,Yes,Free Shipping,Yes,Yes,18,Debit Card,Monthly
1272,67,Female,Dress,Clothing,36,Alaska,M,Silver,Spring,4.6,No,Free Shipping,No,No,28,Credit Card,Quarterly
1273,67,Male,Scarf,Accessories,84,Ohio,M,Purple,Summer,3.3,No,Express,No,No,31,Venmo,Quarterly
1274,47,Male,Pants,Clothing,94,Idaho,L,Orange,Fall,4.7,Yes,Standard,Yes,Yes,13,Bank Transfer,Bi-Weekly
1275,48,Male,Jeans,Clothing,80,Maine,M,Olive,Winter,2.6,No,Express,Yes,Yes,32,Bank Transfer,Annually
1276,30,Male,Scarf,Accessories,95,Delaware,M,Red,Spring,4.2,No,2-Day Shipping,Yes,Yes,34,Credit Card,Monthly
1277,38,Female,Shoes,Footwear,32,Alabama,M,Charcoal,Fall,4.9,Yes,Standard,No,No,40,Debit Card,Bi-Weekly
1278,37,Male,Dress,Clothing,34,Indiana,M,Turquoise,Fall,3.2,No,Free Shipping,No,No,10,Credit Card,Fortnightly
1279,36,Male,Pants,Clothing,37,Maryland,L,White,Winter,4.5,Yes,2-Day Shipping,No,No,47,Cash,Annually
1280,40,Male,Sandals,Footwear,20,Arkansas,S,Black,Spring,2.9,No,Standard,Yes,Yes,36,Credit Card,Weekly
1281,36,Male,Shorts,Clothing,95,Massachusetts,L,Charcoal,Fall,3.2,No,Free Shipping,No,No,46,Cash,Annually
1282,26,Male,Shoes,Footwear,88,Kentucky,M,Orange,Winter,3.5,No,Store Pickup,No,No,43,Debit Card,Bi-Weekly
1283,27,Male,Dress,Clothing,65,Mississippi,L,Maroon,Fall,3.4,No,Free Shipping,No,No,34,Venmo,Bi-Weekly
1284,63,Male,Coat,Outerwear,42,Idaho,M,Red,Winter,2.8,No,Express,No,No,2,Venmo,Every 3 Months
1285,25,Male,Shorts,Clothing,37,Iowa,M,Cyan,Winter,4.0,No,Free Shipping,Yes,Yes,4,PayPal,Quarterly
1286,36,Male,Coat,Outerwear,59,Minnesota,M,Indigo,Winter,4.7,No,Standard,No,No,6,Bank Transfer,Bi-Weekly
1287,54,Male,Pants,Clothing,66,Mississippi,L,Yellow,Summer,3.5,No,Next Day Air,No,No,13,Bank Transfer,Every 3 Months
1288,69,Female,Sunglasses,Accessories,33,West Virginia,M,Pink,Fall,4.6,No,Standard,No,No,2,Venmo,Quarterly
1289,35,Female,Hoodie,Clothing,56,South Carolina,M,Purple,Summer,3.5,No,2-Day Shipping,No,No,10,Venmo,Monthly
1290,26,Male,Dress,Clothing,82,California,M,Beige,Fall,3.1,No,Free Shipping,No,No,23,Venmo,Bi-Weekly
1291,65,Male,Shirt,Clothing,96,South Carolina,M,Charcoal,Fall,4.2,No,Standard,No,No,14,Credit Card,Quarterly
1292,57,Male,Boots,Footwear,63,Tennessee,M,Red,Summer,3.0,No,Express,Yes,Yes,12,Debit Card,Monthly
1293,37,Male,Hat,Accessories,41,West Virginia,L,Cyan,Spring,3.8,No,Standard,Yes,Yes,13,PayPal,Monthly
1294,20,Male,Dress,Clothing,22,New York,M,Orange,Summer,3.9,No,Store Pickup,No,No,45,Debit Card,Quarterly
1295,68,Female,Scarf,Accessories,60,Louisiana,M,Yellow,Winter,3.8,No,Express,Yes,Yes,28,Venmo,Quarterly
1296,65,Male,Coat,Outerwear,29,North Carolina,M,Peach,Spring,4.4,No,Standard,No,No,23,Venmo,Bi-Weekly
1297,56,Female,Jewelry,Accessories,48,Florida,M,Gold,Spring,4.3,No,Express,Yes,Yes,25,Debit Card,Annually
1298,43,Female,Sandals,Footwear,90,Alaska,M,Orange,Summer,3.2,No,Standard,No,No,44,Venmo,Quarterly
1299,19,Male,Pants,Clothing,43,Iowa,M,Yellow,Fall,3.0,No,Free Shipping,Yes,Yes,34,Venmo,Annually
1300,69,Male,Shirt,Clothing,98,Montana,L,Beige,Spring,4.5,Yes,Express,Yes,Yes,20,Debit Card,Fortnightly
1301,64,Male,Sunglasses,Accessories,26,Louisiana,M,White,Winter,2.5,Yes,Store Pickup,No,No,30,PayPal,Quarterly
1302,31,Male,Gloves,Accessories,73,Delaware,L,Red,Spring,4.6,No,Standard,No,No,4,Credit Card,Every 3 Months
1303,65,Male,Scarf,Accessories,39,South Carolina,S,Charcoal,Spring,3.5,No,Store Pickup,No,No,4,Debit Card,Every 3 Months
1304,64,Female,Belt,Accessories,95,New Hampshire,M,Teal,Fall,3.5,No,Express,No,No,5,Debit Card,Monthly
1305,50,Male,Boots,Footwear,40,Florida,XL,Green,Winter,3.0,Yes,Free Shipping,No,No,28,Cash,Weekly
1306,30,Female,Sunglasses,Accessories,81,California,M,Yellow,Summer,3.8,No,Standard,No,No,9,Credit Card,Bi-Weekly
1307,50,Male,Backpack,Accessories,22,Minnesota,M,Gray,Spring,3.9,No,Store Pickup,No,No,35,Cash,Annually
1308,41,Male,Shoes,Footwear,41,Alabama,M,White,Spring,3.0,Yes,Next Day Air,No,No,27,Credit Card,Monthly
1309,66,Male,Jewelry,Accessories,38,Utah,XL,Green,Fall,2.6,No,Express,No,No,11,Venmo,Every 3 Months
1310,64,Male,Blouse,Clothing,50,Kentucky,XL,Red,Spring,3.9,No,Free Shipping,No,No,30,PayPal,Weekly
1311,22,Female,Dress,Clothing,87,Missouri,M,Silver,Fall,2.7,Yes,Express,No,No,43,Credit Card,Weekly
1312,34,Male,Boots,Footwear,22,Nevada,L,Pink,Spring,3.6,No,Store Pickup,Yes,Yes,36,Credit Card,Annually
1313,52,Male,Belt,Accessories,87,Illinois,M,Pink,Fall,2.9,Yes,Store Pickup,Yes,Yes,7,Debit Card,Bi-Weekly
1314,49,Male,Socks,Clothing,93,West Virginia,S,Gray,Summer,4.8,Yes,Standard,No,No,16,Bank Transfer,Every 3 Months
1315,53,Male,Shoes,Footwear,37,Alabama,S,Olive,Summer,3.9,No,Standard,No,No,48,Bank Transfer,Annually
1316,53,Male,Socks,Clothing,37,Minnesota,M,Beige,Summer,2.7,No,2-Day Shipping,No,No,24,Credit Card,Annually
1317,39,Male,Sneakers,Footwear,64,Kansas,M,Lavender,Spring,4.7,Yes,Standard,No,No,23,PayPal,Fortnightly
1318,51,Male,Shirt,Clothing,65,Idaho,M,Yellow,Winter,4.7,Yes,Express,No,No,21,Debit Card,Weekly
1319,63,Male,Shirt,Clothing,71,Idaho,XL,Pink,Summer,4.3,No,Express,Yes,Yes,8,Bank Transfer,Monthly
1320,59,Male,Sweater,Clothing,73,Texas,M,Violet,Spring,4.8,No,2-Day Shipping,Yes,Yes,44,Venmo,Monthly
1321,25,Female,Jewelry,Accessories,88,Hawaii,L,Red,Spring,2.8,No,Free Shipping,Yes,Yes,49,Debit Card,Weekly
1322,64,Male,Jacket,Outerwear,36,South Carolina,M,Magenta,Spring,4.2,No,Store Pickup,No,No,13,Cash,Bi-Weekly
1323,36,Male,Socks,Clothing,87,Oklahoma,M,Silver,Summer,2.9,Yes,Free Shipping,No,No,16,Credit Card,Bi-Weekly
1324,49,Male,Scarf,Accessories,64,Tennessee,L,Teal,Spring,2.5,No,2-Day Shipping,No,No,18,Venmo,Every 3 Months
1325,47,Male,Jeans,Clothing,76,North Dakota,L,Indigo,Fall,3.4,No,Store Pickup,No,No,4,Cash,Every 3 Months
1326,53,Male,Dress,Clothing,92,Texas,S,Teal,Winter,4.8,No,Express,Yes,Yes,26,Debit Card,Monthly
1327,48,Male,Pants,Clothing,29,Indiana,L,Teal,Spring,3.5,No,Free Shipping,No,No,24,PayPal,Annually
1328,39,Male,Hoodie,Clothing,51,Oklahoma,M,Violet,Fall,3.9,No,Standard,Yes,Yes,8,Cash,Quarterly
1329,23,Male,Shoes,Footwear,88,Idaho,L,Gray,Summer,4.3,No,2-Day Shipping,No,No,26,Venmo,Quarterly
1330,52,Male,Scarf,Accessories,96,South Carolina,M,Black,Spring,4.2,No,Free Shipping,Yes,Yes,9,Cash,Quarterly
1331,37,Male,Sandals,Footwear,29,Alabama,L,Teal,Winter,3.0,No,Standard,No,No,30,Credit Card,Monthly
1332,39,Male,Shoes,Footwear,73,Idaho,M,Silver,Winter,3.5,No,Express,Yes,Yes,10,Debit Card,Weekly
1333,60,Male,Sweater,Clothing,52,Kentucky,M,Beige,Winter,5.0,No,Store Pickup,No,No,4,Venmo,Quarterly
1334,69,Female,Shoes,Footwear,71,Oregon,M,Green,Summer,5.0,No,Express,Yes,Yes,41,Venmo,Bi-Weekly
1335,53,Male,Handbag,Accessories,77,North Carolina,S,Gray,Fall,3.0,No,Free Shipping,Yes,Yes,17,PayPal,Fortnightly
1336,50,Male,Sandals,Footwear,94,North Dakota,M,Cyan,Fall,3.4,Yes,Next Day Air,Yes,Yes,18,Venmo,Monthly
1337,29,Female,Shorts,Clothing,82,Idaho,L,Magenta,Winter,4.8,No,Free Shipping,No,No,38,Venmo,Quarterly
1338,64,Male,Pants,Clothing,74,Minnesota,M,Turquoise,Summer,2.9,Yes,2-Day Shipping,Yes,Yes,47,Cash,Quarterly
1339,18,Male,Jacket,Outerwear,32,Maryland,XL,Silver,Spring,4.0,No,Free Shipping,No,No,46,PayPal,Every 3 Months
1340,18,Female,Backpack,Accessories,33,Mississippi,L,Silver,Winter,2.5,No,2-Day Shipping,No,No,35,Cash,Monthly
1341,33,Male,Scarf,Accessories,29,Oklahoma,L,Turquoise,Fall,3.0,No,Standard,No,No,32,Venmo,Every 3 Months
1342,23,Male,Pants,Clothing,95,Nevada,M,Charcoal,Winter,2.9,No,2-Day Shipping,No,No,40,Cash,Weekly
1343,44,Male,Scarf,Accessories,64,Massachusetts,L,Beige,Summer,2.9,No,Free Shipping,Yes,Yes,39,PayPal,Fortnightly
1344,28,Male,Shorts,Clothing,46,Nebraska,S,Gold,Winter,3.9,Yes,Next Day Air,No,No,3,PayPal,Monthly
1345,65,Male,Jewelry,Accessories,69,New Jersey,L,Orange,Fall,3.9,No,Standard,Yes,Yes,36,Cash,Monthly
1346,55,Male,Hat,Accessories,28,Texas,M,Cyan,Fall,4.5,Yes,Express,Yes,Yes,46,PayPal,Monthly
1347,55,Male,Dress,Clothing,67,South Dakota,M,Turquoise,Spring,2.5,Yes,Free Shipping,No,No,40,Venmo,Weekly
1348,56,Male,Gloves,Accessories,92,Louisiana,S,Gold,Winter,3.9,Yes,Express,Yes,Yes,40,PayPal,Every 3 Months
1349,33,Female,Jewelry,Accessories,84,Mississippi,XL,Charcoal,Fall,3.9,Yes,Standard,No,No,31,Cash,Monthly
1350,69,Male,Hat,Accessories,78,Delaware,M,Red,Fall,3.0,No,Express,Yes,Yes,2,Cash,Every 3 Months
1351,67,Male,Handbag,Accessories,22,West Virginia,L,Orange,Fall,4.1,No,2-Day Shipping,Yes,Yes,45,Debit Card,Bi-Weekly
1352,36,Male,Hat,Accessories,29,Ohio,L,Teal,Winter,3.9,No,Store Pickup,Yes,Yes,24,Venmo,Every 3 Months
1353,29,Male,Jewelry,Accessories,57,Tennessee,S,Green,Fall,3.2,No,Express,No,No,8,Credit Card,Bi-Weekly
1354,34,Male,Socks,Clothing,47,New York,M,Yellow,Spring,2.7,No,Express,No,No,20,Debit Card,Quarterly
1355,65,Male,Sweater,Clothing,83,Montana,M,Yellow,Spring,3.5,No,Store Pickup,Yes,Yes,20,PayPal,Every 3 Months
1356,26,Male,Jeans,Clothing,82,Maine,M,Silver,Summer,3.3,Yes,Express,Yes,Yes,10,Venmo,Annually
1357,34,Female,Skirt,Clothing,74,Montana,XL,Charcoal,Fall,3.0,No,Store Pickup,No,No,28,Bank Transfer,Weekly
1358,40,Male,Sandals,Footwear,80,Iowa,L,Green,Fall,4.7,Yes,Free Shipping,Yes,Yes,24,Venmo,Annually
1359,45,Female,Coat,Outerwear,37,Maryland,XL,Gray,Winter,4.1,No,Standard,No,No,33,Debit Card,Weekly
1360,27,Male,Backpack,Accessories,21,Kansas,M,Green,Winter,4.0,No,Next Day Air,Yes,Yes,44,Venmo,Fortnightly
1361,19,Male,Sweater,Clothing,70,Missouri,S,Peach,Winter,2.6,No,Free Shipping,No,No,31,Debit Card,Fortnightly
1362,67,Male,Shorts,Clothing,89,North Carolina,M,Turquoise,Summer,4.3,No,Next Day Air,No,No,28,PayPal,Weekly
1363,52,Male,Socks,Clothing,39,Delaware,M,Lavender,Summer,4.7,Yes,Standard,No,No,4,Venmo,Monthly
1364,70,Male,Sneakers,Footwear,63,Iowa,S,Gray,Summer,4.7,Yes,Standard,No,No,41,PayPal,Weekly
1365,56,Male,Hat,Accessories,25,Oklahoma,M,Turquoise,Winter,3.1,No,Next Day Air,No,No,18,Bank Transfer,Quarterly
1366,21,Female,Handbag,Accessories,20,New Jersey,M,Gray,Summer,4.0,No,Express,Yes,Yes,48,PayPal,Annually
1367,27,Male,Pants,Clothing,70,West Virginia,M,Cyan,Winter,4.8,No,Next Day Air,Yes,Yes,8,Venmo,Monthly
1368,41,Female,Sweater,Clothing,78,Vermont,S,Silver,Fall,3.7,No,Next Day Air,No,No,41,Credit Card,Monthly
1369,51,Male,Jewelry,Accessories,89,Maryland,M,Peach,Fall,2.8,No,Express,No,No,21,Credit Card,Quarterly
1370,65,Male,Sweater,Clothing,22,Colorado,M,Brown,Spring,4.0,No,2-Day Shipping,Yes,Yes,9,Debit Card,Annually
1371,41,Female,Dress,Clothing,80,Mississippi,L,Peach,Spring,4.3,No,Store Pickup,No,No,25,Venmo,Monthly
1372,64,Female,Dress,Clothing,22,Minnesota,M,Gold,Spring,3.4,No,Free Shipping,Yes,Yes,50,Debit Card,Monthly
1373,48,Female,Sunglasses,Accessories,81,New Hampshire,L,White,Summer,4.2,No,2-Day Shipping,No,No,27,Debit Card,Fortnightly
1374,32,Male,Hoodie,Clothing,76,Alabama,L,Purple,Summer,4.9,Yes,Standard,Yes,Yes,25,PayPal,Annually
1375,33,Female,Dress,Clothing,36,Maryland,M,Peach,Fall,2.8,Yes,Next Day Air,Yes,Yes,12,Bank Transfer,Bi-Weekly
1376,32,Male,Sneakers,Footwear,49,Colorado,M,Turquoise,Spring,3.1,No,Store Pickup,No,No,48,Debit Card,Weekly
1377,27,Female,Pants,Clothing,46,New York,L,Olive,Summer,4.5,No,Next Day Air,No,No,17,Cash,Every 3 Months
1378,49,Male,Jewelry,Accessories,27,Maine,L,Brown,Winter,2.8,No,Free Shipping,Yes,Yes,41,Bank Transfer,Monthly
1379,29,Female,Dress,Clothing,35,North Dakota,M,Indigo,Fall,4.3,No,Standard,No,No,12,Venmo,Fortnightly
1380,65,Female,Gloves,Accessories,97,North Dakota,L,Silver,Fall,3.9,Yes,Next Day Air,No,No,36,Bank Transfer,Annually
1381,62,Male,Sneakers,Footwear,23,Missouri,M,Magenta,Fall,4.2,No,Next Day Air,Yes,Yes,17,Debit Card,Every 3 Months
1382,68,Male,Sunglasses,Accessories,32,Colorado,M,Olive,Summer,2.6,Yes,Express,No,No,49,PayPal,Weekly
1383,19,Male,Sunglasses,Accessories,50,Rhode Island,S,Charcoal,Winter,3.6,Yes,Next Day Air,Yes,Yes,41,Cash,Quarterly
1384,57,Male,Shoes,Footwear,23,Iowa,XL,Red,Summer,2.6,Yes,Next Day Air,No,No,14,Bank Transfer,Monthly
1385,44,Female,Dress,Clothing,31,Louisiana,M,Orange,Spring,3.4,No,Standard,No,No,17,Credit Card,Fortnightly
1386,69,Female,Shorts,Clothing,36,Delaware,L,Black,Winter,4.8,Yes,Store Pickup,Yes,Yes,24,Bank Transfer,Every 3 Months
1387,70,Male,Sneakers,Footwear,49,West Virginia,S,Gold,Spring,3.4,No,Standard,No,No,32,Debit Card,Fortnightly
1388,18,Male,Pants,Clothing,69,Rhode Island,M,Magenta,Fall,3.3,No,Standard,Yes,Yes,3,Bank Transfer,Bi-Weekly
1389,53,Female,Boots,Footwear,43,Georgia,XL,White,Fall,3.6,Yes,2-Day Shipping,No,No,45,Venmo,Weekly
1390,44,Male,Jeans,Clothing,31,Rhode Island,L,Turquoise,Winter,3.5,Yes,Express,Yes,Yes,20,Venmo,Fortnightly
1391,65,Female,Sweater,Clothing,40,Delaware,S,Yellow,Fall,3.0,Yes,Store Pickup,No,No,38,Bank Transfer,Annually
1392,56,Male,Sunglasses,Accessories,31,South Carolina,M,Turquoise,Spring,2.7,Yes,Standard,No,No,50,PayPal,Annually
1393,64,Male,Jewelry,Accessories,53,New Jersey,M,Teal,Winter,4.4,Yes,Free Shipping,No,No,27,Credit Card,Monthly
1394,43,Female,Sweater,Clothing,42,Maryland,L,Silver,Winter,4.6,Yes,Express,No,No,38,Venmo,Bi-Weekly
1395,66,Female,Boots,Footwear,51,Nevada,XL,Yellow,Winter,4.4,No,Next Day Air,No,No,9,Debit Card,Weekly
1396,40,Male,Shoes,Footwear,86,Georgia,L,White,Winter,4.9,Yes,Free Shipping,Yes,Yes,14,Debit Card,Every 3 Months
1397,48,Male,Belt,Accessories,41,Missouri,M,Gray,Summer,3.3,No,2-Day Shipping,Yes,Yes,46,Venmo,Fortnightly
1398,62,Male,Handbag,Accessories,58,Maine,L,Purple,Fall,2.5,No,Free Shipping,No,No,38,Credit Card,Quarterly
1399,51,Male,Pants,Clothing,58,Colorado,L,Peach,Winter,4.6,No,Free Shipping,No,No,6,Cash,Annually
1400,58,Male,Shorts,Clothing,87,New Hampshire,L,Pink,Fall,3.1,No,Next Day Air,Yes,Yes,20,PayPal,Weekly
1401,42,Male,Dress,Clothing,20,Minnesota,L,Brown,Winter,3.4,No,Free Shipping,No,No,50,PayPal,Annually
1402,25,Male,Hat,Accessories,61,South Dakota,L,Turquoise,Spring,3.0,Yes,Store Pickup,Yes,Yes,28,Credit Card,Annually
1403,28,Female,Socks,Clothing,78,Iowa,M,Magenta,Spring,3.4,Yes,Next Day Air,No,No,46,Debit Card,Fortnightly
1404,54,Male,Sneakers,Footwear,37,Ohio,L,Red,Fall,4.9,No,Store Pickup,No,No,11,Cash,Annually
1405,44,Male,Jacket,Outerwear,39,Massachusetts,L,Teal,Winter,2.6,No,Express,No,No,1,Debit Card,Bi-Weekly
1406,27,Male,Coat,Outerwear,27,Utah,M,Turquoise,Fall,4.1,No,Standard,No,No,45,Debit Card,Fortnightly
1407,66,Male,Boots,Footwear,71,Rhode Island,M,Olive,Spring,4.3,Yes,Free Shipping,Yes,Yes,23,Credit Card,Fortnightly
1408,63,Male,Backpack,Accessories,62,Missouri,M,Gold,Fall,3.6,No,Free Shipping,No,No,17,Debit Card,Quarterly
1409,55,Female,Scarf,Accessories,49,West Virginia,S,Violet,Spring,4.9,Yes,Store Pickup,No,No,18,Debit Card,Weekly
1410,60,Male,Skirt,Clothing,24,Wyoming,M,Gold,Fall,3.9,No,Standard,No,No,15,Cash,Weekly
1411,19,Male,Dress,Clothing,77,Indiana,L,Magenta,Winter,3.2,Yes,2-Day Shipping,No,No,9,PayPal,Monthly
1412,53,Female,Scarf,Accessories,36,West Virginia,M,Brown,Fall,2.6,No,Standard,No,No,9,PayPal,Bi-Weekly
1413,25,Male,Belt,Accessories,60,Maryland,M,Olive,Spring,4.8,No,Standard,Yes,Yes,2,Credit Card,Fortnightly
1414,28,Male,Belt,Accessories,78,Arkansas,L,Pink,Spring,3.1,No,Express,No,No,47,Cash,Bi-Weekly
1415,69,Male,Shoes,Footwear,60,Texas,M,Silver,Fall,4.7,Yes,Free Shipping,Yes,Yes,23,PayPal,Annually
1416,40,Female,Shirt,Clothing,89,Mississippi,S,Indigo,Spring,3.4,No,Free Shipping,No,No,19,Cash,Annually
1417,19,Female,Jeans,Clothing,23,Iowa,M,Silver,Winter,3.9,Yes,Free Shipping,No,No,36,Cash,Annually
1418,35,Male,Sneakers,Footwear,24,Georgia,M,Yellow,Spring,3.5,No,2-Day Shipping,No,No,45,Cash,Annually
1419,34,Male,Gloves,Accessories,36,Rhode Island,XL,Charcoal,Fall,3.3,No,Next Day Air,Yes,Yes,9,PayPal,Every 3 Months
1420,39,Male,Hat,Accessories,83,Minnesota,L,Silver,Spring,4.3,No,2-Day Shipping,No,No,38,Bank Transfer,Weekly
1421,28,Male,Backpack,Accessories,63,Kansas,L,Charcoal,Spring,3.0,No,Express,No,No,34,Credit Card,Annually
1422,51,Male,Dress,Clothing,56,Alaska,L,Lavender,Fall,3.3,Yes,Next Day Air,Yes,Yes,48,Credit Card,Fortnightly
1423,47,Male,Sweater,Clothing,39,Nebraska,M,Teal,Winter,4.0,No,Free Shipping,Yes,Yes,37,Venmo,Every 3 Months
1424,36,Male,Shorts,Clothing,81,New Jersey,M,Magenta,Spring,4.3,Yes,Next Day Air,No,No,36,Cash,Fortnightly
1425,25,Female,Sandals,Footwear,42,Wyoming,M,White,Spring,4.3,No,Free Shipping,Yes,Yes,26,Venmo,Annually
1426,39,Male,Skirt,Clothing,85,Alabama,L,Indigo,Fall,2.5,No,Standard,Yes,Yes,18,Venmo,Every 3 Months
1427,69,Male,Socks,Clothing,84,Maine,L,Turquoise,Winter,3.6,No,Store Pickup,No,No,20,Cash,Every 3 Months
1428,55,Male,Shoes,Footwear,49,Hawaii,M,Red,Spring,4.9,No,Next Day Air,Yes,Yes,34,Bank Transfer,Quarterly
1429,37,Female,Hoodie,Clothing,45,South Carolina,M,Charcoal,Spring,2.6,No,Express,Yes,Yes,5,Cash,Bi-Weekly
1430,61,Male,Socks,Clothing,78,Maryland,L,White,Fall,3.1,No,Free Shipping,Yes,Yes,27,Bank Transfer,Every 3 Months
1431,70,Male,Shoes,Footwear,48,Texas,S,Indigo,Fall,3.2,No,Free Shipping,Yes,Yes,22,Bank Transfer,Annually
1432,57,Female,Gloves,Accessories,50,Minnesota,M,Yellow,Fall,4.0,Yes,2-Day Shipping,No,No,26,Cash,Quarterly
1433,54,Male,Sunglasses,Accessories,58,Arizona,L,Olive,Summer,4.2,Yes,Express,No,No,18,Bank Transfer,Every 3 Months
1434,20,Male,Sandals,Footwear,62,Kentucky,M,Olive,Winter,4.3,No,Standard,No,No,13,Debit Card,Quarterly
1435,56,Female,Shoes,Footwear,56,Nebraska,M,Gold,Spring,4.2,Yes,2-Day Shipping,No,No,15,PayPal,Annually
1436,36,Male,Shirt,Clothing,21,New York,M,Charcoal,Summer,2.9,No,Standard,Yes,Yes,24,Cash,Annually
1437,54,Female,Jeans,Clothing,24,Tennessee,L,Black,Summer,2.7,No,Standard,Yes,Yes,15,Credit Card,Every 3 Months
1438,57,Male,Dress,Clothing,25,Rhode Island,L,Cyan,Spring,4.7,No,Store Pickup,Yes,Yes,26,PayPal,Quarterly
1439,46,Male,Shirt,Clothing,45,Arizona,XL,White,Summer,5.0,No,2-Day Shipping,Yes,Yes,8,Cash,Fortnightly
1440,34,Female,Backpack,Accessories,79,Massachusetts,L,Purple,Spring,3.7,No,Next Day Air,Yes,Yes,38,PayPal,Bi-Weekly
1441,21,Male,Dress,Clothing,39,Arkansas,M,Teal,Spring,2.8,No,Standard,Yes,Yes,18,Credit Card,Every 3 Months
1442,23,Female,Shirt,Clothing,84,Delaware,S,Magenta,Winter,4.6,No,Standard,Yes,Yes,13,Bank Transfer,Annually
1443,68,Female,Pants,Clothing,77,Vermont,S,Olive,Fall,4.5,No,Next Day Air,No,No,42,Bank Transfer,Annually
1444,36,Male,Boots,Footwear,58,Maryland,L,Yellow,Fall,4.1,No,2-Day Shipping,Yes,Yes,42,Venmo,Every 3 Months
1445,47,Male,Sneakers,Footwear,76,Arizona,S,Charcoal,Summer,4.9,No,Express,Yes,Yes,11,Bank Transfer,Annually
1446,30,Female,Gloves,Accessories,34,Iowa,S,Red,Fall,4.8,Yes,Store Pickup,Yes,Yes,2,Debit Card,Monthly
1447,23,Male,Blouse,Clothing,44,Idaho,M,Charcoal,Winter,2.9,No,Store Pickup,No,No,48,Cash,Bi-Weekly
1448,51,Female,Shirt,Clothing,55,Arizona,M,Silver,Summer,3.4,No,2-Day Shipping,No,No,36,Debit Card,Quarterly
1449,52,Male,Handbag,Accessories,38,Texas,L,Beige,Summer,4.3,No,Next Day Air,No,No,35,Cash,Quarterly
1450,30,Male,Jewelry,Accessories,93,Nebraska,L,Indigo,Winter,3.5,No,Next Day Air,No,No,6,Cash,Annually
1451,58,Female,Pants,Clothing,30,North Dakota,M,Lavender,Summer,3.6,No,Store Pickup,Yes,Yes,41,Venmo,Fortnightly
1452,36,Male,Shirt,Clothing,85,Mississippi,M,Gold,Summer,4.9,No,Store Pickup,No,No,33,Venmo,Weekly
1453,64,Female,Sandals,Footwear,83,Tennessee,L,Gold,Winter,3.7,No,Standard,Yes,Yes,12,Debit Card,Bi-Weekly
1454,48,Male,Pants,Clothing,59,Arizona,M,Purple,Spring,2.9,No,Next Day Air,No,No,41,PayPal,Quarterly
1455,35,Female,Dress,Clothing,75,Illinois,M,Maroon,Summer,3.5,No,Store Pickup,No,No,12,Credit Card,Fortnightly
1456,32,Male,Socks,Clothing,35,Alaska,M,Maroon,Spring,4.4,Yes,Express,No,No,4,Credit Card,Annually
1457,66,Male,Shorts,Clothing,80,Arkansas,L,Violet,Summer,3.4,No,Free Shipping,No,No,48,PayPal,Weekly
1458,44,Male,Pants,Clothing,43,Maine,L,Gray,Winter,4.6,Yes,Express,Yes,Yes,3,Debit Card,Fortnightly
1459,59,Female,Gloves,Accessories,95,Missouri,M,Purple,Spring,4.4,No,Standard,No,No,34,PayPal,Monthly
1460,36,Male,Jeans,Clothing,89,South Carolina,L,Violet,Spring,3.4,Yes,Free Shipping,No,No,31,Debit Card,Bi-Weekly
1461,42,Female,Gloves,Accessories,31,Nevada,M,Orange,Winter,4.8,No,Store Pickup,Yes,Yes,17,Debit Card,Annually
1462,59,Female,Sunglasses,Accessories,37,Maine,XL,Lavender,Summer,2.7,Yes,Express,No,No,11,Cash,Weekly
1463,70,Female,Skirt,Clothing,89,Illinois,M,Violet,Spring,3.7,Yes,2-Day Shipping,No,No,34,Debit Card,Quarterly
1464,55,Female,Handbag,Accessories,88,Mississippi,M,Olive,Fall,3.3,No,Free Shipping,No,No,1,Debit Card,Weekly
1465,21,Female,Jacket,Outerwear,60,Missouri,XL,Pink,Summer,2.8,Yes,Standard,No,No,46,PayPal,Fortnightly
1466,34,Male,Dress,Clothing,37,Wyoming,M,Olive,Spring,4.7,No,Standard,Yes,Yes,48,Debit Card,Weekly
1467,56,Male,Shorts,Clothing,37,South Dakota,M,Cyan,Summer,2.7,No,Store Pickup,Yes,Yes,9,Debit Card,Annually
1468,68,Male,Pants,Clothing,89,Wyoming,L,Teal,Winter,4.1,No,Store Pickup,No,No,48,PayPal,Quarterly
1469,33,Male,Dress,Clothing,27,Texas,S,Peach,Spring,2.8,No,Standard,Yes,Yes,32,Bank Transfer,Quarterly
1470,26,Male,Shirt,Clothing,47,Georgia,M,Olive,Spring,4.4,Yes,2-Day Shipping,No,No,10,PayPal,Every 3 Months
1471,30,Female,Dress,Clothing,59,Louisiana,M,Cyan,Summer,3.2,No,Express,Yes,Yes,25,Cash,Fortnightly
1472,68,Male,Dress,Clothing,50,Missouri,S,Silver,Winter,3.2,No,Express,No,No,27,Cash,Quarterly
1473,36,Male,Boots,Footwear,66,New York,L,Turquoise,Summer,4.1,Yes,Free Shipping,Yes,Yes,15,Venmo,Every 3 Months
1474,60,Female,Skirt,Clothing,68,Massachusetts,M,Maroon,Summer,3.9,Yes,Standard,No,No,10,Debit Card,Every 3 Months
1475,48,Female,Skirt,Clothing,39,Illinois,M,Maroon,Winter,4.0,No,2-Day Shipping,No,No,29,Debit Card,Quarterly
1476,67,Female,Scarf,Accessories,41,Kansas,S,Magenta,Fall,2.6,No,Next Day Air,Yes,Yes,32,Credit Card,Weekly
1477,56,Female,Dress,Clothing,30,Kansas,L,Gold,Summer,4.3,No,Free Shipping,Yes,Yes,18,PayPal,Quarterly
1478,41,Female,Jeans,Clothing,21,Kansas,M,White,Spring,2.6,Yes,Standard,Yes,Yes,9,Bank Transfer,Weekly
1479,51,Male,Dress,Clothing,90,Nevada,S,Maroon,Summer,3.7,Yes,Next Day Air,No,No,48,Bank Transfer,Fortnightly
1480,24,Female,Belt,Accessories,69,Minnesota,M,Green,Winter,4.6,No,Store Pickup,No,No,14,Credit Card,Bi-Weekly
1481,56,Male,Sandals,Footwear,93,Maine,L,Indigo,Fall,3.1,No,Next Day Air,No,No,21,Credit Card,Monthly
1482,44,Female,Sweater,Clothing,33,Arkansas,L,Gold,Fall,3.4,No,Express,No,No,16,Bank Transfer,Bi-Weekly
1483,24,Male,Socks,Clothing,64,Montana,L,Orange,Spring,2.6,Yes,Standard,Yes,Yes,16,Cash,Every 3 Months
1484,32,Male,Pants,Clothing,62,Wyoming,L,Beige,Summer,2.6,No,Free Shipping,No,No,34,Venmo,Weekly
1485,31,Female,Hoodie,Clothing,52,Montana,S,Peach,Spring,4.9,No,Standard,No,No,4,PayPal,Quarterly
1486,62,Male,Gloves,Accessories,89,South Carolina,M,Magenta,Fall,4.0,Yes,Free Shipping,No,No,7,PayPal,Monthly
1487,30,Male,Jewelry,Accessories,73,North Carolina,M,Silver,Summer,4.7,No,2-Day Shipping,No,No,7,Bank Transfer,Quarterly
1488,21,Female,Scarf,Accessories,20,South Dakota,M,Red,Winter,2.9,No,Standard,No,No,41,PayPal,Fortnightly
1489,30,Female,Sweater,Clothing,59,Nebraska,S,Indigo,Fall,4.2,No,Free Shipping,No,No,31,PayPal,Quarterly
1490,63,Male,Jewelry,Accessories,53,Florida,S,Turquoise,Winter,4.3,No,Standard,No,No,29,Credit Card,Annually
1491,33,Male,Sneakers,Footwear,61,Missouri,XL,Orange,Winter,4.2,Yes,Express,No,No,28,Debit Card,Bi-Weekly
1492,65,Male,Jewelry,Accessories,36,North Carolina,L,Beige,Fall,4.4,Yes,Free Shipping,Yes,Yes,29,Cash,Annually
1493,62,Male,Hat,Accessories,71,Nebraska,L,Turquoise,Fall,4.8,No,Store Pickup,Yes,Yes,26,PayPal,Weekly
1494,35,Female,Jacket,Outerwear,92,Oklahoma,M,Gold,Spring,3.2,No,Next Day Air,No,No,3,Debit Card,Bi-Weekly
1495,69,Male,Shirt,Clothing,53,Montana,M,White,Fall,4.5,No,Store Pickup,No,No,30,Venmo,Every 3 Months
1496,39,Female,Sneakers,Footwear,80,Texas,L,Silver,Summer,2.8,No,Standard,No,No,16,Credit Card,Bi-Weekly
1497,55,Male,Jeans,Clothing,49,Nevada,M,Orange,Summer,3.4,No,Next Day Air,Yes,Yes,8,Debit Card,Monthly
1498,31,Male,Scarf,Accessories,29,Oklahoma,XL,Indigo,Spring,2.9,No,Next Day Air,No,No,37,Credit Card,Weekly
1499,24,Male,Blouse,Clothing,96,Delaware,L,Brown,Winter,4.2,No,Store Pickup,No,No,2,Credit Card,Weekly
1500,32,Male,Shirt,Clothing,54,Arkansas,M,Yellow,Spring,2.5,Yes,2-Day Shipping,No,No,49,Credit Card,Annually
1501,46,Male,Shorts,Clothing,97,Maine,L,Red,Spring,3.0,Yes,2-Day Shipping,Yes,Yes,28,PayPal,Quarterly
1502,54,Male,Gloves,Accessories,23,Alaska,L,Lavender,Spring,2.9,No,Next Day Air,No,No,3,Cash,Weekly
1503,20,Male,Sandals,Footwear,47,Mississippi,M,Maroon,Fall,4.9,Yes,Store Pickup,No,No,11,Cash,Bi-Weekly
1504,30,Female,Dress,Clothing,34,South Carolina,L,Brown,Winter,3.0,No,Next Day Air,No,No,50,Cash,Weekly
1505,47,Male,Hat,Accessories,49,Montana,M,Maroon,Spring,2.5,No,Next Day Air,Yes,Yes,25,Cash,Every 3 Months
1506,56,Male,Gloves,Accessories,62,Massachusetts,M,Violet,Spring,3.7,No,Standard,Yes,Yes,28,Cash,Quarterly
1507,64,Male,Socks,Clothing,36,Nevada,M,Indigo,Fall,3.7,No,Express,No,No,42,Cash,Every 3 Months
1508,32,Female,Dress,Clothing,76,Maryland,L,Silver,Fall,2.8,Yes,Standard,Yes,Yes,20,Bank Transfer,Monthly
1509,57,Female,Hoodie,Clothing,91,Maine,M,Red,Spring,3.7,Yes,Standard,Yes,Yes,31,Debit Card,Annually
1510,34,Male,Boots,Footwear,69,Delaware,M,Green,Spring,2.7,No,Store Pickup,No,No,43,Credit Card,Monthly
1511,50,Male,Shoes,Footwear,26,Hawaii,M,Gray,Spring,3.9,No,Next Day Air,Yes,Yes,3,Debit Card,Weekly
1512,51,Male,Dress,Clothing,74,Wyoming,L,Gray,Fall,3.4,No,Standard,Yes,Yes,23,Debit Card,Annually
1513,54,Male,Shirt,Clothing,65,Texas,L,Charcoal,Summer,3.1,No,Store Pickup,No,No,9,PayPal,Annually
1514,64,Male,Handbag,Accessories,77,Georgia,M,Turquoise,Winter,3.7,No,2-Day Shipping,No,No,48,Credit Card,Fortnightly
1515,70,Male,Sneakers,Footwear,40,Maryland,S,Turquoise,Fall,2.6,Yes,Standard,No,No,34,Debit Card,Weekly
1516,18,Female,Blouse,Clothing,23,Nebraska,L,Red,Spring,3.4,Yes,2-Day Shipping,Yes,Yes,22,Cash,Annually
1517,23,Male,Boots,Footwear,85,Montana,L,Turquoise,Fall,4.5,Yes,Express,No,No,19,PayPal,Fortnightly
1518,21,Female,Dress,Clothing,68,Maine,M,Purple,Fall,3.0,No,Store Pickup,Yes,Yes,23,Cash,Quarterly
1519,41,Male,Sweater,Clothing,80,Massachusetts,L,Teal,Spring,4.0,No,Next Day Air,No,No,42,Credit Card,Quarterly
1520,55,Male,Boots,Footwear,72,Alaska,M,White,Spring,2.9,No,Next Day Air,Yes,Yes,8,Venmo,Monthly
1521,19,Male,Boots,Footwear,24,Idaho,L,Pink,Spring,3.2,No,Next Day Air,No,No,43,PayPal,Annually
1522,36,Female,Shirt,Clothing,38,Colorado,M,Cyan,Fall,4.6,No,Free Shipping,Yes,Yes,16,PayPal,Every 3 Months
1523,41,Female,Gloves,Accessories,80,Florida,M,Purple,Spring,3.3,No,2-Day Shipping,Yes,Yes,25,Debit Card,Bi-Weekly
1524,68,Male,Dress,Clothing,92,Florida,S,Purple,Summer,3.6,Yes,Next Day Air,Yes,Yes,46,Bank Transfer,Bi-Weekly
1525,63,Female,Backpack,Accessories,94,Kansas,S,Turquoise,Spring,4.7,No,2-Day Shipping,Yes,Yes,47,Credit Card,Fortnightly
1526,51,Male,Scarf,Accessories,92,Massachusetts,M,Peach,Spring,4.5,Yes,Store Pickup,No,No,18,PayPal,Monthly
1527,55,Female,Sandals,Footwear,42,Illinois,M,Lavender,Fall,4.7,No,Store Pickup,Yes,Yes,7,Bank Transfer,Weekly
1528,29,Male,Backpack,Accessories,60,Idaho,S,Indigo,Winter,2.7,No,Store Pickup,No,No,50,Cash,Bi-Weekly
1529,66,Male,Dress,Clothing,33,Indiana,S,Orange,Spring,4.2,No,Express,No,No,11,Cash,Quarterly
1530,21,Female,Belt,Accessories,79,Mississippi,XL,Peach,Fall,4.7,Yes,Express,No,No,19,Venmo,Every 3 Months
1531,62,Male,Handbag,Accessories,41,Illinois,S,Silver,Spring,4.1,Yes,Express,Yes,Yes,33,Credit Card,Bi-Weekly
1532,35,Male,Sneakers,Footwear,85,Delaware,XL,Orange,Summer,3.4,Yes,Store Pickup,Yes,Yes,20,Venmo,Fortnightly
1533,41,Male,Shoes,Footwear,71,Colorado,L,Olive,Summer,4.5,No,Next Day Air,No,No,24,PayPal,Fortnightly
1534,68,Male,Blouse,Clothing,31,North Carolina,S,Gold,Spring,2.7,No,Free Shipping,No,No,35,Cash,Fortnightly
1535,22,Male,Pants,Clothing,71,Montana,M,Yellow,Fall,3.2,No,2-Day Shipping,No,No,26,Venmo,Bi-Weekly
1536,45,Male,Shorts,Clothing,35,Georgia,L,Silver,Spring,3.3,No,Express,No,No,18,Cash,Weekly
1537,50,Male,Jewelry,Accessories,31,Arkansas,M,Purple,Summer,4.4,No,Express,Yes,Yes,3,Debit Card,Monthly
1538,59,Male,Shirt,Clothing,37,Delaware,M,Gold,Winter,5.0,No,Express,No,No,44,PayPal,Monthly
1539,54,Male,Boots,Footwear,89,Ohio,M,Charcoal,Winter,3.6,No,Standard,No,No,2,Cash,Weekly
1540,36,Male,Skirt,Clothing,97,Idaho,S,Gray,Summer,4.7,Yes,Store Pickup,No,No,7,Credit Card,Bi-Weekly
1541,55,Female,Shorts,Clothing,52,Alaska,L,Black,Spring,4.8,Yes,Free Shipping,Yes,Yes,10,Credit Card,Quarterly
1542,42,Female,Coat,Outerwear,98,North Dakota,S,Orange,Winter,3.8,No,Standard,Yes,Yes,25,Cash,Bi-Weekly
1543,18,Female,Hat,Accessories,40,New Jersey,L,Maroon,Spring,3.7,No,Express,No,No,11,Debit Card,Bi-Weekly
1544,35,Female,Socks,Clothing,71,Nebraska,M,Purple,Fall,2.8,Yes,Free Shipping,Yes,Yes,29,Bank Transfer,Every 3 Months
1545,43,Female,Shirt,Clothing,78,Colorado,L,Teal,Spring,2.8,No,2-Day Shipping,Yes,Yes,31,Credit Card,Quarterly
1546,38,Female,Coat,Outerwear,73,New York,XL,Green,Winter,4.6,No,Standard,No,No,4,PayPal,Quarterly
1547,28,Male,Sneakers,Footwear,85,Tennessee,S,Gold,Spring,4.6,No,2-Day Shipping,Yes,Yes,28,Bank Transfer,Fortnightly
1548,18,Male,Dress,Clothing,52,Massachusetts,L,Olive,Spring,3.4,No,Store Pickup,No,No,36,PayPal,Annually
1549,67,Male,Shirt,Clothing,100,West Virginia,S,Pink,Spring,3.2,Yes,Standard,No,No,44,PayPal,Annually
1550,23,Male,Sneakers,Footwear,72,Mississippi,M,Yellow,Winter,2.8,Yes,Free Shipping,No,No,45,Debit Card,Quarterly
1551,33,Male,Skirt,Clothing,38,Minnesota,S,Pink,Summer,4.8,Yes,2-Day Shipping,No,No,9,Debit Card,Quarterly
1552,38,Male,Shoes,Footwear,25,Kansas,M,Lavender,Winter,2.7,No,Free Shipping,Yes,Yes,35,Cash,Quarterly
1553,29,Male,Belt,Accessories,66,Illinois,M,Peach,Spring,4.6,Yes,Standard,No,No,22,Bank Transfer,Quarterly
1554,62,Male,Jewelry,Accessories,94,Maryland,XL,Gold,Spring,3.2,Yes,Free Shipping,Yes,Yes,17,Cash,Monthly
1555,59,Male,Shoes,Footwear,31,Alaska,L,Black,Winter,3.5,No,2-Day Shipping,Yes,Yes,49,Venmo,Annually
1556,47,Male,Dress,Clothing,86,Delaware,L,White,Spring,3.2,No,Next Day Air,No,No,36,Venmo,Every 3 Months
1557,65,Male,Sweater,Clothing,59,Delaware,M,Violet,Spring,3.0,No,Express,Yes,Yes,47,Debit Card,Annually
1558,63,Female,Socks,Clothing,21,Massachusetts,XL,Purple,Summer,3.7,No,Express,Yes,Yes,16,Venmo,Every 3 Months
1559,24,Male,Hoodie,Clothing,55,Colorado,XL,Black,Spring,4.3,No,Standard,No,No,50,Cash,Quarterly
1560,36,Male,Sunglasses,Accessories,48,Texas,M,Charcoal,Fall,2.6,No,Express,Yes,Yes,10,Bank Transfer,Annually
1561,27,Male,Shirt,Clothing,39,Georgia,S,Purple,Fall,4.4,No,Express,Yes,Yes,43,Cash,Annually
1562,28,Female,Shirt,Clothing,49,West Virginia,M,Indigo,Summer,4.1,Yes,Free Shipping,No,No,22,Debit Card,Weekly
1563,27,Male,Shoes,Footwear,64,New Jersey,L,Yellow,Spring,3.3,No,Express,No,No,21,Venmo,Weekly
1564,24,Male,Sneakers,Footwear,71,California,S,Orange,Fall,4.2,No,Next Day Air,Yes,Yes,32,Credit Card,Every 3 Months
1565,42,Male,Handbag,Accessories,38,South Dakota,L,Beige,Spring,2.6,No,2-Day Shipping,No,No,10,Cash,Bi-Weekly
1566,25,Male,Sweater,Clothing,67,North Dakota,L,Orange,Fall,4.3,Yes,Express,Yes,Yes,42,Debit Card,Quarterly
1567,36,Male,Shirt,Clothing,36,Delaware,M,Maroon,Spring,4.4,No,Free Shipping,No,No,4,PayPal,Fortnightly
1568,40,Female,Handbag,Accessories,21,Massachusetts,XL,Green,Summer,3.0,Yes,Standard,No,No,4,Bank Transfer,Every 3 Months
1569,45,Male,Jewelry,Accessories,93,Arizona,S,Green,Spring,4.2,No,Express,Yes,Yes,33,Credit Card,Fortnightly
1570,41,Male,Coat,Outerwear,38,Nebraska,S,Orange,Summer,2.9,Yes,Next Day Air,No,No,5,PayPal,Fortnightly
1571,33,Male,Jacket,Outerwear,94,Missouri,L,Charcoal,Summer,4.8,Yes,2-Day Shipping,Yes,Yes,47,Cash,Annually
1572,46,Male,Backpack,Accessories,42,South Carolina,M,Lavender,Winter,4.8,No,Store Pickup,No,No,24,Bank Transfer,Quarterly
1573,46,Female,Dress,Clothing,71,New Jersey,L,Pink,Winter,3.2,No,Express,No,No,24,Cash,Quarterly
1574,54,Female,Jacket,Outerwear,38,Tennessee,M,Yellow,Spring,4.2,No,Standard,Yes,Yes,40,Venmo,Weekly
1575,37,Female,Jewelry,Accessories,23,Ohio,M,Indigo,Winter,4.5,No,Next Day Air,No,No,37,Bank Transfer,Weekly
1576,21,Male,Coat,Outerwear,63,Florida,XL,Magenta,Spring,3.7,Yes,Standard,Yes,Yes,40,Debit Card,Monthly
1577,46,Female,Jeans,Clothing,88,Arkansas,M,Turquoise,Spring,5.0,No,2-Day Shipping,Yes,Yes,16,Bank Transfer,Bi-Weekly
1578,53,Female,Pants,Clothing,41,New York,M,Turquoise,Spring,4.8,Yes,Standard,Yes,Yes,33,Credit Card,Bi-Weekly
1579,34,Male,Sweater,Clothing,82,South Dakota,XL,Orange,Summer,3.6,No,Standard,Yes,Yes,13,Debit Card,Bi-Weekly
1580,65,Male,Pants,Clothing,32,Rhode Island,M,Peach,Winter,2.6,No,Express,No,No,41,Debit Card,Quarterly
1581,64,Male,Coat,Outerwear,79,North Carolina,M,Red,Fall,3.3,No,Free Shipping,No,No,49,Debit Card,Quarterly
1582,65,Female,Sweater,Clothing,85,Arizona,M,Silver,Summer,4.3,No,Store Pickup,Yes,Yes,21,Venmo,Annually
1583,40,Male,Socks,Clothing,44,Montana,XL,Orange,Winter,4.3,No,Next Day Air,No,No,47,Bank Transfer,Fortnightly
1584,58,Female,Belt,Accessories,49,Iowa,S,Black,Fall,2.8,No,2-Day Shipping,Yes,Yes,9,Debit Card,Bi-Weekly
1585,33,Male,Handbag,Accessories,81,Oklahoma,S,Indigo,Winter,4.8,No,Store Pickup,No,No,31,Debit Card,Fortnightly
1586,43,Female,Hat,Accessories,57,Nevada,L,Lavender,Spring,2.6,No,Standard,Yes,Yes,33,PayPal,Bi-Weekly
1587,52,Male,Sandals,Footwear,59,Utah,L,Yellow,Fall,4.8,No,Store Pickup,Yes,Yes,38,Venmo,Weekly
1588,64,Male,Skirt,Clothing,99,Texas,S,Turquoise,Fall,2.9,No,Standard,Yes,Yes,31,Cash,Fortnightly
1589,57,Male,Blouse,Clothing,48,North Dakota,M,Brown,Fall,4.9,Yes,Standard,Yes,Yes,4,Credit Card,Weekly
1590,42,Male,Shirt,Clothing,95,Kansas,M,Magenta,Fall,3.2,Yes,Free Shipping,No,No,18,Bank Transfer,Fortnightly
1591,23,Male,Jacket,Outerwear,70,Tennessee,M,Teal,Winter,3.5,Yes,2-Day Shipping,Yes,Yes,50,Debit Card,Every 3 Months
1592,54,Male,Jewelry,Accessories,67,Nevada,XL,Beige,Winter,2.8,No,Standard,No,No,1,PayPal,Bi-Weekly
1593,46,Male,Sweater,Clothing,90,Delaware,S,Gray,Spring,4.1,Yes,Standard,Yes,Yes,43,Credit Card,Monthly
1594,56,Male,Handbag,Accessories,21,California,L,Yellow,Winter,3.7,No,Next Day Air,No,No,5,Cash,Every 3 Months
1595,48,Female,Blouse,Clothing,57,Arkansas,M,Purple,Fall,4.9,No,Free Shipping,Yes,Yes,21,Debit Card,Monthly
1596,20,Female,Sneakers,Footwear,35,Kansas,S,Brown,Summer,2.6,No,Free Shipping,No,No,20,Venmo,Monthly
1597,19,Female,Belt,Accessories,86,Utah,S,Green,Winter,4.6,Yes,Express,Yes,Yes,5,Debit Card,Fortnightly
1598,70,Female,Backpack,Accessories,61,Montana,L,Pink,Summer,4.1,No,Free Shipping,No,No,22,PayPal,Quarterly
1599,48,Male,Shirt,Clothing,29,Missouri,L,Yellow,Fall,3.2,No,Express,Yes,Yes,11,Debit Card,Weekly
1600,61,Female,Coat,Outerwear,81,North Dakota,L,Silver,Summer,4.2,No,2-Day Shipping,Yes,Yes,29,Venmo,Quarterly
1601,61,Male,Scarf,Accessories,76,Hawaii,M,Silver,Fall,3.5,No,Next Day Air,No,No,39,Cash,Quarterly
1602,62,Female,Sweater,Clothing,99,Vermont,M,Olive,Summer,2.8,Yes,2-Day Shipping,No,No,25,Credit Card,Annually
1603,44,Male,Gloves,Accessories,64,Nebraska,XL,Silver,Summer,4.1,Yes,2-Day Shipping,Yes,Yes,13,Venmo,Bi-Weekly
1604,69,Female,Coat,Outerwear,83,Delaware,S,Violet,Winter,4.3,Yes,Express,No,No,36,Cash,Weekly
1605,58,Male,Scarf,Accessories,20,New York,M,Pink,Fall,3.8,Yes,Next Day Air,No,No,42,Cash,Bi-Weekly
1606,53,Male,Gloves,Accessories,56,North Carolina,XL,Magenta,Fall,4.2,Yes,Store Pickup,Yes,Yes,19,Venmo,Every 3 Months
1607,51,Male,Hoodie,Clothing,89,Tennessee,M,Peach,Winter,4.0,Yes,Standard,No,No,32,Credit Card,Bi-Weekly
1608,65,Female,Pants,Clothing,21,Rhode Island,S,White,Fall,4.7,No,Store Pickup,Yes,Yes,5,Bank Transfer,Annually
1609,34,Female,Shirt,Clothing,59,Alaska,L,Green,Fall,3.5,No,Free Shipping,Yes,Yes,28,Venmo,Fortnightly
1610,51,Male,Belt,Accessories,39,Nebraska,M,Gray,Fall,4.6,No,Express,No,No,30,Cash,Annually
1611,28,Female,Pants,Clothing,42,Texas,L,Maroon,Spring,2.6,No,Store Pickup,No,No,40,Bank Transfer,Bi-Weekly
1612,36,Female,Jeans,Clothing,69,Missouri,L,Orange,Fall,3.5,No,Next Day Air,Yes,Yes,48,Credit Card,Bi-Weekly
1613,58,Male,Socks,Clothing,92,West Virginia,M,Violet,Winter,3.6,No,Free Shipping,No,No,7,Venmo,Monthly
1614,47,Male,Dress,Clothing,26,Illinois,XL,Magenta,Fall,3.8,No,Free Shipping,Yes,Yes,37,Debit Card,Bi-Weekly
1615,29,Female,Backpack,Accessories,51,North Carolina,M,Beige,Spring,3.8,No,Free Shipping,Yes,Yes,40,Bank Transfer,Annually
1616,33,Female,Sweater,Clothing,86,Ohio,L,Pink,Fall,4.1,No,Standard,No,No,14,Bank Transfer,Bi-Weekly
1617,62,Male,Jewelry,Accessories,66,Illinois,L,Orange,Summer,5.0,No,Standard,Yes,Yes,45,Venmo,Monthly
1618,53,Male,Blouse,Clothing,52,North Dakota,L,Brown,Summer,4.5,No,Next Day Air,No,No,14,Venmo,Weekly
1619,64,Male,Gloves,Accessories,51,Hawaii,L,Purple,Fall,4.3,No,Store Pickup,Yes,Yes,33,Cash,Annually
1620,66,Female,Hat,Accessories,25,Wyoming,S,Charcoal,Summer,3.0,Yes,Free Shipping,Yes,Yes,3,Bank Transfer,Monthly
1621,50,Male,Gloves,Accessories,81,Idaho,XL,Violet,Fall,4.8,No,Next Day Air,Yes,Yes,20,Venmo,Quarterly
1622,49,Male,Shorts,Clothing,62,Mississippi,L,Black,Fall,4.0,Yes,Standard,No,No,25,Venmo,Quarterly
1623,30,Male,Jewelry,Accessories,56,Illinois,L,Beige,Fall,4.6,No,Free Shipping,No,No,40,Credit Card,Annually
1624,45,Female,Dress,Clothing,98,Alabama,L,Green,Summer,3.3,Yes,2-Day Shipping,Yes,Yes,44,Cash,Quarterly
1625,38,Male,Skirt,Clothing,85,New Hampshire,L,Cyan,Summer,3.7,No,Express,Yes,Yes,12,Credit Card,Quarterly
1626,64,Male,Dress,Clothing,48,Utah,XL,Gold,Spring,3.0,No,2-Day Shipping,Yes,Yes,48,Bank Transfer,Quarterly
1627,29,Female,Shorts,Clothing,51,Louisiana,S,Green,Spring,4.8,No,Store Pickup,No,No,46,Cash,Quarterly
1628,53,Male,Sunglasses,Accessories,97,Vermont,L,Purple,Spring,4.5,No,Free Shipping,No,No,18,PayPal,Annually
1629,57,Male,Skirt,Clothing,26,Vermont,L,Yellow,Winter,4.9,No,2-Day Shipping,Yes,Yes,19,PayPal,Annually
1630,68,Female,Sunglasses,Accessories,86,New Jersey,M,Maroon,Spring,2.6,No,Express,Yes,Yes,48,Cash,Fortnightly
1631,63,Male,Jeans,Clothing,53,Alaska,M,Cyan,Summer,3.8,No,Store Pickup,No,No,11,Debit Card,Bi-Weekly
1632,36,Male,Belt,Accessories,66,Ohio,L,Magenta,Fall,2.6,No,Next Day Air,Yes,Yes,35,PayPal,Every 3 Months
1633,24,Male,Sunglasses,Accessories,63,Montana,M,Maroon,Winter,3.4,No,Store Pickup,No,No,28,Debit Card,Fortnightly
1634,24,Male,Jeans,Clothing,80,South Dakota,S,Turquoise,Winter,2.7,Yes,2-Day Shipping,Yes,Yes,37,Venmo,Quarterly
1635,31,Male,Sneakers,Footwear,90,Ohio,XL,Purple,Summer,4.4,No,Free Shipping,Yes,Yes,49,Bank Transfer,Bi-Weekly
1636,58,Male,Handbag,Accessories,81,Utah,M,Red,Fall,4.3,No,Store Pickup,Yes,Yes,16,Bank Transfer,Every 3 Months
1637,51,Female,Sneakers,Footwear,39,Mississippi,XL,Magenta,Winter,4.7,Yes,2-Day Shipping,Yes,Yes,42,Bank Transfer,Quarterly
1638,61,Male,Hat,Accessories,73,Utah,L,Silver,Fall,3.1,No,Next Day Air,Yes,Yes,41,Bank Transfer,Bi-Weekly
1639,67,Male,Pants,Clothing,36,Nevada,L,Silver,Winter,2.6,Yes,Express,Yes,Yes,39,Bank Transfer,Monthly
1640,21,Female,Pants,Clothing,96,Arizona,M,Purple,Winter,4.5,No,2-Day Shipping,No,No,41,Credit Card,Every 3 Months
1641,44,Male,Shoes,Footwear,52,Hawaii,XL,Peach,Fall,4.0,No,Express,No,No,20,Debit Card,Monthly
1642,35,Female,Shoes,Footwear,37,Maine,M,Gold,Fall,4.1,Yes,Free Shipping,No,No,47,Bank Transfer,Every 3 Months
1643,28,Male,Shoes,Footwear,86,Georgia,S,Teal,Winter,3.9,No,Store Pickup,No,No,43,Bank Transfer,Fortnightly
1644,39,Male,Sandals,Footwear,92,Indiana,S,Gray,Fall,3.8,No,Standard,Yes,Yes,14,Debit Card,Monthly
1645,66,Female,Handbag,Accessories,36,South Dakota,L,Black,Summer,4.3,No,Store Pickup,Yes,Yes,1,Venmo,Bi-Weekly
1646,27,Male,Dress,Clothing,30,California,M,Olive,Winter,4.7,No,Standard,Yes,Yes,29,Debit Card,Annually
1647,41,Male,Hoodie,Clothing,52,Maryland,M,Gray,Fall,4.5,Yes,Next Day Air,Yes,Yes,36,Cash,Every 3 Months
1648,29,Male,Sunglasses,Accessories,85,Nevada,L,Purple,Fall,3.9,No,Next Day Air,Yes,Yes,17,Credit Card,Monthly
1649,50,Female,Boots,Footwear,70,Utah,M,Olive,Summer,4.0,No,Store Pickup,Yes,Yes,50,Credit Card,Every 3 Months
1650,35,Male,Boots,Footwear,59,Colorado,S,Charcoal,Spring,2.8,Yes,Store Pickup,No,No,10,Cash,Every 3 Months
1651,66,Male,Shirt,Clothing,55,Vermont,L,Turquoise,Fall,2.8,No,Standard,No,No,19,Debit Card,Weekly
1652,18,Male,Scarf,Accessories,54,New York,M,Green,Spring,3.1,No,Store Pickup,No,No,1,Bank Transfer,Quarterly
1653,68,Male,Dress,Clothing,77,Delaware,M,Black,Summer,3.3,No,Next Day Air,No,No,9,Bank Transfer,Monthly
1654,28,Female,Scarf,Accessories,69,Massachusetts,M,Charcoal,Summer,4.8,No,Standard,Yes,Yes,50,Credit Card,Fortnightly
1655,23,Female,Shorts,Clothing,70,Maine,XL,Yellow,Winter,3.6,Yes,Store Pickup,No,No,28,Credit Card,Fortnightly
1656,60,Male,Sandals,Footwear,85,Missouri,M,Green,Winter,4.0,No,Free Shipping,No,No,20,Venmo,Every 3 Months
1657,67,Female,Shorts,Clothing,56,Colorado,S,Magenta,Fall,3.3,Yes,2-Day Shipping,No,No,45,Bank Transfer,Quarterly
1658,37,Female,Hoodie,Clothing,63,California,L,Yellow,Fall,4.8,No,Store Pickup,No,No,18,PayPal,Annually
1659,19,Male,Dress,Clothing,23,South Dakota,L,Green,Spring,4.9,Yes,Express,No,No,8,Cash,Every 3 Months
1660,65,Female,Scarf,Accessories,42,Iowa,M,Teal,Winter,3.5,No,Express,No,No,42,Cash,Quarterly
1661,52,Male,Sunglasses,Accessories,91,Alaska,M,Pink,Summer,2.9,No,Express,Yes,Yes,10,PayPal,Every 3 Months
1662,63,Male,Dress,Clothing,46,Colorado,M,Peach,Spring,2.9,No,Standard,Yes,Yes,33,Bank Transfer,Annually
1663,68,Male,Backpack,Accessories,39,Texas,S,White,Spring,4.8,No,Next Day Air,Yes,Yes,36,Bank Transfer,Every 3 Months
1664,69,Female,Coat,Outerwear,61,Georgia,XL,Indigo,Spring,4.4,No,Standard,No,No,32,PayPal,Every 3 Months
1665,63,Female,Pants,Clothing,40,New Hampshire,XL,Beige,Winter,2.5,No,Free Shipping,Yes,Yes,46,Cash,Bi-Weekly
1666,34,Male,Hoodie,Clothing,90,Arizona,S,Yellow,Summer,4.1,No,Store Pickup,No,No,28,PayPal,Monthly
1667,23,Male,Dress,Clothing,58,Alabama,M,Green,Summer,3.7,No,Free Shipping,No,No,7,Cash,Annually
1668,32,Male,Hat,Accessories,51,Alaska,XL,Black,Spring,3.5,No,Standard,Yes,Yes,38,Cash,Monthly
1669,18,Male,Sandals,Footwear,86,North Dakota,M,Magenta,Winter,3.2,No,Standard,Yes,Yes,19,PayPal,Annually
1670,29,Male,Hoodie,Clothing,79,Arkansas,M,Black,Spring,3.6,Yes,Standard,No,No,28,Credit Card,Every 3 Months
1671,44,Male,Sunglasses,Accessories,21,North Carolina,L,Gold,Summer,3.8,Yes,Standard,Yes,Yes,19,Bank Transfer,Monthly
1672,67,Female,Socks,Clothing,92,Kentucky,S,Pink,Summer,3.7,No,Next Day Air,No,No,8,Debit Card,Weekly
1673,26,Male,Sneakers,Footwear,46,Georgia,S,Lavender,Spring,3.9,No,Next Day Air,No,No,33,Bank Transfer,Annually
1674,69,Male,Socks,Clothing,34,Arkansas,M,Magenta,Spring,3.3,No,Express,No,No,23,Credit Card,Weekly
1675,46,Male,Pants,Clothing,59,Vermont,S,Violet,Winter,3.1,No,Next Day Air,No,No,4,PayPal,Quarterly
1676,35,Male,Backpack,Accessories,55,Missouri,L,Pink,Fall,4.3,No,2-Day Shipping,Yes,Yes,11,PayPal,Annually
1677,25,Male,Sunglasses,Accessories,62,Mississippi,XL,Maroon,Fall,4.8,No,Free Shipping,No,No,21,Debit Card,Monthly
1678,22,Male,Hat,Accessories,33,Missouri,L,Yellow,Winter,4.9,Yes,Next Day Air,No,No,13,Bank Transfer,Weekly
1679,21,Male,Sandals,Footwear,87,Wyoming,M,Charcoal,Fall,5.0,No,Next Day Air,No,No,30,Bank Transfer,Bi-Weekly
1680,52,Male,Shirt,Clothing,60,Alabama,M,Lavender,Summer,2.6,No,Store Pickup,No,No,16,Venmo,Annually
1681,36,Male,Sandals,Footwear,63,Idaho,M,Peach,Spring,4.3,No,Standard,Yes,Yes,6,Debit Card,Annually
1682,64,Male,Boots,Footwear,65,Alabama,XL,Brown,Winter,2.5,No,Store Pickup,No,No,41,Bank Transfer,Weekly
1683,29,Female,Hoodie,Clothing,42,Delaware,L,Pink,Spring,3.3,No,Store Pickup,No,No,47,Venmo,Bi-Weekly
1684,20,Male,Boots,Footwear,44,Colorado,S,White,Winter,4.7,Yes,Free Shipping,Yes,Yes,19,PayPal,Bi-Weekly
1685,45,Male,Pants,Clothing,38,Alabama,M,Charcoal,Summer,3.9,Yes,Standard,Yes,Yes,11,PayPal,Monthly
1686,25,Female,Shorts,Clothing,66,New York,XL,Yellow,Summer,4.4,No,Free Shipping,Yes,Yes,15,Credit Card,Every 3 Months
1687,34,Male,Belt,Accessories,29,South Carolina,L,Purple,Winter,5.0,Yes,Express,Yes,Yes,36,PayPal,Weekly
1688,31,Male,Sunglasses,Accessories,33,Texas,L,Black,Spring,4.0,Yes,Store Pickup,No,No,28,Cash,Quarterly
1689,63,Male,Backpack,Accessories,26,Ohio,M,Cyan,Winter,2.5,No,2-Day Shipping,No,No,47,Debit Card,Fortnightly
1690,57,Male,Coat,Outerwear,49,Montana,M,Silver,Winter,3.4,Yes,Express,Yes,Yes,30,Credit Card,Bi-Weekly
1691,47,Female,Coat,Outerwear,34,Idaho,M,Maroon,Spring,5.0,Yes,Standard,No,No,47,Debit Card,Fortnightly
1692,67,Female,Belt,Accessories,97,West Virginia,L,Beige,Spring,2.6,No,2-Day Shipping,No,No,9,Cash,Annually
1693,44,Female,Sweater,Clothing,63,Georgia,M,Turquoise,Fall,2.9,No,Next Day Air,Yes,Yes,43,PayPal,Weekly
1694,70,Male,Socks,Clothing,57,Nevada,S,Beige,Spring,3.9,No,Standard,Yes,Yes,41,Cash,Bi-Weekly
1695,53,Female,Socks,Clothing,92,Louisiana,S,Gold,Fall,5.0,No,Standard,Yes,Yes,2,PayPal,Quarterly
1696,30,Male,Dress,Clothing,84,Kansas,M,Cyan,Fall,3.2,No,Store Pickup,No,No,4,Debit Card,Bi-Weekly
1697,30,Male,Dress,Clothing,87,Maine,L,Yellow,Winter,4.8,No,Express,No,No,12,PayPal,Weekly
1698,70,Female,Jeans,Clothing,67,Indiana,L,Cyan,Spring,3.2,No,Next Day Air,No,No,24,Venmo,Bi-Weekly
1699,32,Male,Blouse,Clothing,47,Missouri,M,Gray,Summer,2.9,Yes,Standard,Yes,Yes,8,Bank Transfer,Weekly
1700,53,Male,Coat,Outerwear,90,Minnesota,L,Maroon,Winter,4.5,No,Next Day Air,Yes,Yes,10,Debit Card,Every 3 Months
1701,26,Male,Skirt,Clothing,70,Montana,L,Purple,Spring,4.2,No,Standard,No,No,42,Venmo,Fortnightly
1702,68,Male,Hat,Accessories,28,Georgia,S,Maroon,Summer,2.8,No,Express,No,No,5,Debit Card,Fortnightly
1703,66,Male,Coat,Outerwear,94,North Dakota,S,Red,Fall,5.0,Yes,Free Shipping,No,No,37,PayPal,Bi-Weekly
1704,25,Male,Sunglasses,Accessories,82,North Carolina,XL,Peach,Winter,3.3,No,2-Day Shipping,Yes,Yes,26,Bank Transfer,Weekly
1705,28,Male,Jeans,Clothing,31,New York,XL,Indigo,Winter,3.7,No,Free Shipping,No,No,41,Cash,Monthly
1706,48,Male,Blouse,Clothing,35,Nevada,L,Cyan,Winter,4.9,No,Express,No,No,22,PayPal,Quarterly
1707,69,Female,Skirt,Clothing,40,Delaware,M,Cyan,Winter,3.9,No,Standard,Yes,Yes,30,Cash,Bi-Weekly
1708,26,Female,Pants,Clothing,70,Georgia,M,Orange,Fall,3.9,Yes,Next Day Air,No,No,11,Cash,Bi-Weekly
1709,35,Female,Boots,Footwear,45,Arkansas,M,Pink,Winter,4.6,No,Store Pickup,Yes,Yes,13,PayPal,Quarterly
1710,60,Female,Shirt,Clothing,85,New York,M,Pink,Spring,4.6,No,Next Day Air,Yes,Yes,34,PayPal,Weekly
1711,46,Male,Boots,Footwear,80,Rhode Island,L,Orange,Spring,4.4,Yes,Free Shipping,Yes,Yes,32,Cash,Weekly
1712,41,Male,Handbag,Accessories,70,Iowa,M,Purple,Summer,3.3,Yes,Standard,Yes,Yes,38,Bank Transfer,Bi-Weekly
1713,36,Male,Skirt,Clothing,82,South Dakota,M,Olive,Spring,2.9,Yes,Next Day Air,Yes,Yes,11,PayPal,Bi-Weekly
1714,65,Male,Coat,Outerwear,20,Delaware,XL,White,Fall,2.9,Yes,Next Day Air,No,No,29,Debit Card,Weekly
1715,41,Male,Shirt,Clothing,24,Maine,XL,Charcoal,Spring,3.1,Yes,Express,Yes,Yes,6,Bank Transfer,Quarterly
1716,64,Male,Jeans,Clothing,24,Indiana,L,Pink,Spring,2.8,No,Next Day Air,Yes,Yes,12,Debit Card,Fortnightly
1717,51,Male,Dress,Clothing,75,Maine,M,Indigo,Winter,4.7,No,Store Pickup,Yes,Yes,49,Credit Card,Annually
1718,51,Male,Socks,Clothing,97,New York,L,Pink,Winter,3.8,No,Next Day Air,No,No,10,Debit Card,Annually
1719,49,Male,Boots,Footwear,25,Louisiana,M,Yellow,Spring,4.6,No,Free Shipping,No,No,36,Bank Transfer,Bi-Weekly
1720,57,Male,Shirt,Clothing,89,Maine,S,Gray,Spring,4.6,Yes,Express,Yes,Yes,48,Bank Transfer,Weekly
1721,52,Female,Gloves,Accessories,46,Utah,S,White,Winter,2.6,No,Store Pickup,No,No,30,Venmo,Annually
1722,47,Male,Sunglasses,Accessories,75,Oklahoma,M,Pink,Fall,3.8,No,Express,No,No,14,PayPal,Monthly
1723,60,Male,Sneakers,Footwear,96,Florida,L,White,Summer,3.6,No,Free Shipping,Yes,Yes,50,Debit Card,Annually
1724,64,Male,Shirt,Clothing,60,Arkansas,S,Black,Fall,4.2,No,Express,Yes,Yes,25,Venmo,Monthly
1725,52,Male,Boots,Footwear,36,Tennessee,M,Olive,Summer,2.9,No,Standard,Yes,Yes,31,PayPal,Weekly
1726,65,Female,Boots,Footwear,52,Rhode Island,M,Maroon,Fall,2.7,No,Express,Yes,Yes,46,Venmo,Annually
1727,52,Male,Hoodie,Clothing,85,Texas,M,Gold,Spring,3.6,Yes,Free Shipping,No,No,2,Cash,Every 3 Months
1728,48,Male,Dress,Clothing,66,Arkansas,M,Gold,Summer,2.7,No,Store Pickup,No,No,14,Credit Card,Fortnightly
1729,34,Male,Gloves,Accessories,27,Nebraska,L,Gray,Spring,2.9,No,Free Shipping,No,No,19,Credit Card,Bi-Weekly
1730,68,Female,Jeans,Clothing,35,Tennessee,S,Cyan,Summer,3.1,No,Free Shipping,Yes,Yes,9,Bank Transfer,Every 3 Months
1731,22,Male,Jewelry,Accessories,64,Vermont,M,Indigo,Summer,2.8,No,Free Shipping,Yes,Yes,6,Bank Transfer,Bi-Weekly
1732,45,Female,Blouse,Clothing,72,Iowa,L,Violet,Spring,3.3,No,2-Day Shipping,Yes,Yes,7,Bank Transfer,Quarterly
1733,28,Male,Handbag,Accessories,38,Louisiana,M,Pink,Fall,4.5,No,2-Day Shipping,No,No,33,Debit Card,Annually
1734,46,Male,Sandals,Footwear,68,Oklahoma,M,Lavender,Spring,4.0,Yes,Next Day Air,No,No,7,Credit Card,Quarterly
1735,22,Female,Hat,Accessories,75,Hawaii,L,Orange,Summer,4.8,Yes,2-Day Shipping,Yes,Yes,5,Debit Card,Quarterly
1736,18,Male,Shoes,Footwear,67,Missouri,L,Green,Winter,3.4,No,Express,No,No,15,Cash,Annually
1737,38,Male,Jacket,Outerwear,22,Idaho,L,Yellow,Spring,3.1,No,Free Shipping,No,No,31,Cash,Quarterly
1738,30,Male,Socks,Clothing,78,Utah,L,Black,Winter,4.7,Yes,2-Day Shipping,No,No,28,Credit Card,Monthly
1739,67,Female,Blouse,Clothing,55,California,XL,Red,Summer,3.3,Yes,Store Pickup,Yes,Yes,3,Credit Card,Bi-Weekly
1740,68,Male,Jacket,Outerwear,96,Maine,M,Violet,Spring,4.8,No,Express,Yes,Yes,25,Cash,Quarterly
1741,46,Male,Boots,Footwear,23,Alabama,XL,Charcoal,Summer,4.7,Yes,Next Day Air,No,No,26,Bank Transfer,Quarterly
1742,34,Male,Skirt,Clothing,61,Arizona,M,Brown,Summer,4.6,No,Standard,No,No,45,PayPal,Annually
1743,19,Male,Shorts,Clothing,28,Georgia,M,Gray,Winter,4.4,No,Next Day Air,No,No,13,Debit Card,Monthly
1744,38,Female,Gloves,Accessories,54,Indiana,M,Purple,Winter,4.8,No,Standard,No,No,50,Credit Card,Every 3 Months
1745,44,Male,Coat,Outerwear,55,Alabama,XL,Teal,Fall,3.6,No,Standard,No,No,26,PayPal,Weekly
1746,21,Female,Handbag,Accessories,56,Colorado,M,Orange,Winter,2.7,No,2-Day Shipping,No,No,17,Bank Transfer,Fortnightly
1747,63,Male,Jeans,Clothing,21,Rhode Island,L,Beige,Fall,2.8,No,Express,No,No,6,Credit Card,Quarterly
1748,50,Male,Pants,Clothing,38,New Hampshire,S,Indigo,Summer,4.7,No,Store Pickup,No,No,34,Venmo,Quarterly
1749,40,Female,Jewelry,Accessories,100,Maine,M,Yellow,Fall,2.6,Yes,Next Day Air,Yes,Yes,40,Bank Transfer,Monthly
1750,58,Male,Sweater,Clothing,21,Tennessee,M,Brown,Fall,4.7,Yes,Express,No,No,45,Bank Transfer,Weekly
1751,50,Female,Gloves,Accessories,41,Minnesota,M,Olive,Summer,4.8,Yes,Standard,Yes,Yes,12,Cash,Quarterly
1752,43,Male,Hat,Accessories,92,Oregon,XL,Purple,Summer,3.6,No,Free Shipping,No,No,47,PayPal,Weekly
1753,54,Female,Dress,Clothing,84,Arkansas,M,Maroon,Spring,3.7,No,2-Day Shipping,Yes,Yes,3,PayPal,Weekly
1754,53,Female,Boots,Footwear,78,North Dakota,L,Gray,Winter,3.1,No,Free Shipping,Yes,Yes,14,Debit Card,Bi-Weekly
1755,21,Female,Boots,Footwear,23,Florida,M,Silver,Spring,3.9,No,Express,Yes,Yes,19,Venmo,Fortnightly
1756,52,Male,Sunglasses,Accessories,45,South Dakota,M,Maroon,Spring,4.7,No,Express,Yes,Yes,30,Cash,Every 3 Months
1757,28,Female,Dress,Clothing,49,New Jersey,S,Orange,Summer,2.7,No,Next Day Air,No,No,42,PayPal,Fortnightly
1758,41,Male,Scarf,Accessories,34,Utah,M,Green,Summer,4.0,No,Express,No,No,29,Credit Card,Every 3 Months
1759,27,Male,Handbag,Accessories,76,Rhode Island,S,Beige,Summer,3.3,No,Express,No,No,1,Bank Transfer,Weekly
1760,31,Male,Skirt,Clothing,93,New York,S,Brown,Spring,4.1,Yes,Next Day Air,No,No,21,Credit Card,Monthly
1761,28,Female,Dress,Clothing,41,Texas,L,Gold,Fall,4.0,No,Next Day Air,Yes,Yes,45,Debit Card,Fortnightly
1762,19,Male,Belt,Accessories,76,Illinois,M,Gold,Summer,4.4,No,Store Pickup,Yes,Yes,10,Cash,Quarterly
1763,19,Male,Shorts,Clothing,50,Louisiana,M,Maroon,Spring,4.2,No,Standard,No,No,13,Cash,Weekly
1764,30,Female,Jeans,Clothing,64,Georgia,S,Cyan,Fall,4.1,No,Next Day Air,Yes,Yes,34,Bank Transfer,Weekly
1765,44,Female,Shoes,Footwear,38,Iowa,XL,Pink,Fall,3.8,No,Next Day Air,No,No,19,Credit Card,Quarterly
1766,56,Male,Belt,Accessories,63,Arizona,L,Beige,Spring,4.5,No,Standard,Yes,Yes,8,Debit Card,Quarterly
1767,56,Male,Sweater,Clothing,43,Hawaii,M,Yellow,Summer,3.0,No,2-Day Shipping,Yes,Yes,31,Venmo,Every 3 Months
1768,36,Male,Shoes,Footwear,30,Florida,L,Lavender,Fall,3.2,No,Free Shipping,No,No,10,Bank Transfer,Every 3 Months
1769,38,Male,Backpack,Accessories,91,Iowa,S,Yellow,Summer,4.2,No,Express,Yes,Yes,37,Debit Card,Monthly
1770,54,Male,Jacket,Outerwear,37,Indiana,M,Violet,Summer,4.1,No,Next Day Air,No,No,29,Bank Transfer,Fortnightly
1771,40,Male,Jacket,Outerwear,75,Delaware,XL,Gold,Fall,3.2,Yes,Next Day Air,No,No,21,Credit Card,Every 3 Months
1772,22,Male,Pants,Clothing,37,Kentucky,M,Olive,Winter,3.6,No,Standard,Yes,Yes,21,Credit Card,Weekly
1773,42,Male,Hoodie,Clothing,43,New York,L,Violet,Fall,3.8,No,Standard,Yes,Yes,8,PayPal,Monthly
1774,57,Female,Jeans,Clothing,36,Hawaii,L,Red,Winter,3.8,No,Next Day Air,No,No,15,Bank Transfer,Monthly
1775,48,Male,Hat,Accessories,25,California,M,Peach,Spring,4.2,No,2-Day Shipping,No,No,13,Credit Card,Annually
1776,66,Male,Handbag,Accessories,50,Oklahoma,L,Lavender,Fall,4.5,No,2-Day Shipping,Yes,Yes,3,Credit Card,Annually
1777,47,Female,Shorts,Clothing,50,Louisiana,S,Red,Winter,2.9,Yes,Next Day Air,No,No,42,PayPal,Bi-Weekly
1778,62,Female,Shirt,Clothing,92,Georgia,S,White,Spring,3.5,Yes,Next Day Air,No,No,37,Cash,Fortnightly
1779,60,Female,Dress,Clothing,97,Indiana,M,White,Spring,3.4,Yes,Express,Yes,Yes,18,Debit Card,Every 3 Months
1780,35,Female,Sandals,Footwear,53,Arizona,M,Orange,Spring,4.1,Yes,Store Pickup,Yes,Yes,39,PayPal,Quarterly
1781,20,Male,Hat,Accessories,41,Rhode Island,M,Orange,Fall,2.6,No,Standard,Yes,Yes,16,PayPal,Quarterly
1782,22,Male,Sneakers,Footwear,36,Louisiana,L,Gold,Fall,4.8,No,Free Shipping,No,No,3,Bank Transfer,Fortnightly
1783,21,Male,Dress,Clothing,38,Arkansas,S,Purple,Spring,3.7,No,Free Shipping,No,No,12,Bank Transfer,Every 3 Months
1784,59,Female,Socks,Clothing,46,Wyoming,M,Gray,Winter,4.6,No,Express,No,No,37,Debit Card,Bi-Weekly
1785,37,Male,Coat,Outerwear,64,Maine,M,Beige,Winter,3.3,Yes,Free Shipping,No,No,43,Cash,Annually
1786,63,Female,Backpack,Accessories,37,Alabama,S,Maroon,Fall,2.6,Yes,Next Day Air,No,No,31,Venmo,Weekly
1787,22,Male,Belt,Accessories,85,North Carolina,M,Magenta,Winter,4.9,Yes,2-Day Shipping,Yes,Yes,49,Cash,Monthly
1788,50,Female,Sneakers,Footwear,52,Tennessee,M,White,Spring,4.2,No,Next Day Air,Yes,Yes,35,Cash,Quarterly
1789,40,Male,Shoes,Footwear,51,Alabama,L,Peach,Fall,4.4,No,2-Day Shipping,Yes,Yes,48,Bank Transfer,Annually
1790,46,Female,Sweater,Clothing,92,Montana,M,Cyan,Winter,4.8,No,Express,Yes,Yes,12,Venmo,Weekly
1791,65,Female,Jacket,Outerwear,42,Indiana,L,Teal,Winter,2.6,No,2-Day Shipping,No,No,48,PayPal,Weekly
1792,19,Male,Pants,Clothing,76,Illinois,M,Violet,Spring,2.8,No,Store Pickup,No,No,31,Venmo,Monthly
1793,46,Male,Sandals,Footwear,69,Utah,M,Maroon,Winter,4.2,Yes,Standard,No,No,24,Cash,Monthly
1794,70,Male,Sneakers,Footwear,20,Mississippi,S,Peach,Spring,4.5,Yes,Next Day Air,No,No,15,Bank Transfer,Monthly
1795,35,Female,Blouse,Clothing,69,Ohio,M,Orange,Summer,4.3,No,Free Shipping,No,No,41,Bank Transfer,Every 3 Months
1796,36,Male,Hoodie,Clothing,78,South Dakota,M,Orange,Fall,4.3,Yes,Store Pickup,No,No,3,PayPal,Bi-Weekly
1797,58,Female,Boots,Footwear,41,Nevada,M,Orange,Fall,4.6,Yes,Free Shipping,No,No,9,Bank Transfer,Quarterly
1798,42,Male,Backpack,Accessories,30,Georgia,L,Pink,Spring,4.4,Yes,Express,Yes,Yes,5,Debit Card,Every 3 Months
1799,65,Female,Jewelry,Accessories,100,Texas,XL,Olive,Spring,3.5,No,2-Day Shipping,No,No,38,Bank Transfer,Bi-Weekly
1800,39,Female,Sneakers,Footwear,85,Alaska,M,Gray,Winter,3.2,No,Store Pickup,Yes,Yes,31,Cash,Annually
1801,53,Female,Shoes,Footwear,96,Mississippi,XL,Beige,Summer,4.9,No,2-Day Shipping,No,No,37,Debit Card,Quarterly
1802,67,Male,Dress,Clothing,76,Hawaii,M,Lavender,Fall,2.7,No,2-Day Shipping,No,No,29,Bank Transfer,Fortnightly
1803,55,Male,Backpack,Accessories,58,New York,M,Brown,Spring,4.1,No,2-Day Shipping,Yes,Yes,34,Venmo,Quarterly
1804,64,Female,Shirt,Clothing,28,Oklahoma,XL,Olive,Fall,2.8,Yes,Express,Yes,Yes,35,Bank Transfer,Bi-Weekly
1805,18,Male,Shorts,Clothing,87,Tennessee,L,Black,Winter,2.9,No,Standard,No,No,1,Cash,Fortnightly
1806,22,Male,Hat,Accessories,44,Louisiana,M,White,Fall,3.9,No,Standard,Yes,Yes,36,Debit Card,Monthly
1807,53,Male,Blouse,Clothing,71,Iowa,XL,Violet,Fall,3.4,No,Store Pickup,Yes,Yes,45,Venmo,Quarterly
1808,18,Female,Boots,Footwear,88,Nevada,L,Lavender,Fall,4.9,Yes,Store Pickup,No,No,41,Credit Card,Monthly
1809,24,Male,Sunglasses,Accessories,48,Louisiana,L,Pink,Summer,3.5,No,Free Shipping,Yes,Yes,32,Bank Transfer,Bi-Weekly
1810,59,Male,Sandals,Footwear,86,Nevada,L,Yellow,Spring,3.9,Yes,2-Day Shipping,Yes,Yes,7,Cash,Annually
1811,39,Male,Sandals,Footwear,25,West Virginia,M,Pink,Spring,3.0,No,Store Pickup,No,No,45,Credit Card,Fortnightly
1812,48,Female,Shirt,Clothing,42,Missouri,L,Lavender,Fall,2.6,No,Express,No,No,1,Debit Card,Weekly
1813,18,Male,Sandals,Footwear,76,West Virginia,M,Orange,Spring,4.4,No,Store Pickup,Yes,Yes,37,Venmo,Quarterly
1814,65,Male,Skirt,Clothing,31,Indiana,L,Purple,Winter,3.4,No,2-Day Shipping,Yes,Yes,41,PayPal,Weekly
1815,35,Female,Scarf,Accessories,80,Illinois,L,Maroon,Summer,4.7,Yes,Standard,Yes,Yes,5,Venmo,Every 3 Months
1816,55,Female,Pants,Clothing,44,Nevada,L,Charcoal,Spring,3.4,Yes,Free Shipping,No,No,38,Debit Card,Bi-Weekly
1817,66,Male,Blouse,Clothing,62,Wyoming,M,Black,Spring,3.4,No,Free Shipping,No,No,37,PayPal,Weekly
1818,70,Male,Hoodie,Clothing,93,Tennessee,S,Gray,Spring,3.8,No,Standard,Yes,Yes,22,Cash,Bi-Weekly
1819,49,Female,Handbag,Accessories,70,Georgia,M,Cyan,Summer,4.6,No,2-Day Shipping,No,No,34,Venmo,Weekly
1820,38,Male,Socks,Clothing,25,Utah,XL,Olive,Summer,2.9,No,Standard,Yes,Yes,47,PayPal,Fortnightly
1821,30,Male,Hoodie,Clothing,61,Vermont,M,Pink,Winter,3.6,No,Standard,Yes,Yes,50,PayPal,Annually
1822,51,Male,Hoodie,Clothing,48,New York,L,Brown,Spring,4.5,No,2-Day Shipping,No,No,28,Cash,Every 3 Months
1823,51,Female,Sandals,Footwear,56,Rhode Island,M,Lavender,Fall,3.6,Yes,Store Pickup,No,No,1,PayPal,Every 3 Months
1824,68,Male,Belt,Accessories,31,New Jersey,S,White,Summer,3.1,Yes,Standard,Yes,Yes,44,Bank Transfer,Weekly
1825,24,Male,Sunglasses,Accessories,35,South Dakota,XL,Indigo,Summer,4.2,Yes,Next Day Air,No,No,43,Debit Card,Every 3 Months
1826,24,Female,Sunglasses,Accessories,51,Louisiana,M,Violet,Fall,3.1,No,Store Pickup,Yes,Yes,44,Debit Card,Annually
1827,51,Male,Shorts,Clothing,52,New York,M,Yellow,Fall,4.9,No,Store Pickup,No,No,50,Credit Card,Weekly
1828,63,Female,Jewelry,Accessories,68,Kansas,S,Charcoal,Fall,4.5,No,2-Day Shipping,Yes,Yes,3,Bank Transfer,Every 3 Months
1829,35,Male,Dress,Clothing,75,Oregon,M,Violet,Winter,4.5,Yes,Free Shipping,Yes,Yes,33,Credit Card,Weekly
1830,18,Female,Skirt,Clothing,52,Nevada,M,White,Winter,2.9,No,Express,No,No,38,Bank Transfer,Weekly
1831,29,Male,Dress,Clothing,92,Kansas,M,Gold,Fall,3.2,No,Standard,No,No,40,Credit Card,Bi-Weekly
1832,22,Female,Shoes,Footwear,80,Tennessee,M,Olive,Winter,2.5,No,Standard,No,No,40,Bank Transfer,Weekly
1833,31,Male,Sneakers,Footwear,36,Arkansas,M,Green,Fall,3.4,No,Standard,No,No,5,Debit Card,Quarterly
1834,25,Male,Jacket,Outerwear,32,Georgia,XL,Red,Fall,4.4,No,Express,No,No,6,Credit Card,Fortnightly
1835,57,Female,Sunglasses,Accessories,25,Iowa,M,Turquoise,Summer,4.6,No,Next Day Air,No,No,6,Debit Card,Every 3 Months
1836,22,Male,Dress,Clothing,77,Rhode Island,M,Turquoise,Fall,3.2,Yes,Express,Yes,Yes,5,Bank Transfer,Fortnightly
1837,28,Female,Coat,Outerwear,59,Oklahoma,L,Gold,Fall,3.5,No,Express,No,No,22,Credit Card,Fortnightly
1838,56,Male,Scarf,Accessories,85,Louisiana,XL,Silver,Fall,4.6,No,Express,Yes,Yes,13,PayPal,Annually
1839,39,Male,Shoes,Footwear,80,Mississippi,M,Charcoal,Winter,2.5,No,2-Day Shipping,No,No,48,PayPal,Monthly
1840,62,Female,Belt,Accessories,96,West Virginia,M,Gold,Winter,4.8,No,Express,Yes,Yes,42,Credit Card,Quarterly
1841,29,Male,Coat,Outerwear,69,Colorado,M,Violet,Summer,4.4,No,Standard,Yes,Yes,3,PayPal,Weekly
1842,38,Male,Sandals,Footwear,91,Maine,M,Gold,Fall,2.8,No,Standard,Yes,Yes,41,Cash,Quarterly
1843,26,Male,Sneakers,Footwear,56,New York,S,Magenta,Winter,3.6,No,Standard,No,No,22,Bank Transfer,Every 3 Months
1844,24,Male,Hat,Accessories,47,Missouri,M,Maroon,Spring,3.2,Yes,Next Day Air,No,No,5,Bank Transfer,Quarterly
1845,53,Male,Blouse,Clothing,34,Arkansas,M,White,Fall,2.8,No,Free Shipping,Yes,Yes,18,Credit Card,Fortnightly
1846,36,Male,Blouse,Clothing,59,Vermont,XL,Green,Winter,4.3,No,Standard,No,No,44,Venmo,Quarterly
1847,51,Female,Sandals,Footwear,92,Kentucky,S,Beige,Summer,4.4,Yes,2-Day Shipping,No,No,2,Bank Transfer,Annually
1848,19,Male,Socks,Clothing,91,Idaho,S,Teal,Winter,5.0,No,Standard,Yes,Yes,2,Debit Card,Annually
1849,48,Male,Hoodie,Clothing,70,Idaho,XL,Violet,Fall,3.6,No,2-Day Shipping,Yes,Yes,27,Debit Card,Fortnightly
1850,45,Female,Dress,Clothing,33,New York,S,Violet,Summer,2.6,No,2-Day Shipping,No,No,43,Venmo,Monthly
1851,62,Male,Belt,Accessories,70,California,M,Purple,Summer,3.8,Yes,2-Day Shipping,No,No,4,Cash,Monthly
1852,47,Female,Handbag,Accessories,42,North Carolina,M,Purple,Fall,4.6,No,Express,Yes,Yes,8,Venmo,Fortnightly
1853,54,Male,Sunglasses,Accessories,67,Colorado,L,Pink,Fall,4.3,Yes,2-Day Shipping,Yes,Yes,11,Cash,Monthly
1854,70,Female,Sandals,Footwear,92,Minnesota,M,Brown,Winter,4.8,No,Store Pickup,Yes,Yes,18,Venmo,Annually
1855,53,Male,Pants,Clothing,99,Maryland,S,Turquoise,Winter,3.2,No,Standard,Yes,Yes,46,PayPal,Bi-Weekly
1856,52,Male,Dress,Clothing,30,Hawaii,L,Brown,Winter,2.8,No,Free Shipping,No,No,8,Bank Transfer,Quarterly
1857,45,Male,Sunglasses,Accessories,94,Arkansas,L,Brown,Fall,2.5,No,Next Day Air,Yes,Yes,37,Debit Card,Weekly
1858,65,Male,Handbag,Accessories,34,Massachusetts,M,Olive,Fall,4.0,No,Store Pickup,Yes,Yes,19,Venmo,Quarterly
1859,65,Female,Boots,Footwear,43,Alaska,S,Violet,Fall,2.8,Yes,Store Pickup,Yes,Yes,5,PayPal,Fortnightly
1860,27,Male,Dress,Clothing,29,Kansas,L,Gold,Fall,4.4,Yes,Store Pickup,No,No,41,Bank Transfer,Annually
1861,70,Male,Jeans,Clothing,48,California,L,Magenta,Summer,2.6,No,2-Day Shipping,Yes,Yes,23,PayPal,Annually
1862,46,Male,Pants,Clothing,52,Vermont,L,Olive,Spring,2.6,No,Next Day Air,Yes,Yes,37,Bank Transfer,Every 3 Months
1863,70,Female,Sandals,Footwear,49,New Hampshire,XL,Pink,Spring,3.0,No,2-Day Shipping,No,No,21,Venmo,Annually
1864,65,Male,Boots,Footwear,22,Colorado,M,Maroon,Fall,3.2,No,Express,Yes,Yes,18,Bank Transfer,Annually
1865,59,Male,Shirt,Clothing,60,South Dakota,L,Violet,Spring,2.7,No,2-Day Shipping,Yes,Yes,22,Venmo,Fortnightly
1866,53,Female,Scarf,Accessories,89,New York,L,Orange,Spring,4.7,No,Store Pickup,Yes,Yes,31,Debit Card,Weekly
1867,39,Male,Jeans,Clothing,29,Texas,XL,Pink,Winter,4.8,Yes,Free Shipping,No,No,13,Venmo,Monthly
1868,47,Female,Boots,Footwear,93,South Carolina,XL,Magenta,Winter,3.9,No,2-Day Shipping,No,No,14,Debit Card,Quarterly
1869,63,Female,Backpack,Accessories,87,Iowa,M,Olive,Summer,5.0,Yes,Store Pickup,No,No,45,Debit Card,Fortnightly
1870,43,Male,Belt,Accessories,39,Delaware,M,Green,Spring,4.8,No,Store Pickup,No,No,2,Bank Transfer,Quarterly
1871,60,Female,Pants,Clothing,81,Tennessee,L,Pink,Winter,3.9,No,Express,No,No,5,Bank Transfer,Monthly
1872,46,Male,Dress,Clothing,44,New Jersey,L,Brown,Fall,2.8,No,Standard,No,No,14,Credit Card,Quarterly
1873,42,Female,Hat,Accessories,58,Oregon,L,Cyan,Winter,3.2,No,2-Day Shipping,No,No,43,Cash,Annually
1874,45,Male,Skirt,Clothing,70,Alaska,M,Brown,Spring,5.0,No,Free Shipping,Yes,Yes,10,Venmo,Annually
1875,38,Male,Pants,Clothing,68,Illinois,XL,White,Spring,2.6,No,Store Pickup,No,No,12,Cash,Monthly
1876,61,Female,Jeans,Clothing,55,Minnesota,M,Magenta,Winter,4.8,No,2-Day Shipping,No,No,17,Venmo,Weekly
1877,21,Female,Backpack,Accessories,54,Iowa,L,Violet,Spring,3.3,Yes,Express,Yes,Yes,42,Debit Card,Every 3 Months
1878,40,Male,Jewelry,Accessories,72,Texas,S,Cyan,Spring,3.0,Yes,Next Day Air,Yes,Yes,10,Cash,Every 3 Months
1879,40,Female,Shirt,Clothing,99,Hawaii,S,Indigo,Fall,4.3,No,2-Day Shipping,Yes,Yes,19,PayPal,Every 3 Months
1880,67,Male,Blouse,Clothing,47,West Virginia,S,White,Fall,4.6,No,Store Pickup,No,No,40,Cash,Every 3 Months
1881,42,Male,Jewelry,Accessories,66,Idaho,M,White,Winter,3.3,No,Express,Yes,Yes,32,Cash,Annually
1882,41,Male,Handbag,Accessories,46,West Virginia,M,Pink,Winter,3.7,No,2-Day Shipping,Yes,Yes,18,Bank Transfer,Monthly
1883,36,Male,Socks,Clothing,55,New York,M,Indigo,Fall,5.0,Yes,Store Pickup,Yes,Yes,34,Cash,Annually
1884,35,Male,Dress,Clothing,59,Wyoming,M,Teal,Fall,2.6,No,Express,Yes,Yes,50,PayPal,Weekly
1885,58,Male,Jeans,Clothing,78,Maine,L,Violet,Summer,3.4,No,Standard,No,No,26,Bank Transfer,Annually
1886,40,Male,Sweater,Clothing,40,Nebraska,S,Charcoal,Winter,3.2,Yes,Next Day Air,No,No,23,PayPal,Every 3 Months
1887,20,Male,Socks,Clothing,62,North Dakota,L,Olive,Fall,3.2,Yes,Express,Yes,Yes,25,Venmo,Quarterly
1888,27,Male,Scarf,Accessories,48,Iowa,M,Brown,Spring,4.1,No,Express,No,No,35,Cash,Annually
1889,23,Male,Dress,Clothing,34,Vermont,XL,Silver,Winter,4.6,Yes,Standard,Yes,Yes,37,Credit Card,Quarterly
1890,37,Male,Sweater,Clothing,36,Rhode Island,L,Green,Spring,3.7,Yes,Express,No,No,31,PayPal,Quarterly
1891,39,Male,Backpack,Accessories,68,New Jersey,M,Olive,Winter,3.7,No,Standard,Yes,Yes,20,Venmo,Every 3 Months
1892,30,Male,Blouse,Clothing,42,Louisiana,L,Purple,Spring,4.1,No,Express,Yes,Yes,9,Cash,Fortnightly
1893,62,Male,Shorts,Clothing,68,South Dakota,L,Teal,Fall,3.4,Yes,Free Shipping,No,No,4,Credit Card,Weekly
1894,35,Male,Blouse,Clothing,30,Maryland,M,White,Fall,4.4,Yes,Standard,Yes,Yes,45,Debit Card,Quarterly
1895,42,Female,Skirt,Clothing,24,Louisiana,M,Teal,Winter,3.6,No,Next Day Air,Yes,Yes,23,Debit Card,Bi-Weekly
1896,56,Female,Coat,Outerwear,24,Louisiana,XL,Olive,Fall,2.6,No,2-Day Shipping,No,No,35,PayPal,Fortnightly
1897,33,Male,Gloves,Accessories,63,Iowa,M,Olive,Spring,2.6,No,Store Pickup,Yes,Yes,22,Debit Card,Every 3 Months
1898,58,Male,Shirt,Clothing,89,Maine,S,Orange,Winter,2.6,No,Next Day Air,Yes,Yes,5,Venmo,Monthly
1899,42,Female,Socks,Clothing,34,Oregon,S,Magenta,Summer,4.9,No,Express,Yes,Yes,1,Debit Card,Every 3 Months
1900,18,Female,Skirt,Clothing,50,Rhode Island,M,Yellow,Winter,5.0,No,Standard,No,No,21,Debit Card,Bi-Weekly
1901,35,Female,Sunglasses,Accessories,52,Wyoming,M,Indigo,Winter,3.6,Yes,Express,No,No,11,PayPal,Fortnightly
1902,21,Female,Hoodie,Clothing,41,Vermont,L,White,Summer,3.5,No,Standard,No,No,21,Bank Transfer,Weekly
1903,38,Male,Sweater,Clothing,56,Ohio,M,Maroon,Winter,2.9,Yes,Free Shipping,No,No,26,PayPal,Quarterly
1904,59,Male,Boots,Footwear,39,Nebraska,M,Charcoal,Fall,3.5,No,Free Shipping,No,No,24,PayPal,Annually
1905,46,Female,Sweater,Clothing,50,Oklahoma,M,Gray,Fall,4.4,Yes,Express,Yes,Yes,38,Credit Card,Monthly
1906,36,Male,Sweater,Clothing,99,Iowa,M,Teal,Fall,4.3,No,2-Day Shipping,Yes,Yes,29,Debit Card,Annually
1907,70,Male,Shorts,Clothing,24,Alabama,M,Purple,Fall,4.6,No,Standard,Yes,Yes,3,Credit Card,Annually
1908,38,Male,Sweater,Clothing,63,South Dakota,XL,Silver,Fall,5.0,No,Standard,Yes,Yes,24,Debit Card,Fortnightly
1909,41,Female,Skirt,Clothing,89,Hawaii,S,Black,Winter,4.2,No,Standard,Yes,Yes,17,Bank Transfer,Quarterly
1910,44,Male,Skirt,Clothing,68,Minnesota,M,Olive,Summer,3.6,Yes,2-Day Shipping,Yes,Yes,35,Debit Card,Weekly
1911,41,Male,Boots,Footwear,95,North Carolina,XL,Beige,Winter,4.6,No,Free Shipping,No,No,39,Credit Card,Weekly
1912,35,Male,Dress,Clothing,35,Arizona,M,Cyan,Winter,3.9,Yes,Next Day Air,No,No,27,Venmo,Quarterly
1913,66,Female,Blouse,Clothing,90,Georgia,L,Pink,Winter,4.9,Yes,Express,No,No,17,Credit Card,Quarterly
1914,20,Female,Shoes,Footwear,79,Arkansas,S,Brown,Winter,4.2,No,2-Day Shipping,Yes,Yes,9,Debit Card,Quarterly
1915,22,Male,Backpack,Accessories,32,Ohio,M,Cyan,Fall,2.8,No,Express,No,No,32,Venmo,Bi-Weekly
1916,57,Male,Jeans,Clothing,35,Kentucky,L,Yellow,Spring,2.9,Yes,Store Pickup,No,No,26,Cash,Annually
1917,56,Female,Hoodie,Clothing,64,Nevada,M,Orange,Winter,4.8,No,Express,Yes,Yes,45,Cash,Quarterly
1918,27,Female,Pants,Clothing,33,West Virginia,M,Turquoise,Fall,2.8,Yes,Store Pickup,Yes,Yes,44,Venmo,Quarterly
1919,18,Male,Sneakers,Footwear,100,Kansas,L,Brown,Summer,3.2,Yes,Store Pickup,No,No,44,Cash,Monthly
1920,32,Male,Shoes,Footwear,81,Vermont,S,Charcoal,Winter,4.5,No,Next Day Air,No,No,36,PayPal,Annually
1921,28,Male,Sneakers,Footwear,22,Georgia,M,Green,Winter,4.2,Yes,Free Shipping,No,No,1,Credit Card,Fortnightly
1922,24,Female,Backpack,Accessories,57,Nebraska,M,Olive,Summer,3.8,No,Express,No,No,44,PayPal,Weekly
1923,66,Female,Pants,Clothing,89,New York,M,Peach,Fall,4.3,No,Free Shipping,No,No,44,PayPal,Weekly
1924,28,Female,Coat,Outerwear,77,Tennessee,L,Pink,Fall,4.3,No,Free Shipping,Yes,Yes,20,Bank Transfer,Fortnightly
1925,39,Male,Sneakers,Footwear,98,Nebraska,S,Magenta,Spring,4.8,No,2-Day Shipping,No,No,48,Bank Transfer,Quarterly
1926,47,Male,Handbag,Accessories,36,Arkansas,L,Teal,Fall,3.5,No,Next Day Air,Yes,Yes,42,Venmo,Weekly
1927,68,Male,Hoodie,Clothing,80,Arizona,M,Lavender,Winter,2.9,No,Free Shipping,Yes,Yes,48,Venmo,Monthly
1928,53,Male,Handbag,Accessories,76,Alabama,M,Orange,Fall,2.6,No,Next Day Air,Yes,Yes,47,Credit Card,Every 3 Months
1929,20,Male,Jewelry,Accessories,96,Maryland,M,Teal,Fall,3.6,No,Free Shipping,No,No,35,Cash,Fortnightly
1930,61,Female,Sweater,Clothing,68,Maine,L,Silver,Winter,3.0,Yes,Store Pickup,Yes,Yes,27,Venmo,Annually
1931,20,Male,Hoodie,Clothing,42,West Virginia,S,Silver,Summer,3.3,No,Free Shipping,No,No,27,Cash,Every 3 Months
1932,35,Male,Jeans,Clothing,58,Oklahoma,M,Maroon,Spring,3.9,No,Standard,No,No,24,Debit Card,Every 3 Months
1933,37,Female,Belt,Accessories,49,Tennessee,S,Lavender,Summer,2.7,No,Free Shipping,Yes,Yes,39,Venmo,Annually
1934,46,Male,Belt,Accessories,32,Maryland,M,Green,Winter,3.8,No,Next Day Air,No,No,17,Cash,Fortnightly
1935,29,Male,Sunglasses,Accessories,42,Kentucky,M,Orange,Winter,4.7,No,Express,No,No,26,Debit Card,Fortnightly
1936,49,Male,Backpack,Accessories,61,Alaska,L,Teal,Winter,3.0,Yes,Free Shipping,Yes,Yes,42,Venmo,Fortnightly
1937,33,Male,Jewelry,Accessories,49,Kansas,S,Lavender,Fall,4.6,No,Store Pickup,Yes,Yes,19,PayPal,Every 3 Months
1938,47,Female,Sunglasses,Accessories,35,Utah,L,Orange,Summer,3.6,No,Express,No,No,49,Venmo,Every 3 Months
1939,54,Male,Sweater,Clothing,36,Alaska,S,Green,Spring,4.4,No,Store Pickup,No,No,20,Debit Card,Weekly
1940,25,Male,Backpack,Accessories,97,Nebraska,L,Green,Winter,4.1,No,Express,No,No,20,Venmo,Bi-Weekly
1941,35,Female,Socks,Clothing,92,New Jersey,L,Orange,Summer,4.1,No,Express,No,No,3,Debit Card,Fortnightly
1942,42,Male,Belt,Accessories,24,Georgia,M,Maroon,Winter,3.2,No,2-Day Shipping,No,No,44,PayPal,Monthly
1943,43,Female,Sunglasses,Accessories,92,Alabama,L,Indigo,Spring,4.8,No,Free Shipping,Yes,Yes,45,PayPal,Monthly
1944,63,Male,Sunglasses,Accessories,87,Tennessee,XL,Black,Winter,3.5,No,Free Shipping,No,No,35,Bank Transfer,Monthly
1945,43,Female,Hoodie,Clothing,49,Alaska,L,Yellow,Winter,2.8,Yes,Next Day Air,No,No,19,PayPal,Quarterly
1946,66,Female,Boots,Footwear,43,New Hampshire,L,Turquoise,Summer,4.3,No,Next Day Air,No,No,39,Credit Card,Weekly
1947,66,Male,Blouse,Clothing,28,Oregon,M,Magenta,Winter,5.0,Yes,Free Shipping,No,No,45,Bank Transfer,Bi-Weekly
1948,47,Female,Shorts,Clothing,63,Massachusetts,L,Gray,Fall,3.9,No,Standard,Yes,Yes,13,Credit Card,Quarterly
1949,32,Male,Shirt,Clothing,52,Delaware,XL,Indigo,Fall,3.6,No,Free Shipping,No,No,40,Debit Card,Monthly
1950,44,Male,Sneakers,Footwear,79,Illinois,M,Yellow,Spring,4.4,Yes,2-Day Shipping,No,No,10,Venmo,Fortnightly
1951,57,Male,Belt,Accessories,41,North Carolina,M,Red,Spring,3.8,No,2-Day Shipping,No,No,17,Bank Transfer,Every 3 Months
1952,41,Male,Jewelry,Accessories,42,South Dakota,L,Yellow,Winter,2.6,No,2-Day Shipping,No,No,18,Bank Transfer,Annually
1953,53,Male,Dress,Clothing,96,South Carolina,L,Green,Fall,3.6,Yes,Store Pickup,No,No,23,Credit Card,Bi-Weekly
1954,35,Male,Backpack,Accessories,22,Tennessee,S,Cyan,Summer,3.0,No,Next Day Air,Yes,Yes,14,Credit Card,Quarterly
1955,43,Male,Blouse,Clothing,96,Wyoming,M,Turquoise,Fall,4.5,No,2-Day Shipping,No,No,21,Bank Transfer,Bi-Weekly
1956,37,Male,Jacket,Outerwear,82,Montana,L,Red,Spring,4.8,No,Next Day Air,No,No,29,Credit Card,Fortnightly
1957,49,Male,Sandals,Footwear,53,Tennessee,L,Magenta,Spring,2.6,Yes,Free Shipping,Yes,Yes,38,Bank Transfer,Every 3 Months
1958,59,Male,Jeans,Clothing,28,Vermont,M,Purple,Fall,4.3,No,Standard,No,No,17,PayPal,Monthly
1959,70,Male,Shoes,Footwear,84,South Dakota,XL,Indigo,Spring,2.9,No,Free Shipping,No,No,35,Credit Card,Annually
1960,52,Male,Boots,Footwear,23,Missouri,M,Purple,Summer,4.1,No,Standard,No,No,17,Credit Card,Annually
1961,57,Female,Hoodie,Clothing,40,New York,M,Green,Summer,3.9,No,2-Day Shipping,No,No,26,Venmo,Every 3 Months
1962,21,Male,Hat,Accessories,86,Oklahoma,M,Charcoal,Spring,3.5,No,Free Shipping,No,No,26,PayPal,Annually
1963,20,Female,Dress,Clothing,74,Iowa,L,Teal,Spring,4.2,No,2-Day Shipping,No,No,44,Venmo,Bi-Weekly
1964,61,Male,Dress,Clothing,81,Alabama,M,Brown,Winter,4.2,No,Standard,No,No,18,Credit Card,Weekly
1965,34,Female,Backpack,Accessories,67,Louisiana,M,Indigo,Summer,3.1,No,Free Shipping,Yes,Yes,9,Cash,Bi-Weekly
1966,30,Male,Boots,Footwear,41,Florida,S,Orange,Fall,2.9,No,Store Pickup,Yes,Yes,27,Cash,Weekly
1967,64,Male,Sunglasses,Accessories,86,Illinois,L,Peach,Spring,4.3,No,Express,No,No,13,Venmo,Bi-Weekly
1968,45,Male,Handbag,Accessories,83,Oklahoma,XL,Red,Fall,3.9,No,Next Day Air,Yes,Yes,26,Credit Card,Weekly
1969,37,Male,Sneakers,Footwear,99,Georgia,XL,White,Spring,2.5,Yes,Store Pickup,No,No,21,Debit Card,Annually
1970,53,Male,Shirt,Clothing,30,Colorado,L,Beige,Summer,3.6,Yes,Next Day Air,Yes,Yes,34,Debit Card,Quarterly
1971,64,Male,Scarf,Accessories,64,Idaho,S,Magenta,Winter,3.9,No,Free Shipping,No,No,35,Bank Transfer,Quarterly
1972,70,Male,Gloves,Accessories,34,Iowa,M,Green,Summer,3.8,Yes,Free Shipping,Yes,Yes,24,Credit Card,Weekly
1973,22,Male,Coat,Outerwear,24,Utah,M,Lavender,Winter,2.5,Yes,Express,No,No,34,PayPal,Quarterly
1974,54,Male,Socks,Clothing,79,Massachusetts,L,Green,Spring,3.2,No,Standard,No,No,19,Debit Card,Fortnightly
1975,49,Male,Coat,Outerwear,54,Louisiana,L,Charcoal,Fall,4.2,Yes,Next Day Air,Yes,Yes,42,Credit Card,Fortnightly
1976,49,Male,Coat,Outerwear,77,New Jersey,XL,Pink,Winter,4.9,Yes,Next Day Air,No,No,7,Credit Card,Bi-Weekly
1977,68,Male,Sneakers,Footwear,24,Alaska,M,Lavender,Spring,5.0,No,Express,Yes,Yes,10,Cash,Quarterly
1978,20,Male,Gloves,Accessories,70,Maine,S,Peach,Winter,3.0,Yes,Standard,No,No,3,PayPal,Quarterly
1979,49,Female,Sweater,Clothing,53,Iowa,S,Turquoise,Summer,4.9,No,Store Pickup,No,No,39,Bank Transfer,Bi-Weekly
1980,36,Male,Shirt,Clothing,88,New Hampshire,L,Peach,Fall,3.5,No,2-Day Shipping,No,No,24,Venmo,Every 3 Months
1981,60,Female,Socks,Clothing,69,Delaware,M,Gray,Summer,4.5,No,2-Day Shipping,No,No,16,Bank Transfer,Every 3 Months
1982,64,Female,Pants,Clothing,83,South Carolina,L,Violet,Winter,5.0,No,Next Day Air,Yes,Yes,48,Bank Transfer,Weekly
1983,21,Male,Skirt,Clothing,73,Alabama,M,Yellow,Summer,4.8,Yes,Express,Yes,Yes,15,Cash,Annually
1984,53,Male,Sandals,Footwear,41,Arkansas,M,Beige,Spring,2.5,No,2-Day Shipping,Yes,Yes,34,Venmo,Bi-Weekly
1985,20,Male,Boots,Footwear,62,Nevada,M,Lavender,Winter,2.6,No,2-Day Shipping,Yes,Yes,10,Debit Card,Bi-Weekly
1986,19,Male,Backpack,Accessories,57,Georgia,M,Olive,Fall,3.5,No,Next Day Air,Yes,Yes,20,Debit Card,Every 3 Months
1987,27,Female,Skirt,Clothing,98,West Virginia,L,Beige,Summer,4.8,No,Express,No,No,42,Debit Card,Monthly
1988,64,Male,Dress,Clothing,71,Colorado,M,Charcoal,Summer,3.4,No,Store Pickup,No,No,15,Debit Card,Annually
1989,68,Male,Shoes,Footwear,29,Rhode Island,M,White,Summer,3.2,Yes,Standard,No,No,16,Bank Transfer,Fortnightly
1990,67,Female,Blouse,Clothing,47,Hawaii,M,Purple,Summer,3.6,Yes,Standard,Yes,Yes,30,Credit Card,Annually
1991,62,Male,Socks,Clothing,80,Minnesota,S,Turquoise,Fall,2.6,No,Standard,No,No,23,Credit Card,Every 3 Months
1992,30,Female,Dress,Clothing,48,Ohio,M,Brown,Spring,2.9,No,Express,No,No,25,Venmo,Fortnightly
1993,50,Male,Hat,Accessories,28,Arizona,S,Olive,Spring,3.2,Yes,Store Pickup,No,No,22,Debit Card,Fortnightly
1994,21,Male,Boots,Footwear,28,Alabama,M,Gold,Winter,4.5,No,Next Day Air,No,No,40,Bank Transfer,Weekly
1995,54,Male,Handbag,Accessories,41,North Carolina,L,Gray,Summer,2.8,No,Next Day Air,No,No,47,Cash,Monthly
1996,26,Male,Belt,Accessories,55,Tennessee,L,Indigo,Spring,4.6,Yes,Express,Yes,Yes,13,PayPal,Annually
1997,51,Male,Skirt,Clothing,42,West Virginia,L,White,Summer,5.0,No,Free Shipping,Yes,Yes,38,Credit Card,Annually
1998,31,Female,Jacket,Outerwear,62,Illinois,M,Maroon,Summer,4.7,No,2-Day Shipping,No,No,10,Debit Card,Weekly
1999,36,Male,Backpack,Accessories,73,Maine,L,Brown,Winter,4.1,No,Standard,No,No,17,Venmo,Monthly
2000,64,Female,Hoodie,Clothing,49,Texas,M,Red,Fall,4.5,No,2-Day Shipping,No,No,6,Bank Transfer,Fortnightly
2001,54,Male,Hoodie,Clothing,69,Delaware,L,Gold,Fall,2.8,No,2-Day Shipping,Yes,Yes,26,Debit Card,Weekly
2002,39,Female,Shoes,Footwear,40,Kansas,M,Turquoise,Summer,4.3,Yes,Standard,No,No,10,PayPal,Fortnightly
2003,57,Male,Pants,Clothing,20,New Jersey,M,Red,Spring,3.5,No,Express,Yes,Yes,9,Venmo,Every 3 Months
2004,59,Female,Skirt,Clothing,35,Iowa,S,Brown,Spring,3.2,Yes,Store Pickup,No,No,40,Cash,Monthly
2005,47,Male,Sunglasses,Accessories,40,Hawaii,M,Pink,Summer,4.8,No,Standard,No,No,9,Debit Card,Weekly
2006,40,Female,Scarf,Accessories,56,Montana,XL,Brown,Spring,2.8,No,Store Pickup,Yes,Yes,35,Credit Card,Weekly
2007,51,Female,Hat,Accessories,70,Oregon,L,Teal,Fall,2.7,No,2-Day Shipping,No,No,33,Bank Transfer,Fortnightly
2008,67,Male,Pants,Clothing,95,Kansas,L,Peach,Fall,3.2,No,Free Shipping,No,No,29,Debit Card,Quarterly
2009,36,Male,Sunglasses,Accessories,52,Arizona,XL,Green,Summer,3.0,No,Next Day Air,Yes,Yes,15,Bank Transfer,Monthly
2010,60,Male,Shirt,Clothing,28,South Dakota,XL,Green,Winter,4.2,No,Free Shipping,No,No,41,Debit Card,Quarterly
2011,58,Male,Jeans,Clothing,23,Texas,M,Beige,Fall,4.9,Yes,Next Day Air,Yes,Yes,41,Venmo,Every 3 Months
2012,62,Male,Boots,Footwear,70,Kentucky,L,Red,Fall,4.0,No,Next Day Air,Yes,Yes,10,Credit Card,Every 3 Months
2013,45,Male,Skirt,Clothing,54,West Virginia,M,Lavender,Spring,3.8,No,Store Pickup,Yes,Yes,48,Credit Card,Quarterly
2014,63,Male,Jacket,Outerwear,43,West Virginia,L,Silver,Spring,4.1,No,Store Pickup,No,No,44,Venmo,Every 3 Months
2015,45,Female,Sneakers,Footwear,95,Massachusetts,M,Olive,Spring,3.4,No,Store Pickup,Yes,Yes,12,Cash,Fortnightly
2016,64,Male,Pants,Clothing,55,Rhode Island,S,Indigo,Spring,3.7,No,Next Day Air,Yes,Yes,27,Venmo,Every 3 Months
2017,47,Male,Boots,Footwear,79,Ohio,S,Beige,Fall,4.3,No,Store Pickup,Yes,Yes,23,Debit Card,Bi-Weekly
2018,26,Male,Backpack,Accessories,96,Idaho,L,Indigo,Fall,3.4,Yes,Express,Yes,Yes,34,Credit Card,Annually
2019,54,Female,Hoodie,Clothing,31,Oklahoma,M,Lavender,Winter,4.8,No,Standard,No,No,28,Debit Card,Bi-Weekly
2020,67,Male,Hoodie,Clothing,42,Florida,S,Maroon,Winter,4.0,Yes,Store Pickup,No,No,31,Debit Card,Weekly
2021,39,Male,Boots,Footwear,99,Maryland,L,Teal,Winter,3.4,Yes,Store Pickup,Yes,Yes,38,PayPal,Bi-Weekly
2022,37,Male,Jacket,Outerwear,96,Indiana,XL,Purple,Fall,2.6,Yes,Next Day Air,No,No,29,Debit Card,Quarterly
2023,64,Female,Sneakers,Footwear,26,North Carolina,M,Teal,Fall,3.5,Yes,Store Pickup,No,No,21,Cash,Quarterly
2024,20,Male,Scarf,Accessories,37,Missouri,L,Pink,Summer,3.2,Yes,Express,No,No,49,Cash,Weekly
2025,53,Male,Jewelry,Accessories,93,Massachusetts,S,Brown,Spring,2.9,Yes,Express,Yes,Yes,50,Venmo,Weekly
2026,68,Male,Backpack,Accessories,94,Arkansas,S,Peach,Winter,2.8,Yes,Free Shipping,No,No,36,Venmo,Bi-Weekly
2027,37,Female,Sneakers,Footwear,39,Oklahoma,M,Gray,Winter,3.6,Yes,Standard,Yes,Yes,25,PayPal,Fortnightly
2028,55,Male,Dress,Clothing,68,New York,XL,Orange,Spring,4.7,No,Express,No,No,40,PayPal,Annually
2029,54,Female,Shoes,Footwear,62,West Virginia,S,Charcoal,Fall,4.8,No,Free Shipping,Yes,Yes,38,Debit Card,Fortnightly
2030,40,Male,Shorts,Clothing,77,Oregon,M,Magenta,Winter,2.9,Yes,Express,No,No,42,Cash,Annually
2031,28,Female,Shoes,Footwear,38,Colorado,M,Teal,Winter,4.0,No,2-Day Shipping,Yes,Yes,50,Bank Transfer,Weekly
2032,21,Male,Hat,Accessories,58,Missouri,M,Cyan,Fall,3.3,No,Store Pickup,No,No,3,Credit Card,Annually
2033,63,Male,Jacket,Outerwear,45,Hawaii,M,Cyan,Winter,4.6,No,Next Day Air,Yes,Yes,47,Cash,Monthly
2034,41,Male,Pants,Clothing,62,Idaho,M,Turquoise,Fall,4.2,No,Next Day Air,Yes,Yes,44,Venmo,Monthly
2035,18,Male,Jeans,Clothing,57,Nebraska,M,Purple,Winter,4.8,No,Store Pickup,No,No,34,PayPal,Fortnightly
2036,59,Male,Sandals,Footwear,78,Texas,S,Gray,Summer,4.6,No,Standard,No,No,9,Venmo,Annually
2037,70,Male,Sweater,Clothing,44,Illinois,M,Indigo,Spring,3.8,No,Free Shipping,Yes,Yes,29,Credit Card,Every 3 Months
2038,44,Male,Skirt,Clothing,99,Tennessee,M,Silver,Summer,4.9,No,2-Day Shipping,No,No,34,Debit Card,Fortnightly
2039,55,Male,Jeans,Clothing,32,Utah,M,Gray,Winter,4.1,No,2-Day Shipping,Yes,Yes,33,Credit Card,Annually
2040,42,Male,Belt,Accessories,38,Kansas,S,Yellow,Spring,2.6,No,Free Shipping,No,No,19,Venmo,Weekly
2041,59,Female,Handbag,Accessories,45,Kansas,S,Orange,Fall,3.9,No,Free Shipping,No,No,20,Bank Transfer,Quarterly
2042,39,Female,Shoes,Footwear,99,Mississippi,M,Brown,Fall,3.2,No,Free Shipping,No,No,50,Cash,Every 3 Months
2043,36,Female,Sandals,Footwear,53,Maine,S,Olive,Spring,3.7,No,Free Shipping,Yes,Yes,4,PayPal,Quarterly
2044,30,Male,Blouse,Clothing,24,South Carolina,L,Indigo,Spring,2.9,No,Next Day Air,No,No,4,Debit Card,Fortnightly
2045,27,Female,Jeans,Clothing,47,Missouri,L,Turquoise,Summer,2.6,No,2-Day Shipping,No,No,13,Debit Card,Monthly
2046,56,Female,Coat,Outerwear,30,Hawaii,M,Purple,Winter,3.7,No,Express,No,No,10,Debit Card,Fortnightly
2047,28,Male,Blouse,Clothing,96,California,M,Peach,Fall,3.0,Yes,Next Day Air,No,No,35,Credit Card,Annually
2048,68,Female,Backpack,Accessories,59,Minnesota,L,Gold,Summer,3.1,Yes,Express,Yes,Yes,48,Debit Card,Every 3 Months
2049,70,Female,Backpack,Accessories,27,New Hampshire,M,Teal,Summer,4.7,No,Express,No,No,45,Bank Transfer,Weekly
2050,18,Male,Pants,Clothing,41,Maryland,M,Brown,Fall,4.6,No,Next Day Air,Yes,Yes,3,Debit Card,Annually
2051,63,Male,Scarf,Accessories,68,Illinois,S,Lavender,Fall,3.5,No,Next Day Air,No,No,42,Debit Card,Annually
2052,53,Female,Jewelry,Accessories,79,Iowa,XL,Charcoal,Spring,3.9,No,Next Day Air,No,No,2,Venmo,Fortnightly
2053,57,Male,Blouse,Clothing,88,Oregon,M,Yellow,Summer,4.0,No,Next Day Air,Yes,Yes,18,PayPal,Quarterly
2054,53,Male,Handbag,Accessories,60,Alabama,M,Cyan,Summer,2.5,No,Express,No,No,38,Bank Transfer,Quarterly
2055,52,Male,Jewelry,Accessories,82,Nevada,XL,Yellow,Winter,4.9,No,Next Day Air,Yes,Yes,37,Credit Card,Quarterly
2056,52,Male,Sweater,Clothing,73,Indiana,M,Indigo,Winter,3.0,No,Express,Yes,Yes,33,Cash,Fortnightly
2057,53,Female,Boots,Footwear,62,Illinois,L,Green,Spring,3.3,No,Next Day Air,Yes,Yes,37,Debit Card,Quarterly
2058,52,Female,Belt,Accessories,86,Idaho,M,Silver,Winter,4.1,No,Store Pickup,No,No,15,Cash,Bi-Weekly
2059,69,Male,Jewelry,Accessories,32,New York,L,Pink,Winter,3.8,No,Standard,Yes,Yes,32,Cash,Monthly
2060,31,Female,Jeans,Clothing,23,New York,M,Indigo,Spring,3.0,Yes,Express,Yes,Yes,8,Credit Card,Monthly
2061,42,Male,Gloves,Accessories,49,Georgia,M,Beige,Fall,4.1,No,Store Pickup,No,No,23,Bank Transfer,Bi-Weekly
2062,52,Male,Blouse,Clothing,100,Nebraska,L,Lavender,Spring,3.4,Yes,Next Day Air,Yes,Yes,33,Credit Card,Quarterly
2063,31,Male,Skirt,Clothing,63,Texas,S,Gray,Summer,3.9,No,Free Shipping,No,No,19,PayPal,Monthly
2064,30,Male,Sneakers,Footwear,34,Delaware,L,Gray,Fall,4.5,Yes,Standard,Yes,Yes,18,Debit Card,Weekly
2065,25,Female,Sunglasses,Accessories,86,Alaska,S,Magenta,Summer,4.5,No,Standard,No,No,23,Credit Card,Every 3 Months
2066,61,Male,Skirt,Clothing,32,Illinois,M,Peach,Spring,2.5,No,2-Day Shipping,No,No,3,Cash,Weekly
2067,45,Male,Blouse,Clothing,57,Alabama,M,Purple,Fall,2.6,No,2-Day Shipping,No,No,5,PayPal,Weekly
2068,58,Male,Belt,Accessories,79,Alaska,S,Red,Winter,3.4,Yes,2-Day Shipping,No,No,40,Debit Card,Fortnightly
2069,68,Female,Socks,Clothing,41,South Dakota,L,Yellow,Winter,4.6,No,Store Pickup,Yes,Yes,6,Debit Card,Weekly
2070,20,Male,Sneakers,Footwear,64,New York,M,Charcoal,Spring,4.3,No,Store Pickup,No,No,39,Credit Card,Every 3 Months
2071,47,Male,Hoodie,Clothing,71,Nevada,S,Brown,Summer,3.3,Yes,Standard,Yes,Yes,21,PayPal,Fortnightly
2072,52,Female,Sandals,Footwear,75,West Virginia,L,Turquoise,Summer,4.9,No,Standard,Yes,Yes,49,Venmo,Monthly
2073,62,Male,Pants,Clothing,50,Iowa,S,Turquoise,Winter,2.7,No,Store Pickup,Yes,Yes,17,Cash,Every 3 Months
2074,24,Male,Sandals,Footwear,27,Louisiana,S,Pink,Spring,2.6,No,Free Shipping,No,No,48,PayPal,Every 3 Months
2075,55,Male,Shoes,Footwear,81,Wyoming,L,Black,Spring,2.7,Yes,Next Day Air,Yes,Yes,14,Bank Transfer,Bi-Weekly
2076,62,Male,Coat,Outerwear,78,Tennessee,M,Brown,Summer,3.9,No,Express,Yes,Yes,2,Cash,Every 3 Months
2077,42,Male,Jacket,Outerwear,32,Alabama,M,Turquoise,Fall,3.6,No,2-Day Shipping,Yes,Yes,50,Debit Card,Monthly
2078,22,Female,Hoodie,Clothing,94,Mississippi,L,Purple,Fall,3.6,No,Express,Yes,Yes,41,Debit Card,Bi-Weekly
2079,23,Male,Jeans,Clothing,65,Hawaii,M,Brown,Fall,3.4,No,Free Shipping,Yes,Yes,20,Venmo,Every 3 Months
2080,56,Female,Belt,Accessories,54,Iowa,L,White,Summer,4.4,No,Standard,Yes,Yes,32,Cash,Quarterly
2081,55,Male,Dress,Clothing,71,Oklahoma,L,Peach,Winter,3.5,No,Standard,No,No,31,Credit Card,Quarterly
2082,68,Female,Backpack,Accessories,40,Kentucky,M,Silver,Summer,3.2,Yes,Free Shipping,Yes,Yes,49,Cash,Weekly
2083,55,Male,Scarf,Accessories,34,California,L,Gray,Fall,3.4,No,Next Day Air,No,No,39,Venmo,Annually
2084,32,Male,Sandals,Footwear,59,Alaska,S,Magenta,Summer,3.2,Yes,Next Day Air,No,No,23,Bank Transfer,Every 3 Months
2085,50,Male,Shoes,Footwear,79,Kansas,L,Teal,Winter,4.7,No,Standard,No,No,25,Debit Card,Quarterly
2086,34,Female,Pants,Clothing,85,Arizona,M,Cyan,Fall,4.7,No,Store Pickup,No,No,47,Debit Card,Every 3 Months
2087,70,Male,Jacket,Outerwear,79,New York,XL,Indigo,Spring,4.3,Yes,Store Pickup,Yes,Yes,45,Credit Card,Quarterly
2088,38,Male,Scarf,Accessories,84,Wyoming,M,Brown,Spring,4.3,Yes,Express,No,No,40,Cash,Weekly
2089,19,Male,Belt,Accessories,78,Vermont,S,Pink,Winter,2.6,No,Free Shipping,No,No,37,Bank Transfer,Bi-Weekly
2090,62,Male,Skirt,Clothing,100,Alabama,XL,Turquoise,Spring,2.6,Yes,Store Pickup,Yes,Yes,3,Bank Transfer,Every 3 Months
2091,45,Male,Boots,Footwear,50,Minnesota,M,Cyan,Spring,3.8,No,2-Day Shipping,No,No,22,Venmo,Fortnightly
2092,45,Female,Gloves,Accessories,30,Nevada,L,Magenta,Winter,3.6,No,Standard,No,No,29,Cash,Weekly
2093,66,Male,Coat,Outerwear,34,West Virginia,L,Silver,Fall,5.0,No,Standard,No,No,21,Debit Card,Annually
2094,63,Male,Dress,Clothing,97,South Carolina,M,Orange,Winter,4.0,No,Standard,No,No,37,Debit Card,Every 3 Months
2095,31,Male,Skirt,Clothing,44,Iowa,M,Pink,Winter,4.1,No,Free Shipping,No,No,44,Cash,Annually
2096,24,Male,Sunglasses,Accessories,91,Texas,M,Gray,Fall,3.6,No,Standard,No,No,34,Debit Card,Quarterly
2097,29,Male,Sandals,Footwear,22,Rhode Island,M,Cyan,Spring,3.3,No,Store Pickup,Yes,Yes,24,Credit Card,Annually
2098,25,Male,Jewelry,Accessories,28,Minnesota,XL,Gray,Summer,2.9,No,Free Shipping,Yes,Yes,40,Credit Card,Annually
2099,21,Male,Handbag,Accessories,45,Maine,L,Magenta,Spring,5.0,No,Store Pickup,Yes,Yes,33,Venmo,Every 3 Months
2100,31,Female,Dress,Clothing,67,Georgia,L,Turquoise,Winter,3.2,Yes,Express,No,No,43,Venmo,Quarterly
2101,25,Female,Coat,Outerwear,39,Iowa,L,Lavender,Summer,2.7,No,Free Shipping,Yes,Yes,43,PayPal,Fortnightly
2102,59,Female,Dress,Clothing,71,Georgia,S,Turquoise,Summer,2.7,Yes,Express,No,No,40,PayPal,Monthly
2103,58,Male,Gloves,Accessories,71,California,M,Gray,Winter,2.8,Yes,Next Day Air,Yes,Yes,16,Cash,Every 3 Months
2104,31,Male,Gloves,Accessories,23,Vermont,M,Gray,Fall,3.8,No,Next Day Air,Yes,Yes,9,PayPal,Every 3 Months
2105,20,Male,Dress,Clothing,84,Iowa,M,Gold,Fall,2.5,No,Next Day Air,No,No,10,Venmo,Every 3 Months
2106,64,Male,Hoodie,Clothing,91,Rhode Island,M,Black,Spring,3.0,Yes,2-Day Shipping,Yes,Yes,43,Debit Card,Quarterly
2107,60,Male,Coat,Outerwear,56,North Carolina,XL,Peach,Spring,3.8,Yes,Next Day Air,No,No,12,Credit Card,Weekly
2108,63,Male,Hoodie,Clothing,89,Alabama,L,Charcoal,Summer,3.2,No,Express,No,No,19,Cash,Weekly
2109,58,Male,Coat,Outerwear,40,Indiana,L,Cyan,Summer,3.9,Yes,Standard,No,No,1,Cash,Every 3 Months
2110,22,Female,Jewelry,Accessories,96,Colorado,L,Cyan,Fall,4.9,No,Next Day Air,No,No,44,Venmo,Fortnightly
2111,31,Male,Jewelry,Accessories,46,Alaska,S,Red,Summer,3.8,No,Express,No,No,24,Venmo,Every 3 Months
2112,60,Female,Jewelry,Accessories,23,Georgia,L,Cyan,Spring,4.3,No,Free Shipping,No,No,23,Debit Card,Weekly
2113,59,Male,Blouse,Clothing,47,Colorado,L,Violet,Spring,4.7,No,Next Day Air,No,No,42,PayPal,Monthly
2114,33,Female,Jeans,Clothing,47,Maryland,L,Peach,Spring,4.7,No,Free Shipping,No,No,35,Bank Transfer,Weekly
2115,22,Male,Socks,Clothing,51,Massachusetts,M,Beige,Summer,4.7,No,Express,No,No,28,Bank Transfer,Monthly
2116,35,Male,Sandals,Footwear,81,Rhode Island,L,Charcoal,Winter,4.4,No,Standard,Yes,Yes,31,Bank Transfer,Fortnightly
2117,68,Male,Shorts,Clothing,74,Alaska,M,Yellow,Fall,3.3,No,Express,No,No,25,Credit Card,Weekly
2118,37,Male,Sandals,Footwear,35,Maryland,L,Teal,Summer,4.9,Yes,Free Shipping,Yes,Yes,43,PayPal,Every 3 Months
2119,30,Male,Blouse,Clothing,49,Missouri,M,Pink,Winter,3.0,No,Free Shipping,Yes,Yes,39,Venmo,Monthly
2120,49,Male,Sneakers,Footwear,30,Mississippi,M,Purple,Fall,2.7,No,Express,No,No,39,Cash,Fortnightly
2121,36,Male,Blouse,Clothing,97,Vermont,S,Orange,Spring,3.8,No,2-Day Shipping,No,No,13,PayPal,Every 3 Months
2122,47,Male,Sneakers,Footwear,48,Delaware,S,Gold,Summer,3.3,No,Standard,Yes,Yes,18,Bank Transfer,Annually
2123,44,Male,Skirt,Clothing,75,Florida,M,Maroon,Winter,4.3,No,Store Pickup,Yes,Yes,5,Debit Card,Annually
2124,60,Male,Socks,Clothing,84,Idaho,S,Beige,Spring,4.9,Yes,Standard,No,No,26,Cash,Annually
2125,21,Male,Hoodie,Clothing,68,Louisiana,S,Purple,Spring,2.6,No,Next Day Air,Yes,Yes,38,Debit Card,Bi-Weekly
2126,21,Male,Coat,Outerwear,34,Iowa,L,Peach,Spring,3.4,No,Standard,Yes,Yes,11,Credit Card,Fortnightly
2127,59,Female,Jacket,Outerwear,67,North Dakota,M,Gold,Fall,3.8,No,Standard,Yes,Yes,23,Bank Transfer,Quarterly
2128,20,Male,Shoes,Footwear,89,Iowa,S,Pink,Fall,4.8,No,Express,No,No,9,Venmo,Bi-Weekly
2129,34,Male,Backpack,Accessories,55,California,L,Red,Spring,4.6,No,Store Pickup,No,No,9,Credit Card,Bi-Weekly
2130,35,Male,Handbag,Accessories,72,Wyoming,L,Gold,Spring,4.2,Yes,Next Day Air,No,No,29,Venmo,Fortnightly
2131,25,Female,Pants,Clothing,29,Alabama,S,Indigo,Summer,3.6,No,Next Day Air,No,No,16,Venmo,Fortnightly
2132,28,Female,Dress,Clothing,89,Vermont,L,Violet,Spring,3.8,No,Next Day Air,No,No,24,Cash,Fortnightly
2133,19,Male,Sandals,Footwear,49,North Dakota,M,Olive,Spring,4.3,Yes,Next Day Air,Yes,Yes,44,PayPal,Fortnightly
2134,47,Male,Shorts,Clothing,57,Illinois,XL,Magenta,Fall,4.6,No,Store Pickup,No,No,11,PayPal,Fortnightly
2135,38,Male,Dress,Clothing,33,Minnesota,M,Gold,Spring,3.4,Yes,Next Day Air,No,No,45,Venmo,Fortnightly
2136,65,Male,Sandals,Footwear,66,Indiana,S,Yellow,Spring,4.2,No,Free Shipping,No,No,15,Bank Transfer,Weekly
2137,32,Male,Coat,Outerwear,24,North Dakota,L,Brown,Spring,2.9,No,Free Shipping,Yes,Yes,6,Debit Card,Bi-Weekly
2138,32,Female,Dress,Clothing,34,Mississippi,M,Silver,Summer,4.8,Yes,Free Shipping,No,No,22,Venmo,Annually
2139,54,Male,Gloves,Accessories,91,Indiana,L,Yellow,Winter,4.5,No,Store Pickup,No,No,12,Debit Card,Quarterly
2140,40,Female,Handbag,Accessories,30,Utah,L,Red,Winter,4.5,No,Standard,No,No,12,Bank Transfer,Annually
2141,45,Female,Sweater,Clothing,22,Idaho,L,Orange,Fall,4.5,No,Express,Yes,Yes,30,Debit Card,Every 3 Months
2142,41,Female,Sweater,Clothing,81,Utah,M,Beige,Spring,3.7,No,Standard,Yes,Yes,24,PayPal,Every 3 Months
2143,65,Female,Scarf,Accessories,99,Texas,M,Indigo,Winter,3.2,No,2-Day Shipping,Yes,Yes,15,Credit Card,Every 3 Months
2144,57,Male,Jewelry,Accessories,69,Colorado,L,Indigo,Summer,2.9,No,Store Pickup,Yes,Yes,21,Bank Transfer,Annually
2145,29,Female,Shoes,Footwear,56,Colorado,M,Yellow,Winter,5.0,Yes,2-Day Shipping,No,No,11,Credit Card,Weekly
2146,35,Male,Coat,Outerwear,42,Hawaii,L,Magenta,Winter,2.6,No,2-Day Shipping,No,No,15,PayPal,Weekly
2147,40,Male,Handbag,Accessories,45,Missouri,L,Beige,Summer,4.0,No,Standard,Yes,Yes,16,Bank Transfer,Every 3 Months
2148,65,Male,Hoodie,Clothing,44,Delaware,M,Purple,Winter,3.7,No,Free Shipping,No,No,34,Bank Transfer,Every 3 Months
2149,21,Male,Gloves,Accessories,69,West Virginia,M,Red,Spring,4.6,No,Free Shipping,No,No,3,Debit Card,Every 3 Months
2150,49,Female,Socks,Clothing,63,Alaska,S,Turquoise,Spring,4.8,Yes,2-Day Shipping,No,No,45,Credit Card,Bi-Weekly
2151,52,Male,Jeans,Clothing,96,New Hampshire,M,Peach,Winter,2.6,Yes,Free Shipping,Yes,Yes,48,Bank Transfer,Monthly
2152,28,Male,Sunglasses,Accessories,67,Indiana,S,Cyan,Winter,4.1,No,Free Shipping,No,No,26,Venmo,Fortnightly
2153,24,Female,Coat,Outerwear,85,New Jersey,XL,Beige,Spring,4.9,No,2-Day Shipping,Yes,Yes,37,PayPal,Annually
2154,31,Male,Shirt,Clothing,58,Texas,M,Gold,Winter,3.7,No,Express,No,No,7,Cash,Every 3 Months
2155,65,Female,Socks,Clothing,57,South Dakota,M,Pink,Spring,4.6,No,Next Day Air,Yes,Yes,1,Debit Card,Monthly
2156,19,Male,Skirt,Clothing,78,North Dakota,L,Maroon,Spring,4.9,No,Store Pickup,No,No,48,Bank Transfer,Monthly
2157,49,Male,Coat,Outerwear,75,Massachusetts,L,Cyan,Summer,3.8,No,Express,No,No,21,Venmo,Fortnightly
2158,18,Female,Pants,Clothing,56,Colorado,M,Green,Spring,4.9,No,Store Pickup,Yes,Yes,15,Cash,Monthly
2159,60,Female,Shoes,Footwear,98,California,M,Teal,Spring,3.8,No,Free Shipping,No,No,24,Bank Transfer,Annually
2160,21,Male,Scarf,Accessories,29,Hawaii,S,Teal,Summer,5.0,No,2-Day Shipping,No,No,37,Debit Card,Annually
2161,23,Male,Skirt,Clothing,70,Alabama,S,White,Winter,4.3,Yes,Next Day Air,No,No,32,Venmo,Every 3 Months
2162,58,Male,Jeans,Clothing,58,Oregon,M,Black,Spring,4.7,Yes,2-Day Shipping,Yes,Yes,21,Credit Card,Bi-Weekly
2163,19,Male,Backpack,Accessories,78,California,L,Orange,Spring,3.0,No,2-Day Shipping,Yes,Yes,47,Debit Card,Monthly
2164,18,Male,Hat,Accessories,24,Vermont,M,White,Spring,4.4,No,Standard,No,No,43,Credit Card,Bi-Weekly
2165,22,Female,Shoes,Footwear,58,Wyoming,L,Gold,Spring,4.8,No,Store Pickup,No,No,47,Debit Card,Quarterly
2166,66,Male,Shorts,Clothing,79,Alaska,M,Brown,Summer,3.9,No,Express,No,No,49,PayPal,Monthly
2167,23,Male,Jacket,Outerwear,27,North Dakota,L,Cyan,Fall,2.6,No,Standard,Yes,Yes,26,Bank Transfer,Bi-Weekly
2168,44,Male,Sneakers,Footwear,57,New Jersey,L,Lavender,Fall,4.3,Yes,Store Pickup,No,No,49,Cash,Weekly
2169,66,Male,Blouse,Clothing,52,West Virginia,L,Charcoal,Spring,2.6,Yes,Free Shipping,Yes,Yes,31,Bank Transfer,Bi-Weekly
2170,43,Female,Sandals,Footwear,28,Kansas,S,Indigo,Summer,3.5,No,Standard,No,No,37,Cash,Fortnightly
2171,40,Female,Shorts,Clothing,63,Wyoming,M,Yellow,Winter,5.0,No,2-Day Shipping,No,No,30,PayPal,Quarterly
2172,43,Male,Belt,Accessories,22,South Carolina,M,Charcoal,Spring,3.0,No,Express,Yes,Yes,23,Cash,Fortnightly
2173,45,Male,Hoodie,Clothing,100,Indiana,L,Teal,Fall,4.0,No,Next Day Air,No,No,13,Credit Card,Quarterly
2174,27,Female,Shirt,Clothing,27,North Carolina,S,Gold,Spring,2.8,No,Express,No,No,25,Venmo,Monthly
2175,35,Female,Shoes,Footwear,72,Oklahoma,S,Indigo,Spring,4.4,No,Standard,No,No,48,PayPal,Weekly
2176,39,Male,Scarf,Accessories,75,Nebraska,L,Pink,Fall,4.3,Yes,Express,Yes,Yes,25,Bank Transfer,Every 3 Months
2177,43,Female,Jewelry,Accessories,57,Nevada,M,Maroon,Winter,4.1,No,Express,No,No,15,PayPal,Quarterly
2178,54,Male,Shoes,Footwear,51,Arkansas,S,Lavender,Fall,3.0,No,2-Day Shipping,Yes,Yes,33,Bank Transfer,Annually
2179,70,Female,Scarf,Accessories,50,Arizona,L,White,Winter,4.8,No,Free Shipping,No,No,45,PayPal,Bi-Weekly
2180,45,Male,Boots,Footwear,61,Delaware,S,Violet,Winter,2.7,No,Store Pickup,Yes,Yes,23,Venmo,Monthly
2181,45,Male,Jewelry,Accessories,82,Mississippi,L,Black,Spring,3.3,No,2-Day Shipping,No,No,48,Debit Card,Fortnightly
2182,43,Male,Skirt,Clothing,67,Mississippi,XL,Black,Fall,3.6,No,Next Day Air,Yes,Yes,5,Credit Card,Weekly
2183,34,Male,Jacket,Outerwear,63,Florida,M,Charcoal,Fall,3.1,No,Free Shipping,Yes,Yes,32,Venmo,Weekly
2184,49,Male,Boots,Footwear,32,Massachusetts,L,Black,Fall,2.7,Yes,2-Day Shipping,Yes,Yes,11,Venmo,Weekly
2185,30,Male,Shoes,Footwear,81,Missouri,M,Turquoise,Fall,2.8,No,Next Day Air,Yes,Yes,21,Cash,Bi-Weekly
2186,56,Female,Dress,Clothing,81,Hawaii,M,Indigo,Summer,2.9,Yes,Standard,No,No,40,PayPal,Annually
2187,52,Male,Hoodie,Clothing,32,Nebraska,S,Green,Summer,4.8,No,2-Day Shipping,No,No,33,PayPal,Weekly
2188,46,Male,Belt,Accessories,41,North Dakota,S,Gold,Fall,3.4,No,2-Day Shipping,Yes,Yes,45,Credit Card,Annually
2189,40,Male,Hoodie,Clothing,66,Montana,M,Purple,Winter,2.5,No,Next Day Air,No,No,35,Credit Card,Bi-Weekly
2190,67,Female,Jeans,Clothing,96,Maryland,M,Black,Winter,3.0,No,Express,Yes,Yes,9,Bank Transfer,Fortnightly
2191,25,Female,Pants,Clothing,83,Tennessee,L,Indigo,Winter,4.7,No,2-Day Shipping,Yes,Yes,19,Credit Card,Weekly
2192,50,Female,Sneakers,Footwear,49,South Dakota,M,Orange,Summer,3.4,No,2-Day Shipping,No,No,25,Debit Card,Bi-Weekly
2193,55,Female,Sunglasses,Accessories,72,Rhode Island,L,Beige,Spring,3.9,No,Next Day Air,No,No,32,Bank Transfer,Quarterly
2194,22,Female,Handbag,Accessories,78,Maryland,L,White,Fall,2.9,No,Standard,No,No,25,Debit Card,Quarterly
2195,64,Male,Dress,Clothing,56,New Jersey,S,Black,Fall,4.8,No,2-Day Shipping,No,No,3,Venmo,Every 3 Months
2196,26,Male,Boots,Footwear,60,Kentucky,L,Violet,Fall,3.0,Yes,Free Shipping,Yes,Yes,37,Credit Card,Fortnightly
2197,44,Female,Sneakers,Footwear,26,Indiana,S,Purple,Summer,3.3,No,Standard,Yes,Yes,18,PayPal,Annually
2198,62,Male,Hoodie,Clothing,41,Arizona,S,Olive,Winter,2.8,No,Express,No,No,31,Bank Transfer,Every 3 Months
2199,53,Male,Handbag,Accessories,31,South Dakota,L,Olive,Winter,3.7,No,Free Shipping,Yes,Yes,21,Venmo,Fortnightly
2200,55,Male,Jeans,Clothing,71,Oklahoma,L,Black,Spring,2.6,No,Store Pickup,Yes,Yes,23,Bank Transfer,Weekly
2201,27,Male,Handbag,Accessories,57,Arizona,L,Orange,Fall,4.0,No,2-Day Shipping,Yes,Yes,50,Bank Transfer,Annually
2202,24,Female,Backpack,Accessories,48,Oregon,L,Turquoise,Winter,4.5,No,Free Shipping,Yes,Yes,7,PayPal,Bi-Weekly
2203,59,Male,Socks,Clothing,32,Maryland,M,Red,Winter,3.9,Yes,Standard,No,No,6,Cash,Annually
2204,54,Male,Sneakers,Footwear,92,Kansas,M,Black,Fall,3.9,Yes,Standard,No,No,36,Debit Card,Fortnightly
2205,39,Female,Shorts,Clothing,52,Colorado,L,Gray,Winter,3.3,No,Standard,No,No,49,Cash,Bi-Weekly
2206,37,Male,Pants,Clothing,41,Texas,L,Silver,Winter,3.2,Yes,Express,No,No,30,Bank Transfer,Bi-Weekly
2207,21,Male,Skirt,Clothing,31,South Carolina,L,White,Winter,3.1,No,Standard,Yes,Yes,10,PayPal,Weekly
2208,50,Female,Coat,Outerwear,75,Delaware,L,Beige,Summer,4.0,No,2-Day Shipping,No,No,37,PayPal,Fortnightly
2209,33,Male,Shirt,Clothing,30,California,L,Yellow,Fall,4.6,Yes,Express,Yes,Yes,18,PayPal,Every 3 Months
2210,53,Male,Belt,Accessories,64,Minnesota,M,Purple,Summer,3.8,No,Standard,Yes,Yes,23,Debit Card,Monthly
2211,54,Male,Hat,Accessories,82,Montana,L,Cyan,Summer,4.0,No,2-Day Shipping,No,No,47,Credit Card,Monthly
2212,20,Male,Backpack,Accessories,41,Vermont,L,Lavender,Spring,4.6,No,Next Day Air,Yes,Yes,13,Bank Transfer,Quarterly
2213,65,Male,Belt,Accessories,34,Montana,L,Peach,Fall,4.3,No,Standard,Yes,Yes,2,Cash,Annually
2214,18,Female,Shirt,Clothing,99,Alaska,L,White,Summer,4.7,No,2-Day Shipping,Yes,Yes,14,Bank Transfer,Monthly
2215,39,Male,Sneakers,Footwear,23,Iowa,M,Turquoise,Fall,3.9,No,Standard,Yes,Yes,18,Bank Transfer,Weekly
2216,70,Male,Backpack,Accessories,71,Nevada,L,Black,Spring,4.5,No,Store Pickup,No,No,17,Bank Transfer,Monthly
2217,59,Male,Socks,Clothing,82,Nevada,S,Violet,Winter,2.9,Yes,Free Shipping,No,No,26,Debit Card,Quarterly
2218,37,Female,Jewelry,Accessories,23,Alaska,XL,Silver,Fall,3.2,No,Express,No,No,17,Cash,Bi-Weekly
2219,52,Male,Jacket,Outerwear,93,Maine,M,Charcoal,Winter,4.4,No,Next Day Air,No,No,5,PayPal,Bi-Weekly
2220,35,Male,Shoes,Footwear,89,Arkansas,XL,Turquoise,Fall,4.3,Yes,Standard,No,No,36,PayPal,Annually
2221,60,Male,Shoes,Footwear,85,Nevada,S,Violet,Fall,4.4,Yes,Standard,Yes,Yes,18,Debit Card,Fortnightly
2222,47,Male,Blouse,Clothing,20,South Carolina,M,Maroon,Summer,4.6,No,Next Day Air,No,No,2,PayPal,Fortnightly
2223,70,Male,Hoodie,Clothing,49,Delaware,S,Orange,Spring,4.2,Yes,Next Day Air,No,No,30,Venmo,Annually
2224,66,Male,Blouse,Clothing,44,Minnesota,L,Violet,Spring,3.5,Yes,Standard,No,No,25,Venmo,Annually
2225,27,Male,Jacket,Outerwear,73,Alabama,M,Orange,Winter,4.5,Yes,Next Day Air,Yes,Yes,4,Venmo,Every 3 Months
2226,41,Male,Dress,Clothing,57,Nebraska,L,Gray,Winter,3.6,No,Free Shipping,No,No,38,PayPal,Bi-Weekly
2227,59,Male,Shirt,Clothing,49,Nebraska,L,Olive,Winter,4.7,Yes,2-Day Shipping,Yes,Yes,31,Credit Card,Weekly
2228,48,Male,Shirt,Clothing,27,Maryland,L,Lavender,Winter,2.6,No,Express,Yes,Yes,4,Credit Card,Weekly
2229,46,Male,Dress,Clothing,47,West Virginia,L,Cyan,Summer,4.7,No,Standard,No,No,7,Cash,Bi-Weekly
2230,57,Female,Shoes,Footwear,46,Nebraska,L,Brown,Fall,3.1,No,2-Day Shipping,No,No,39,Bank Transfer,Quarterly
2231,23,Male,Shirt,Clothing,97,Kentucky,M,Red,Summer,4.1,No,Free Shipping,No,No,40,Debit Card,Every 3 Months
2232,21,Female,Boots,Footwear,24,Idaho,XL,Orange,Summer,4.6,Yes,Free Shipping,Yes,Yes,44,Bank Transfer,Bi-Weekly
2233,64,Male,Blouse,Clothing,26,Nevada,XL,Brown,Fall,3.8,No,2-Day Shipping,Yes,Yes,23,Bank Transfer,Bi-Weekly
2234,18,Male,Belt,Accessories,63,Utah,XL,Green,Winter,4.3,No,Free Shipping,Yes,Yes,11,Venmo,Fortnightly
2235,29,Female,Handbag,Accessories,40,New Hampshire,S,Magenta,Fall,3.6,No,Store Pickup,No,No,21,PayPal,Annually
2236,64,Male,Shoes,Footwear,41,Wyoming,M,White,Fall,4.5,No,Express,No,No,14,Credit Card,Annually
2237,29,Male,Dress,Clothing,95,Missouri,M,Orange,Fall,4.5,No,Express,Yes,Yes,27,Debit Card,Bi-Weekly
2238,38,Male,Coat,Outerwear,80,Oklahoma,L,Beige,Fall,4.6,No,Free Shipping,Yes,Yes,3,Cash,Every 3 Months
2239,62,Male,Jeans,Clothing,50,Maryland,XL,Silver,Fall,2.7,Yes,Store Pickup,No,No,6,Debit Card,Quarterly
2240,57,Female,Dress,Clothing,81,Nevada,S,Gray,Winter,3.7,No,Standard,No,No,29,Credit Card,Bi-Weekly
2241,47,Female,Socks,Clothing,39,Tennessee,M,Turquoise,Winter,3.6,No,2-Day Shipping,No,No,46,Cash,Every 3 Months
2242,20,Male,Scarf,Accessories,48,Arizona,S,Green,Spring,4.6,No,Express,Yes,Yes,23,Bank Transfer,Quarterly
2243,48,Male,Dress,Clothing,86,Delaware,L,Purple,Winter,4.5,No,Store Pickup,No,No,31,Cash,Quarterly
2244,60,Female,Skirt,Clothing,49,New Jersey,S,Gold,Summer,3.6,Yes,Next Day Air,Yes,Yes,45,Bank Transfer,Monthly
2245,21,Male,Dress,Clothing,93,Georgia,M,Gray,Winter,3.2,Yes,Next Day Air,No,No,37,Debit Card,Every 3 Months
2246,60,Male,Shoes,Footwear,40,Massachusetts,M,Indigo,Fall,2.5,No,Store Pickup,No,No,26,PayPal,Bi-Weekly
2247,18,Female,Belt,Accessories,79,Hawaii,S,Magenta,Summer,3.1,Yes,Store Pickup,No,No,42,Bank Transfer,Monthly
2248,60,Male,Shirt,Clothing,45,Minnesota,L,Brown,Spring,4.5,No,Standard,Yes,Yes,15,Bank Transfer,Bi-Weekly
2249,31,Male,Sunglasses,Accessories,69,Colorado,L,Gold,Winter,3.6,No,Standard,Yes,Yes,36,Credit Card,Quarterly
2250,68,Male,Shorts,Clothing,40,Rhode Island,M,Gray,Summer,3.9,No,Express,Yes,Yes,24,Debit Card,Monthly
2251,30,Male,Boots,Footwear,90,Mississippi,M,Turquoise,Winter,4.2,No,Store Pickup,Yes,Yes,14,Debit Card,Bi-Weekly
2252,70,Male,Sandals,Footwear,49,Nevada,M,Teal,Spring,3.1,No,2-Day Shipping,Yes,Yes,4,PayPal,Every 3 Months
2253,26,Male,Jeans,Clothing,61,Idaho,M,Turquoise,Winter,2.9,No,Next Day Air,No,No,28,Debit Card,Annually
2254,19,Female,Shirt,Clothing,46,Nevada,XL,Cyan,Winter,3.0,Yes,Next Day Air,No,No,17,Cash,Monthly
2255,27,Female,Hat,Accessories,23,Arizona,M,White,Spring,2.7,No,Free Shipping,Yes,Yes,18,Debit Card,Bi-Weekly
2256,56,Male,Jewelry,Accessories,76,South Carolina,M,Olive,Spring,2.8,No,Standard,Yes,Yes,44,Cash,Every 3 Months
2257,70,Female,Jacket,Outerwear,46,Indiana,M,Pink,Winter,2.9,No,Standard,No,No,19,Bank Transfer,Annually
2258,28,Female,Shirt,Clothing,92,Ohio,L,Gold,Spring,4.4,No,Free Shipping,No,No,5,Bank Transfer,Every 3 Months
2259,32,Male,Jacket,Outerwear,39,Hawaii,M,Silver,Summer,3.2,No,Standard,No,No,15,Venmo,Every 3 Months
2260,43,Male,Handbag,Accessories,79,North Carolina,XL,Pink,Spring,4.7,Yes,2-Day Shipping,Yes,Yes,5,Bank Transfer,Monthly
2261,49,Male,Dress,Clothing,34,Montana,M,Green,Spring,3.7,Yes,2-Day Shipping,No,No,12,PayPal,Monthly
2262,38,Female,Sneakers,Footwear,86,Ohio,M,White,Fall,3.7,Yes,Express,No,No,3,Bank Transfer,Every 3 Months
2263,35,Male,Socks,Clothing,20,Indiana,L,Teal,Spring,2.6,No,2-Day Shipping,Yes,Yes,12,Debit Card,Weekly
2264,23,Female,Jacket,Outerwear,90,Tennessee,L,Brown,Fall,4.5,No,2-Day Shipping,No,No,48,Credit Card,Every 3 Months
2265,65,Male,Jeans,Clothing,38,Maryland,M,Teal,Winter,3.2,No,Express,Yes,Yes,27,Credit Card,Every 3 Months
2266,48,Female,Boots,Footwear,26,Delaware,M,Orange,Fall,4.8,Yes,Standard,Yes,Yes,37,PayPal,Monthly
2267,53,Female,Jacket,Outerwear,78,Texas,M,Green,Winter,5.0,No,Standard,No,No,1,PayPal,Monthly
2268,36,Male,Boots,Footwear,74,North Carolina,XL,Violet,Fall,4.4,No,Express,Yes,Yes,49,Venmo,Quarterly
2269,20,Male,Sneakers,Footwear,91,Arizona,XL,Maroon,Fall,3.7,No,2-Day Shipping,No,No,15,Bank Transfer,Quarterly
2270,69,Female,Socks,Clothing,44,Minnesota,M,Turquoise,Fall,2.7,Yes,Store Pickup,No,No,47,Cash,Fortnightly
2271,50,Male,Gloves,Accessories,99,New Jersey,XL,Charcoal,Winter,2.9,No,Next Day Air,No,No,12,Cash,Weekly
2272,46,Male,Backpack,Accessories,46,Montana,L,Gold,Spring,4.7,Yes,Next Day Air,Yes,Yes,29,Bank Transfer,Bi-Weekly
2273,27,Female,Jacket,Outerwear,68,Iowa,M,Purple,Fall,2.8,Yes,Standard,No,No,49,Cash,Quarterly
2274,45,Male,Sandals,Footwear,51,Louisiana,M,Orange,Winter,3.6,No,Express,Yes,Yes,38,Debit Card,Weekly
2275,50,Male,Shoes,Footwear,26,California,L,Indigo,Spring,4.9,No,Next Day Air,No,No,32,PayPal,Annually
2276,26,Male,Hat,Accessories,68,Arkansas,XL,Silver,Winter,3.5,No,Free Shipping,No,No,50,Debit Card,Quarterly
2277,55,Female,Handbag,Accessories,67,Arizona,S,Purple,Spring,4.4,Yes,Next Day Air,No,No,24,PayPal,Weekly
2278,40,Male,Sandals,Footwear,46,Alabama,M,Olive,Winter,3.5,Yes,Store Pickup,Yes,Yes,43,Bank Transfer,Weekly
2279,56,Male,Backpack,Accessories,98,Iowa,L,Silver,Fall,2.8,No,2-Day Shipping,Yes,Yes,48,Credit Card,Bi-Weekly
2280,67,Male,Hoodie,Clothing,26,Massachusetts,L,Lavender,Fall,4.8,No,Store Pickup,Yes,Yes,45,PayPal,Fortnightly
2281,34,Male,Scarf,Accessories,56,New York,M,Gray,Fall,3.3,Yes,2-Day Shipping,Yes,Yes,9,Venmo,Every 3 Months
2282,39,Male,Dress,Clothing,46,North Dakota,L,Violet,Winter,4.3,No,Store Pickup,No,No,29,Bank Transfer,Every 3 Months
2283,39,Male,Sneakers,Footwear,76,North Carolina,M,Cyan,Summer,4.0,Yes,Express,Yes,Yes,6,PayPal,Every 3 Months
2284,52,Male,Shorts,Clothing,98,Delaware,XL,Purple,Spring,2.9,No,2-Day Shipping,No,No,17,Credit Card,Annually
2285,56,Female,Gloves,Accessories,57,Oklahoma,L,Orange,Summer,2.7,No,Standard,No,No,22,Venmo,Quarterly
2286,64,Female,Scarf,Accessories,80,Hawaii,L,Violet,Fall,4.1,No,Express,Yes,Yes,43,Venmo,Annually
2287,53,Male,Sweater,Clothing,68,Arizona,XL,Silver,Fall,4.5,No,Free Shipping,Yes,Yes,44,PayPal,Weekly
2288,35,Male,Shorts,Clothing,88,Alaska,L,Gold,Summer,3.3,Yes,Free Shipping,No,No,22,Cash,Weekly
2289,27,Male,Jacket,Outerwear,45,Alaska,L,Teal,Fall,4.3,No,Store Pickup,Yes,Yes,27,Venmo,Quarterly
2290,24,Female,Scarf,Accessories,45,Oregon,M,Green,Spring,4.1,No,Express,No,No,24,Bank Transfer,Annually
2291,25,Female,Gloves,Accessories,66,California,M,Turquoise,Winter,4.2,Yes,Free Shipping,No,No,25,Venmo,Annually
2292,67,Female,Jacket,Outerwear,95,New York,XL,Purple,Spring,3.5,No,2-Day Shipping,No,No,34,Cash,Quarterly
2293,21,Male,Boots,Footwear,46,Minnesota,L,Pink,Summer,2.7,No,Next Day Air,No,No,34,Debit Card,Bi-Weekly
2294,44,Female,Skirt,Clothing,56,Idaho,S,White,Spring,3.5,No,Store Pickup,No,No,10,Debit Card,Quarterly
2295,48,Male,Sweater,Clothing,71,Mississippi,M,Olive,Winter,4.3,No,Store Pickup,Yes,Yes,16,Venmo,Fortnightly
2296,32,Male,Belt,Accessories,70,Iowa,M,Black,Fall,3.3,No,Next Day Air,Yes,Yes,10,Cash,Fortnightly
2297,50,Male,Sandals,Footwear,95,California,XL,Charcoal,Fall,3.5,Yes,Standard,Yes,Yes,30,Bank Transfer,Annually
2298,27,Male,Shorts,Clothing,40,Utah,L,Pink,Winter,3.0,No,Free Shipping,Yes,Yes,25,Debit Card,Fortnightly
2299,47,Male,Sunglasses,Accessories,84,North Carolina,M,Magenta,Spring,2.9,Yes,Free Shipping,No,No,9,PayPal,Annually
2300,70,Male,Scarf,Accessories,28,Texas,XL,Violet,Spring,2.6,No,Standard,Yes,Yes,35,Cash,Quarterly
2301,22,Male,Blouse,Clothing,57,Idaho,L,Charcoal,Summer,3.5,No,Store Pickup,Yes,Yes,31,Venmo,Monthly
2302,48,Male,Dress,Clothing,21,Illinois,L,Olive,Spring,3.2,Yes,Next Day Air,Yes,Yes,12,Credit Card,Bi-Weekly
2303,60,Male,Pants,Clothing,78,South Dakota,S,Silver,Summer,2.7,No,Express,Yes,Yes,50,Credit Card,Fortnightly
2304,40,Male,Dress,Clothing,66,Oklahoma,L,Peach,Winter,4.3,No,2-Day Shipping,Yes,Yes,49,Credit Card,Fortnightly
2305,61,Male,Shorts,Clothing,21,Wyoming,L,Orange,Fall,4.5,No,Standard,No,No,30,Debit Card,Every 3 Months
2306,57,Female,Dress,Clothing,56,Alaska,XL,Indigo,Summer,3.2,Yes,Next Day Air,Yes,Yes,3,Venmo,Quarterly
2307,49,Female,Scarf,Accessories,64,South Dakota,XL,Indigo,Summer,3.5,Yes,Next Day Air,No,No,27,Credit Card,Monthly
2308,38,Male,Blouse,Clothing,80,Montana,XL,Beige,Spring,4.1,Yes,Express,Yes,Yes,5,PayPal,Monthly
2309,21,Male,Sneakers,Footwear,53,Minnesota,M,Yellow,Summer,2.9,No,Next Day Air,No,No,46,Debit Card,Weekly
2310,29,Male,Socks,Clothing,71,South Dakota,S,Green,Summer,3.2,No,Free Shipping,Yes,Yes,4,Cash,Annually
2311,38,Male,Socks,Clothing,100,Wyoming,XL,Purple,Fall,3.6,No,Store Pickup,Yes,Yes,46,Venmo,Monthly
2312,39,Male,Sweater,Clothing,95,Alabama,M,Silver,Spring,3.8,No,Standard,No,No,1,Venmo,Fortnightly
2313,53,Male,Sneakers,Footwear,49,New York,L,Maroon,Fall,4.0,No,Next Day Air,Yes,Yes,42,Cash,Monthly
2314,30,Male,Sweater,Clothing,36,Nevada,M,Orange,Summer,2.8,No,Next Day Air,Yes,Yes,49,Credit Card,Weekly
2315,40,Male,Sneakers,Footwear,69,Missouri,L,Gold,Summer,3.7,Yes,Free Shipping,No,No,28,Cash,Fortnightly
2316,32,Female,Handbag,Accessories,90,New Hampshire,M,Orange,Summer,3.1,No,2-Day Shipping,Yes,Yes,5,Bank Transfer,Annually
2317,36,Male,Scarf,Accessories,92,Tennessee,M,Maroon,Winter,4.3,Yes,2-Day Shipping,Yes,Yes,11,Credit Card,Fortnightly
2318,18,Female,Dress,Clothing,93,Minnesota,L,Lavender,Fall,3.4,No,Store Pickup,Yes,Yes,30,PayPal,Every 3 Months
2319,47,Male,Dress,Clothing,39,Indiana,M,Purple,Spring,3.9,No,Standard,Yes,Yes,5,Cash,Annually
2320,64,Male,Jeans,Clothing,54,Tennessee,L,Violet,Summer,4.3,No,Free Shipping,Yes,Yes,47,PayPal,Weekly
2321,20,Male,Pants,Clothing,73,Florida,M,Yellow,Fall,4.3,No,Free Shipping,Yes,Yes,37,PayPal,Annually
2322,47,Female,Hoodie,Clothing,98,Iowa,M,Violet,Spring,2.7,No,Free Shipping,No,No,38,Credit Card,Fortnightly
2323,49,Female,Sneakers,Footwear,23,Colorado,L,Magenta,Spring,3.4,No,Free Shipping,No,No,25,Bank Transfer,Bi-Weekly
2324,64,Male,Scarf,Accessories,20,South Carolina,XL,Teal,Summer,4.1,Yes,Express,Yes,Yes,14,Venmo,Fortnightly
2325,37,Female,Belt,Accessories,45,Alaska,L,Peach,Fall,3.0,No,Free Shipping,No,No,11,Debit Card,Annually
2326,20,Female,Scarf,Accessories,92,Illinois,L,Yellow,Fall,4.7,Yes,Standard,Yes,Yes,33,Bank Transfer,Bi-Weekly
2327,51,Male,Dress,Clothing,85,West Virginia,S,Silver,Spring,4.9,No,2-Day Shipping,No,No,42,PayPal,Fortnightly
2328,36,Male,Belt,Accessories,32,Utah,S,Gold,Fall,3.4,No,Free Shipping,Yes,Yes,24,PayPal,Fortnightly
2329,34,Female,Sneakers,Footwear,87,California,S,Maroon,Winter,2.7,No,Standard,Yes,Yes,18,Bank Transfer,Monthly
2330,61,Male,Shirt,Clothing,63,South Dakota,M,Maroon,Spring,3.5,No,Store Pickup,No,No,13,Credit Card,Every 3 Months
2331,36,Male,Scarf,Accessories,27,California,M,Gold,Spring,4.0,Yes,Store Pickup,No,No,19,Venmo,Fortnightly
2332,39,Male,Shirt,Clothing,66,Wyoming,M,Cyan,Fall,4.2,No,Store Pickup,Yes,Yes,50,Debit Card,Fortnightly
2333,60,Male,Socks,Clothing,39,Alabama,M,Red,Summer,4.9,Yes,Free Shipping,Yes,Yes,35,PayPal,Fortnightly
2334,27,Female,Jewelry,Accessories,48,Vermont,XL,Maroon,Spring,3.8,No,Express,No,No,14,Credit Card,Every 3 Months
2335,45,Female,Belt,Accessories,87,Idaho,M,Beige,Spring,4.0,No,2-Day Shipping,No,No,18,Debit Card,Every 3 Months
2336,26,Female,Dress,Clothing,84,Florida,S,Brown,Spring,2.7,No,Express,No,No,35,Credit Card,Bi-Weekly
2337,20,Male,Boots,Footwear,63,West Virginia,L,Orange,Spring,3.7,No,Standard,No,No,40,PayPal,Monthly
2338,22,Male,Handbag,Accessories,21,Texas,M,Olive,Summer,4.6,No,Free Shipping,Yes,Yes,44,Credit Card,Weekly
2339,38,Male,Sunglasses,Accessories,24,Wyoming,M,Violet,Spring,2.9,No,Next Day Air,No,No,28,PayPal,Annually
2340,20,Male,Shoes,Footwear,44,Maine,XL,Turquoise,Winter,4.5,Yes,Next Day Air,Yes,Yes,40,Bank Transfer,Bi-Weekly
2341,55,Female,Sneakers,Footwear,95,Maryland,L,Violet,Winter,4.5,No,Store Pickup,Yes,Yes,40,Bank Transfer,Every 3 Months
2342,60,Male,Gloves,Accessories,51,Illinois,S,Lavender,Fall,4.8,No,Express,No,No,25,Cash,Fortnightly
2343,43,Female,Boots,Footwear,63,Vermont,L,Cyan,Summer,3.2,Yes,Store Pickup,Yes,Yes,35,Cash,Monthly
2344,53,Female,Jewelry,Accessories,90,North Carolina,M,Indigo,Spring,3.5,Yes,2-Day Shipping,Yes,Yes,17,Venmo,Weekly
2345,43,Male,Gloves,Accessories,33,Hawaii,M,White,Summer,2.9,No,Standard,No,No,50,Cash,Weekly
2346,34,Male,Boots,Footwear,58,South Dakota,XL,Black,Spring,4.1,Yes,Express,No,No,23,Debit Card,Fortnightly
2347,19,Male,Handbag,Accessories,64,Mississippi,S,Maroon,Fall,3.6,No,Store Pickup,Yes,Yes,16,Cash,Monthly
2348,36,Female,Hoodie,Clothing,87,Montana,L,Magenta,Spring,4.5,No,Express,No,No,14,Debit Card,Monthly
2349,65,Female,Sweater,Clothing,74,Hawaii,L,Green,Winter,2.7,No,Free Shipping,No,No,29,Venmo,Monthly
2350,52,Male,Sweater,Clothing,76,Nevada,L,Gray,Fall,4.6,Yes,Free Shipping,No,No,4,PayPal,Monthly
2351,56,Female,Coat,Outerwear,97,Minnesota,S,Cyan,Winter,4.2,No,Standard,Yes,Yes,5,Cash,Monthly
2352,23,Male,Handbag,Accessories,36,South Dakota,S,Peach,Fall,3.8,No,Free Shipping,No,No,20,Venmo,Quarterly
2353,68,Male,Hoodie,Clothing,23,North Carolina,S,Turquoise,Spring,5.0,No,2-Day Shipping,Yes,Yes,32,Debit Card,Bi-Weekly
2354,47,Male,Handbag,Accessories,98,South Dakota,S,Indigo,Spring,2.8,No,Standard,No,No,48,Bank Transfer,Annually
2355,36,Female,Backpack,Accessories,24,North Carolina,M,Violet,Winter,4.1,No,Next Day Air,No,No,12,Cash,Every 3 Months
2356,36,Male,Backpack,Accessories,48,Hawaii,M,Red,Winter,2.7,No,Free Shipping,Yes,Yes,24,Debit Card,Bi-Weekly
2357,45,Male,Sneakers,Footwear,91,North Dakota,M,Purple,Summer,4.8,No,Next Day Air,Yes,Yes,21,Credit Card,Annually
2358,25,Female,Blouse,Clothing,53,Alabama,L,Brown,Winter,3.0,No,Store Pickup,No,No,39,Venmo,Fortnightly
2359,34,Male,Backpack,Accessories,48,Illinois,M,Olive,Spring,3.8,No,Express,No,No,28,Debit Card,Bi-Weekly
2360,45,Female,Coat,Outerwear,25,Hawaii,M,Pink,Winter,3.1,No,2-Day Shipping,Yes,Yes,19,Debit Card,Monthly
2361,37,Female,Blouse,Clothing,49,California,M,Turquoise,Summer,4.4,No,Store Pickup,Yes,Yes,19,Debit Card,Fortnightly
2362,66,Male,Hat,Accessories,94,Florida,M,Indigo,Summer,4.7,No,Next Day Air,Yes,Yes,21,Bank Transfer,Every 3 Months
2363,22,Male,Belt,Accessories,93,Illinois,L,Violet,Summer,4.4,Yes,Next Day Air,No,No,38,Cash,Every 3 Months
2364,33,Male,Dress,Clothing,76,California,XL,Orange,Spring,4.7,Yes,Free Shipping,No,No,50,Credit Card,Quarterly
2365,25,Female,Jacket,Outerwear,38,Kentucky,L,Turquoise,Winter,3.5,No,Store Pickup,No,No,49,PayPal,Annually
2366,68,Male,Pants,Clothing,44,North Carolina,M,Silver,Spring,4.8,No,Store Pickup,Yes,Yes,18,Debit Card,Fortnightly
2367,34,Male,Shirt,Clothing,32,West Virginia,XL,Charcoal,Winter,3.7,No,Free Shipping,No,No,2,Debit Card,Fortnightly
2368,68,Male,Shoes,Footwear,49,Illinois,L,Olive,Spring,3.9,No,Standard,No,No,17,Venmo,Quarterly
2369,44,Male,Hat,Accessories,64,Indiana,L,Peach,Fall,4.4,No,Express,No,No,11,PayPal,Quarterly
2370,25,Male,Boots,Footwear,89,Alaska,M,Teal,Spring,3.0,No,2-Day Shipping,Yes,Yes,34,Venmo,Bi-Weekly
2371,18,Male,Hat,Accessories,97,Mississippi,S,Green,Winter,2.7,No,Express,Yes,Yes,44,Credit Card,Fortnightly
2372,55,Female,Shirt,Clothing,46,Minnesota,M,Turquoise,Fall,3.1,No,Store Pickup,No,No,35,Bank Transfer,Quarterly
2373,59,Male,Coat,Outerwear,22,Indiana,S,Magenta,Fall,4.8,Yes,Free Shipping,Yes,Yes,44,Bank Transfer,Bi-Weekly
2374,41,Male,Shirt,Clothing,30,Ohio,S,Teal,Spring,3.7,No,Store Pickup,Yes,Yes,48,Cash,Bi-Weekly
2375,20,Female,Skirt,Clothing,21,Louisiana,M,Red,Fall,4.6,No,Express,No,No,29,PayPal,Annually
2376,52,Male,Blouse,Clothing,74,California,M,Green,Fall,3.1,Yes,Standard,Yes,Yes,25,Bank Transfer,Every 3 Months
2377,39,Male,Boots,Footwear,64,Alaska,L,Gray,Spring,4.2,Yes,Store Pickup,No,No,6,Debit Card,Quarterly
2378,39,Male,Boots,Footwear,92,Iowa,M,Gray,Spring,4.4,No,Next Day Air,Yes,Yes,42,Venmo,Quarterly
2379,24,Male,Jacket,Outerwear,97,California,L,Lavender,Spring,2.5,No,Standard,No,No,30,Credit Card,Weekly
2380,40,Male,Dress,Clothing,22,Maryland,XL,Peach,Winter,4.7,Yes,Store Pickup,No,No,8,Bank Transfer,Monthly
2381,58,Male,Shoes,Footwear,35,Oklahoma,M,Magenta,Summer,2.7,No,Standard,No,No,20,PayPal,Every 3 Months
2382,64,Male,Sneakers,Footwear,64,Idaho,M,Teal,Winter,4.8,No,Standard,No,No,47,Debit Card,Weekly
2383,70,Male,Hoodie,Clothing,35,Rhode Island,S,Silver,Winter,2.8,No,Next Day Air,Yes,Yes,32,Bank Transfer,Weekly
2384,21,Male,Hoodie,Clothing,26,Nevada,L,Turquoise,Fall,3.8,No,Express,Yes,Yes,21,Debit Card,Monthly
2385,47,Male,Gloves,Accessories,61,Ohio,L,Lavender,Winter,3.7,No,Store Pickup,No,No,16,Venmo,Annually
2386,61,Male,Pants,Clothing,43,Illinois,XL,Violet,Summer,3.2,Yes,Next Day Air,Yes,Yes,9,Cash,Annually
2387,65,Male,Hoodie,Clothing,67,Wyoming,S,Violet,Winter,4.1,No,Free Shipping,Yes,Yes,46,Venmo,Every 3 Months
2388,44,Female,Boots,Footwear,56,Oregon,M,Black,Fall,4.7,No,Standard,Yes,Yes,27,Venmo,Fortnightly
2389,42,Female,Jeans,Clothing,28,Colorado,M,Gray,Summer,3.5,Yes,Free Shipping,No,No,33,PayPal,Quarterly
2390,34,Male,Sandals,Footwear,36,Nevada,L,Teal,Winter,4.8,No,2-Day Shipping,No,No,20,Debit Card,Fortnightly
2391,51,Male,Sweater,Clothing,38,Hawaii,M,Cyan,Fall,4.6,No,Standard,No,No,26,Debit Card,Fortnightly
2392,67,Female,Jeans,Clothing,80,New York,M,Charcoal,Winter,3.9,No,Next Day Air,No,No,18,Venmo,Every 3 Months
2393,62,Male,Pants,Clothing,54,Arkansas,L,Red,Summer,4.5,No,Next Day Air,Yes,Yes,5,Cash,Fortnightly
2394,27,Male,Socks,Clothing,93,Missouri,L,Indigo,Spring,5.0,No,Express,No,No,42,Bank Transfer,Every 3 Months
2395,26,Female,Socks,Clothing,75,Oregon,XL,Purple,Summer,4.2,Yes,Express,Yes,Yes,34,Venmo,Monthly
2396,18,Male,Belt,Accessories,25,Florida,M,Gold,Fall,4.1,Yes,2-Day Shipping,No,No,2,Cash,Every 3 Months
2397,51,Female,Dress,Clothing,27,Louisiana,S,Charcoal,Summer,2.6,No,2-Day Shipping,Yes,Yes,40,Debit Card,Quarterly
2398,57,Male,Sunglasses,Accessories,79,Oregon,M,Beige,Summer,3.8,No,Standard,Yes,Yes,42,Debit Card,Monthly
2399,52,Male,Shorts,Clothing,65,Tennessee,M,Pink,Spring,3.0,Yes,Next Day Air,No,No,18,Debit Card,Fortnightly
2400,67,Male,Jeans,Clothing,36,South Carolina,L,Lavender,Summer,3.4,No,2-Day Shipping,No,No,48,Venmo,Fortnightly
2401,35,Male,Pants,Clothing,83,New Jersey,M,Charcoal,Fall,4.4,No,2-Day Shipping,No,No,18,PayPal,Weekly
2402,24,Male,Gloves,Accessories,49,Oregon,XL,Brown,Fall,2.9,No,2-Day Shipping,No,No,45,Bank Transfer,Weekly
2403,42,Male,Dress,Clothing,76,California,S,Gray,Summer,3.4,No,Store Pickup,Yes,Yes,38,Debit Card,Monthly
2404,50,Female,Jewelry,Accessories,97,Minnesota,L,Gold,Spring,4.3,No,Free Shipping,No,No,38,Venmo,Every 3 Months
2405,37,Female,Boots,Footwear,72,Maine,M,Gold,Winter,4.1,No,Free Shipping,Yes,Yes,8,Debit Card,Bi-Weekly
2406,65,Female,Jewelry,Accessories,95,Mississippi,XL,Brown,Winter,3.9,Yes,Store Pickup,Yes,Yes,6,Venmo,Annually
2407,46,Female,Shoes,Footwear,40,Iowa,XL,White,Fall,5.0,Yes,Store Pickup,Yes,Yes,43,Venmo,Monthly
2408,26,Female,Pants,Clothing,49,Illinois,M,Purple,Summer,3.1,No,Store Pickup,No,No,35,Bank Transfer,Quarterly
2409,51,Female,Hoodie,Clothing,47,Massachusetts,L,Peach,Spring,4.7,No,Next Day Air,No,No,1,PayPal,Quarterly
2410,64,Male,Jacket,Outerwear,58,Maryland,L,Cyan,Fall,3.2,No,2-Day Shipping,No,No,1,Credit Card,Bi-Weekly
2411,18,Male,Scarf,Accessories,98,Colorado,XL,Orange,Spring,3.3,No,Store Pickup,No,No,16,Credit Card,Annually
2412,53,Male,Socks,Clothing,87,Georgia,M,Yellow,Spring,2.6,No,Standard,Yes,Yes,29,Venmo,Quarterly
2413,35,Male,Gloves,Accessories,77,Montana,M,Red,Fall,5.0,No,Free Shipping,No,No,44,PayPal,Quarterly
2414,38,Male,Jacket,Outerwear,47,Alaska,M,Yellow,Summer,4.2,No,Express,Yes,Yes,6,Cash,Weekly
2415,60,Male,Backpack,Accessories,54,Arizona,M,Magenta,Winter,3.4,No,2-Day Shipping,Yes,Yes,21,Venmo,Weekly
2416,66,Male,Blouse,Clothing,53,Arizona,S,Olive,Summer,4.0,No,Standard,No,No,14,Venmo,Monthly
2417,26,Male,Handbag,Accessories,85,Alaska,S,Red,Winter,3.1,No,Next Day Air,Yes,Yes,15,Credit Card,Every 3 Months
2418,39,Male,Shoes,Footwear,27,Iowa,M,Green,Fall,4.6,Yes,Next Day Air,No,No,40,Debit Card,Quarterly
2419,63,Male,Shoes,Footwear,80,Idaho,L,Cyan,Summer,3.2,Yes,Next Day Air,No,No,3,Credit Card,Weekly
2420,31,Male,Jeans,Clothing,52,Maryland,L,Olive,Fall,3.9,No,Free Shipping,Yes,Yes,10,Venmo,Monthly
2421,36,Female,Skirt,Clothing,66,Indiana,S,Maroon,Spring,4.7,No,Store Pickup,No,No,30,PayPal,Quarterly
2422,23,Male,Shorts,Clothing,79,New Jersey,S,Charcoal,Summer,3.5,Yes,Express,Yes,Yes,13,Bank Transfer,Bi-Weekly
2423,29,Female,Sweater,Clothing,97,Montana,M,Black,Summer,5.0,Yes,Express,No,No,25,Debit Card,Monthly
2424,46,Male,Sunglasses,Accessories,100,Wyoming,L,Turquoise,Summer,3.7,No,2-Day Shipping,Yes,Yes,29,Credit Card,Bi-Weekly
2425,45,Male,Dress,Clothing,37,Maryland,L,Lavender,Spring,2.7,No,Next Day Air,Yes,Yes,5,Debit Card,Weekly
2426,59,Female,Coat,Outerwear,45,California,M,Gold,Summer,3.5,No,Free Shipping,No,No,43,Bank Transfer,Weekly
2427,38,Male,Blouse,Clothing,24,Louisiana,L,Charcoal,Winter,4.6,No,Free Shipping,Yes,Yes,29,Cash,Bi-Weekly
2428,22,Male,Shirt,Clothing,70,Kansas,L,Turquoise,Fall,4.8,No,Express,Yes,Yes,16,Debit Card,Fortnightly
2429,23,Male,Jeans,Clothing,22,New Jersey,M,Yellow,Spring,4.2,Yes,Free Shipping,Yes,Yes,43,Bank Transfer,Weekly
2430,58,Female,Hoodie,Clothing,50,Iowa,S,Beige,Spring,4.1,No,Express,Yes,Yes,37,Venmo,Fortnightly
2431,29,Male,Dress,Clothing,75,Idaho,M,Charcoal,Fall,4.9,No,2-Day Shipping,No,No,38,Venmo,Fortnightly
2432,30,Female,Pants,Clothing,27,Alaska,L,Beige,Summer,2.8,No,Store Pickup,Yes,Yes,2,Credit Card,Bi-Weekly
2433,41,Male,Socks,Clothing,24,Ohio,L,Maroon,Winter,2.7,No,2-Day Shipping,Yes,Yes,32,Debit Card,Quarterly
2434,28,Male,Coat,Outerwear,58,Indiana,M,Black,Fall,4.9,No,Store Pickup,No,No,50,Bank Transfer,Weekly
2435,62,Male,Jeans,Clothing,34,Nebraska,M,Olive,Spring,2.7,Yes,Free Shipping,No,No,48,Debit Card,Every 3 Months
2436,41,Male,Socks,Clothing,73,Delaware,M,Cyan,Spring,4.4,No,Store Pickup,No,No,15,Venmo,Bi-Weekly
2437,31,Male,Dress,Clothing,54,North Carolina,M,Orange,Winter,4.0,No,Standard,No,No,2,Venmo,Bi-Weekly
2438,58,Female,Gloves,Accessories,39,Iowa,L,Gold,Spring,4.0,No,2-Day Shipping,No,No,1,Bank Transfer,Bi-Weekly
2439,56,Male,Belt,Accessories,59,New Jersey,S,Green,Fall,4.4,No,Express,No,No,25,Credit Card,Monthly
2440,41,Male,Backpack,Accessories,74,South Carolina,M,Gray,Winter,4.0,No,Standard,No,No,15,Debit Card,Monthly
2441,60,Female,Sandals,Footwear,31,Massachusetts,M,Gold,Spring,4.9,No,Express,Yes,Yes,46,Bank Transfer,Monthly
2442,48,Male,Shoes,Footwear,29,Florida,M,Green,Summer,3.1,No,Free Shipping,No,No,11,Debit Card,Weekly
2443,69,Female,Coat,Outerwear,24,Kansas,L,Brown,Summer,4.5,Yes,Next Day Air,Yes,Yes,26,Cash,Bi-Weekly
2444,49,Male,Socks,Clothing,63,Indiana,XL,Brown,Summer,3.0,No,2-Day Shipping,No,No,31,Bank Transfer,Monthly
2445,65,Male,Sunglasses,Accessories,79,Hawaii,M,Turquoise,Summer,3.7,No,Store Pickup,Yes,Yes,44,PayPal,Bi-Weekly
2446,39,Female,Boots,Footwear,35,Colorado,L,Peach,Spring,2.5,No,2-Day Shipping,No,No,30,Cash,Quarterly
2447,24,Male,Shoes,Footwear,51,Arkansas,L,Olive,Summer,3.6,No,2-Day Shipping,Yes,Yes,16,Debit Card,Annually
2448,51,Male,Jeans,Clothing,90,Iowa,M,White,Summer,4.4,No,Store Pickup,No,No,20,Credit Card,Annually
2449,49,Female,Gloves,Accessories,46,Iowa,M,Gray,Summer,3.0,No,Next Day Air,Yes,Yes,31,Bank Transfer,Annually
2450,55,Male,Belt,Accessories,28,Vermont,M,Gold,Spring,3.1,No,Next Day Air,No,No,48,Credit Card,Quarterly
2451,66,Male,Boots,Footwear,87,Arizona,L,Purple,Spring,3.0,No,Next Day Air,No,No,1,Cash,Weekly
2452,42,Male,Gloves,Accessories,78,Massachusetts,M,Silver,Summer,4.3,Yes,Next Day Air,Yes,Yes,27,Debit Card,Weekly
2453,43,Male,Dress,Clothing,21,Texas,L,Teal,Winter,2.9,No,Express,Yes,Yes,50,Cash,Fortnightly
2454,27,Male,Shoes,Footwear,81,Georgia,M,Silver,Fall,2.5,No,Next Day Air,Yes,Yes,47,Credit Card,Quarterly
2455,37,Male,Pants,Clothing,60,Oregon,L,Orange,Winter,3.9,No,Standard,Yes,Yes,20,Venmo,Monthly
2456,19,Female,Pants,Clothing,59,Kentucky,XL,Purple,Spring,2.6,No,2-Day Shipping,No,No,40,Cash,Bi-Weekly
2457,68,Male,Handbag,Accessories,70,Minnesota,L,Indigo,Summer,2.8,No,Free Shipping,Yes,Yes,27,Cash,Annually
2458,31,Male,Belt,Accessories,92,Arizona,M,Indigo,Fall,3.2,No,Express,Yes,Yes,39,Cash,Fortnightly
2459,25,Male,Sunglasses,Accessories,24,Montana,L,Red,Spring,2.8,Yes,Standard,No,No,33,Debit Card,Fortnightly
2460,19,Male,Dress,Clothing,60,Oklahoma,L,Pink,Fall,4.7,No,Express,No,No,27,Cash,Quarterly
2461,69,Male,Blouse,Clothing,84,Alabama,S,Turquoise,Winter,3.1,No,Free Shipping,Yes,Yes,38,Credit Card,Fortnightly
2462,53,Male,Blouse,Clothing,29,New York,S,Gray,Spring,3.0,No,Store Pickup,No,No,19,PayPal,Annually
2463,23,Male,Jewelry,Accessories,98,Mississippi,M,Beige,Spring,2.9,Yes,Free Shipping,Yes,Yes,46,Cash,Annually
2464,65,Male,Coat,Outerwear,89,New Jersey,S,Brown,Spring,2.8,No,Express,No,No,3,PayPal,Quarterly
2465,67,Female,Hoodie,Clothing,96,Iowa,M,Cyan,Spring,3.8,Yes,Free Shipping,Yes,Yes,5,Debit Card,Annually
2466,54,Female,Shirt,Clothing,97,Missouri,M,Beige,Fall,3.8,No,Free Shipping,No,No,28,Cash,Quarterly
2467,46,Female,Coat,Outerwear,98,South Carolina,M,Green,Fall,4.5,Yes,Standard,No,No,34,Debit Card,Weekly
2468,59,Male,Boots,Footwear,47,South Dakota,S,Pink,Spring,3.4,No,Free Shipping,No,No,49,Bank Transfer,Weekly
2469,38,Female,Dress,Clothing,62,South Carolina,M,Yellow,Spring,4.3,No,Free Shipping,No,No,44,PayPal,Monthly
2470,48,Male,Sweater,Clothing,92,Louisiana,L,Peach,Spring,3.1,No,Standard,No,No,23,Debit Card,Quarterly
2471,33,Male,Scarf,Accessories,37,Maryland,S,Silver,Fall,4.0,No,Free Shipping,Yes,Yes,50,Credit Card,Annually
2472,56,Male,Blouse,Clothing,40,California,M,Gold,Fall,4.0,No,Next Day Air,No,No,1,PayPal,Bi-Weekly
2473,58,Male,Dress,Clothing,34,Rhode Island,L,White,Winter,2.8,No,Express,Yes,Yes,3,Credit Card,Annually
2474,39,Female,Pants,Clothing,43,California,M,Lavender,Summer,4.0,No,Standard,No,No,20,PayPal,Quarterly
2475,21,Female,Hat,Accessories,60,Minnesota,M,Pink,Fall,2.5,No,Standard,Yes,Yes,29,Bank Transfer,Annually
2476,47,Male,Sandals,Footwear,37,Nevada,M,Violet,Summer,3.2,Yes,Express,No,No,31,Venmo,Weekly
2477,28,Male,Dress,Clothing,85,Colorado,XL,Green,Fall,4.8,No,Store Pickup,No,No,45,Bank Transfer,Bi-Weekly
2478,70,Male,Socks,Clothing,67,Indiana,M,Silver,Fall,4.9,No,Next Day Air,Yes,Yes,9,Bank Transfer,Quarterly
2479,43,Male,Backpack,Accessories,96,Nevada,M,Purple,Fall,4.3,No,Express,Yes,Yes,3,PayPal,Weekly
2480,29,Male,Backpack,Accessories,72,Missouri,M,Magenta,Summer,3.2,No,2-Day Shipping,No,No,36,Bank Transfer,Bi-Weekly
2481,56,Male,Boots,Footwear,75,Delaware,S,Yellow,Summer,3.1,No,Free Shipping,No,No,26,Credit Card,Weekly
2482,28,Male,Dress,Clothing,23,Maine,S,Cyan,Summer,5.0,Yes,Free Shipping,No,No,29,Credit Card,Annually
2483,58,Male,Sandals,Footwear,76,Tennessee,M,Teal,Spring,3.0,No,Express,Yes,Yes,29,Credit Card,Monthly
2484,62,Male,Backpack,Accessories,99,Maine,S,Gray,Fall,2.5,Yes,Free Shipping,Yes,Yes,35,PayPal,Annually
2485,41,Male,Coat,Outerwear,57,Tennessee,L,Green,Winter,4.7,Yes,2-Day Shipping,No,No,4,Venmo,Every 3 Months
2486,30,Male,Shoes,Footwear,92,Vermont,L,Orange,Fall,3.0,No,2-Day Shipping,Yes,Yes,41,Bank Transfer,Weekly
2487,37,Male,Sandals,Footwear,88,Alaska,XL,Magenta,Spring,4.2,No,Express,No,No,3,Cash,Annually
2488,69,Male,Hat,Accessories,64,Iowa,M,Pink,Summer,3.5,No,Free Shipping,Yes,Yes,48,Venmo,Every 3 Months
2489,58,Male,Backpack,Accessories,43,South Dakota,XL,Gold,Summer,5.0,No,Store Pickup,No,No,1,Debit Card,Annually
2490,53,Male,Boots,Footwear,82,Nebraska,M,Turquoise,Winter,3.7,No,Standard,Yes,Yes,23,Bank Transfer,Every 3 Months
2491,19,Male,Gloves,Accessories,35,Colorado,M,Orange,Fall,4.9,No,Free Shipping,Yes,Yes,5,Debit Card,Quarterly
2492,27,Male,Shoes,Footwear,72,Hawaii,S,Black,Fall,4.3,Yes,2-Day Shipping,Yes,Yes,4,Debit Card,Quarterly
2493,26,Male,Blouse,Clothing,42,Massachusetts,S,Silver,Winter,4.3,No,Store Pickup,Yes,Yes,12,Debit Card,Quarterly
2494,21,Female,Pants,Clothing,62,Alabama,L,Black,Summer,4.1,No,Next Day Air,Yes,Yes,22,Debit Card,Monthly
2495,39,Female,Backpack,Accessories,36,Florida,L,Orange,Summer,2.7,No,Free Shipping,No,No,4,Credit Card,Weekly
2496,26,Male,Jeans,Clothing,66,Oregon,XL,Indigo,Spring,4.4,No,Free Shipping,No,No,22,PayPal,Every 3 Months
2497,64,Male,Dress,Clothing,89,Arkansas,L,Gold,Fall,3.3,No,Free Shipping,No,No,15,Credit Card,Monthly
2498,64,Male,Jacket,Outerwear,69,Delaware,M,Gray,Fall,4.3,No,Free Shipping,No,No,33,Venmo,Bi-Weekly
2499,38,Female,Sneakers,Footwear,64,West Virginia,L,Purple,Spring,4.1,No,Express,Yes,Yes,24,Bank Transfer,Quarterly
2500,28,Female,Sweater,Clothing,20,Hawaii,M,Pink,Summer,4.2,No,Store Pickup,No,No,13,Debit Card,Annually
2501,27,Male,Jacket,Outerwear,38,New York,M,Cyan,Fall,3.7,Yes,Free Shipping,Yes,Yes,49,PayPal,Weekly
2502,19,Male,Hat,Accessories,80,New York,S,Peach,Summer,5.0,No,2-Day Shipping,Yes,Yes,30,PayPal,Monthly
2503,51,Male,Dress,Clothing,31,South Dakota,M,Orange,Fall,3.1,No,Express,Yes,Yes,4,Bank Transfer,Annually
2504,39,Male,Skirt,Clothing,82,Oklahoma,M,Orange,Fall,3.2,Yes,Standard,Yes,Yes,29,Venmo,Every 3 Months
2505,60,Male,Dress,Clothing,26,Illinois,XL,Violet,Winter,4.3,No,Express,No,No,36,Cash,Weekly
2506,32,Male,Jewelry,Accessories,69,Alabama,S,Teal,Winter,3.2,No,Next Day Air,No,No,7,Venmo,Every 3 Months
2507,49,Male,Hat,Accessories,51,Florida,L,Black,Summer,4.9,No,Free Shipping,No,No,30,Cash,Weekly
2508,48,Male,Handbag,Accessories,80,Texas,M,Purple,Summer,3.0,Yes,Store Pickup,Yes,Yes,28,Credit Card,Fortnightly
2509,59,Male,Shorts,Clothing,96,Delaware,M,Brown,Winter,3.1,No,Store Pickup,Yes,Yes,5,Venmo,Annually
2510,59,Female,Handbag,Accessories,43,Tennessee,L,Pink,Spring,4.7,No,Free Shipping,Yes,Yes,17,Credit Card,Quarterly
2511,48,Male,Shorts,Clothing,66,Louisiana,L,White,Summer,4.5,Yes,Free Shipping,Yes,Yes,11,Debit Card,Monthly
2512,68,Male,Pants,Clothing,47,Mississippi,M,Black,Fall,4.3,Yes,Express,No,No,7,Venmo,Bi-Weekly
2513,43,Male,Gloves,Accessories,31,New Hampshire,XL,White,Spring,3.6,No,Store Pickup,No,No,1,Venmo,Quarterly
2514,46,Male,Gloves,Accessories,21,Alaska,XL,Gray,Spring,4.3,Yes,Store Pickup,No,No,13,Debit Card,Quarterly
2515,37,Male,Boots,Footwear,57,Ohio,M,Violet,Spring,4.1,No,Standard,No,No,7,Credit Card,Every 3 Months
2516,38,Male,Sweater,Clothing,64,Hawaii,M,Teal,Winter,2.8,No,Next Day Air,No,No,8,Bank Transfer,Monthly
2517,58,Female,Sweater,Clothing,98,Hawaii,L,Silver,Fall,4.8,No,2-Day Shipping,Yes,Yes,23,Cash,Monthly
2518,42,Male,Jeans,Clothing,43,Maryland,L,Gray,Spring,2.7,No,Express,Yes,Yes,30,Debit Card,Quarterly
2519,62,Male,Sandals,Footwear,84,New York,M,Red,Spring,4.6,No,Express,Yes,Yes,34,Debit Card,Bi-Weekly
2520,48,Female,Backpack,Accessories,34,Hawaii,M,Lavender,Winter,3.2,No,Express,No,No,23,Venmo,Annually
2521,25,Female,Pants,Clothing,23,Montana,L,Lavender,Winter,3.9,Yes,Store Pickup,No,No,7,PayPal,Every 3 Months
2522,46,Female,Sneakers,Footwear,72,South Dakota,L,Cyan,Winter,4.9,No,Next Day Air,No,No,25,Credit Card,Quarterly
2523,61,Male,Skirt,Clothing,43,Montana,M,Magenta,Fall,3.2,No,Free Shipping,No,No,25,Cash,Weekly
2524,57,Male,Sneakers,Footwear,47,West Virginia,M,Cyan,Fall,3.1,No,Next Day Air,No,No,34,Bank Transfer,Every 3 Months
2525,32,Male,Blouse,Clothing,84,Florida,M,Peach,Fall,2.9,Yes,Standard,No,No,38,Cash,Fortnightly
2526,50,Male,Shorts,Clothing,24,South Dakota,L,Cyan,Summer,4.2,No,Standard,No,No,2,Debit Card,Fortnightly
2527,49,Male,Gloves,Accessories,20,Hawaii,S,Peach,Winter,4.1,No,Standard,No,No,4,Bank Transfer,Monthly
2528,19,Female,Scarf,Accessories,70,New Jersey,L,Beige,Summer,3.8,Yes,Free Shipping,Yes,Yes,22,Debit Card,Annually
2529,42,Male,Socks,Clothing,32,Indiana,M,Teal,Fall,3.4,No,Free Shipping,No,No,48,Credit Card,Weekly
2530,70,Female,Belt,Accessories,81,Wyoming,M,Beige,Spring,4.5,Yes,Express,No,No,3,Bank Transfer,Annually
2531,28,Male,Jeans,Clothing,55,Mississippi,M,Teal,Fall,3.4,Yes,Express,Yes,Yes,7,Cash,Quarterly
2532,36,Male,Pants,Clothing,82,Missouri,M,Gray,Winter,4.4,No,Next Day Air,Yes,Yes,26,PayPal,Monthly
2533,27,Male,Pants,Clothing,80,Tennessee,L,Brown,Fall,3.7,No,Free Shipping,Yes,Yes,24,Debit Card,Quarterly
2534,70,Male,Hat,Accessories,48,Idaho,S,Gray,Fall,4.1,Yes,Free Shipping,Yes,Yes,11,Debit Card,Fortnightly
2535,43,Male,Sunglasses,Accessories,73,Missouri,M,Yellow,Spring,2.9,No,Express,Yes,Yes,35,Venmo,Bi-Weekly
2536,29,Male,Gloves,Accessories,35,Indiana,M,Cyan,Spring,4.8,No,Standard,Yes,Yes,27,PayPal,Quarterly
2537,55,Male,Scarf,Accessories,51,New York,M,Maroon,Spring,4.8,No,Next Day Air,No,No,5,Cash,Monthly
2538,69,Male,Jeans,Clothing,88,California,L,Peach,Summer,3.3,No,Next Day Air,No,No,4,Credit Card,Weekly
2539,34,Female,Handbag,Accessories,74,Wyoming,M,White,Fall,3.2,No,Free Shipping,No,No,32,Debit Card,Bi-Weekly
2540,26,Female,Jewelry,Accessories,39,Florida,M,Pink,Summer,4.6,Yes,Store Pickup,Yes,Yes,8,Venmo,Every 3 Months
2541,27,Male,Coat,Outerwear,55,Maine,L,Gold,Winter,3.1,No,Free Shipping,Yes,Yes,38,Bank Transfer,Bi-Weekly
2542,43,Male,Dress,Clothing,53,California,M,Green,Summer,2.8,No,Express,Yes,Yes,38,Credit Card,Quarterly
2543,57,Male,Hat,Accessories,59,Florida,XL,Turquoise,Fall,4.9,No,Express,Yes,Yes,44,Cash,Fortnightly
2544,37,Male,Coat,Outerwear,33,Maryland,S,Orange,Winter,3.2,No,Free Shipping,No,No,47,Venmo,Fortnightly
2545,33,Male,Dress,Clothing,71,North Carolina,S,Red,Spring,3.3,No,Store Pickup,No,No,26,Venmo,Annually
2546,34,Male,Jewelry,Accessories,27,Oregon,L,White,Summer,3.4,No,Next Day Air,Yes,Yes,27,PayPal,Weekly
2547,47,Male,Coat,Outerwear,90,Nebraska,S,Purple,Winter,3.5,No,Standard,No,No,28,Credit Card,Bi-Weekly
2548,33,Male,Hat,Accessories,30,Hawaii,L,Turquoise,Fall,3.0,No,Store Pickup,Yes,Yes,7,PayPal,Quarterly
2549,19,Male,Shoes,Footwear,21,Alabama,L,White,Summer,3.0,No,Free Shipping,Yes,Yes,24,PayPal,Bi-Weekly
2550,52,Male,Shoes,Footwear,84,New Hampshire,M,Red,Winter,2.7,No,Standard,No,No,3,Bank Transfer,Fortnightly
2551,59,Female,Shoes,Footwear,68,Illinois,M,White,Winter,4.9,No,Express,No,No,17,Debit Card,Annually
2552,30,Male,Dress,Clothing,86,Rhode Island,M,Green,Fall,2.7,No,Standard,Yes,Yes,22,Venmo,Annually
2553,69,Male,Jewelry,Accessories,85,Iowa,M,Brown,Winter,3.7,No,Next Day Air,Yes,Yes,38,Bank Transfer,Fortnightly
2554,24,Male,Sunglasses,Accessories,69,Kentucky,S,Orange,Winter,2.6,No,2-Day Shipping,No,No,33,Venmo,Bi-Weekly
2555,28,Male,Hoodie,Clothing,50,New Hampshire,M,Yellow,Winter,4.3,No,Free Shipping,No,No,22,Venmo,Fortnightly
2556,50,Male,Boots,Footwear,49,New Jersey,M,Gray,Summer,2.5,No,Standard,Yes,Yes,23,Debit Card,Fortnightly
2557,36,Female,Scarf,Accessories,20,New Jersey,M,Red,Winter,2.6,No,Store Pickup,No,No,29,Venmo,Quarterly
2558,44,Male,Socks,Clothing,22,Vermont,L,Gray,Spring,2.5,Yes,2-Day Shipping,No,No,44,Venmo,Monthly
2559,56,Male,Coat,Outerwear,26,New Hampshire,L,Red,Summer,2.8,No,Next Day Air,No,No,25,Venmo,Weekly
2560,38,Male,Shirt,Clothing,39,Arkansas,M,Yellow,Summer,3.6,No,2-Day Shipping,Yes,Yes,31,Debit Card,Annually
2561,61,Male,Skirt,Clothing,48,Utah,M,Charcoal,Fall,3.0,No,Next Day Air,No,No,10,Cash,Monthly
2562,38,Male,Pants,Clothing,60,Maryland,XL,Gold,Fall,2.6,No,Next Day Air,No,No,12,Credit Card,Bi-Weekly
2563,25,Male,Hat,Accessories,99,Massachusetts,M,Magenta,Winter,2.7,No,Express,No,No,46,Credit Card,Bi-Weekly
2564,68,Male,Socks,Clothing,60,Nevada,S,Black,Summer,4.2,No,Standard,Yes,Yes,25,Debit Card,Monthly
2565,42,Female,Boots,Footwear,79,Louisiana,M,Beige,Winter,4.2,No,Next Day Air,No,No,40,Venmo,Bi-Weekly
2566,39,Male,Belt,Accessories,65,North Carolina,M,Turquoise,Winter,3.4,No,Store Pickup,Yes,Yes,1,Venmo,Monthly
2567,36,Male,Shirt,Clothing,89,Idaho,M,Beige,Summer,4.6,No,Standard,No,No,19,Debit Card,Bi-Weekly
2568,27,Male,Socks,Clothing,100,Alaska,L,Teal,Spring,2.6,Yes,2-Day Shipping,Yes,Yes,23,Credit Card,Quarterly
2569,24,Male,Shorts,Clothing,42,Alaska,S,Pink,Spring,2.7,No,Free Shipping,No,No,8,Debit Card,Every 3 Months
2570,35,Male,Dress,Clothing,68,Maryland,S,Teal,Spring,4.5,No,2-Day Shipping,No,No,16,Bank Transfer,Quarterly
2571,48,Male,Jacket,Outerwear,60,New Hampshire,M,Peach,Fall,2.6,No,Standard,No,No,28,PayPal,Weekly
2572,39,Female,Sandals,Footwear,24,Arkansas,M,Brown,Fall,4.5,No,Free Shipping,Yes,Yes,47,Bank Transfer,Weekly
2573,37,Male,Coat,Outerwear,67,Delaware,S,Cyan,Spring,4.5,No,Next Day Air,Yes,Yes,33,Credit Card,Monthly
2574,54,Male,Backpack,Accessories,83,Nebraska,M,Green,Summer,3.7,No,Free Shipping,Yes,Yes,46,Cash,Bi-Weekly
2575,25,Male,Gloves,Accessories,81,Tennessee,S,Purple,Winter,3.2,No,Express,No,No,9,Credit Card,Annually
2576,26,Male,Sandals,Footwear,66,Arizona,M,Charcoal,Winter,3.7,No,Store Pickup,No,No,29,Venmo,Every 3 Months
2577,41,Male,Jacket,Outerwear,28,Iowa,XL,Lavender,Spring,4.2,No,Express,Yes,Yes,49,Cash,Monthly
2578,61,Female,Jeans,Clothing,21,New Jersey,L,Lavender,Spring,4.6,No,Free Shipping,No,No,33,PayPal,Fortnightly
2579,44,Male,Boots,Footwear,38,Nebraska,M,Maroon,Spring,2.8,No,Next Day Air,Yes,Yes,21,Cash,Fortnightly
2580,57,Male,Handbag,Accessories,47,South Carolina,XL,Pink,Spring,2.8,No,Next Day Air,No,No,45,Credit Card,Weekly
2581,56,Male,Jewelry,Accessories,71,Florida,XL,Orange,Summer,2.7,No,Standard,No,No,11,Credit Card,Monthly
2582,35,Male,Hoodie,Clothing,80,North Dakota,M,White,Winter,2.7,No,Express,Yes,Yes,20,Bank Transfer,Quarterly
2583,64,Male,Skirt,Clothing,85,Indiana,S,Turquoise,Spring,4.4,No,Next Day Air,Yes,Yes,43,Debit Card,Monthly
2584,25,Male,Jacket,Outerwear,37,Nevada,L,White,Fall,4.3,No,Free Shipping,Yes,Yes,43,Venmo,Annually
2585,22,Female,Coat,Outerwear,40,Ohio,M,Orange,Winter,5.0,No,Next Day Air,No,No,4,Bank Transfer,Quarterly
2586,26,Female,Sweater,Clothing,35,Vermont,M,Charcoal,Summer,2.8,No,Next Day Air,No,No,20,Cash,Monthly
2587,28,Male,Shoes,Footwear,72,Minnesota,S,Cyan,Spring,4.9,No,2-Day Shipping,Yes,Yes,7,PayPal,Monthly
2588,43,Female,Sandals,Footwear,89,Maryland,M,Green,Winter,2.8,No,Store Pickup,Yes,Yes,38,Cash,Fortnightly
2589,57,Female,Gloves,Accessories,59,Illinois,XL,Olive,Summer,3.2,No,Next Day Air,Yes,Yes,43,Debit Card,Monthly
2590,42,Male,Jewelry,Accessories,43,Minnesota,M,Yellow,Spring,4.0,No,Store Pickup,No,No,30,Credit Card,Bi-Weekly
2591,59,Female,Scarf,Accessories,100,Alabama,S,Purple,Summer,3.3,Yes,Store Pickup,No,No,25,Bank Transfer,Monthly
2592,55,Female,Sweater,Clothing,76,Georgia,M,Yellow,Winter,3.7,No,Next Day Air,No,No,30,Credit Card,Every 3 Months
2593,54,Female,Scarf,Accessories,98,Florida,L,Indigo,Fall,4.8,No,2-Day Shipping,Yes,Yes,37,PayPal,Annually
2594,22,Female,Dress,Clothing,60,Maryland,S,Black,Winter,4.5,No,Standard,Yes,Yes,34,Cash,Every 3 Months
2595,28,Female,Boots,Footwear,60,Alabama,L,Gold,Spring,2.8,No,Next Day Air,No,No,8,PayPal,Fortnightly
2596,31,Male,Shirt,Clothing,41,South Carolina,XL,Silver,Fall,2.9,No,Next Day Air,No,No,28,Credit Card,Bi-Weekly
2597,61,Male,Jacket,Outerwear,32,Georgia,L,Brown,Fall,2.6,No,Express,No,No,39,Bank Transfer,Every 3 Months
2598,44,Male,Shirt,Clothing,58,Alabama,M,Magenta,Spring,4.1,Yes,Free Shipping,No,No,6,PayPal,Bi-Weekly
2599,29,Male,Blouse,Clothing,98,Colorado,L,Olive,Summer,3.1,No,Free Shipping,Yes,Yes,5,Venmo,Monthly
2600,63,Male,Jeans,Clothing,92,Alaska,L,Purple,Summer,3.2,No,Next Day Air,No,No,42,Cash,Quarterly
2601,37,Female,Jewelry,Accessories,94,Missouri,M,Turquoise,Summer,4.6,No,2-Day Shipping,No,No,22,Bank Transfer,Quarterly
2602,62,Female,Dress,Clothing,62,Minnesota,M,Red,Spring,3.4,Yes,Express,Yes,Yes,18,Venmo,Weekly
2603,32,Male,Boots,Footwear,55,Maryland,L,Black,Winter,3.2,No,Express,Yes,Yes,20,PayPal,Monthly
2604,62,Female,Hoodie,Clothing,72,South Dakota,M,Violet,Summer,3.9,Yes,Standard,Yes,Yes,4,Venmo,Every 3 Months
2605,34,Female,Boots,Footwear,79,Ohio,M,Purple,Winter,2.8,Yes,Next Day Air,Yes,Yes,43,Cash,Quarterly
2606,21,Male,Shirt,Clothing,97,Kentucky,M,Black,Winter,3.6,No,Standard,Yes,Yes,29,Credit Card,Monthly
2607,39,Male,Handbag,Accessories,55,Wyoming,M,Charcoal,Winter,4.9,No,Next Day Air,Yes,Yes,30,Cash,Annually
2608,49,Female,Boots,Footwear,84,Idaho,L,Black,Spring,2.9,No,2-Day Shipping,No,No,32,Bank Transfer,Monthly
2609,38,Male,Handbag,Accessories,25,Kansas,M,Cyan,Spring,4.8,No,Free Shipping,Yes,Yes,15,Credit Card,Weekly
2610,48,Male,Jeans,Clothing,58,Oklahoma,M,Orange,Spring,3.2,Yes,Standard,Yes,Yes,9,Venmo,Every 3 Months
2611,44,Male,Jeans,Clothing,81,Alabama,S,Black,Summer,3.4,Yes,Free Shipping,Yes,Yes,37,Venmo,Weekly
2612,34,Male,Jacket,Outerwear,69,Texas,S,Magenta,Winter,4.1,No,Next Day Air,No,No,13,PayPal,Monthly
2613,26,Female,Sneakers,Footwear,29,South Carolina,L,Silver,Winter,4.8,Yes,Free Shipping,No,No,49,Cash,Bi-Weekly
2614,41,Male,Jacket,Outerwear,38,Arkansas,M,Violet,Spring,3.7,No,Express,No,No,11,Credit Card,Bi-Weekly
2615,40,Female,Boots,Footwear,54,Louisiana,L,Gray,Spring,4.2,Yes,Store Pickup,Yes,Yes,14,Bank Transfer,Monthly
2616,47,Male,Skirt,Clothing,24,North Carolina,M,Pink,Winter,2.8,No,Next Day Air,No,No,48,Venmo,Quarterly
2617,60,Female,Shorts,Clothing,72,Minnesota,XL,White,Winter,4.0,No,2-Day Shipping,Yes,Yes,5,Credit Card,Bi-Weekly
2618,48,Male,Gloves,Accessories,90,New York,M,Magenta,Winter,4.7,No,Next Day Air,Yes,Yes,38,Venmo,Monthly
2619,37,Male,Sunglasses,Accessories,64,West Virginia,S,Orange,Spring,4.0,No,Express,Yes,Yes,41,Bank Transfer,Weekly
2620,27,Male,Blouse,Clothing,90,Iowa,L,Olive,Winter,4.9,No,Express,Yes,Yes,17,Credit Card,Weekly
2621,64,Female,Dress,Clothing,36,Kansas,S,Brown,Fall,4.2,Yes,Store Pickup,Yes,Yes,30,Cash,Fortnightly
2622,19,Male,Dress,Clothing,77,Missouri,M,Gold,Winter,3.8,No,2-Day Shipping,No,No,35,PayPal,Quarterly
2623,54,Male,Shoes,Footwear,78,Kentucky,XL,Violet,Spring,4.9,Yes,Free Shipping,No,No,23,Cash,Annually
2624,23,Male,Boots,Footwear,49,Georgia,S,Silver,Summer,4.5,No,Next Day Air,No,No,35,Credit Card,Every 3 Months
2625,23,Female,Handbag,Accessories,48,Maryland,M,Green,Fall,3.2,No,Store Pickup,Yes,Yes,25,PayPal,Monthly
2626,47,Male,Sweater,Clothing,55,Tennessee,L,Magenta,Spring,4.8,No,Store Pickup,No,No,10,PayPal,Weekly
2627,42,Female,Belt,Accessories,53,Texas,S,Indigo,Summer,4.1,No,2-Day Shipping,No,No,21,Credit Card,Bi-Weekly
2628,41,Male,Hoodie,Clothing,35,Rhode Island,M,Black,Spring,2.6,Yes,Store Pickup,No,No,49,Venmo,Quarterly
2629,34,Male,Jacket,Outerwear,91,Ohio,S,Indigo,Winter,4.8,No,Next Day Air,Yes,Yes,30,Credit Card,Annually
2630,53,Male,Backpack,Accessories,24,Oregon,L,Gold,Spring,2.6,No,Free Shipping,No,No,48,Debit Card,Every 3 Months
2631,26,Male,Belt,Accessories,88,South Dakota,L,Pink,Spring,4.4,Yes,Express,No,No,32,PayPal,Monthly
2632,21,Female,Hoodie,Clothing,24,Wyoming,M,Orange,Winter,3.1,No,Next Day Air,Yes,Yes,18,PayPal,Annually
2633,23,Male,Scarf,Accessories,62,Oregon,M,Maroon,Spring,4.0,Yes,Next Day Air,No,No,5,PayPal,Annually
2634,37,Male,Socks,Clothing,81,Rhode Island,S,Cyan,Winter,2.8,No,Express,Yes,Yes,25,PayPal,Annually
2635,61,Male,Sweater,Clothing,66,Iowa,L,Magenta,Fall,3.9,No,Store Pickup,Yes,Yes,14,Bank Transfer,Every 3 Months
2636,18,Male,Pants,Clothing,26,Vermont,L,White,Winter,4.2,No,Store Pickup,No,No,50,Cash,Monthly
2637,55,Male,Backpack,Accessories,53,Louisiana,S,White,Winter,4.4,No,Next Day Air,No,No,41,Credit Card,Quarterly
2638,70,Female,Sandals,Footwear,24,North Carolina,L,Turquoise,Summer,4.3,No,Free Shipping,No,No,39,Debit Card,Annually
2639,37,Male,Backpack,Accessories,58,Arizona,M,Pink,Fall,4.9,No,Standard,Yes,Yes,3,Credit Card,Bi-Weekly
2640,23,Male,Sunglasses,Accessories,28,Wyoming,S,Violet,Summer,4.0,No,2-Day Shipping,Yes,Yes,38,Credit Card,Fortnightly
2641,45,Male,Pants,Clothing,59,Indiana,M,Maroon,Winter,3.1,No,Store Pickup,Yes,Yes,7,Credit Card,Monthly
2642,49,Male,Pants,Clothing,51,Hawaii,XL,Yellow,Summer,4.6,Yes,2-Day Shipping,Yes,Yes,16,Cash,Monthly
2643,22,Male,Hat,Accessories,90,Georgia,L,White,Winter,3.4,No,Standard,No,No,26,Credit Card,Annually
2644,65,Male,Belt,Accessories,34,Kansas,S,Violet,Spring,4.6,Yes,Express,No,No,50,Debit Card,Annually
2645,58,Female,Shorts,Clothing,44,Florida,M,Gold,Fall,3.2,No,Express,Yes,Yes,22,Venmo,Bi-Weekly
2646,31,Female,Dress,Clothing,72,Wyoming,L,Indigo,Winter,4.4,No,Free Shipping,No,No,34,Cash,Bi-Weekly
2647,49,Male,Jewelry,Accessories,26,Colorado,L,Olive,Fall,4.1,No,Store Pickup,Yes,Yes,19,Credit Card,Fortnightly
2648,28,Female,Hoodie,Clothing,89,Maryland,M,Green,Spring,3.8,No,2-Day Shipping,Yes,Yes,24,Venmo,Monthly
2649,27,Female,Sunglasses,Accessories,87,New Hampshire,S,Silver,Summer,2.5,Yes,Next Day Air,No,No,42,PayPal,Monthly
2650,62,Female,Sandals,Footwear,31,Florida,M,Yellow,Spring,4.7,No,Express,No,No,10,PayPal,Bi-Weekly
2651,50,Male,Hoodie,Clothing,64,Mississippi,S,Lavender,Winter,5.0,No,Free Shipping,Yes,Yes,34,Bank Transfer,Fortnightly
2652,52,Female,Sneakers,Footwear,37,New Jersey,M,Purple,Spring,4.0,No,Express,No,No,27,Bank Transfer,Quarterly
2653,31,Female,Hoodie,Clothing,81,North Carolina,S,Pink,Summer,3.1,No,Express,No,No,44,Bank Transfer,Bi-Weekly
2654,70,Female,Hat,Accessories,43,Kentucky,S,Orange,Fall,4.1,No,Express,Yes,Yes,31,PayPal,Every 3 Months
2655,64,Male,Jeans,Clothing,70,Illinois,M,Gold,Winter,4.5,No,Express,No,No,21,Credit Card,Quarterly
2656,48,Female,Belt,Accessories,60,Alaska,M,Gold,Winter,3.2,No,Store Pickup,Yes,Yes,44,Credit Card,Fortnightly
2657,24,Female,Shorts,Clothing,27,Arizona,M,Turquoise,Summer,4.3,No,2-Day Shipping,Yes,Yes,40,Credit Card,Monthly
2658,25,Female,Handbag,Accessories,38,South Carolina,XL,Turquoise,Fall,2.6,No,Next Day Air,No,No,40,Cash,Monthly
2659,18,Male,Hat,Accessories,70,Iowa,M,Green,Fall,2.8,No,Free Shipping,Yes,Yes,6,Venmo,Monthly
2660,63,Male,Handbag,Accessories,35,California,XL,Olive,Fall,4.3,No,Store Pickup,No,No,24,Bank Transfer,Monthly
2661,62,Male,Dress,Clothing,25,California,M,Cyan,Fall,3.6,No,Standard,No,No,13,Debit Card,Monthly
2662,34,Female,Sunglasses,Accessories,73,Kansas,S,Orange,Winter,2.6,No,Standard,Yes,Yes,7,PayPal,Weekly
2663,66,Male,Blouse,Clothing,86,Kansas,XL,Charcoal,Fall,2.5,Yes,Standard,Yes,Yes,38,PayPal,Bi-Weekly
2664,67,Male,Sunglasses,Accessories,93,California,S,Purple,Summer,4.8,No,2-Day Shipping,Yes,Yes,24,Cash,Quarterly
2665,21,Female,Dress,Clothing,98,Georgia,L,Pink,Fall,4.2,No,Free Shipping,No,No,41,PayPal,Bi-Weekly
2666,57,Male,Jeans,Clothing,68,Ohio,M,Silver,Spring,4.4,Yes,Store Pickup,Yes,Yes,2,Cash,Every 3 Months
2667,48,Male,Hat,Accessories,83,Texas,L,Cyan,Spring,3.6,No,Free Shipping,Yes,Yes,43,Bank Transfer,Monthly
2668,55,Male,Sandals,Footwear,37,North Carolina,M,Pink,Winter,2.9,Yes,Standard,No,No,26,Bank Transfer,Weekly
2669,63,Female,Hat,Accessories,74,Hawaii,L,Teal,Fall,4.5,No,Standard,No,No,37,PayPal,Fortnightly
2670,51,Male,Handbag,Accessories,48,California,M,Purple,Summer,4.7,No,Standard,No,No,47,Venmo,Monthly
2671,41,Female,Jeans,Clothing,91,South Carolina,L,Maroon,Spring,4.3,No,2-Day Shipping,Yes,Yes,18,Credit Card,Quarterly
2672,40,Male,Dress,Clothing,42,Nevada,XL,Maroon,Spring,4.3,No,Express,No,No,11,Venmo,Monthly
2673,67,Female,Socks,Clothing,91,Indiana,L,Orange,Summer,3.2,Yes,Express,Yes,Yes,26,Bank Transfer,Fortnightly
2674,34,Male,Sandals,Footwear,69,Wyoming,M,Red,Fall,3.6,Yes,Free Shipping,Yes,Yes,22,Venmo,Fortnightly
2675,65,Male,Shoes,Footwear,30,Missouri,M,Black,Spring,4.3,No,Store Pickup,Yes,Yes,11,Venmo,Quarterly
2676,66,Female,Scarf,Accessories,77,Illinois,S,Cyan,Spring,3.1,Yes,Standard,No,No,9,Bank Transfer,Annually
2677,57,Male,Jacket,Outerwear,88,Wyoming,M,Green,Spring,5.0,No,2-Day Shipping,No,No,11,Cash,Bi-Weekly
2678,65,Female,Sweater,Clothing,92,Nebraska,L,Black,Summer,3.5,No,2-Day Shipping,No,No,32,Venmo,Annually
2679,50,Male,Jacket,Outerwear,58,Alabama,L,Gold,Fall,4.8,No,Store Pickup,Yes,Yes,10,Credit Card,Bi-Weekly
2680,62,Female,Backpack,Accessories,99,Minnesota,M,Purple,Spring,3.1,No,Free Shipping,No,No,34,Credit Card,Quarterly
2681,51,Male,Hoodie,Clothing,100,Oregon,S,Maroon,Spring,4.4,Yes,Free Shipping,Yes,Yes,28,Cash,Annually
2682,52,Female,Shorts,Clothing,58,Minnesota,M,Brown,Summer,4.7,Yes,Next Day Air,No,No,5,Debit Card,Weekly
2683,53,Female,Backpack,Accessories,84,South Dakota,S,Silver,Winter,2.8,Yes,Express,Yes,Yes,27,Bank Transfer,Annually
2684,54,Male,Sandals,Footwear,23,Minnesota,M,Maroon,Fall,4.4,Yes,Next Day Air,No,No,45,Credit Card,Quarterly
2685,24,Male,Sweater,Clothing,67,Alaska,L,Silver,Spring,3.3,No,2-Day Shipping,Yes,Yes,22,Venmo,Every 3 Months
2686,37,Female,Blouse,Clothing,48,Illinois,S,Orange,Winter,2.8,No,2-Day Shipping,Yes,Yes,38,Venmo,Weekly
2687,59,Female,Dress,Clothing,32,Vermont,S,Orange,Spring,4.7,Yes,2-Day Shipping,No,No,18,Credit Card,Fortnightly
2688,20,Male,Sneakers,Footwear,25,Missouri,M,Teal,Winter,2.9,No,Next Day Air,No,No,46,PayPal,Annually
2689,34,Male,Sunglasses,Accessories,77,Oklahoma,XL,Beige,Winter,4.3,No,Store Pickup,No,No,32,Venmo,Bi-Weekly
2690,59,Male,Backpack,Accessories,77,Delaware,XL,Red,Winter,2.7,No,Next Day Air,Yes,Yes,4,Venmo,Every 3 Months
2691,21,Male,Skirt,Clothing,82,Utah,L,Pink,Fall,3.7,Yes,Standard,Yes,Yes,42,Cash,Monthly
2692,18,Male,Dress,Clothing,27,Colorado,S,Brown,Spring,2.5,No,Store Pickup,No,No,10,PayPal,Every 3 Months
2693,59,Male,Scarf,Accessories,54,South Dakota,S,Pink,Fall,3.1,No,Express,Yes,Yes,6,Debit Card,Weekly
2694,62,Male,Shorts,Clothing,48,Vermont,L,Magenta,Spring,3.2,No,2-Day Shipping,Yes,Yes,17,Venmo,Every 3 Months
2695,53,Male,Scarf,Accessories,61,Vermont,L,White,Spring,2.8,Yes,Express,No,No,31,Bank Transfer,Bi-Weekly
2696,20,Male,Jeans,Clothing,45,Mississippi,L,Red,Summer,4.6,No,Next Day Air,No,No,24,Credit Card,Monthly
2697,51,Male,Gloves,Accessories,53,Idaho,L,Yellow,Winter,4.2,No,Next Day Air,No,No,47,Credit Card,Annually
2698,51,Female,Sandals,Footwear,24,Colorado,M,Cyan,Winter,4.6,No,Express,Yes,Yes,40,Debit Card,Annually
2699,49,Male,Socks,Clothing,35,Texas,M,Gray,Summer,4.7,Yes,2-Day Shipping,No,No,29,Debit Card,Quarterly
2700,63,Male,Sandals,Footwear,97,Illinois,M,Gold,Winter,3.5,Yes,Express,Yes,Yes,2,Bank Transfer,Every 3 Months
2701,37,Male,Hat,Accessories,55,Oregon,L,Silver,Winter,4.1,No,Express,Yes,Yes,28,Cash,Every 3 Months
2702,32,Male,Coat,Outerwear,42,Utah,M,Peach,Spring,2.9,Yes,Standard,Yes,Yes,30,PayPal,Monthly
2703,28,Female,Skirt,Clothing,74,Oklahoma,L,Cyan,Fall,4.2,No,Free Shipping,Yes,Yes,39,Bank Transfer,Fortnightly
2704,62,Male,Scarf,Accessories,20,Oregon,M,Yellow,Fall,4.8,Yes,Standard,No,No,48,PayPal,Monthly
2705,35,Male,Gloves,Accessories,44,Vermont,M,Yellow,Summer,3.4,Yes,Standard,No,No,37,Bank Transfer,Monthly
2706,37,Male,Dress,Clothing,88,Vermont,M,Lavender,Fall,2.7,Yes,Free Shipping,Yes,Yes,19,Venmo,Quarterly
2707,22,Male,Shoes,Footwear,41,Missouri,S,Silver,Spring,4.1,No,Store Pickup,Yes,Yes,27,Credit Card,Monthly
2708,36,Female,Sandals,Footwear,59,Utah,L,Violet,Spring,3.6,No,Standard,Yes,Yes,30,PayPal,Fortnightly
2709,44,Female,Shorts,Clothing,45,Montana,XL,Green,Fall,3.1,No,Next Day Air,Yes,Yes,20,PayPal,Every 3 Months
2710,35,Male,Sneakers,Footwear,67,Louisiana,XL,Beige,Winter,3.7,No,Standard,Yes,Yes,21,PayPal,Bi-Weekly
2711,65,Female,Boots,Footwear,33,Florida,L,Charcoal,Winter,4.0,No,Next Day Air,No,No,44,Venmo,Every 3 Months
2712,51,Female,Scarf,Accessories,86,New Jersey,M,Peach,Spring,4.5,No,Next Day Air,No,No,26,PayPal,Every 3 Months
2713,26,Male,Coat,Outerwear,42,Mississippi,S,Cyan,Summer,3.8,No,Free Shipping,No,No,30,Cash,Annually
2714,58,Male,Socks,Clothing,52,Illinois,L,Gold,Fall,3.3,No,Express,Yes,Yes,34,Bank Transfer,Monthly
2715,36,Male,Socks,Clothing,89,Florida,M,Lavender,Spring,3.7,Yes,2-Day Shipping,Yes,Yes,23,Cash,Monthly
2716,32,Female,Socks,Clothing,67,New York,L,Beige,Fall,4.2,Yes,Standard,No,No,3,PayPal,Bi-Weekly
2717,26,Female,Pants,Clothing,78,Colorado,L,Black,Winter,3.2,No,Next Day Air,Yes,Yes,2,PayPal,Quarterly
2718,18,Male,Blouse,Clothing,95,California,S,Red,Fall,2.6,No,Next Day Air,No,No,43,Cash,Annually
2719,55,Male,Sweater,Clothing,47,Wyoming,L,Orange,Fall,4.7,No,Store Pickup,Yes,Yes,41,Cash,Bi-Weekly
2720,61,Male,Belt,Accessories,87,Hawaii,M,Red,Fall,4.3,No,Free Shipping,Yes,Yes,35,Credit Card,Annually
2721,61,Female,Handbag,Accessories,29,South Dakota,M,Gray,Spring,3.4,No,Store Pickup,No,No,14,Cash,Bi-Weekly
2722,29,Male,Hoodie,Clothing,32,Rhode Island,L,Yellow,Winter,4.7,No,Store Pickup,Yes,Yes,36,Debit Card,Quarterly
2723,28,Female,Jewelry,Accessories,36,California,M,Gray,Winter,3.0,No,Store Pickup,No,No,1,Debit Card,Quarterly
2724,58,Male,Pants,Clothing,76,Mississippi,XL,Cyan,Winter,4.2,Yes,Next Day Air,No,No,30,Cash,Annually
2725,26,Male,Sweater,Clothing,50,Alabama,L,Lavender,Summer,4.6,No,Free Shipping,Yes,Yes,28,Venmo,Bi-Weekly
2726,20,Male,Hoodie,Clothing,48,Maine,XL,Peach,Fall,4.2,Yes,2-Day Shipping,Yes,Yes,8,Cash,Monthly
2727,69,Female,Backpack,Accessories,80,Utah,S,Green,Summer,4.2,No,Free Shipping,Yes,Yes,5,PayPal,Weekly
2728,45,Male,Socks,Clothing,63,Colorado,M,Gray,Summer,3.2,No,Standard,Yes,Yes,15,PayPal,Bi-Weekly
2729,45,Female,Gloves,Accessories,48,Oregon,L,Green,Spring,2.8,No,2-Day Shipping,Yes,Yes,22,Credit Card,Fortnightly
2730,52,Male,Pants,Clothing,90,Idaho,L,Peach,Fall,4.8,Yes,Next Day Air,No,No,49,Debit Card,Fortnightly
2731,60,Female,Jacket,Outerwear,72,Nebraska,L,Teal,Summer,3.3,No,Store Pickup,Yes,Yes,45,Cash,Monthly
2732,58,Male,Jeans,Clothing,21,Montana,L,Brown,Spring,2.7,Yes,Next Day Air,No,No,10,Debit Card,Every 3 Months
2733,59,Female,Jeans,Clothing,47,Illinois,M,Black,Spring,4.0,Yes,Free Shipping,Yes,Yes,33,PayPal,Every 3 Months
2734,43,Male,Gloves,Accessories,84,North Dakota,M,Violet,Fall,3.2,No,Express,No,No,33,Bank Transfer,Every 3 Months
2735,63,Male,Gloves,Accessories,25,Minnesota,S,Green,Winter,2.9,Yes,Express,No,No,16,Cash,Monthly
2736,36,Male,Blouse,Clothing,81,Mississippi,M,Black,Spring,3.8,No,Store Pickup,No,No,39,Cash,Every 3 Months
2737,43,Male,Hoodie,Clothing,76,Indiana,M,Maroon,Summer,2.7,No,Standard,Yes,Yes,20,Credit Card,Fortnightly
2738,60,Male,Sandals,Footwear,80,New Jersey,XL,Indigo,Winter,4.4,No,Free Shipping,Yes,Yes,46,Cash,Fortnightly
2739,47,Female,Hoodie,Clothing,49,North Dakota,S,Gray,Fall,3.8,No,Next Day Air,No,No,24,Venmo,Monthly
2740,33,Female,Pants,Clothing,95,Idaho,S,Orange,Summer,5.0,Yes,Next Day Air,No,No,1,Debit Card,Annually
2741,68,Male,Scarf,Accessories,40,Delaware,M,Violet,Spring,2.7,No,Free Shipping,Yes,Yes,35,PayPal,Bi-Weekly
2742,35,Female,Boots,Footwear,60,West Virginia,XL,Turquoise,Spring,2.6,No,2-Day Shipping,Yes,Yes,30,Debit Card,Annually
2743,43,Male,Pants,Clothing,98,Tennessee,L,Gray,Winter,3.6,No,Free Shipping,Yes,Yes,46,Venmo,Quarterly
2744,27,Female,Shoes,Footwear,20,Kansas,M,Peach,Summer,2.9,No,Standard,No,No,5,PayPal,Fortnightly
2745,69,Male,Sunglasses,Accessories,64,Maine,XL,Black,Summer,3.3,No,Store Pickup,No,No,8,Debit Card,Monthly
2746,53,Male,Shorts,Clothing,45,Minnesota,XL,Magenta,Fall,2.6,Yes,Next Day Air,No,No,37,Cash,Every 3 Months
2747,32,Male,Shoes,Footwear,72,North Dakota,M,Green,Fall,3.8,Yes,2-Day Shipping,Yes,Yes,17,Debit Card,Fortnightly
2748,69,Male,Sandals,Footwear,92,Maine,M,Beige,Spring,3.4,Yes,Store Pickup,Yes,Yes,17,Venmo,Quarterly
2749,63,Male,Shoes,Footwear,95,Oklahoma,M,Black,Fall,3.6,No,Store Pickup,Yes,Yes,30,Credit Card,Bi-Weekly
2750,55,Male,Gloves,Accessories,84,Oklahoma,S,Pink,Spring,4.6,No,Store Pickup,No,No,9,Credit Card,Annually
2751,30,Male,Socks,Clothing,73,Missouri,M,Red,Fall,3.1,No,Next Day Air,No,No,19,Bank Transfer,Every 3 Months
2752,57,Male,Sunglasses,Accessories,30,Colorado,S,Pink,Fall,3.0,No,Express,Yes,Yes,19,PayPal,Weekly
2753,37,Male,Scarf,Accessories,66,Kansas,M,Silver,Fall,2.6,Yes,Express,No,No,18,Bank Transfer,Annually
2754,45,Female,Coat,Outerwear,77,Iowa,L,Teal,Spring,3.1,Yes,Express,No,No,46,PayPal,Every 3 Months
2755,54,Male,Sunglasses,Accessories,35,New Hampshire,M,Magenta,Spring,3.8,No,Express,No,No,27,Bank Transfer,Every 3 Months
2756,38,Female,Shorts,Clothing,44,Colorado,L,Beige,Spring,2.7,Yes,Express,No,No,28,Bank Transfer,Every 3 Months
2757,27,Female,Gloves,Accessories,64,Massachusetts,L,Turquoise,Summer,4.3,Yes,Standard,Yes,Yes,26,Bank Transfer,Annually
2758,66,Male,Hat,Accessories,26,Georgia,S,Turquoise,Fall,2.9,No,Free Shipping,No,No,27,Venmo,Annually
2759,42,Male,Sandals,Footwear,86,Vermont,M,Beige,Winter,4.5,No,Store Pickup,No,No,42,Bank Transfer,Quarterly
2760,65,Male,Gloves,Accessories,39,North Carolina,S,Teal,Winter,3.7,Yes,Standard,No,No,12,PayPal,Weekly
2761,33,Female,Sneakers,Footwear,25,Colorado,S,Magenta,Summer,4.6,No,Standard,No,No,42,Bank Transfer,Bi-Weekly
2762,49,Male,Hoodie,Clothing,50,Rhode Island,M,Yellow,Winter,4.9,No,Next Day Air,Yes,Yes,15,Credit Card,Weekly
2763,23,Male,Hoodie,Clothing,87,Wyoming,M,Red,Summer,4.9,No,Store Pickup,No,No,8,PayPal,Weekly
2764,21,Male,Dress,Clothing,40,North Dakota,M,Charcoal,Spring,3.0,No,Express,Yes,Yes,8,Cash,Every 3 Months
2765,45,Male,Scarf,Accessories,40,Maryland,M,Pink,Spring,3.5,No,Free Shipping,Yes,Yes,10,Venmo,Fortnightly
2766,60,Female,Backpack,Accessories,32,Rhode Island,M,Silver,Spring,3.3,No,Free Shipping,Yes,Yes,33,Venmo,Fortnightly
2767,20,Male,Hoodie,Clothing,75,Kansas,L,Lavender,Spring,4.2,Yes,Next Day Air,Yes,Yes,21,Venmo,Weekly
2768,34,Male,Sunglasses,Accessories,64,New Jersey,M,Magenta,Spring,4.6,No,Next Day Air,No,No,12,Debit Card,Every 3 Months
2769,35,Male,Socks,Clothing,28,Wyoming,XL,Purple,Winter,4.3,Yes,Store Pickup,Yes,Yes,35,Bank Transfer,Quarterly
2770,51,Male,Socks,Clothing,23,New Hampshire,L,Orange,Fall,2.7,No,Free Shipping,No,No,24,Credit Card,Fortnightly
2771,62,Male,Jewelry,Accessories,54,Wyoming,L,Violet,Winter,4.5,Yes,Store Pickup,No,No,21,Cash,Every 3 Months
2772,53,Male,Sneakers,Footwear,56,Mississippi,XL,Cyan,Winter,4.1,Yes,Store Pickup,No,No,27,Credit Card,Fortnightly
2773,36,Female,Hoodie,Clothing,87,Delaware,L,Olive,Summer,4.3,No,2-Day Shipping,No,No,5,Venmo,Bi-Weekly
2774,51,Female,Belt,Accessories,97,Arizona,M,Beige,Spring,3.4,No,Next Day Air,Yes,Yes,14,Bank Transfer,Bi-Weekly
2775,19,Male,Socks,Clothing,39,Ohio,S,Silver,Winter,4.8,Yes,Express,Yes,Yes,48,Venmo,Monthly
2776,57,Male,Jacket,Outerwear,27,California,L,Charcoal,Spring,3.8,No,Standard,Yes,Yes,15,Debit Card,Every 3 Months
2777,18,Male,Jewelry,Accessories,90,Alaska,M,Gray,Summer,4.7,No,Store Pickup,No,No,48,Credit Card,Quarterly
2778,26,Female,Hat,Accessories,79,Kentucky,S,Gold,Fall,2.8,No,2-Day Shipping,Yes,Yes,4,Venmo,Bi-Weekly
2779,24,Female,Coat,Outerwear,51,Mississippi,S,Gold,Fall,3.2,No,Express,No,No,3,Credit Card,Bi-Weekly
2780,70,Male,Jewelry,Accessories,82,West Virginia,S,Charcoal,Fall,3.7,No,Next Day Air,Yes,Yes,5,Cash,Annually
2781,58,Female,Shirt,Clothing,59,North Dakota,M,Charcoal,Winter,3.0,No,Free Shipping,Yes,Yes,44,PayPal,Annually
2782,26,Male,Hoodie,Clothing,33,Kansas,S,Beige,Summer,3.6,No,Express,Yes,Yes,48,Venmo,Annually
2783,41,Female,Dress,Clothing,91,Tennessee,M,Black,Winter,3.4,Yes,Store Pickup,No,No,25,Bank Transfer,Weekly
2784,52,Male,Shorts,Clothing,39,Alabama,M,Brown,Spring,2.9,No,Express,No,No,14,Credit Card,Fortnightly
2785,31,Female,Sneakers,Footwear,79,Maine,M,Purple,Spring,3.6,No,Express,No,No,33,PayPal,Fortnightly
2786,23,Female,Sneakers,Footwear,43,Rhode Island,L,Turquoise,Fall,3.2,No,2-Day Shipping,Yes,Yes,22,Venmo,Every 3 Months
2787,54,Male,Dress,Clothing,97,Colorado,S,Brown,Winter,4.5,No,Store Pickup,No,No,19,PayPal,Weekly
2788,24,Female,Dress,Clothing,23,Louisiana,M,Lavender,Fall,4.7,No,2-Day Shipping,No,No,3,Debit Card,Every 3 Months
2789,51,Male,Sandals,Footwear,76,Wyoming,M,Pink,Spring,5.0,No,2-Day Shipping,No,No,23,PayPal,Quarterly
2790,30,Male,Jacket,Outerwear,30,Alabama,L,Beige,Summer,2.9,No,Store Pickup,No,No,3,PayPal,Monthly
2791,25,Male,Jewelry,Accessories,61,Illinois,S,Charcoal,Spring,2.6,Yes,Standard,No,No,8,Venmo,Annually
2792,36,Male,Sandals,Footwear,58,Maine,L,Silver,Spring,4.1,Yes,Next Day Air,No,No,16,PayPal,Quarterly
2793,47,Male,Dress,Clothing,27,Illinois,M,Brown,Spring,3.9,No,Store Pickup,No,No,38,Debit Card,Every 3 Months
2794,23,Male,Sneakers,Footwear,38,New Hampshire,L,Charcoal,Winter,3.2,No,Next Day Air,No,No,10,Debit Card,Every 3 Months
2795,39,Female,Hoodie,Clothing,38,Montana,M,Black,Spring,4.4,No,Standard,No,No,3,Credit Card,Quarterly
2796,46,Female,Sneakers,Footwear,49,California,M,Yellow,Fall,2.6,Yes,Next Day Air,Yes,Yes,40,Bank Transfer,Every 3 Months
2797,64,Male,Hat,Accessories,63,Oklahoma,M,Silver,Fall,2.5,No,Store Pickup,Yes,Yes,9,Venmo,Monthly
2798,52,Female,Sneakers,Footwear,67,Illinois,M,Olive,Fall,4.2,No,Free Shipping,No,No,22,Credit Card,Fortnightly
2799,33,Female,Hat,Accessories,100,Alaska,L,White,Fall,3.2,Yes,Store Pickup,No,No,41,Cash,Monthly
2800,50,Male,Hoodie,Clothing,29,Utah,M,Cyan,Fall,3.7,No,Express,Yes,Yes,15,PayPal,Annually
2801,67,Male,Belt,Accessories,47,Wyoming,L,Silver,Spring,3.7,No,Next Day Air,No,No,28,PayPal,Every 3 Months
2802,51,Female,Handbag,Accessories,79,Arkansas,S,Maroon,Spring,2.9,Yes,Standard,Yes,Yes,46,Bank Transfer,Every 3 Months
2803,56,Male,Shorts,Clothing,35,Arizona,L,Gray,Winter,2.8,No,Free Shipping,Yes,Yes,39,Bank Transfer,Quarterly
2804,39,Female,Hat,Accessories,47,California,S,Cyan,Summer,4.3,Yes,2-Day Shipping,No,No,47,Venmo,Bi-Weekly
2805,48,Male,Boots,Footwear,80,Arkansas,M,White,Spring,3.6,No,Express,Yes,Yes,35,Venmo,Annually
2806,61,Male,Shirt,Clothing,28,Ohio,XL,Peach,Summer,4.0,No,Next Day Air,No,No,20,Debit Card,Quarterly
2807,52,Male,Scarf,Accessories,21,Utah,L,Black,Summer,4.5,No,Standard,Yes,Yes,30,Venmo,Annually
2808,51,Male,Hoodie,Clothing,81,Florida,M,Purple,Spring,3.6,No,Next Day Air,No,No,10,Credit Card,Quarterly
2809,48,Female,Sunglasses,Accessories,64,Colorado,M,Magenta,Summer,3.0,Yes,2-Day Shipping,Yes,Yes,8,Debit Card,Every 3 Months
2810,66,Male,Sandals,Footwear,82,Nevada,L,Violet,Spring,3.3,No,Store Pickup,No,No,48,Credit Card,Monthly
2811,63,Female,Boots,Footwear,93,Rhode Island,S,Cyan,Fall,3.8,Yes,Express,No,No,41,Cash,Weekly
2812,56,Male,Shirt,Clothing,23,Florida,XL,Cyan,Fall,3.5,No,Store Pickup,Yes,Yes,5,Debit Card,Fortnightly
2813,21,Male,Shirt,Clothing,100,Colorado,M,Lavender,Summer,3.2,No,Store Pickup,Yes,Yes,48,Debit Card,Fortnightly
2814,19,Female,Gloves,Accessories,24,Hawaii,M,Green,Summer,3.7,Yes,Standard,No,No,25,Venmo,Annually
2815,46,Male,Scarf,Accessories,80,Nebraska,S,Brown,Summer,2.7,No,2-Day Shipping,Yes,Yes,13,Cash,Fortnightly
2816,36,Male,Jacket,Outerwear,78,West Virginia,M,Silver,Summer,3.3,No,2-Day Shipping,Yes,Yes,50,Bank Transfer,Monthly
2817,70,Female,Shorts,Clothing,36,Vermont,M,Magenta,Spring,3.7,No,Express,No,No,49,Venmo,Weekly
2818,47,Female,Sunglasses,Accessories,40,Oregon,S,Cyan,Spring,3.0,No,2-Day Shipping,No,No,16,Debit Card,Fortnightly
2819,61,Male,Jacket,Outerwear,61,Louisiana,S,Peach,Fall,4.9,Yes,Standard,No,No,22,Cash,Quarterly
2820,31,Male,Sunglasses,Accessories,31,Arizona,S,Gold,Winter,4.1,No,Store Pickup,Yes,Yes,25,Cash,Annually
2821,18,Male,Sandals,Footwear,46,Maine,L,Olive,Summer,4.6,No,Free Shipping,No,No,7,Bank Transfer,Monthly
2822,30,Male,Sunglasses,Accessories,37,Nebraska,M,Gold,Fall,4.4,No,Next Day Air,Yes,Yes,38,Credit Card,Every 3 Months
2823,35,Male,Jewelry,Accessories,57,Iowa,M,Teal,Winter,4.5,No,Standard,No,No,40,Credit Card,Monthly
2824,53,Female,Scarf,Accessories,93,Kentucky,M,Red,Fall,3.2,Yes,Store Pickup,No,No,16,Cash,Fortnightly
2825,34,Male,Jeans,Clothing,49,Tennessee,L,Magenta,Summer,4.8,Yes,Express,No,No,28,Debit Card,Annually
2826,52,Male,Socks,Clothing,94,Georgia,L,Pink,Spring,4.5,No,Free Shipping,Yes,Yes,34,PayPal,Monthly
2827,38,Male,Gloves,Accessories,55,Mississippi,L,Magenta,Summer,3.4,No,Next Day Air,Yes,Yes,1,Debit Card,Monthly
2828,29,Female,Shoes,Footwear,24,Maine,M,Olive,Winter,2.7,No,Free Shipping,No,No,14,PayPal,Every 3 Months
2829,67,Male,Shirt,Clothing,98,Nebraska,S,Charcoal,Summer,3.9,No,Free Shipping,No,No,27,PayPal,Every 3 Months
2830,43,Male,Skirt,Clothing,43,Florida,M,Peach,Spring,2.7,No,Store Pickup,No,No,12,Debit Card,Every 3 Months
2831,70,Male,Coat,Outerwear,26,New Hampshire,L,Brown,Fall,4.5,No,Express,Yes,Yes,2,Bank Transfer,Monthly
2832,47,Male,Jacket,Outerwear,50,Maryland,M,Lavender,Fall,4.5,No,Standard,No,No,11,Debit Card,Bi-Weekly
2833,23,Male,Coat,Outerwear,76,Louisiana,M,Orange,Spring,3.7,No,Free Shipping,Yes,Yes,2,Venmo,Monthly
2834,58,Male,Dress,Clothing,63,Missouri,S,Brown,Spring,3.9,No,Express,No,No,17,Bank Transfer,Bi-Weekly
2835,22,Male,Hoodie,Clothing,70,New York,L,Red,Spring,2.6,No,Free Shipping,Yes,Yes,29,PayPal,Weekly
2836,53,Male,Jewelry,Accessories,29,Iowa,L,Red,Winter,3.3,No,Next Day Air,Yes,Yes,9,Credit Card,Annually
2837,36,Male,Gloves,Accessories,25,Illinois,M,Yellow,Spring,4.2,Yes,Express,No,No,22,Cash,Annually
2838,54,Female,Hoodie,Clothing,36,Alabama,XL,Gray,Spring,3.8,Yes,Free Shipping,No,No,15,Debit Card,Quarterly
2839,62,Male,Sunglasses,Accessories,22,Minnesota,XL,Charcoal,Spring,3.8,No,Store Pickup,Yes,Yes,37,Debit Card,Weekly
2840,23,Male,Jewelry,Accessories,39,Florida,M,Gray,Winter,4.2,No,Standard,No,No,12,Credit Card,Annually
2841,51,Male,Jacket,Outerwear,25,Utah,M,Purple,Winter,4.1,No,Next Day Air,No,No,7,Cash,Bi-Weekly
2842,33,Male,Boots,Footwear,40,Tennessee,M,Lavender,Spring,3.4,Yes,2-Day Shipping,Yes,Yes,10,Cash,Annually
2843,66,Male,Sunglasses,Accessories,48,Delaware,S,White,Summer,3.7,No,Free Shipping,No,No,32,Bank Transfer,Annually
2844,19,Female,Shirt,Clothing,22,Wyoming,M,Charcoal,Spring,2.9,No,Store Pickup,No,No,25,Credit Card,Monthly
2845,60,Male,Pants,Clothing,91,Colorado,L,Maroon,Fall,4.2,Yes,Standard,No,No,19,Venmo,Monthly
2846,34,Male,Jacket,Outerwear,47,Oregon,S,Orange,Winter,2.9,Yes,Express,No,No,29,Bank Transfer,Fortnightly
2847,49,Female,Backpack,Accessories,77,Missouri,M,Indigo,Spring,4.4,No,Express,No,No,11,Bank Transfer,Annually
2848,38,Male,Pants,Clothing,46,Texas,XL,Red,Spring,4.0,No,Next Day Air,No,No,28,Debit Card,Weekly
2849,18,Male,Jacket,Outerwear,80,New Jersey,S,Pink,Fall,3.3,Yes,Express,No,No,37,Venmo,Every 3 Months
2850,62,Male,Sunglasses,Accessories,34,Minnesota,S,Indigo,Winter,4.0,Yes,2-Day Shipping,No,No,23,Venmo,Annually
2851,30,Female,Skirt,Clothing,58,California,M,Turquoise,Spring,4.4,No,2-Day Shipping,No,No,13,Debit Card,Quarterly
2852,37,Female,Socks,Clothing,37,Nevada,S,Magenta,Fall,3.1,Yes,2-Day Shipping,Yes,Yes,9,Bank Transfer,Annually
2853,59,Female,Dress,Clothing,62,Missouri,S,Maroon,Winter,4.9,No,Free Shipping,Yes,Yes,29,Cash,Every 3 Months
2854,18,Male,Shorts,Clothing,24,Kansas,M,Teal,Spring,4.1,Yes,2-Day Shipping,Yes,Yes,37,Cash,Monthly
2855,37,Male,Shorts,Clothing,62,Texas,M,Peach,Fall,4.0,Yes,Express,Yes,Yes,24,Cash,Annually
2856,42,Female,Sneakers,Footwear,58,Nevada,M,Lavender,Fall,2.6,Yes,Free Shipping,No,No,28,Cash,Annually
2857,20,Female,Gloves,Accessories,39,Illinois,L,Olive,Summer,3.7,Yes,Free Shipping,No,No,33,PayPal,Every 3 Months
2858,57,Male,Sandals,Footwear,88,South Carolina,L,Pink,Summer,4.8,No,Express,Yes,Yes,29,PayPal,Every 3 Months
2859,54,Male,Jewelry,Accessories,83,Nevada,XL,Olive,Winter,3.5,No,Store Pickup,Yes,Yes,46,PayPal,Weekly
2860,62,Female,Gloves,Accessories,61,Iowa,M,Green,Winter,4.1,No,Express,No,No,34,Bank Transfer,Every 3 Months
2861,49,Male,Jewelry,Accessories,30,Indiana,S,Charcoal,Fall,3.7,No,Standard,No,No,13,Bank Transfer,Weekly
2862,57,Female,Jacket,Outerwear,49,North Carolina,S,Indigo,Spring,4.0,No,Store Pickup,No,No,38,Cash,Bi-Weekly
2863,65,Male,Dress,Clothing,86,Arkansas,S,Silver,Spring,3.0,No,Free Shipping,Yes,Yes,45,Cash,Annually
2864,53,Female,Jacket,Outerwear,36,Alabama,L,Purple,Winter,3.2,No,Free Shipping,Yes,Yes,47,Venmo,Every 3 Months
2865,21,Male,Dress,Clothing,27,Wyoming,XL,Magenta,Summer,3.8,Yes,Standard,Yes,Yes,36,Bank Transfer,Monthly
2866,58,Female,Dress,Clothing,78,West Virginia,L,Magenta,Spring,3.5,No,Standard,Yes,Yes,4,PayPal,Weekly
2867,45,Male,Jeans,Clothing,92,Iowa,M,Turquoise,Summer,2.5,No,Standard,Yes,Yes,45,Cash,Quarterly
2868,41,Male,Backpack,Accessories,25,Hawaii,M,Olive,Spring,3.4,No,Free Shipping,No,No,8,Credit Card,Bi-Weekly
2869,39,Female,Jeans,Clothing,85,Iowa,L,Pink,Summer,2.5,No,Next Day Air,No,No,4,Cash,Fortnightly
2870,20,Male,Shoes,Footwear,36,Massachusetts,M,Turquoise,Fall,3.7,Yes,Next Day Air,Yes,Yes,44,PayPal,Every 3 Months
2871,52,Male,Sunglasses,Accessories,51,California,M,Maroon,Fall,3.9,No,Free Shipping,Yes,Yes,21,Credit Card,Every 3 Months
2872,22,Female,Jeans,Clothing,60,Alaska,M,Gold,Spring,3.1,No,2-Day Shipping,No,No,46,Credit Card,Annually
2873,50,Male,Boots,Footwear,100,Wyoming,M,Indigo,Winter,3.8,No,2-Day Shipping,No,No,34,Cash,Monthly
2874,27,Female,Blouse,Clothing,39,Delaware,S,Gold,Summer,4.5,No,Standard,No,No,34,Debit Card,Weekly
2875,58,Male,Handbag,Accessories,55,Louisiana,L,Olive,Winter,3.7,No,Standard,No,No,19,Debit Card,Fortnightly
2876,52,Female,Jacket,Outerwear,42,Minnesota,M,Gold,Winter,3.2,No,Standard,No,No,29,Venmo,Monthly
2877,42,Male,Sweater,Clothing,92,California,M,Beige,Winter,3.8,Yes,Free Shipping,No,No,32,Venmo,Quarterly
2878,50,Female,Backpack,Accessories,69,Kentucky,M,Lavender,Summer,3.4,Yes,Free Shipping,No,No,12,Credit Card,Bi-Weekly
2879,57,Female,Sunglasses,Accessories,26,Nebraska,M,Turquoise,Summer,3.0,Yes,Express,Yes,Yes,33,PayPal,Monthly
2880,35,Male,Sweater,Clothing,37,Georgia,M,Lavender,Fall,4.7,No,Standard,No,No,20,PayPal,Annually
2881,37,Male,Blouse,Clothing,61,Iowa,XL,Beige,Fall,4.3,No,Express,No,No,30,Bank Transfer,Every 3 Months
2882,64,Male,Sandals,Footwear,76,Rhode Island,M,Purple,Spring,3.4,No,Express,No,No,40,Venmo,Quarterly
2883,34,Male,Shorts,Clothing,52,Minnesota,S,Beige,Winter,4.4,No,Standard,No,No,23,Cash,Weekly
2884,37,Male,Scarf,Accessories,42,Maine,XL,Olive,Summer,4.1,No,Next Day Air,No,No,42,PayPal,Bi-Weekly
2885,64,Female,Jeans,Clothing,32,Nebraska,S,Maroon,Summer,3.9,No,2-Day Shipping,No,No,36,Debit Card,Monthly
2886,53,Male,Handbag,Accessories,63,Missouri,M,Indigo,Fall,4.8,Yes,Express,Yes,Yes,41,Venmo,Annually
2887,69,Female,Skirt,Clothing,72,Iowa,L,Charcoal,Spring,4.4,Yes,2-Day Shipping,No,No,10,Cash,Every 3 Months
2888,33,Male,Shoes,Footwear,89,Utah,M,Yellow,Winter,2.9,No,Express,No,No,5,Venmo,Quarterly
2889,53,Male,Dress,Clothing,25,Arizona,XL,Turquoise,Winter,2.8,No,Store Pickup,Yes,Yes,28,PayPal,Fortnightly
2890,64,Male,Sneakers,Footwear,64,Maine,L,Beige,Summer,3.1,No,Standard,No,No,30,Venmo,Every 3 Months
2891,61,Female,Socks,Clothing,71,Nebraska,M,Charcoal,Summer,4.6,Yes,Standard,No,No,34,Bank Transfer,Monthly
2892,66,Male,Sunglasses,Accessories,86,Texas,M,Silver,Summer,3.3,No,Free Shipping,Yes,Yes,6,Venmo,Fortnightly
2893,41,Male,Socks,Clothing,64,Illinois,L,Indigo,Winter,3.1,Yes,2-Day Shipping,No,No,7,Cash,Weekly
2894,38,Male,Shirt,Clothing,63,New Jersey,M,Purple,Winter,3.0,No,Store Pickup,Yes,Yes,50,Credit Card,Fortnightly
2895,68,Male,Shoes,Footwear,45,Idaho,M,Purple,Summer,4.4,No,Free Shipping,Yes,Yes,10,Venmo,Bi-Weekly
2896,55,Female,Sandals,Footwear,96,Kentucky,S,Red,Fall,4.0,No,Free Shipping,Yes,Yes,15,Venmo,Bi-Weekly
2897,69,Male,Sneakers,Footwear,52,Vermont,L,Charcoal,Spring,2.7,No,Store Pickup,No,No,38,Debit Card,Weekly
2898,20,Male,Sandals,Footwear,59,Vermont,M,Gold,Summer,2.9,No,Store Pickup,Yes,Yes,19,PayPal,Annually
2899,43,Female,Sandals,Footwear,89,New Hampshire,M,Purple,Spring,2.8,No,Next Day Air,No,No,24,Venmo,Monthly
2900,49,Male,Belt,Accessories,66,Kansas,XL,Olive,Spring,2.9,Yes,Store Pickup,Yes,Yes,37,Venmo,Monthly
2901,57,Male,Shoes,Footwear,69,Rhode Island,M,Silver,Fall,3.0,No,Standard,No,No,19,Bank Transfer,Annually
2902,53,Female,Blouse,Clothing,33,Alaska,L,Brown,Summer,4.4,No,Express,Yes,Yes,17,Cash,Bi-Weekly
2903,44,Male,Blouse,Clothing,32,Arkansas,M,Peach,Fall,5.0,No,2-Day Shipping,No,No,19,PayPal,Annually
2904,36,Male,Hat,Accessories,95,Massachusetts,XL,Green,Summer,4.8,No,Free Shipping,No,No,46,Bank Transfer,Weekly
2905,59,Female,Blouse,Clothing,62,North Carolina,S,Charcoal,Summer,4.7,No,Standard,Yes,Yes,32,PayPal,Monthly
2906,61,Female,Dress,Clothing,74,Wyoming,S,Lavender,Winter,2.6,Yes,Express,Yes,Yes,49,Credit Card,Annually
2907,53,Male,Skirt,Clothing,97,New Jersey,M,Teal,Winter,4.7,No,Free Shipping,No,No,22,Cash,Bi-Weekly
2908,28,Male,Jeans,Clothing,87,Alaska,L,Teal,Spring,3.0,No,Free Shipping,No,No,35,Credit Card,Fortnightly
2909,23,Male,Hat,Accessories,30,New Hampshire,M,Pink,Spring,3.3,No,Free Shipping,Yes,Yes,40,PayPal,Annually
2910,36,Male,Pants,Clothing,62,North Dakota,M,Peach,Summer,3.4,No,Free Shipping,No,No,44,Debit Card,Bi-Weekly
2911,41,Female,Jeans,Clothing,40,North Dakota,L,Violet,Summer,4.5,No,Free Shipping,Yes,Yes,23,Credit Card,Every 3 Months
2912,49,Male,Sunglasses,Accessories,83,Florida,XL,Beige,Spring,4.6,No,Store Pickup,No,No,45,Bank Transfer,Weekly
2913,40,Female,Socks,Clothing,74,South Dakota,L,Purple,Summer,2.6,No,Store Pickup,No,No,34,Venmo,Weekly
2914,63,Male,Coat,Outerwear,33,Indiana,XL,Orange,Winter,4.8,No,2-Day Shipping,No,No,48,Bank Transfer,Quarterly
2915,28,Male,Handbag,Accessories,94,Louisiana,M,Gold,Spring,4.2,Yes,2-Day Shipping,Yes,Yes,6,Credit Card,Quarterly
2916,43,Male,Jewelry,Accessories,40,Tennessee,S,Pink,Winter,4.7,No,Standard,Yes,Yes,29,PayPal,Monthly
2917,23,Female,Jewelry,Accessories,81,Missouri,S,Gold,Winter,2.7,Yes,Free Shipping,Yes,Yes,10,Credit Card,Monthly
2918,27,Female,Handbag,Accessories,81,Kansas,L,Silver,Winter,3.0,Yes,Express,Yes,Yes,38,Debit Card,Annually
2919,37,Male,Jacket,Outerwear,21,Alaska,L,Indigo,Fall,5.0,No,Free Shipping,Yes,Yes,9,Venmo,Weekly
2920,41,Male,Coat,Outerwear,21,Kentucky,S,Violet,Fall,3.4,No,Store Pickup,No,No,26,Debit Card,Quarterly
2921,24,Male,Blouse,Clothing,22,West Virginia,M,Gold,Winter,2.7,No,Free Shipping,No,No,6,Bank Transfer,Fortnightly
2922,57,Male,Shoes,Footwear,23,Kentucky,S,Magenta,Summer,2.6,No,Store Pickup,Yes,Yes,7,Debit Card,Weekly
2923,32,Female,Jacket,Outerwear,93,West Virginia,M,Yellow,Fall,2.7,No,Express,Yes,Yes,38,Cash,Every 3 Months
2924,42,Male,Sunglasses,Accessories,96,North Carolina,XL,Maroon,Fall,4.3,No,2-Day Shipping,No,No,11,Bank Transfer,Weekly
2925,70,Male,Boots,Footwear,72,Mississippi,L,Charcoal,Summer,4.5,Yes,Store Pickup,No,No,3,Cash,Quarterly
2926,42,Female,Dress,Clothing,81,Ohio,M,Olive,Winter,3.8,Yes,Express,Yes,Yes,7,Cash,Monthly
2927,58,Female,Handbag,Accessories,53,Nevada,S,White,Fall,3.4,No,Express,Yes,Yes,10,Venmo,Every 3 Months
2928,67,Male,Jewelry,Accessories,24,Vermont,M,Pink,Winter,3.1,Yes,Standard,Yes,Yes,43,Bank Transfer,Bi-Weekly
2929,26,Female,Skirt,Clothing,36,Minnesota,S,Purple,Winter,3.4,No,Free Shipping,No,No,24,Cash,Annually
2930,68,Male,Coat,Outerwear,28,Indiana,XL,Peach,Spring,3.0,Yes,Express,No,No,31,Debit Card,Fortnightly
2931,56,Female,Gloves,Accessories,61,Texas,XL,Charcoal,Winter,4.7,No,Next Day Air,No,No,44,Cash,Every 3 Months
2932,24,Female,Jewelry,Accessories,30,Ohio,M,Peach,Summer,3.6,No,Next Day Air,Yes,Yes,47,Debit Card,Monthly
2933,52,Male,Jewelry,Accessories,57,Arizona,M,Black,Winter,2.5,No,Express,No,No,45,Bank Transfer,Weekly
2934,38,Female,Hoodie,Clothing,65,Hawaii,M,Gold,Summer,3.4,No,Free Shipping,Yes,Yes,40,Cash,Quarterly
2935,59,Female,Sneakers,Footwear,58,Florida,M,Violet,Fall,4.3,No,Store Pickup,No,No,42,Cash,Fortnightly
2936,20,Female,Jacket,Outerwear,29,Wyoming,M,Peach,Winter,4.1,No,Store Pickup,No,No,26,Cash,Weekly
2937,23,Male,Sandals,Footwear,47,Delaware,L,White,Spring,3.6,No,Standard,Yes,Yes,22,Credit Card,Monthly
2938,27,Male,Shorts,Clothing,83,Massachusetts,M,Beige,Fall,3.4,No,Next Day Air,No,No,15,PayPal,Weekly
2939,40,Male,Shoes,Footwear,28,New York,M,Orange,Winter,3.8,No,Next Day Air,Yes,Yes,22,Debit Card,Annually
2940,70,Male,Skirt,Clothing,82,Georgia,M,Brown,Summer,2.7,No,Express,No,No,46,PayPal,Fortnightly
2941,65,Female,Sneakers,Footwear,42,Utah,M,Beige,Fall,4.8,No,Free Shipping,No,No,36,PayPal,Annually
2942,32,Male,Dress,Clothing,32,Oklahoma,M,Peach,Winter,3.9,No,Express,Yes,Yes,17,Credit Card,Quarterly
2943,63,Female,Sandals,Footwear,47,Kansas,M,Orange,Summer,3.3,Yes,Standard,Yes,Yes,12,PayPal,Quarterly
2944,41,Female,Boots,Footwear,47,Nebraska,XL,Charcoal,Fall,3.2,No,Store Pickup,No,No,27,Debit Card,Bi-Weekly
2945,45,Female,Shoes,Footwear,84,California,XL,Olive,Fall,3.6,No,Standard,No,No,36,Cash,Weekly
2946,53,Male,Belt,Accessories,43,Texas,M,Purple,Winter,4.1,No,2-Day Shipping,Yes,Yes,39,Venmo,Fortnightly
2947,22,Male,Shoes,Footwear,48,Massachusetts,L,White,Summer,4.0,No,2-Day Shipping,Yes,Yes,41,Debit Card,Annually
2948,36,Female,Sandals,Footwear,26,Delaware,S,Maroon,Spring,4.4,Yes,Express,No,No,25,PayPal,Monthly
2949,68,Male,Coat,Outerwear,23,Louisiana,M,Peach,Summer,3.7,No,Next Day Air,Yes,Yes,48,Debit Card,Every 3 Months
2950,56,Male,Shirt,Clothing,97,Louisiana,S,Maroon,Fall,4.7,No,Standard,No,No,11,Venmo,Monthly
2951,31,Male,Jewelry,Accessories,30,Oregon,L,Pink,Winter,2.8,Yes,Next Day Air,No,No,29,Venmo,Monthly
2952,34,Male,Shirt,Clothing,74,Arkansas,M,Pink,Summer,2.6,Yes,2-Day Shipping,Yes,Yes,25,Venmo,Monthly
2953,44,Female,Handbag,Accessories,41,Massachusetts,S,Purple,Summer,3.3,Yes,Free Shipping,Yes,Yes,16,Cash,Bi-Weekly
2954,32,Male,Handbag,Accessories,66,Illinois,M,Green,Fall,2.8,No,Store Pickup,No,No,23,Cash,Quarterly
2955,25,Male,Belt,Accessories,90,Mississippi,M,White,Summer,4.5,No,Free Shipping,No,No,46,Bank Transfer,Annually
2956,64,Male,Dress,Clothing,75,Tennessee,S,Teal,Spring,4.0,No,Store Pickup,Yes,Yes,40,Debit Card,Weekly
2957,38,Male,Sandals,Footwear,50,West Virginia,M,Maroon,Summer,4.5,No,Next Day Air,Yes,Yes,22,Cash,Monthly
2958,51,Female,Jacket,Outerwear,61,Illinois,M,Orange,Fall,4.2,No,Next Day Air,Yes,Yes,12,Cash,Bi-Weekly
2959,62,Male,Dress,Clothing,86,Iowa,M,Turquoise,Winter,4.5,No,Standard,Yes,Yes,7,Venmo,Fortnightly
2960,29,Female,Blouse,Clothing,29,Nevada,L,Pink,Summer,4.9,No,2-Day Shipping,No,No,46,Cash,Weekly
2961,39,Male,Jeans,Clothing,83,South Dakota,M,Magenta,Fall,3.2,No,Store Pickup,No,No,6,Venmo,Weekly
2962,70,Male,Shoes,Footwear,42,Louisiana,M,Brown,Spring,3.5,Yes,Standard,Yes,Yes,16,Credit Card,Bi-Weekly
2963,22,Male,Gloves,Accessories,43,Kentucky,M,Green,Winter,3.2,No,Next Day Air,Yes,Yes,6,Cash,Bi-Weekly
2964,55,Male,Gloves,Accessories,32,Nebraska,M,White,Winter,2.8,Yes,2-Day Shipping,Yes,Yes,29,Venmo,Monthly
2965,47,Male,Backpack,Accessories,39,Wyoming,S,Olive,Fall,4.8,Yes,Standard,No,No,29,Debit Card,Fortnightly
2966,33,Male,Handbag,Accessories,29,California,S,Violet,Summer,4.2,Yes,Standard,Yes,Yes,24,Bank Transfer,Every 3 Months
2967,31,Female,Boots,Footwear,48,North Carolina,S,Peach,Winter,4.2,No,Express,No,No,13,Bank Transfer,Quarterly
2968,64,Female,Handbag,Accessories,75,Hawaii,L,Black,Winter,4.7,No,Next Day Air,No,No,23,Debit Card,Bi-Weekly
2969,41,Male,Dress,Clothing,33,Nevada,S,Magenta,Summer,4.4,Yes,2-Day Shipping,Yes,Yes,21,Cash,Bi-Weekly
2970,70,Male,Jeans,Clothing,44,Kansas,M,Beige,Fall,4.3,No,Express,Yes,Yes,3,Bank Transfer,Every 3 Months
2971,40,Male,Dress,Clothing,43,Alaska,S,Gray,Fall,4.9,Yes,Next Day Air,No,No,39,PayPal,Quarterly
2972,63,Male,Shoes,Footwear,46,West Virginia,XL,Gray,Spring,4.9,No,2-Day Shipping,Yes,Yes,21,PayPal,Fortnightly
2973,29,Female,Shoes,Footwear,55,Alabama,L,Gray,Fall,3.1,No,2-Day Shipping,Yes,Yes,27,Cash,Bi-Weekly
2974,36,Male,Sweater,Clothing,41,Hawaii,L,Olive,Fall,3.4,No,Next Day Air,Yes,Yes,47,Venmo,Monthly
2975,32,Male,Pants,Clothing,95,Missouri,XL,Beige,Summer,4.6,Yes,Free Shipping,Yes,Yes,19,Bank Transfer,Weekly
2976,44,Female,Hat,Accessories,21,Arkansas,S,Peach,Fall,4.3,No,Free Shipping,No,No,26,Credit Card,Annually
2977,47,Male,Belt,Accessories,39,Maryland,M,Indigo,Fall,3.2,Yes,Free Shipping,Yes,Yes,7,Bank Transfer,Fortnightly
2978,37,Male,Shoes,Footwear,95,Louisiana,M,Charcoal,Winter,3.7,No,Free Shipping,No,No,43,Cash,Weekly
2979,37,Male,Socks,Clothing,48,Maine,M,Maroon,Summer,4.7,Yes,Store Pickup,No,No,22,Cash,Every 3 Months
2980,41,Female,Blouse,Clothing,64,Utah,M,Olive,Fall,2.9,No,Standard,No,No,5,Cash,Annually
2981,52,Male,Skirt,Clothing,50,Wyoming,M,Brown,Fall,2.8,Yes,Next Day Air,No,No,33,Cash,Every 3 Months
2982,49,Male,Scarf,Accessories,41,Mississippi,XL,White,Winter,4.4,No,Next Day Air,Yes,Yes,8,Venmo,Quarterly
2983,65,Male,Hat,Accessories,35,Georgia,XL,White,Fall,4.1,No,Express,No,No,19,Cash,Monthly
2984,60,Male,Sandals,Footwear,77,Delaware,S,Violet,Summer,4.0,No,Standard,Yes,Yes,13,Venmo,Fortnightly
2985,70,Female,Handbag,Accessories,23,New Hampshire,M,Purple,Winter,4.8,No,Store Pickup,Yes,Yes,14,Credit Card,Quarterly
2986,18,Female,Shirt,Clothing,32,Hawaii,L,Cyan,Summer,3.5,Yes,Free Shipping,No,No,46,Credit Card,Bi-Weekly
2987,55,Male,Sandals,Footwear,21,Kentucky,M,Charcoal,Fall,3.9,Yes,Express,No,No,35,Credit Card,Annually
2988,67,Male,Socks,Clothing,52,Mississippi,M,Maroon,Spring,2.8,No,Standard,Yes,Yes,36,Debit Card,Bi-Weekly
2989,48,Male,Jacket,Outerwear,51,Oregon,L,Olive,Winter,3.5,No,2-Day Shipping,Yes,Yes,41,Debit Card,Fortnightly
2990,66,Male,Dress,Clothing,94,Texas,M,Peach,Summer,4.9,No,Standard,Yes,Yes,22,Debit Card,Weekly
2991,50,Male,Sunglasses,Accessories,28,Montana,S,Gold,Spring,4.3,No,Express,Yes,Yes,27,Bank Transfer,Monthly
2992,49,Male,Dress,Clothing,31,South Dakota,L,Violet,Winter,3.2,No,Next Day Air,No,No,23,Debit Card,Fortnightly
2993,65,Male,Dress,Clothing,93,Maine,M,Peach,Spring,4.1,No,Store Pickup,No,No,36,Venmo,Bi-Weekly
2994,19,Male,Socks,Clothing,72,Wyoming,M,Gold,Summer,4.0,Yes,Next Day Air,Yes,Yes,44,Venmo,Weekly
2995,37,Male,Dress,Clothing,93,Utah,M,Peach,Summer,3.1,No,Standard,No,No,28,PayPal,Annually
2996,57,Female,Sandals,Footwear,49,Massachusetts,L,Silver,Fall,4.1,No,2-Day Shipping,Yes,Yes,37,Cash,Weekly
2997,51,Female,Pants,Clothing,46,Louisiana,L,Brown,Fall,4.1,No,Store Pickup,Yes,Yes,40,Bank Transfer,Weekly
2998,49,Female,Socks,Clothing,45,New Hampshire,M,Teal,Fall,2.8,No,Store Pickup,No,No,46,Venmo,Every 3 Months
2999,27,Female,Jewelry,Accessories,91,West Virginia,M,Purple,Winter,3.1,Yes,Express,No,No,19,Bank Transfer,Weekly
3000,42,Male,Blouse,Clothing,37,South Carolina,L,Lavender,Winter,3.3,Yes,Store Pickup,Yes,Yes,37,Cash,Monthly
3001,52,Female,Dress,Clothing,75,California,L,Beige,Spring,4.9,No,Standard,No,No,44,PayPal,Annually
3002,25,Male,Shorts,Clothing,22,Maine,M,Beige,Summer,4.4,Yes,Standard,Yes,Yes,22,Bank Transfer,Quarterly
3003,40,Male,Pants,Clothing,21,Maine,M,Charcoal,Fall,3.5,Yes,Free Shipping,Yes,Yes,50,Bank Transfer,Quarterly
3004,21,Female,Pants,Clothing,64,North Dakota,S,Violet,Winter,4.8,No,Next Day Air,No,No,30,Cash,Quarterly
3005,39,Female,Handbag,Accessories,38,Ohio,S,Green,Winter,3.9,No,Next Day Air,Yes,Yes,39,PayPal,Quarterly
3006,64,Male,Sandals,Footwear,72,Mississippi,S,Indigo,Fall,2.8,Yes,Standard,Yes,Yes,23,Debit Card,Quarterly
3007,53,Male,Shoes,Footwear,69,Tennessee,L,Green,Spring,3.2,No,Next Day Air,Yes,Yes,7,Credit Card,Every 3 Months
3008,49,Male,Belt,Accessories,51,Indiana,M,Indigo,Winter,3.0,No,Free Shipping,Yes,Yes,26,PayPal,Bi-Weekly
3009,51,Male,Backpack,Accessories,43,Tennessee,L,Magenta,Spring,3.0,No,Standard,Yes,Yes,43,Cash,Monthly
3010,56,Male,Hoodie,Clothing,39,Alaska,XL,Brown,Winter,4.5,No,Standard,No,No,44,Cash,Fortnightly
3011,33,Male,Sweater,Clothing,96,Indiana,L,Maroon,Summer,3.3,Yes,Next Day Air,No,No,20,Credit Card,Every 3 Months
3012,45,Female,Sweater,Clothing,21,New Hampshire,M,Indigo,Fall,2.6,Yes,Standard,No,No,7,Debit Card,Every 3 Months
3013,67,Male,Dress,Clothing,29,Arizona,M,Gray,Summer,4.8,Yes,Free Shipping,Yes,Yes,28,Cash,Quarterly
3014,59,Female,Hoodie,Clothing,28,Nevada,M,Beige,Summer,5.0,Yes,Next Day Air,No,No,20,Venmo,Every 3 Months
3015,65,Male,Sandals,Footwear,61,Alaska,XL,Violet,Winter,3.2,Yes,Store Pickup,No,No,45,Credit Card,Quarterly
3016,66,Male,Socks,Clothing,51,Wyoming,M,Pink,Summer,5.0,Yes,Next Day Air,No,No,26,Credit Card,Monthly
3017,68,Male,Shorts,Clothing,80,South Carolina,M,Peach,Fall,3.6,No,Next Day Air,No,No,24,Cash,Annually
3018,67,Male,Jewelry,Accessories,77,Vermont,L,White,Spring,2.8,No,Next Day Air,Yes,Yes,48,Debit Card,Quarterly
3019,29,Female,Handbag,Accessories,21,Florida,L,Lavender,Spring,2.8,No,Store Pickup,No,No,30,Cash,Quarterly
3020,63,Female,Handbag,Accessories,30,Arizona,M,Violet,Spring,3.6,No,2-Day Shipping,No,No,5,PayPal,Annually
3021,57,Male,Skirt,Clothing,20,Illinois,L,Red,Winter,2.8,No,Standard,No,No,45,Cash,Quarterly
3022,68,Male,Hat,Accessories,71,Florida,L,Beige,Summer,3.1,No,Next Day Air,Yes,Yes,5,PayPal,Weekly
3023,29,Female,Gloves,Accessories,72,Mississippi,M,Gold,Spring,4.0,No,Express,No,No,40,Bank Transfer,Monthly
3024,24,Female,Hat,Accessories,57,Minnesota,L,Pink,Winter,4.1,Yes,Express,Yes,Yes,38,Bank Transfer,Bi-Weekly
3025,45,Male,Jacket,Outerwear,31,New York,S,Magenta,Fall,2.5,No,2-Day Shipping,No,No,12,PayPal,Quarterly
3026,61,Female,Blouse,Clothing,56,Oregon,M,Cyan,Spring,3.1,No,Store Pickup,Yes,Yes,12,Cash,Fortnightly
3027,62,Female,Shorts,Clothing,23,Alaska,XL,Indigo,Fall,4.6,No,Standard,Yes,Yes,11,Bank Transfer,Weekly
3028,28,Female,Hoodie,Clothing,82,Iowa,S,Gold,Spring,4.4,No,Express,No,No,9,Cash,Quarterly
3029,38,Female,Hoodie,Clothing,52,South Carolina,M,Magenta,Summer,3.3,No,Next Day Air,No,No,36,PayPal,Bi-Weekly
3030,32,Male,Shorts,Clothing,74,Maine,M,Beige,Winter,3.6,Yes,2-Day Shipping,Yes,Yes,38,Debit Card,Annually
3031,24,Male,Scarf,Accessories,72,Texas,S,Teal,Summer,4.8,Yes,Next Day Air,Yes,Yes,18,Cash,Monthly
3032,66,Male,Jeans,Clothing,69,Hawaii,L,Peach,Fall,3.5,No,Store Pickup,Yes,Yes,14,Bank Transfer,Annually
3033,51,Male,Scarf,Accessories,37,Idaho,L,Gold,Fall,4.4,No,Store Pickup,Yes,Yes,3,Debit Card,Annually
3034,39,Male,Boots,Footwear,32,Minnesota,M,Gray,Summer,3.5,No,Next Day Air,Yes,Yes,21,Cash,Monthly
3035,64,Male,Sunglasses,Accessories,42,Arkansas,M,Brown,Spring,2.6,No,Standard,No,No,35,Venmo,Every 3 Months
3036,53,Male,Dress,Clothing,41,Massachusetts,M,Brown,Summer,5.0,No,Next Day Air,No,No,32,Cash,Annually
3037,60,Female,Pants,Clothing,88,Arkansas,S,Cyan,Fall,3.8,No,Next Day Air,No,No,14,Bank Transfer,Weekly
3038,32,Female,Jacket,Outerwear,87,Delaware,L,Teal,Spring,4.8,No,Standard,No,No,6,Credit Card,Annually
3039,38,Female,Hoodie,Clothing,71,Missouri,M,Charcoal,Fall,4.6,Yes,Next Day Air,Yes,Yes,6,Cash,Bi-Weekly
3040,37,Male,Jeans,Clothing,78,Arkansas,S,Orange,Summer,3.2,No,Next Day Air,No,No,17,Venmo,Weekly
3041,46,Male,Jewelry,Accessories,38,New York,XL,Indigo,Fall,3.4,No,Express,Yes,Yes,35,Venmo,Weekly
3042,40,Male,Dress,Clothing,48,Nevada,M,Silver,Spring,2.7,No,Free Shipping,No,No,44,PayPal,Fortnightly
3043,59,Female,Hoodie,Clothing,71,Oregon,M,Magenta,Summer,4.9,No,Express,Yes,Yes,44,PayPal,Bi-Weekly
3044,44,Male,Hoodie,Clothing,80,Tennessee,M,Gray,Winter,3.2,No,Standard,Yes,Yes,3,Bank Transfer,Fortnightly
3045,64,Female,Jacket,Outerwear,52,New York,XL,Maroon,Spring,2.8,No,Free Shipping,Yes,Yes,16,Debit Card,Quarterly
3046,47,Female,Shirt,Clothing,72,Oklahoma,M,Green,Fall,3.2,No,Standard,No,No,22,Bank Transfer,Monthly
3047,56,Male,Sunglasses,Accessories,91,Hawaii,L,Beige,Summer,3.5,No,2-Day Shipping,Yes,Yes,19,Credit Card,Bi-Weekly
3048,33,Male,Handbag,Accessories,42,South Dakota,M,Teal,Fall,4.1,No,2-Day Shipping,Yes,Yes,32,Debit Card,Every 3 Months
3049,44,Female,Sandals,Footwear,73,Rhode Island,S,Turquoise,Spring,2.8,Yes,Free Shipping,No,No,9,PayPal,Annually
3050,49,Male,Dress,Clothing,61,Nebraska,M,Turquoise,Summer,2.7,No,Free Shipping,Yes,Yes,30,Venmo,Weekly
3051,50,Male,Shirt,Clothing,73,Delaware,L,Beige,Spring,4.7,No,Standard,Yes,Yes,47,Credit Card,Weekly
3052,68,Male,Boots,Footwear,37,Alabama,M,Turquoise,Winter,3.8,No,2-Day Shipping,No,No,42,Credit Card,Every 3 Months
3053,44,Male,Sweater,Clothing,30,Kansas,L,Maroon,Winter,2.5,No,Next Day Air,Yes,Yes,40,Credit Card,Fortnightly
3054,65,Male,Shorts,Clothing,85,Illinois,L,Charcoal,Spring,3.4,No,Next Day Air,No,No,3,Credit Card,Fortnightly
3055,47,Male,Backpack,Accessories,57,Illinois,M,Violet,Spring,2.5,No,2-Day Shipping,No,No,36,Venmo,Every 3 Months
3056,56,Female,Pants,Clothing,21,Arkansas,L,Charcoal,Summer,3.9,No,Standard,No,No,49,PayPal,Annually
3057,41,Male,Gloves,Accessories,48,New Jersey,M,Silver,Spring,2.8,Yes,Next Day Air,Yes,Yes,38,Cash,Fortnightly
3058,70,Female,Sunglasses,Accessories,79,California,L,Teal,Summer,4.2,Yes,Next Day Air,No,No,42,Venmo,Weekly
3059,45,Male,Sneakers,Footwear,46,Alabama,L,Brown,Summer,2.8,No,Free Shipping,Yes,Yes,8,Credit Card,Every 3 Months
3060,55,Female,Coat,Outerwear,43,Tennessee,M,Cyan,Winter,4.7,Yes,Store Pickup,Yes,Yes,28,Bank Transfer,Quarterly
3061,53,Female,Blouse,Clothing,30,Illinois,M,Maroon,Winter,4.1,Yes,2-Day Shipping,No,No,22,Cash,Fortnightly
3062,55,Male,Blouse,Clothing,77,North Dakota,L,Gray,Winter,2.9,No,Store Pickup,No,No,3,Bank Transfer,Every 3 Months
3063,40,Male,Jeans,Clothing,85,Maine,L,Pink,Spring,3.1,Yes,Store Pickup,No,No,10,Debit Card,Quarterly
3064,40,Male,Scarf,Accessories,41,Georgia,M,Indigo,Winter,3.9,No,Free Shipping,Yes,Yes,15,PayPal,Annually
3065,62,Male,Pants,Clothing,45,Indiana,L,Peach,Fall,3.6,No,Free Shipping,Yes,Yes,6,Debit Card,Every 3 Months
3066,53,Female,Shoes,Footwear,25,Minnesota,S,Brown,Spring,3.0,No,Store Pickup,Yes,Yes,39,Debit Card,Monthly
3067,27,Female,Boots,Footwear,100,Ohio,L,Silver,Winter,3.8,No,2-Day Shipping,No,No,42,Bank Transfer,Every 3 Months
3068,45,Male,Gloves,Accessories,90,Colorado,M,Olive,Fall,3.6,No,Express,No,No,46,Credit Card,Monthly
3069,24,Male,Gloves,Accessories,65,Nevada,L,Green,Winter,3.0,No,Next Day Air,Yes,Yes,13,Cash,Fortnightly
3070,57,Male,Jewelry,Accessories,84,Colorado,M,Cyan,Summer,3.7,Yes,Free Shipping,Yes,Yes,15,Venmo,Weekly
3071,34,Female,Gloves,Accessories,83,Iowa,M,Silver,Winter,4.1,Yes,2-Day Shipping,Yes,Yes,34,PayPal,Every 3 Months
3072,25,Male,Shirt,Clothing,38,West Virginia,XL,Peach,Spring,2.7,Yes,Next Day Air,Yes,Yes,33,Cash,Bi-Weekly
3073,70,Male,Blouse,Clothing,64,Hawaii,M,Charcoal,Summer,4.1,Yes,Store Pickup,No,No,50,Bank Transfer,Annually
3074,57,Female,Jacket,Outerwear,39,Nevada,M,Olive,Winter,3.5,Yes,2-Day Shipping,No,No,49,Bank Transfer,Fortnightly
3075,42,Male,Hoodie,Clothing,74,Nebraska,S,Silver,Winter,2.6,No,Standard,No,No,4,Venmo,Fortnightly
3076,52,Male,Sweater,Clothing,100,Missouri,S,Charcoal,Summer,3.4,No,Store Pickup,Yes,Yes,39,Cash,Bi-Weekly
3077,18,Male,Skirt,Clothing,31,Maine,XL,White,Spring,3.3,No,Store Pickup,No,No,33,Cash,Bi-Weekly
3078,39,Male,Boots,Footwear,23,Indiana,M,Cyan,Fall,2.7,No,Standard,Yes,Yes,32,Credit Card,Every 3 Months
3079,47,Male,Skirt,Clothing,42,Iowa,L,Yellow,Winter,3.8,Yes,Free Shipping,Yes,Yes,22,Credit Card,Annually
3080,66,Male,Sneakers,Footwear,59,Florida,M,Orange,Fall,4.5,No,Standard,Yes,Yes,50,Credit Card,Bi-Weekly
3081,67,Male,Skirt,Clothing,99,New Jersey,XL,Magenta,Spring,2.5,No,Standard,No,No,39,Venmo,Weekly
3082,34,Male,Sandals,Footwear,35,Nebraska,M,Olive,Spring,3.9,Yes,2-Day Shipping,Yes,Yes,26,PayPal,Quarterly
3083,42,Male,Gloves,Accessories,30,Oklahoma,M,White,Summer,3.9,No,Next Day Air,No,No,24,Cash,Monthly
3084,68,Male,Belt,Accessories,32,Louisiana,L,Black,Winter,3.8,No,Standard,No,No,23,PayPal,Quarterly
3085,43,Male,Skirt,Clothing,90,New York,L,White,Spring,3.7,Yes,Next Day Air,Yes,Yes,47,Venmo,Annually
3086,32,Female,Gloves,Accessories,82,Arkansas,L,Magenta,Spring,2.6,No,2-Day Shipping,No,No,15,Debit Card,Monthly
3087,69,Male,Sweater,Clothing,44,Delaware,M,Green,Spring,4.3,Yes,Express,No,No,50,Venmo,Bi-Weekly
3088,36,Female,Sunglasses,Accessories,56,Vermont,L,Beige,Spring,2.7,No,Next Day Air,No,No,10,Venmo,Annually
3089,64,Male,Dress,Clothing,65,North Dakota,M,Teal,Fall,3.6,Yes,Express,No,No,13,Bank Transfer,Monthly
3090,18,Female,Dress,Clothing,69,Utah,M,Black,Winter,2.9,No,Standard,No,No,7,Bank Transfer,Fortnightly
3091,21,Male,Hat,Accessories,37,Rhode Island,L,Yellow,Winter,4.6,No,Standard,Yes,Yes,27,Venmo,Monthly
3092,60,Male,Gloves,Accessories,35,Georgia,M,Black,Summer,4.2,No,2-Day Shipping,No,No,16,Debit Card,Annually
3093,69,Female,Shorts,Clothing,72,Indiana,L,Red,Winter,2.6,No,Next Day Air,No,No,20,Cash,Bi-Weekly
3094,55,Male,Jacket,Outerwear,98,Texas,M,Violet,Summer,5.0,No,Next Day Air,Yes,Yes,35,Cash,Quarterly
3095,21,Male,Coat,Outerwear,51,Delaware,S,Cyan,Winter,2.9,No,2-Day Shipping,Yes,Yes,12,Cash,Weekly
3096,43,Male,Shorts,Clothing,34,South Carolina,XL,Gold,Fall,3.6,Yes,Next Day Air,No,No,17,Cash,Fortnightly
3097,41,Female,Shirt,Clothing,49,Missouri,S,Indigo,Summer,4.3,Yes,2-Day Shipping,Yes,Yes,38,Cash,Bi-Weekly
3098,20,Male,Pants,Clothing,67,North Dakota,M,Indigo,Fall,2.8,Yes,Next Day Air,No,No,41,Cash,Quarterly
3099,32,Male,Jewelry,Accessories,55,Illinois,XL,Gray,Summer,4.5,No,Free Shipping,No,No,26,Debit Card,Fortnightly
3100,23,Female,Handbag,Accessories,78,Kansas,M,Lavender,Winter,4.9,No,Free Shipping,No,No,42,Venmo,Bi-Weekly
3101,22,Male,Dress,Clothing,41,Indiana,M,Magenta,Summer,3.2,Yes,Next Day Air,Yes,Yes,22,Cash,Monthly
3102,46,Female,Hat,Accessories,56,Indiana,XL,Lavender,Winter,3.6,No,Next Day Air,No,No,7,Credit Card,Every 3 Months
3103,62,Male,Blouse,Clothing,89,Vermont,M,Green,Fall,3.1,No,2-Day Shipping,No,No,48,Venmo,Fortnightly
3104,40,Female,Gloves,Accessories,29,California,L,White,Summer,3.2,No,Free Shipping,No,No,3,Cash,Bi-Weekly
3105,62,Female,Socks,Clothing,54,Vermont,XL,Charcoal,Summer,3.3,Yes,2-Day Shipping,No,No,8,Bank Transfer,Quarterly
3106,39,Male,Sweater,Clothing,70,Mississippi,S,Cyan,Fall,4.7,No,2-Day Shipping,No,No,22,Bank Transfer,Monthly
3107,64,Male,Socks,Clothing,91,New Jersey,M,Lavender,Winter,2.5,No,Express,No,No,2,Credit Card,Weekly
3108,63,Male,Gloves,Accessories,36,Colorado,M,Red,Spring,2.9,Yes,Standard,No,No,14,Bank Transfer,Every 3 Months
3109,48,Male,Jeans,Clothing,46,Utah,M,Black,Spring,4.0,Yes,Store Pickup,Yes,Yes,36,Credit Card,Quarterly
3110,59,Male,Shoes,Footwear,26,Mississippi,M,Teal,Winter,2.5,No,Free Shipping,Yes,Yes,1,Debit Card,Weekly
3111,34,Female,Shoes,Footwear,92,Nebraska,M,Maroon,Spring,3.6,No,Express,Yes,Yes,7,Credit Card,Every 3 Months
3112,32,Male,Dress,Clothing,75,Missouri,L,Purple,Winter,3.4,No,Free Shipping,Yes,Yes,9,Cash,Every 3 Months
3113,70,Male,Sweater,Clothing,91,Minnesota,M,Violet,Summer,3.9,No,Express,Yes,Yes,23,Credit Card,Fortnightly
3114,61,Female,Blouse,Clothing,81,Minnesota,M,Turquoise,Fall,3.5,No,2-Day Shipping,No,No,7,Credit Card,Every 3 Months
3115,70,Male,Shorts,Clothing,49,New Hampshire,XL,Lavender,Fall,4.1,No,2-Day Shipping,No,No,5,Bank Transfer,Quarterly
3116,65,Male,Skirt,Clothing,91,Illinois,L,Gold,Summer,2.5,No,2-Day Shipping,No,No,16,PayPal,Fortnightly
3117,49,Female,Coat,Outerwear,86,Alabama,M,Lavender,Winter,3.4,No,Next Day Air,No,No,33,Bank Transfer,Weekly
3118,47,Female,Sweater,Clothing,47,South Carolina,S,Indigo,Winter,3.2,No,Express,No,No,47,Debit Card,Weekly
3119,31,Male,Jeans,Clothing,39,Rhode Island,M,Teal,Fall,2.7,No,Next Day Air,No,No,30,Credit Card,Bi-Weekly
3120,60,Male,Hat,Accessories,100,Arkansas,XL,Gold,Spring,2.7,No,Express,Yes,Yes,46,Bank Transfer,Quarterly
3121,63,Male,Gloves,Accessories,95,Oregon,XL,Lavender,Fall,3.2,Yes,Express,No,No,37,Bank Transfer,Monthly
3122,32,Male,Sunglasses,Accessories,99,North Carolina,L,Lavender,Fall,4.1,No,Express,No,No,41,Credit Card,Quarterly
3123,69,Male,Coat,Outerwear,56,Colorado,L,Yellow,Summer,3.0,No,Free Shipping,No,No,49,Venmo,Annually
3124,33,Male,Sandals,Footwear,78,Texas,M,Violet,Winter,3.7,Yes,Standard,No,No,1,Credit Card,Bi-Weekly
3125,66,Male,Shirt,Clothing,22,Rhode Island,S,Gray,Winter,4.0,No,2-Day Shipping,No,No,7,Venmo,Annually
3126,35,Male,Sweater,Clothing,97,South Dakota,M,Lavender,Fall,3.9,No,Express,No,No,24,PayPal,Weekly
3127,24,Male,Boots,Footwear,79,Nebraska,M,Magenta,Winter,2.7,Yes,Standard,No,No,42,Debit Card,Bi-Weekly
3128,50,Male,Belt,Accessories,82,North Carolina,L,Gray,Summer,4.4,Yes,Free Shipping,No,No,13,Debit Card,Monthly
3129,40,Female,Handbag,Accessories,21,Oregon,M,Beige,Summer,4.1,No,Express,Yes,Yes,48,Venmo,Monthly
3130,25,Male,Scarf,Accessories,53,Maryland,L,Magenta,Fall,2.6,Yes,Free Shipping,Yes,Yes,45,Cash,Quarterly
3131,42,Male,Jeans,Clothing,31,Colorado,M,Gray,Fall,2.7,Yes,Free Shipping,Yes,Yes,33,Credit Card,Monthly
3132,37,Female,Hat,Accessories,63,Rhode Island,XL,Turquoise,Spring,3.1,Yes,Free Shipping,No,No,8,Credit Card,Annually
3133,68,Male,Skirt,Clothing,35,Georgia,L,Olive,Summer,4.6,No,Next Day Air,No,No,23,Bank Transfer,Every 3 Months
3134,67,Male,Skirt,Clothing,23,Idaho,S,Maroon,Winter,3.9,Yes,Free Shipping,Yes,Yes,26,Credit Card,Fortnightly
3135,44,Male,Dress,Clothing,31,California,S,Cyan,Summer,3.9,Yes,Express,No,No,30,Bank Transfer,Weekly
3136,49,Male,Sandals,Footwear,20,Oklahoma,M,White,Summer,4.0,No,Next Day Air,Yes,Yes,19,Debit Card,Fortnightly
3137,53,Female,Dress,Clothing,48,West Virginia,L,Green,Summer,4.9,Yes,Express,No,No,47,Bank Transfer,Fortnightly
3138,22,Male,Boots,Footwear,28,Rhode Island,M,Peach,Winter,2.6,Yes,Store Pickup,Yes,Yes,14,Bank Transfer,Bi-Weekly
3139,59,Female,Dress,Clothing,27,Alaska,L,Black,Fall,4.3,No,Express,No,No,6,Venmo,Every 3 Months
3140,31,Male,Boots,Footwear,81,Tennessee,S,Purple,Summer,4.5,No,Free Shipping,No,No,27,PayPal,Bi-Weekly
3141,47,Female,Sandals,Footwear,22,Florida,L,Charcoal,Spring,3.6,No,Free Shipping,Yes,Yes,5,Debit Card,Every 3 Months
3142,33,Male,Jacket,Outerwear,66,Iowa,M,Magenta,Spring,2.8,Yes,Standard,Yes,Yes,34,Bank Transfer,Monthly
3143,21,Male,Sandals,Footwear,76,Georgia,M,White,Spring,3.5,No,Free Shipping,No,No,11,Credit Card,Monthly
3144,37,Male,Shirt,Clothing,95,Ohio,M,Beige,Summer,4.6,Yes,Free Shipping,No,No,14,Debit Card,Fortnightly
3145,24,Male,Gloves,Accessories,37,Vermont,M,Turquoise,Summer,3.4,No,Store Pickup,Yes,Yes,30,Bank Transfer,Bi-Weekly
3146,27,Female,Socks,Clothing,31,Hawaii,M,Silver,Winter,3.4,No,Next Day Air,No,No,40,PayPal,Bi-Weekly
3147,65,Male,Sneakers,Footwear,79,South Carolina,M,White,Winter,3.3,No,Free Shipping,No,No,44,Cash,Quarterly
3148,68,Male,Backpack,Accessories,51,South Dakota,M,Green,Summer,3.4,No,Free Shipping,No,No,14,Cash,Bi-Weekly
3149,33,Male,Jacket,Outerwear,53,Indiana,M,Yellow,Fall,4.3,No,Standard,No,No,27,Credit Card,Bi-Weekly
3150,42,Female,Shirt,Clothing,83,Vermont,S,Red,Fall,3.5,No,Next Day Air,No,No,38,Debit Card,Every 3 Months
3151,33,Male,Shirt,Clothing,71,Colorado,L,Black,Spring,2.9,Yes,Next Day Air,Yes,Yes,29,Bank Transfer,Weekly
3152,55,Male,Shorts,Clothing,34,Kansas,XL,Peach,Winter,3.3,No,2-Day Shipping,Yes,Yes,26,Bank Transfer,Annually
3153,43,Male,Shorts,Clothing,80,Mississippi,M,Maroon,Summer,2.6,No,Next Day Air,Yes,Yes,12,Debit Card,Weekly
3154,55,Female,Gloves,Accessories,34,Tennessee,M,Black,Fall,4.9,Yes,Free Shipping,No,No,50,Credit Card,Monthly
3155,55,Female,Sandals,Footwear,64,California,L,Peach,Fall,2.6,No,Express,Yes,Yes,24,PayPal,Every 3 Months
3156,68,Female,Sweater,Clothing,25,Iowa,M,Peach,Fall,4.7,No,Next Day Air,Yes,Yes,36,Bank Transfer,Annually
3157,58,Male,Backpack,Accessories,57,Colorado,L,Green,Fall,3.6,Yes,Next Day Air,No,No,41,Venmo,Annually
3158,38,Male,Jeans,Clothing,39,Louisiana,M,Green,Spring,3.4,No,Store Pickup,Yes,Yes,6,Credit Card,Bi-Weekly
3159,62,Male,Jacket,Outerwear,36,Nevada,S,Silver,Spring,3.5,No,Standard,No,No,34,Venmo,Bi-Weekly
3160,21,Male,Pants,Clothing,64,Georgia,S,Orange,Summer,4.0,No,2-Day Shipping,No,No,16,PayPal,Monthly
3161,39,Male,Pants,Clothing,20,Rhode Island,M,Beige,Fall,5.0,Yes,Free Shipping,Yes,Yes,15,Debit Card,Every 3 Months
3162,28,Male,Hat,Accessories,93,Idaho,L,Violet,Winter,3.1,Yes,Free Shipping,Yes,Yes,49,Debit Card,Every 3 Months
3163,23,Female,Sneakers,Footwear,33,Mississippi,M,Olive,Summer,4.6,No,Express,No,No,36,Debit Card,Monthly
3164,67,Male,Hoodie,Clothing,56,Maryland,M,Violet,Winter,3.4,No,2-Day Shipping,Yes,Yes,4,PayPal,Monthly
3165,23,Male,Jeans,Clothing,31,Kansas,M,Brown,Summer,3.4,Yes,2-Day Shipping,Yes,Yes,34,Debit Card,Weekly
3166,45,Female,Shoes,Footwear,54,New Hampshire,S,Brown,Winter,4.9,No,Express,No,No,17,Venmo,Monthly
3167,47,Male,Hat,Accessories,32,Colorado,XL,Yellow,Fall,3.5,Yes,Express,No,No,41,Venmo,Monthly
3168,46,Male,Shorts,Clothing,43,Vermont,S,Cyan,Winter,3.4,Yes,2-Day Shipping,Yes,Yes,1,Cash,Weekly
3169,68,Female,Jeans,Clothing,34,Rhode Island,L,Peach,Winter,2.9,No,2-Day Shipping,No,No,44,Venmo,Fortnightly
3170,39,Female,Skirt,Clothing,37,South Dakota,S,Orange,Summer,4.4,No,Standard,No,No,50,Credit Card,Weekly
3171,22,Male,Dress,Clothing,48,Texas,M,Cyan,Summer,3.0,No,Next Day Air,Yes,Yes,32,PayPal,Quarterly
3172,31,Male,Shorts,Clothing,73,Vermont,M,Green,Fall,3.3,No,2-Day Shipping,Yes,Yes,37,Credit Card,Weekly
3173,42,Male,Skirt,Clothing,34,Florida,L,Orange,Summer,4.7,No,Standard,No,No,47,PayPal,Annually
3174,67,Female,Sunglasses,Accessories,73,Nebraska,M,Teal,Spring,3.1,No,Standard,No,No,8,Credit Card,Bi-Weekly
3175,52,Male,Jacket,Outerwear,21,Maryland,M,Turquoise,Summer,3.8,No,Free Shipping,No,No,45,Cash,Annually
3176,20,Male,Jacket,Outerwear,72,Idaho,M,Beige,Spring,4.6,No,Next Day Air,Yes,Yes,42,Bank Transfer,Quarterly
3177,59,Male,Boots,Footwear,52,Tennessee,S,Indigo,Fall,3.6,Yes,Express,Yes,Yes,35,PayPal,Weekly
3178,39,Female,Belt,Accessories,29,Alabama,XL,Brown,Winter,3.1,No,Free Shipping,Yes,Yes,34,Cash,Annually
3179,44,Male,Hoodie,Clothing,50,Montana,S,Violet,Fall,2.9,No,Standard,Yes,Yes,41,Venmo,Quarterly
3180,25,Male,Backpack,Accessories,41,Alaska,S,Black,Fall,4.4,No,2-Day Shipping,No,No,15,Credit Card,Weekly
3181,35,Female,Gloves,Accessories,55,Nebraska,L,Charcoal,Fall,2.9,No,Standard,No,No,18,Credit Card,Weekly
3182,32,Male,Sandals,Footwear,52,Maine,M,Peach,Winter,4.8,Yes,2-Day Shipping,No,No,28,PayPal,Annually
3183,21,Female,Sunglasses,Accessories,96,Vermont,L,Pink,Summer,2.8,Yes,Next Day Air,No,No,30,Cash,Monthly
3184,34,Male,Belt,Accessories,76,Tennessee,XL,Turquoise,Winter,3.0,No,Free Shipping,Yes,Yes,26,PayPal,Annually
3185,60,Male,Skirt,Clothing,41,Arkansas,M,Gray,Fall,3.3,Yes,2-Day Shipping,Yes,Yes,8,PayPal,Bi-Weekly
3186,18,Male,Hat,Accessories,75,Vermont,M,Cyan,Spring,3.1,No,Standard,No,No,8,Bank Transfer,Monthly
3187,39,Female,Shirt,Clothing,47,Nevada,M,Indigo,Summer,3.8,No,Express,No,No,40,Debit Card,Every 3 Months
3188,24,Male,Shorts,Clothing,57,Texas,L,Beige,Winter,4.4,Yes,2-Day Shipping,No,No,19,Debit Card,Every 3 Months
3189,18,Female,Sunglasses,Accessories,71,South Dakota,M,Green,Winter,4.3,Yes,Standard,No,No,48,Bank Transfer,Every 3 Months
3190,39,Male,Boots,Footwear,49,Hawaii,XL,Maroon,Spring,4.2,No,Next Day Air,No,No,17,Credit Card,Annually
3191,62,Male,Jewelry,Accessories,48,Ohio,M,Brown,Winter,4.7,Yes,Next Day Air,Yes,Yes,3,Cash,Quarterly
3192,28,Female,Backpack,Accessories,21,Hawaii,XL,Silver,Fall,3.6,No,Store Pickup,No,No,17,PayPal,Bi-Weekly
3193,69,Male,Sweater,Clothing,20,Utah,XL,Maroon,Fall,3.0,No,Free Shipping,No,No,37,Venmo,Annually
3194,26,Male,Jacket,Outerwear,69,California,M,Silver,Fall,4.2,Yes,Standard,Yes,Yes,5,Debit Card,Bi-Weekly
3195,23,Male,Sunglasses,Accessories,89,Arkansas,L,Black,Spring,4.5,No,Standard,Yes,Yes,27,Cash,Every 3 Months
3196,69,Male,Dress,Clothing,67,Oregon,L,Silver,Fall,3.3,No,Express,Yes,Yes,15,Debit Card,Monthly
3197,44,Male,Belt,Accessories,77,Colorado,M,Olive,Winter,3.0,Yes,Next Day Air,No,No,17,Bank Transfer,Weekly
3198,66,Male,Sneakers,Footwear,29,North Carolina,M,Indigo,Fall,2.5,Yes,Store Pickup,Yes,Yes,5,Bank Transfer,Annually
3199,20,Female,Gloves,Accessories,27,New Hampshire,L,Brown,Summer,2.7,Yes,Standard,No,No,8,Venmo,Fortnightly
3200,34,Male,Shoes,Footwear,22,West Virginia,M,Red,Winter,2.7,Yes,2-Day Shipping,No,No,27,Debit Card,Monthly
3201,42,Male,Jeans,Clothing,23,Alaska,L,Turquoise,Winter,4.4,No,Store Pickup,No,No,17,Credit Card,Annually
3202,54,Male,Hat,Accessories,49,Illinois,S,Violet,Winter,2.7,Yes,Free Shipping,No,No,45,Bank Transfer,Fortnightly
3203,29,Female,Hoodie,Clothing,77,North Carolina,M,Indigo,Spring,4.2,No,Standard,Yes,Yes,8,PayPal,Monthly
3204,55,Female,Handbag,Accessories,35,Delaware,M,White,Winter,3.2,Yes,Express,No,No,20,Venmo,Monthly
3205,34,Female,Gloves,Accessories,20,Hawaii,L,Gold,Fall,4.0,No,Next Day Air,Yes,Yes,30,Bank Transfer,Fortnightly
3206,22,Female,Sneakers,Footwear,38,Hawaii,L,Beige,Spring,3.0,No,Free Shipping,Yes,Yes,18,Venmo,Quarterly
3207,68,Male,Scarf,Accessories,70,Maryland,M,Olive,Fall,2.9,No,Free Shipping,No,No,18,Debit Card,Annually
3208,21,Male,Skirt,Clothing,43,New Hampshire,S,White,Spring,3.3,Yes,Next Day Air,Yes,Yes,8,PayPal,Quarterly
3209,40,Male,Sweater,Clothing,37,Minnesota,L,Black,Winter,3.4,No,Standard,Yes,Yes,36,Debit Card,Quarterly
3210,61,Male,Skirt,Clothing,58,Kentucky,S,Green,Winter,4.7,No,Express,No,No,31,Bank Transfer,Annually
3211,55,Male,Jeans,Clothing,22,New Hampshire,M,White,Summer,2.5,Yes,Next Day Air,Yes,Yes,14,Credit Card,Bi-Weekly
3212,66,Male,Boots,Footwear,29,Montana,L,Yellow,Summer,3.2,No,Store Pickup,No,No,22,Bank Transfer,Every 3 Months
3213,62,Male,Gloves,Accessories,32,Rhode Island,M,Brown,Fall,3.2,Yes,Standard,No,No,11,PayPal,Bi-Weekly
3214,27,Male,Sandals,Footwear,64,North Carolina,L,Black,Winter,2.9,No,Express,No,No,37,Venmo,Fortnightly
3215,54,Male,Socks,Clothing,26,Louisiana,M,Maroon,Winter,4.4,No,Express,Yes,Yes,39,Cash,Monthly
3216,49,Male,Shoes,Footwear,30,Maryland,S,Orange,Summer,4.7,Yes,2-Day Shipping,No,No,15,Cash,Annually
3217,50,Female,Jewelry,Accessories,89,Illinois,M,Silver,Spring,3.9,No,2-Day Shipping,Yes,Yes,28,Credit Card,Fortnightly
3218,61,Female,Shorts,Clothing,57,Arizona,L,Violet,Summer,4.1,Yes,2-Day Shipping,No,No,46,Debit Card,Annually
3219,43,Male,Shoes,Footwear,55,Texas,L,Yellow,Winter,3.3,No,Express,No,No,3,Debit Card,Bi-Weekly
3220,49,Male,Backpack,Accessories,46,Oklahoma,S,Black,Spring,3.4,No,Store Pickup,No,No,39,PayPal,Annually
3221,54,Female,Sweater,Clothing,100,Massachusetts,M,Cyan,Fall,4.9,No,2-Day Shipping,No,No,25,Venmo,Fortnightly
3222,62,Female,Dress,Clothing,73,Idaho,L,Charcoal,Summer,3.3,No,2-Day Shipping,Yes,Yes,20,Debit Card,Every 3 Months
3223,19,Male,Shoes,Footwear,20,Rhode Island,M,Silver,Spring,3.9,Yes,2-Day Shipping,No,No,49,PayPal,Quarterly
3224,32,Male,Skirt,Clothing,40,Alaska,M,Purple,Summer,3.7,No,Express,Yes,Yes,11,Debit Card,Weekly
3225,50,Female,Jacket,Outerwear,91,Idaho,M,Black,Spring,2.7,Yes,Express,Yes,Yes,10,Bank Transfer,Quarterly
3226,28,Male,Socks,Clothing,37,Oregon,XL,Maroon,Winter,4.0,Yes,Express,No,No,25,Credit Card,Weekly
3227,30,Male,Coat,Outerwear,88,North Carolina,M,Orange,Spring,4.0,Yes,Express,No,No,29,Debit Card,Fortnightly
3228,24,Male,Socks,Clothing,93,Minnesota,S,Pink,Summer,5.0,Yes,Next Day Air,No,No,20,Bank Transfer,Weekly
3229,24,Female,Sunglasses,Accessories,65,Nevada,L,Olive,Spring,3.8,No,2-Day Shipping,No,No,18,Bank Transfer,Weekly
3230,60,Male,Socks,Clothing,47,Massachusetts,M,Purple,Winter,3.5,No,Next Day Air,No,No,29,Venmo,Weekly
3231,50,Male,Dress,Clothing,84,Maryland,S,Peach,Spring,2.8,No,2-Day Shipping,No,No,9,Cash,Quarterly
3232,67,Female,Hoodie,Clothing,77,Mississippi,XL,Green,Winter,3.9,Yes,Next Day Air,No,No,1,Cash,Weekly
3233,44,Female,Sandals,Footwear,33,Tennessee,L,Yellow,Winter,3.8,No,Free Shipping,No,No,25,Debit Card,Annually
3234,41,Female,Shoes,Footwear,26,Minnesota,L,Silver,Fall,3.0,Yes,Next Day Air,Yes,Yes,38,Debit Card,Annually
3235,38,Male,Skirt,Clothing,56,Texas,XL,Indigo,Spring,4.2,Yes,2-Day Shipping,Yes,Yes,40,Debit Card,Monthly
3236,22,Male,Jeans,Clothing,99,Minnesota,M,Beige,Fall,2.7,No,Free Shipping,No,No,42,Cash,Fortnightly
3237,19,Male,Sweater,Clothing,74,New Hampshire,L,Green,Summer,3.6,Yes,2-Day Shipping,No,No,48,Credit Card,Weekly
3238,26,Female,Boots,Footwear,54,Nevada,L,Olive,Winter,3.2,No,2-Day Shipping,Yes,Yes,49,Venmo,Quarterly
3239,67,Male,Dress,Clothing,30,New Jersey,L,Pink,Spring,3.5,Yes,Store Pickup,Yes,Yes,24,Credit Card,Bi-Weekly
3240,44,Female,Shoes,Footwear,76,Ohio,L,Olive,Summer,3.4,No,2-Day Shipping,No,No,23,Debit Card,Bi-Weekly
3241,38,Male,Scarf,Accessories,55,Tennessee,M,Beige,Fall,3.2,No,Next Day Air,No,No,35,Cash,Bi-Weekly
3242,53,Male,Backpack,Accessories,87,Maryland,L,Indigo,Fall,4.4,No,Standard,Yes,Yes,24,PayPal,Weekly
3243,59,Male,Sweater,Clothing,74,Idaho,L,Maroon,Fall,3.8,Yes,Store Pickup,Yes,Yes,41,Bank Transfer,Monthly
3244,48,Male,Pants,Clothing,78,South Carolina,L,Purple,Spring,3.4,No,Express,No,No,34,Venmo,Annually
3245,41,Male,Jacket,Outerwear,53,Kansas,S,Beige,Fall,3.1,Yes,Express,No,No,48,Bank Transfer,Bi-Weekly
3246,39,Male,Sunglasses,Accessories,56,Indiana,L,Gold,Winter,4.2,No,Next Day Air,No,No,11,Venmo,Weekly
3247,45,Male,Boots,Footwear,69,Ohio,L,Olive,Fall,4.7,No,Next Day Air,No,No,2,Debit Card,Bi-Weekly
3248,28,Male,Backpack,Accessories,55,Mississippi,S,White,Summer,3.5,No,Free Shipping,Yes,Yes,35,Debit Card,Monthly
3249,57,Male,Belt,Accessories,49,Texas,S,Silver,Summer,2.9,No,Next Day Air,No,No,36,Debit Card,Quarterly
3250,35,Male,Scarf,Accessories,43,Montana,M,Black,Winter,4.4,No,Store Pickup,No,No,47,PayPal,Fortnightly
3251,70,Male,Skirt,Clothing,74,Kansas,M,Teal,Winter,4.6,No,Standard,Yes,Yes,17,Debit Card,Quarterly
3252,69,Female,Coat,Outerwear,91,North Dakota,S,Magenta,Spring,4.8,No,Express,No,No,22,Bank Transfer,Monthly
3253,39,Female,Boots,Footwear,43,Texas,M,Charcoal,Summer,4.7,No,Standard,Yes,Yes,6,Cash,Every 3 Months
3254,66,Male,Scarf,Accessories,41,Kansas,L,Gold,Fall,4.1,No,2-Day Shipping,Yes,Yes,23,Debit Card,Annually
3255,53,Female,Hat,Accessories,66,Missouri,M,Indigo,Summer,3.5,No,Standard,No,No,20,Bank Transfer,Quarterly
3256,59,Female,Jacket,Outerwear,84,Tennessee,L,Cyan,Summer,2.9,No,Free Shipping,No,No,40,Cash,Quarterly
3257,65,Male,Blouse,Clothing,68,Alabama,M,Beige,Spring,4.3,No,Express,No,No,6,Venmo,Bi-Weekly
3258,55,Female,Sandals,Footwear,33,Kansas,L,Violet,Fall,4.4,Yes,Standard,No,No,15,Bank Transfer,Every 3 Months
3259,67,Male,Dress,Clothing,43,Vermont,M,Indigo,Summer,4.6,No,Store Pickup,No,No,38,Credit Card,Fortnightly
3260,36,Male,Gloves,Accessories,30,Montana,S,Indigo,Summer,4.0,No,Next Day Air,Yes,Yes,8,PayPal,Every 3 Months
3261,41,Male,Shoes,Footwear,51,Mississippi,XL,Yellow,Spring,4.6,No,Express,No,No,17,Venmo,Bi-Weekly
3262,34,Male,Scarf,Accessories,79,Illinois,L,Violet,Spring,3.2,No,Express,Yes,Yes,8,Cash,Monthly
3263,27,Female,Boots,Footwear,95,New Jersey,S,White,Summer,3.3,No,Store Pickup,No,No,41,Cash,Annually
3264,34,Male,Sunglasses,Accessories,65,Massachusetts,M,Maroon,Fall,3.7,No,Standard,Yes,Yes,42,Venmo,Fortnightly
3265,24,Female,Belt,Accessories,54,Colorado,M,Beige,Fall,3.6,No,Free Shipping,No,No,14,PayPal,Every 3 Months
3266,24,Male,Pants,Clothing,74,Minnesota,L,Orange,Winter,4.9,Yes,Standard,Yes,Yes,10,Credit Card,Weekly
3267,41,Male,Shorts,Clothing,63,Utah,L,Charcoal,Spring,3.6,No,Store Pickup,No,No,31,Venmo,Bi-Weekly
3268,51,Male,Dress,Clothing,91,Alaska,L,Charcoal,Spring,3.4,No,2-Day Shipping,No,No,47,Cash,Annually
3269,53,Female,Pants,Clothing,53,Georgia,XL,Maroon,Winter,3.2,No,Free Shipping,Yes,Yes,43,Debit Card,Monthly
3270,65,Male,Pants,Clothing,95,Maryland,L,Red,Spring,3.2,No,Free Shipping,Yes,Yes,3,Credit Card,Monthly
3271,34,Male,Hat,Accessories,69,Wyoming,XL,Violet,Summer,3.7,No,Store Pickup,Yes,Yes,34,Credit Card,Annually
3272,26,Male,Coat,Outerwear,26,Arizona,M,Peach,Fall,3.3,No,Standard,No,No,27,Cash,Monthly
3273,47,Male,Sneakers,Footwear,94,Oregon,L,Magenta,Summer,3.9,No,Express,No,No,41,Bank Transfer,Fortnightly
3274,69,Male,Hat,Accessories,77,New Jersey,S,Orange,Spring,4.3,Yes,Next Day Air,No,No,6,Cash,Annually
3275,27,Male,Sunglasses,Accessories,64,Montana,L,Black,Fall,2.7,No,Express,Yes,Yes,24,Cash,Every 3 Months
3276,22,Male,Dress,Clothing,20,Minnesota,S,Gray,Winter,4.4,No,Next Day Air,No,No,3,Debit Card,Annually
3277,23,Female,Sneakers,Footwear,82,West Virginia,L,Green,Spring,4.8,Yes,Free Shipping,Yes,Yes,7,PayPal,Fortnightly
3278,63,Male,Sneakers,Footwear,61,Nebraska,M,Teal,Winter,5.0,No,Store Pickup,Yes,Yes,13,Bank Transfer,Annually
3279,37,Female,Boots,Footwear,94,New Jersey,M,Green,Spring,4.6,No,Store Pickup,No,No,44,Credit Card,Annually
3280,56,Female,Socks,Clothing,75,Arkansas,L,Magenta,Winter,2.7,No,2-Day Shipping,Yes,Yes,4,PayPal,Quarterly
3281,49,Female,Socks,Clothing,99,Missouri,M,Gray,Spring,4.2,No,Express,No,No,2,Cash,Annually
3282,41,Male,Jeans,Clothing,63,South Carolina,XL,Orange,Summer,3.7,No,Standard,Yes,Yes,33,Credit Card,Every 3 Months
3283,29,Male,Shirt,Clothing,29,Oklahoma,M,Purple,Summer,4.9,No,Standard,No,No,13,Debit Card,Annually
3284,18,Male,Shoes,Footwear,99,Florida,L,Gold,Spring,4.1,No,Express,Yes,Yes,34,Venmo,Fortnightly
3285,24,Male,Gloves,Accessories,87,Nevada,M,White,Spring,4.5,No,Express,Yes,Yes,41,Credit Card,Every 3 Months
3286,43,Male,Jeans,Clothing,87,New Hampshire,L,Silver,Spring,2.7,Yes,Store Pickup,Yes,Yes,35,Debit Card,Monthly
3287,34,Male,Scarf,Accessories,30,Tennessee,S,Red,Summer,3.7,No,Free Shipping,No,No,20,PayPal,Bi-Weekly
3288,63,Female,Dress,Clothing,58,Vermont,XL,Maroon,Fall,3.1,No,Store Pickup,No,No,23,Bank Transfer,Every 3 Months
3289,67,Female,Belt,Accessories,43,Louisiana,L,Maroon,Fall,4.1,No,Next Day Air,Yes,Yes,21,Venmo,Weekly
3290,43,Male,Jewelry,Accessories,45,Louisiana,M,Purple,Spring,4.6,Yes,Free Shipping,No,No,20,Credit Card,Annually
3291,63,Female,Sweater,Clothing,89,Minnesota,M,Indigo,Spring,4.7,No,Standard,No,No,29,Credit Card,Monthly
3292,34,Male,Shorts,Clothing,56,Massachusetts,M,Yellow,Spring,2.5,No,Express,No,No,41,Venmo,Quarterly
3293,21,Female,Sunglasses,Accessories,83,Tennessee,L,Teal,Spring,2.7,Yes,Free Shipping,No,No,38,Venmo,Weekly
3294,69,Male,Skirt,Clothing,42,Alaska,M,Pink,Winter,3.1,No,Express,Yes,Yes,48,Cash,Every 3 Months
3295,56,Male,Pants,Clothing,63,California,M,Beige,Winter,4.1,No,Standard,No,No,23,Cash,Fortnightly
3296,66,Female,Sandals,Footwear,74,Georgia,L,Teal,Fall,2.5,Yes,Standard,No,No,46,Venmo,Monthly
3297,55,Female,Hoodie,Clothing,81,Massachusetts,S,Black,Spring,3.7,Yes,Standard,Yes,Yes,26,Venmo,Annually
3298,50,Male,Belt,Accessories,65,Rhode Island,L,Violet,Winter,4.2,No,Free Shipping,Yes,Yes,5,Debit Card,Monthly
3299,44,Female,Jewelry,Accessories,48,West Virginia,L,Gold,Winter,4.8,No,Store Pickup,No,No,32,Cash,Annually
3300,53,Female,Skirt,Clothing,38,Georgia,M,Teal,Spring,3.0,No,Next Day Air,No,No,20,Cash,Monthly
3301,65,Male,Scarf,Accessories,93,Georgia,M,Brown,Summer,4.3,No,Standard,No,No,36,Debit Card,Weekly
3302,27,Male,Coat,Outerwear,50,Utah,S,Beige,Fall,3.5,No,Free Shipping,No,No,5,Venmo,Every 3 Months
3303,52,Male,Sunglasses,Accessories,42,Oklahoma,M,Peach,Spring,4.1,No,Express,No,No,9,Credit Card,Fortnightly
3304,60,Male,Dress,Clothing,90,Iowa,M,Indigo,Spring,3.3,No,Standard,No,No,40,Cash,Every 3 Months
3305,25,Female,Coat,Outerwear,20,Ohio,M,Gray,Fall,4.7,No,Free Shipping,Yes,Yes,2,PayPal,Every 3 Months
3306,46,Female,Gloves,Accessories,64,Delaware,S,Gold,Fall,2.8,No,Express,Yes,Yes,15,PayPal,Monthly
3307,56,Female,Belt,Accessories,96,Massachusetts,M,Magenta,Spring,3.6,No,Store Pickup,Yes,Yes,40,Cash,Fortnightly
3308,39,Male,Sunglasses,Accessories,92,South Carolina,M,Indigo,Spring,4.7,No,2-Day Shipping,Yes,Yes,48,Debit Card,Quarterly
3309,60,Male,Skirt,Clothing,58,Delaware,L,Lavender,Summer,3.5,No,Next Day Air,Yes,Yes,20,PayPal,Fortnightly
3310,37,Female,Backpack,Accessories,66,California,M,Olive,Winter,4.4,No,Express,No,No,49,PayPal,Every 3 Months
3311,45,Male,Dress,Clothing,75,Louisiana,S,Pink,Winter,4.7,Yes,Next Day Air,No,No,39,Bank Transfer,Bi-Weekly
3312,30,Male,Handbag,Accessories,99,Maine,L,Indigo,Fall,2.6,No,2-Day Shipping,No,No,37,PayPal,Annually
3313,62,Female,Dress,Clothing,66,Ohio,S,Gold,Spring,4.8,No,Express,Yes,Yes,32,Cash,Monthly
3314,18,Male,Boots,Footwear,78,Arkansas,M,Maroon,Spring,4.4,Yes,Free Shipping,No,No,2,Debit Card,Bi-Weekly
3315,64,Male,Sunglasses,Accessories,37,Alaska,M,Purple,Summer,3.1,No,Store Pickup,No,No,38,Bank Transfer,Weekly
3316,20,Female,Shoes,Footwear,91,West Virginia,L,Peach,Spring,4.3,No,Express,Yes,Yes,5,Bank Transfer,Annually
3317,60,Female,Boots,Footwear,39,Texas,M,Red,Fall,4.3,No,Standard,Yes,Yes,11,Cash,Every 3 Months
3318,24,Male,Skirt,Clothing,64,West Virginia,L,Brown,Fall,3.6,No,Next Day Air,No,No,2,Bank Transfer,Annually
3319,41,Female,Boots,Footwear,92,Indiana,M,Teal,Fall,3.7,Yes,2-Day Shipping,Yes,Yes,15,Bank Transfer,Fortnightly
3320,61,Female,Gloves,Accessories,85,Maine,M,Silver,Spring,4.6,No,Store Pickup,No,No,9,Bank Transfer,Monthly
3321,48,Male,Jacket,Outerwear,71,Oklahoma,M,Charcoal,Fall,3.0,Yes,Store Pickup,Yes,Yes,8,Bank Transfer,Quarterly
3322,47,Male,Shirt,Clothing,49,Oklahoma,M,Purple,Winter,4.6,No,Free Shipping,No,No,31,Bank Transfer,Weekly
3323,29,Female,Shorts,Clothing,63,Illinois,S,Teal,Summer,3.5,Yes,Store Pickup,Yes,Yes,43,Cash,Monthly
3324,29,Male,Dress,Clothing,92,Illinois,M,Olive,Summer,3.5,Yes,Next Day Air,No,No,13,Credit Card,Every 3 Months
3325,24,Female,Boots,Footwear,85,Massachusetts,M,Beige,Fall,4.3,Yes,Next Day Air,No,No,12,Venmo,Weekly
3326,38,Male,Dress,Clothing,23,Oklahoma,M,Magenta,Winter,4.6,No,Express,No,No,36,Cash,Annually
3327,50,Male,Dress,Clothing,44,Alaska,S,Pink,Spring,3.5,No,Standard,Yes,Yes,6,Credit Card,Monthly
3328,26,Male,Hat,Accessories,25,Arizona,M,Indigo,Summer,2.8,No,Free Shipping,No,No,10,Debit Card,Monthly
3329,66,Male,Boots,Footwear,53,New Jersey,M,Lavender,Summer,3.1,No,Standard,No,No,49,PayPal,Fortnightly
3330,69,Male,Jacket,Outerwear,70,Kansas,M,Peach,Fall,3.1,No,Next Day Air,No,No,14,Cash,Fortnightly
3331,23,Male,Backpack,Accessories,20,Oklahoma,L,Indigo,Fall,3.3,Yes,Store Pickup,No,No,20,Venmo,Monthly
3332,54,Male,Blouse,Clothing,43,Maine,L,Beige,Winter,3.5,No,2-Day Shipping,No,No,32,Bank Transfer,Fortnightly
3333,27,Male,Hoodie,Clothing,67,Florida,M,Turquoise,Summer,3.2,No,2-Day Shipping,No,No,19,Venmo,Monthly
3334,59,Male,Socks,Clothing,72,Idaho,M,Red,Summer,3.2,Yes,Express,No,No,28,Bank Transfer,Annually
3335,50,Male,Hat,Accessories,36,Idaho,S,Purple,Winter,3.2,No,Express,No,No,35,Bank Transfer,Bi-Weekly
3336,18,Female,Hat,Accessories,64,Alaska,XL,Brown,Spring,4.7,Yes,Express,No,No,36,PayPal,Fortnightly
3337,56,Male,Sweater,Clothing,65,North Dakota,L,Gold,Winter,3.4,Yes,2-Day Shipping,No,No,37,Debit Card,Monthly
3338,68,Male,Blouse,Clothing,63,New York,M,Indigo,Fall,2.9,No,Free Shipping,No,No,20,Cash,Monthly
3339,52,Male,Dress,Clothing,38,Florida,XL,Beige,Spring,3.1,No,Express,No,No,26,Bank Transfer,Monthly
3340,37,Male,Jacket,Outerwear,38,Nebraska,M,Gold,Spring,4.9,Yes,Store Pickup,No,No,49,Debit Card,Monthly
3341,61,Male,Dress,Clothing,34,Tennessee,M,Lavender,Winter,2.9,No,2-Day Shipping,Yes,Yes,41,Venmo,Bi-Weekly
3342,62,Male,Handbag,Accessories,98,Alaska,S,Turquoise,Winter,4.6,No,Express,Yes,Yes,46,Credit Card,Every 3 Months
3343,63,Male,Boots,Footwear,25,Illinois,L,Lavender,Summer,4.7,No,Express,Yes,Yes,40,Venmo,Quarterly
3344,66,Male,Pants,Clothing,64,Vermont,M,Silver,Summer,3.8,No,Express,No,No,11,Venmo,Fortnightly
3345,56,Male,Pants,Clothing,77,Idaho,L,Violet,Winter,4.2,Yes,Next Day Air,No,No,26,Venmo,Monthly
3346,36,Male,Gloves,Accessories,43,Nebraska,L,Peach,Winter,4.0,No,2-Day Shipping,No,No,21,Bank Transfer,Monthly
3347,53,Male,Jeans,Clothing,36,Oregon,M,Beige,Summer,4.0,No,Store Pickup,No,No,29,Cash,Weekly
3348,54,Male,Hoodie,Clothing,29,Nevada,M,Black,Winter,4.5,No,2-Day Shipping,No,No,21,PayPal,Fortnightly
3349,37,Female,Skirt,Clothing,90,North Dakota,S,Gold,Fall,3.1,No,Standard,Yes,Yes,20,Cash,Annually
3350,30,Female,Dress,Clothing,29,Minnesota,M,Brown,Fall,3.2,Yes,Next Day Air,No,No,25,Venmo,Monthly
3351,55,Male,Sunglasses,Accessories,58,Nebraska,S,Maroon,Fall,3.5,No,Free Shipping,Yes,Yes,25,Debit Card,Weekly
3352,60,Male,Hoodie,Clothing,97,Ohio,L,Charcoal,Fall,4.6,No,Next Day Air,No,No,33,Bank Transfer,Weekly
3353,46,Female,Gloves,Accessories,57,Iowa,M,Black,Winter,2.9,No,Store Pickup,Yes,Yes,5,Cash,Weekly
3354,55,Male,Sunglasses,Accessories,96,North Carolina,S,Pink,Winter,3.7,No,Next Day Air,Yes,Yes,26,PayPal,Weekly
3355,37,Female,Dress,Clothing,93,Louisiana,L,White,Summer,4.5,Yes,Next Day Air,Yes,Yes,24,Credit Card,Weekly
3356,26,Male,Sunglasses,Accessories,85,Alabama,XL,Maroon,Fall,3.0,No,Store Pickup,Yes,Yes,41,Cash,Annually
3357,57,Male,Sneakers,Footwear,69,Texas,M,Gold,Winter,4.0,No,Express,No,No,3,Credit Card,Bi-Weekly
3358,55,Male,Gloves,Accessories,23,Nebraska,XL,Gold,Winter,3.2,No,Express,No,No,24,Venmo,Bi-Weekly
3359,38,Male,Belt,Accessories,58,Idaho,L,Charcoal,Spring,4.6,No,2-Day Shipping,No,No,27,Bank Transfer,Quarterly
3360,48,Male,Scarf,Accessories,42,Kentucky,M,Green,Fall,4.3,No,Next Day Air,No,No,16,Debit Card,Bi-Weekly
3361,59,Male,Belt,Accessories,24,Delaware,XL,Cyan,Winter,4.0,No,Express,No,No,31,Cash,Weekly
3362,48,Male,Jewelry,Accessories,31,Mississippi,L,Yellow,Fall,4.9,No,Store Pickup,No,No,46,Credit Card,Quarterly
3363,57,Female,Jewelry,Accessories,82,Florida,S,Red,Fall,2.8,No,2-Day Shipping,No,No,22,Bank Transfer,Annually
3364,49,Male,Jewelry,Accessories,99,Ohio,S,Cyan,Winter,4.6,No,Standard,Yes,Yes,28,PayPal,Every 3 Months
3365,62,Male,Sweater,Clothing,40,New York,M,Turquoise,Winter,2.7,No,Express,Yes,Yes,24,Venmo,Annually
3366,46,Male,Shorts,Clothing,75,Georgia,L,Orange,Winter,2.8,No,Free Shipping,Yes,Yes,39,PayPal,Monthly
3367,40,Female,Boots,Footwear,54,Mississippi,S,Gold,Spring,4.8,No,Express,Yes,Yes,7,Credit Card,Fortnightly
3368,60,Male,Sandals,Footwear,22,Maine,M,Turquoise,Summer,2.8,No,Express,No,No,1,PayPal,Weekly
3369,69,Male,Handbag,Accessories,33,California,S,Gold,Summer,4.5,No,Next Day Air,Yes,Yes,30,Credit Card,Annually
3370,44,Female,Scarf,Accessories,43,South Dakota,L,Violet,Summer,3.8,No,Store Pickup,Yes,Yes,46,Cash,Bi-Weekly
3371,26,Male,Blouse,Clothing,68,Maryland,M,Lavender,Winter,2.6,No,Free Shipping,No,No,20,Venmo,Every 3 Months
3372,60,Female,Jewelry,Accessories,82,Wyoming,M,Cyan,Fall,4.9,Yes,Next Day Air,No,No,45,Cash,Fortnightly
3373,26,Male,Jewelry,Accessories,55,New York,S,Pink,Spring,3.7,No,Free Shipping,Yes,Yes,6,Cash,Every 3 Months
3374,30,Male,Hoodie,Clothing,92,Georgia,M,Teal,Winter,4.4,Yes,Next Day Air,Yes,Yes,38,Cash,Every 3 Months
3375,56,Female,Socks,Clothing,22,Alabama,S,White,Summer,3.4,No,Standard,No,No,27,PayPal,Bi-Weekly
3376,43,Female,Backpack,Accessories,89,Oklahoma,L,Maroon,Summer,3.9,No,Next Day Air,Yes,Yes,4,Cash,Monthly
3377,29,Male,Scarf,Accessories,71,South Dakota,M,Indigo,Summer,3.5,No,Next Day Air,Yes,Yes,27,PayPal,Bi-Weekly
3378,62,Male,Hat,Accessories,68,Colorado,L,Orange,Spring,3.7,No,Express,No,No,16,PayPal,Weekly
3379,54,Male,Sweater,Clothing,32,North Carolina,M,Gray,Winter,4.0,No,2-Day Shipping,No,No,12,Bank Transfer,Fortnightly
3380,50,Male,Shorts,Clothing,76,California,L,Black,Fall,2.7,No,2-Day Shipping,No,No,7,Bank Transfer,Fortnightly
3381,70,Female,Dress,Clothing,86,Maryland,M,Olive,Winter,3.0,No,Standard,No,No,36,PayPal,Bi-Weekly
3382,70,Male,Jeans,Clothing,71,South Carolina,M,Beige,Spring,3.9,Yes,Standard,Yes,Yes,30,Venmo,Every 3 Months
3383,42,Male,Jewelry,Accessories,81,Hawaii,L,Red,Spring,4.8,No,Express,Yes,Yes,47,Debit Card,Quarterly
3384,20,Female,Jeans,Clothing,75,Kansas,L,Teal,Summer,4.9,No,Free Shipping,No,No,50,Cash,Bi-Weekly
3385,32,Male,Sandals,Footwear,24,South Carolina,M,Black,Fall,3.2,No,2-Day Shipping,No,No,27,PayPal,Weekly
3386,34,Male,Handbag,Accessories,69,Kansas,M,Gray,Summer,2.6,No,Express,No,No,40,Bank Transfer,Fortnightly
3387,47,Male,Pants,Clothing,93,Arkansas,M,Turquoise,Spring,4.7,No,Next Day Air,No,No,40,Debit Card,Every 3 Months
3388,39,Male,Sunglasses,Accessories,47,Massachusetts,L,Charcoal,Winter,3.8,No,2-Day Shipping,Yes,Yes,43,Credit Card,Fortnightly
3389,43,Female,Hat,Accessories,55,Ohio,L,Red,Winter,4.0,No,Standard,Yes,Yes,5,Venmo,Quarterly
3390,52,Male,Shorts,Clothing,89,North Dakota,M,Yellow,Summer,4.9,Yes,Store Pickup,No,No,9,PayPal,Weekly
3391,59,Male,Hat,Accessories,81,Idaho,M,Brown,Fall,2.7,Yes,Free Shipping,No,No,2,Debit Card,Weekly
3392,46,Male,Jacket,Outerwear,44,Rhode Island,S,Silver,Winter,3.7,No,Store Pickup,No,No,19,Debit Card,Weekly
3393,48,Male,Backpack,Accessories,84,South Dakota,L,Teal,Winter,3.8,No,Express,No,No,27,PayPal,Annually
3394,28,Male,Boots,Footwear,45,Tennessee,M,Maroon,Fall,4.9,No,Store Pickup,No,No,46,PayPal,Bi-Weekly
3395,40,Male,Hat,Accessories,26,Indiana,M,Cyan,Summer,4.4,No,2-Day Shipping,Yes,Yes,15,Cash,Quarterly
3396,21,Male,Hat,Accessories,80,Alaska,M,White,Winter,4.0,No,2-Day Shipping,No,No,30,Venmo,Fortnightly
3397,65,Male,Sweater,Clothing,30,New Hampshire,M,Purple,Winter,3.4,Yes,Next Day Air,Yes,Yes,42,Bank Transfer,Annually
3398,29,Male,Sneakers,Footwear,96,Texas,M,Indigo,Winter,3.8,No,Express,Yes,Yes,37,Cash,Quarterly
3399,26,Male,Dress,Clothing,77,Idaho,M,Indigo,Fall,4.5,No,Express,No,No,1,Debit Card,Annually
3400,49,Female,Belt,Accessories,47,Oklahoma,S,Beige,Fall,2.7,No,Standard,Yes,Yes,1,PayPal,Bi-Weekly
3401,45,Male,Scarf,Accessories,34,Arizona,M,Brown,Fall,3.9,No,Store Pickup,No,No,50,Credit Card,Annually
3402,47,Male,Coat,Outerwear,25,Iowa,XL,Maroon,Fall,2.9,No,2-Day Shipping,No,No,16,Bank Transfer,Bi-Weekly
3403,28,Male,Skirt,Clothing,45,Alaska,M,Maroon,Fall,2.8,No,2-Day Shipping,No,No,44,Credit Card,Quarterly
3404,56,Female,Jeans,Clothing,55,Iowa,M,Red,Fall,4.9,No,Standard,No,No,50,Bank Transfer,Bi-Weekly
3405,57,Male,Scarf,Accessories,32,South Carolina,XL,White,Winter,3.6,No,Next Day Air,No,No,50,Venmo,Monthly
3406,42,Male,Boots,Footwear,24,Nevada,L,Charcoal,Fall,3.3,No,2-Day Shipping,Yes,Yes,37,Venmo,Bi-Weekly
3407,53,Male,Sneakers,Footwear,25,New York,M,Peach,Winter,4.0,Yes,Free Shipping,Yes,Yes,23,Bank Transfer,Quarterly
3408,27,Male,Jewelry,Accessories,40,Hawaii,L,Olive,Fall,4.9,No,Next Day Air,Yes,Yes,49,Bank Transfer,Every 3 Months
3409,44,Female,Shoes,Footwear,67,Nebraska,M,Magenta,Summer,4.3,Yes,2-Day Shipping,No,No,25,Bank Transfer,Fortnightly
3410,31,Male,Jacket,Outerwear,79,Tennessee,S,Orange,Fall,3.3,No,Express,No,No,50,PayPal,Annually
3411,67,Female,Boots,Footwear,58,Louisiana,M,Violet,Spring,3.9,No,Store Pickup,Yes,Yes,2,Credit Card,Quarterly
3412,22,Male,Dress,Clothing,81,Oklahoma,M,Beige,Fall,4.6,No,Express,No,No,18,Credit Card,Bi-Weekly
3413,63,Female,Blouse,Clothing,55,Nebraska,L,Lavender,Winter,2.7,No,Standard,No,No,14,Bank Transfer,Annually
3414,43,Male,Sunglasses,Accessories,64,Minnesota,M,Violet,Winter,3.6,No,2-Day Shipping,No,No,34,Credit Card,Annually
3415,40,Male,Hoodie,Clothing,44,North Dakota,L,Gold,Summer,4.1,Yes,2-Day Shipping,Yes,Yes,2,Debit Card,Quarterly
3416,67,Female,Scarf,Accessories,79,Nebraska,M,Yellow,Summer,3.7,No,Store Pickup,Yes,Yes,10,PayPal,Fortnightly
3417,49,Male,Shoes,Footwear,93,West Virginia,S,Olive,Spring,3.3,No,Store Pickup,No,No,5,Debit Card,Fortnightly
3418,49,Male,Shoes,Footwear,39,New Hampshire,M,Orange,Spring,2.7,No,Express,Yes,Yes,32,Bank Transfer,Annually
3419,45,Male,Jacket,Outerwear,22,Vermont,M,Magenta,Winter,4.6,Yes,Next Day Air,Yes,Yes,22,Venmo,Weekly
3420,57,Female,Hoodie,Clothing,81,Texas,M,Turquoise,Spring,3.6,Yes,2-Day Shipping,No,No,45,Bank Transfer,Quarterly
3421,26,Male,Coat,Outerwear,62,Montana,XL,Teal,Spring,4.6,No,Standard,Yes,Yes,15,Debit Card,Quarterly
3422,43,Female,Dress,Clothing,68,Kentucky,M,Orange,Winter,5.0,No,Express,Yes,Yes,49,Bank Transfer,Weekly
3423,18,Male,Dress,Clothing,94,South Dakota,M,Silver,Spring,3.2,No,Free Shipping,Yes,Yes,17,Debit Card,Monthly
3424,68,Male,Sneakers,Footwear,65,New York,M,Beige,Winter,3.0,Yes,Free Shipping,No,No,44,Venmo,Fortnightly
3425,39,Male,Sunglasses,Accessories,45,California,M,Pink,Summer,5.0,No,2-Day Shipping,Yes,Yes,46,PayPal,Every 3 Months
3426,32,Male,Sandals,Footwear,22,New York,M,Violet,Spring,3.9,No,Standard,Yes,Yes,21,Venmo,Quarterly
3427,45,Female,Boots,Footwear,92,Illinois,M,Charcoal,Winter,3.3,Yes,2-Day Shipping,No,No,31,Bank Transfer,Annually
3428,59,Female,Skirt,Clothing,76,Delaware,S,Brown,Winter,3.9,Yes,Standard,No,No,40,Credit Card,Fortnightly
3429,30,Male,Belt,Accessories,58,Maine,L,Peach,Winter,4.9,No,Next Day Air,Yes,Yes,28,PayPal,Weekly
3430,63,Female,Sandals,Footwear,73,Colorado,S,Yellow,Summer,3.3,Yes,2-Day Shipping,No,No,47,Bank Transfer,Monthly
3431,20,Male,Jacket,Outerwear,98,Mississippi,M,White,Spring,3.5,No,Standard,Yes,Yes,2,Debit Card,Weekly
3432,42,Male,Boots,Footwear,64,Montana,M,Magenta,Winter,4.0,No,Store Pickup,No,No,13,Cash,Monthly
3433,62,Female,Handbag,Accessories,99,South Carolina,L,Purple,Fall,3.1,No,Express,Yes,Yes,21,Venmo,Weekly
3434,19,Male,Jewelry,Accessories,79,Wyoming,M,Lavender,Spring,4.8,No,Free Shipping,Yes,Yes,18,Credit Card,Bi-Weekly
3435,31,Female,Dress,Clothing,58,Kansas,M,Beige,Spring,4.6,No,Standard,No,No,9,Debit Card,Every 3 Months
3436,20,Male,Pants,Clothing,97,New Hampshire,S,Beige,Winter,3.2,No,Standard,Yes,Yes,19,Bank Transfer,Quarterly
3437,52,Male,Shorts,Clothing,42,North Dakota,M,Violet,Spring,4.6,No,Store Pickup,Yes,Yes,12,Venmo,Bi-Weekly
3438,39,Female,Hoodie,Clothing,79,South Dakota,S,White,Spring,4.6,No,Store Pickup,No,No,23,Debit Card,Bi-Weekly
3439,38,Female,Hat,Accessories,44,South Carolina,XL,Gold,Summer,4.8,No,2-Day Shipping,Yes,Yes,23,Credit Card,Quarterly
3440,53,Male,Socks,Clothing,34,Ohio,S,Beige,Spring,4.0,No,Express,No,No,18,Debit Card,Fortnightly
3441,26,Male,Hoodie,Clothing,34,New York,S,Turquoise,Fall,2.9,No,Standard,No,No,47,Cash,Annually
3442,34,Male,Dress,Clothing,28,North Dakota,M,Yellow,Spring,4.3,No,Store Pickup,Yes,Yes,48,PayPal,Every 3 Months
3443,47,Male,Shorts,Clothing,71,Idaho,L,Turquoise,Spring,4.8,No,Standard,No,No,7,PayPal,Quarterly
3444,32,Male,Coat,Outerwear,48,Utah,S,Olive,Spring,3.7,No,Express,No,No,27,PayPal,Bi-Weekly
3445,65,Male,Socks,Clothing,70,Rhode Island,S,Lavender,Summer,3.5,Yes,Store Pickup,Yes,Yes,1,Cash,Monthly
3446,66,Male,Sandals,Footwear,80,Georgia,L,Brown,Winter,2.6,Yes,Standard,Yes,Yes,3,Debit Card,Every 3 Months
3447,41,Male,Sneakers,Footwear,77,Maryland,M,Yellow,Winter,4.5,Yes,2-Day Shipping,No,No,28,Venmo,Weekly
3448,61,Male,Pants,Clothing,48,Georgia,M,Turquoise,Spring,3.7,No,Free Shipping,Yes,Yes,36,PayPal,Annually
3449,21,Male,Jacket,Outerwear,22,Arizona,L,Teal,Spring,4.4,Yes,Free Shipping,Yes,Yes,12,Cash,Every 3 Months
3450,68,Female,Sandals,Footwear,76,New Hampshire,L,Violet,Winter,2.6,No,Free Shipping,No,No,35,Venmo,Quarterly
3451,58,Female,Jeans,Clothing,89,Arkansas,M,Maroon,Winter,4.3,No,Store Pickup,No,No,4,Venmo,Bi-Weekly
3452,35,Male,Sandals,Footwear,99,Maine,M,Brown,Spring,4.5,No,2-Day Shipping,Yes,Yes,37,Cash,Quarterly
3453,54,Male,Coat,Outerwear,35,Louisiana,M,Charcoal,Winter,3.2,No,Next Day Air,No,No,19,Venmo,Bi-Weekly
3454,35,Female,Shirt,Clothing,36,South Dakota,S,Beige,Spring,3.6,No,Store Pickup,Yes,Yes,3,PayPal,Quarterly
3455,19,Male,Shorts,Clothing,24,Illinois,M,Red,Fall,2.6,No,Free Shipping,No,No,33,Bank Transfer,Every 3 Months
3456,56,Male,Blouse,Clothing,34,Nevada,L,Violet,Fall,4.1,No,Free Shipping,Yes,Yes,16,Debit Card,Annually
3457,31,Female,Sneakers,Footwear,77,Oregon,M,Lavender,Spring,3.6,No,Express,No,No,9,Debit Card,Bi-Weekly
3458,43,Male,Shirt,Clothing,72,South Carolina,M,Purple,Fall,4.8,Yes,Next Day Air,No,No,44,Credit Card,Fortnightly
3459,64,Male,Jacket,Outerwear,51,Utah,S,Maroon,Summer,3.0,No,Free Shipping,Yes,Yes,44,PayPal,Fortnightly
3460,51,Male,Jewelry,Accessories,77,West Virginia,L,Teal,Fall,4.9,Yes,Store Pickup,No,No,12,Bank Transfer,Every 3 Months
3461,61,Male,Socks,Clothing,98,Texas,S,Cyan,Fall,3.0,No,Store Pickup,Yes,Yes,17,Debit Card,Every 3 Months
3462,64,Male,Sandals,Footwear,94,Florida,XL,Cyan,Winter,4.9,No,2-Day Shipping,No,No,4,Credit Card,Fortnightly
3463,19,Male,Shorts,Clothing,76,Georgia,M,Cyan,Spring,3.3,No,Store Pickup,Yes,Yes,47,Credit Card,Bi-Weekly
3464,38,Male,Coat,Outerwear,70,New York,L,Maroon,Spring,3.7,No,Standard,No,No,40,Debit Card,Bi-Weekly
3465,58,Male,Jewelry,Accessories,66,Idaho,M,Magenta,Fall,3.3,Yes,Standard,No,No,9,PayPal,Weekly
3466,64,Male,Sweater,Clothing,49,Colorado,L,Magenta,Summer,3.5,Yes,Express,No,No,43,PayPal,Weekly
3467,66,Male,Blouse,Clothing,91,Utah,L,Beige,Spring,3.6,Yes,Next Day Air,Yes,Yes,20,Bank Transfer,Quarterly
3468,57,Male,Backpack,Accessories,64,Georgia,L,Maroon,Fall,3.6,Yes,2-Day Shipping,Yes,Yes,14,Venmo,Monthly
3469,51,Male,Boots,Footwear,43,South Dakota,M,White,Fall,3.0,No,Store Pickup,No,No,47,Venmo,Weekly
3470,32,Male,Backpack,Accessories,33,North Carolina,S,Yellow,Spring,4.1,No,2-Day Shipping,Yes,Yes,49,Bank Transfer,Weekly
3471,65,Male,Boots,Footwear,65,Nevada,M,Purple,Spring,4.0,Yes,Free Shipping,No,No,42,Bank Transfer,Bi-Weekly
3472,35,Female,Socks,Clothing,83,Kentucky,M,Gold,Summer,2.8,No,Express,No,No,32,Bank Transfer,Weekly
3473,40,Male,Sweater,Clothing,55,Maryland,M,Violet,Fall,5.0,Yes,Store Pickup,No,No,17,Credit Card,Annually
3474,40,Male,Dress,Clothing,35,Nebraska,S,Brown,Spring,4.4,No,Express,No,No,43,Credit Card,Fortnightly
3475,23,Male,Jewelry,Accessories,83,West Virginia,M,Brown,Spring,3.7,No,Free Shipping,No,No,31,PayPal,Weekly
3476,41,Male,Blouse,Clothing,90,Iowa,M,Gray,Fall,5.0,Yes,Store Pickup,Yes,Yes,32,Cash,Weekly
3477,54,Male,Dress,Clothing,69,Missouri,L,Indigo,Fall,3.2,No,Store Pickup,Yes,Yes,47,Bank Transfer,Quarterly
3478,62,Male,Jewelry,Accessories,83,New Hampshire,M,Green,Spring,3.6,No,Store Pickup,No,No,35,Credit Card,Monthly
3479,53,Female,Blouse,Clothing,90,Montana,L,Charcoal,Spring,3.4,No,Free Shipping,Yes,Yes,1,Debit Card,Every 3 Months
3480,26,Male,Hoodie,Clothing,73,Kansas,S,Violet,Spring,3.1,No,Standard,Yes,Yes,1,Bank Transfer,Every 3 Months
3481,44,Male,Sweater,Clothing,48,South Carolina,L,White,Spring,3.3,Yes,Next Day Air,Yes,Yes,28,Cash,Fortnightly
3482,51,Female,Jeans,Clothing,68,North Dakota,M,Gray,Winter,2.5,No,Next Day Air,Yes,Yes,36,Cash,Bi-Weekly
3483,20,Male,Gloves,Accessories,54,Montana,L,Charcoal,Fall,3.8,No,Next Day Air,Yes,Yes,25,Venmo,Bi-Weekly
3484,29,Female,Hoodie,Clothing,24,Indiana,L,Turquoise,Spring,3.9,No,Free Shipping,No,No,33,Bank Transfer,Quarterly
3485,43,Male,Backpack,Accessories,54,Mississippi,L,Gold,Winter,3.1,Yes,Free Shipping,Yes,Yes,11,Cash,Quarterly
3486,40,Female,Dress,Clothing,51,Kansas,M,Magenta,Fall,4.2,Yes,Next Day Air,No,No,7,Debit Card,Quarterly
3487,62,Male,Dress,Clothing,70,California,M,Silver,Summer,4.0,No,Store Pickup,No,No,18,Debit Card,Quarterly
3488,20,Male,Jewelry,Accessories,76,Ohio,L,Silver,Fall,4.8,No,Express,Yes,Yes,19,PayPal,Quarterly
3489,62,Female,Sunglasses,Accessories,61,Minnesota,M,Olive,Spring,4.9,Yes,Free Shipping,Yes,Yes,42,Venmo,Fortnightly
3490,42,Female,Backpack,Accessories,77,Texas,XL,Purple,Spring,4.1,No,Standard,No,No,25,Bank Transfer,Every 3 Months
3491,24,Female,Hoodie,Clothing,49,Georgia,M,Indigo,Winter,2.7,Yes,Store Pickup,Yes,Yes,6,Cash,Monthly
3492,28,Male,Coat,Outerwear,25,New York,XL,Green,Winter,5.0,No,Free Shipping,No,No,29,PayPal,Annually
3493,29,Male,Sneakers,Footwear,66,North Carolina,L,Pink,Spring,4.1,No,Next Day Air,Yes,Yes,39,Credit Card,Annually
3494,19,Male,Shoes,Footwear,66,Florida,M,Orange,Fall,4.6,No,Express,No,No,3,Cash,Every 3 Months
3495,54,Male,Handbag,Accessories,28,Louisiana,S,Cyan,Fall,3.2,No,Free Shipping,Yes,Yes,49,PayPal,Every 3 Months
3496,51,Male,Shorts,Clothing,38,Wyoming,M,Teal,Summer,4.3,No,Free Shipping,Yes,Yes,36,Credit Card,Fortnightly
3497,22,Male,Shorts,Clothing,29,Maine,M,Indigo,Summer,4.7,No,Next Day Air,No,No,35,PayPal,Annually
3498,67,Male,Hat,Accessories,21,Oregon,XL,Lavender,Winter,3.6,No,Next Day Air,No,No,18,Debit Card,Annually
3499,66,Male,Handbag,Accessories,70,Texas,M,Black,Spring,4.4,Yes,Standard,Yes,Yes,43,Cash,Annually
3500,53,Male,Jacket,Outerwear,43,Kentucky,L,Magenta,Spring,4.4,No,Standard,No,No,16,Cash,Weekly
3501,25,Female,Handbag,Accessories,21,North Carolina,S,Pink,Summer,4.8,Yes,Next Day Air,Yes,Yes,49,Debit Card,Annually
3502,67,Male,Coat,Outerwear,28,New Hampshire,XL,Cyan,Winter,3.3,No,Express,Yes,Yes,3,Bank Transfer,Weekly
3503,33,Female,Skirt,Clothing,39,New York,M,Cyan,Fall,2.6,No,2-Day Shipping,No,No,7,Venmo,Bi-Weekly
3504,27,Female,Socks,Clothing,48,Massachusetts,XL,Charcoal,Summer,3.1,Yes,Store Pickup,Yes,Yes,2,Credit Card,Fortnightly
3505,65,Male,Jeans,Clothing,99,New Jersey,S,Charcoal,Winter,3.7,No,Free Shipping,Yes,Yes,41,Bank Transfer,Quarterly
3506,60,Male,Socks,Clothing,47,Utah,S,Charcoal,Spring,4.2,No,Express,Yes,Yes,26,Venmo,Monthly
3507,35,Male,Hoodie,Clothing,65,Arkansas,M,Turquoise,Winter,4.8,No,2-Day Shipping,Yes,Yes,10,Credit Card,Bi-Weekly
3508,61,Male,Sweater,Clothing,55,Louisiana,M,Gray,Winter,4.9,No,Free Shipping,Yes,Yes,23,Venmo,Quarterly
3509,27,Male,Hoodie,Clothing,68,Indiana,S,Lavender,Fall,5.0,No,2-Day Shipping,No,No,11,Venmo,Fortnightly
3510,36,Male,Jewelry,Accessories,74,New York,M,Teal,Winter,3.7,No,Free Shipping,No,No,25,Bank Transfer,Annually
3511,59,Male,Pants,Clothing,98,Montana,M,Brown,Spring,4.1,Yes,2-Day Shipping,No,No,11,Debit Card,Quarterly
3512,54,Male,Shorts,Clothing,91,Missouri,L,Green,Summer,4.8,No,Next Day Air,Yes,Yes,4,Bank Transfer,Bi-Weekly
3513,61,Male,Coat,Outerwear,37,Hawaii,L,Gray,Spring,3.1,Yes,2-Day Shipping,No,No,22,Bank Transfer,Fortnightly
3514,33,Male,Dress,Clothing,54,Oregon,L,Brown,Winter,3.8,No,Store Pickup,Yes,Yes,5,Bank Transfer,Fortnightly
3515,67,Male,Sneakers,Footwear,29,Utah,L,Magenta,Summer,4.5,Yes,Standard,Yes,Yes,50,Bank Transfer,Every 3 Months
3516,40,Male,Hat,Accessories,70,Minnesota,M,Purple,Winter,4.2,Yes,Next Day Air,Yes,Yes,7,Credit Card,Monthly
3517,41,Male,Coat,Outerwear,26,New Jersey,S,Yellow,Spring,4.1,No,Express,No,No,19,PayPal,Bi-Weekly
3518,36,Male,Scarf,Accessories,98,Massachusetts,XL,Silver,Spring,4.2,No,Standard,Yes,Yes,31,Debit Card,Monthly
3519,66,Male,Sunglasses,Accessories,42,Vermont,M,Yellow,Spring,3.9,No,Express,No,No,22,Credit Card,Annually
3520,25,Male,Sunglasses,Accessories,61,Oklahoma,XL,Olive,Summer,4.5,No,Free Shipping,No,No,14,Venmo,Fortnightly
3521,68,Female,Jewelry,Accessories,81,Colorado,XL,Black,Spring,3.9,No,Store Pickup,Yes,Yes,33,PayPal,Monthly
3522,64,Male,Scarf,Accessories,93,Maine,L,Orange,Spring,3.6,No,Next Day Air,Yes,Yes,48,Debit Card,Bi-Weekly
3523,30,Male,Shoes,Footwear,22,Iowa,XL,Orange,Summer,2.5,No,Express,Yes,Yes,1,Credit Card,Quarterly
3524,42,Male,Sunglasses,Accessories,55,Maine,L,Silver,Spring,3.4,No,Next Day Air,Yes,Yes,16,Venmo,Annually
3525,40,Male,Hat,Accessories,23,Nebraska,M,Violet,Summer,2.7,Yes,2-Day Shipping,Yes,Yes,38,Debit Card,Fortnightly
3526,43,Male,Dress,Clothing,87,North Carolina,L,Violet,Summer,4.4,No,Express,Yes,Yes,1,Cash,Bi-Weekly
3527,69,Female,Jacket,Outerwear,62,Oklahoma,M,Peach,Winter,4.2,No,Free Shipping,No,No,36,Bank Transfer,Monthly
3528,39,Male,Coat,Outerwear,58,Oklahoma,S,Gray,Summer,4.2,Yes,Next Day Air,No,No,17,Credit Card,Annually
3529,56,Female,Skirt,Clothing,85,California,XL,Gold,Winter,3.9,No,Express,Yes,Yes,46,Credit Card,Weekly
3530,27,Male,Socks,Clothing,63,West Virginia,L,Gold,Spring,3.1,Yes,Express,No,No,35,PayPal,Fortnightly
3531,62,Female,Scarf,Accessories,30,Iowa,M,Pink,Summer,4.8,No,Express,No,No,9,PayPal,Fortnightly
3532,54,Female,Socks,Clothing,76,Nevada,L,Brown,Fall,4.4,No,Express,No,No,5,Cash,Fortnightly
3533,70,Male,Jeans,Clothing,62,South Dakota,L,Olive,Winter,4.5,No,Free Shipping,Yes,Yes,25,Venmo,Monthly
3534,38,Male,Hat,Accessories,65,Rhode Island,XL,Cyan,Winter,3.4,No,Next Day Air,No,No,47,Credit Card,Bi-Weekly
3535,39,Male,Hat,Accessories,26,Louisiana,L,Maroon,Winter,4.7,Yes,Store Pickup,Yes,Yes,23,Credit Card,Quarterly
3536,54,Female,Dress,Clothing,38,New York,M,Charcoal,Fall,4.5,No,Free Shipping,Yes,Yes,20,Venmo,Monthly
3537,32,Male,Scarf,Accessories,31,Montana,S,Olive,Spring,3.0,No,Next Day Air,Yes,Yes,30,Credit Card,Bi-Weekly
3538,18,Male,Sunglasses,Accessories,44,Kansas,XL,Brown,Spring,2.9,No,Standard,Yes,Yes,43,Bank Transfer,Quarterly
3539,33,Female,Sweater,Clothing,46,Nevada,XL,Teal,Spring,3.7,No,Standard,Yes,Yes,3,Venmo,Every 3 Months
3540,68,Male,Shirt,Clothing,67,Arizona,M,Pink,Summer,2.7,No,Store Pickup,Yes,Yes,11,Debit Card,Fortnightly
3541,38,Male,Boots,Footwear,31,Arkansas,L,Gold,Summer,4.6,No,Standard,Yes,Yes,4,Credit Card,Monthly
3542,48,Male,Jeans,Clothing,30,Utah,S,Indigo,Winter,4.4,No,Express,No,No,42,Debit Card,Every 3 Months
3543,34,Male,Belt,Accessories,100,Texas,S,Beige,Winter,3.6,Yes,Store Pickup,No,No,42,Venmo,Monthly
3544,49,Male,Handbag,Accessories,56,Illinois,M,Purple,Summer,4.2,Yes,Next Day Air,No,No,23,Cash,Quarterly
3545,61,Male,Sweater,Clothing,73,West Virginia,S,Orange,Summer,2.7,No,Free Shipping,No,No,27,Cash,Bi-Weekly
3546,21,Male,Handbag,Accessories,43,Alabama,M,Turquoise,Summer,4.3,No,2-Day Shipping,Yes,Yes,24,PayPal,Bi-Weekly
3547,31,Female,Shoes,Footwear,32,Nevada,XL,Teal,Fall,3.6,No,Store Pickup,Yes,Yes,36,Debit Card,Quarterly
3548,68,Male,Boots,Footwear,74,Iowa,L,Red,Fall,3.6,No,Free Shipping,No,No,2,Credit Card,Annually
3549,57,Female,Shoes,Footwear,47,Massachusetts,M,Beige,Spring,3.5,Yes,Express,No,No,8,Venmo,Weekly
3550,67,Male,Hat,Accessories,86,South Dakota,S,Pink,Summer,4.1,No,Standard,Yes,Yes,37,Credit Card,Quarterly
3551,19,Female,Sweater,Clothing,61,Mississippi,M,Gray,Spring,4.8,No,Next Day Air,Yes,Yes,34,Cash,Annually
3552,33,Male,Jewelry,Accessories,29,Maryland,S,Turquoise,Fall,3.1,Yes,Free Shipping,Yes,Yes,41,Bank Transfer,Fortnightly
3553,44,Male,Jeans,Clothing,62,Oklahoma,L,Green,Winter,4.2,No,Next Day Air,Yes,Yes,45,Debit Card,Annually
3554,46,Male,Handbag,Accessories,71,Arkansas,L,Gray,Winter,3.9,No,Standard,Yes,Yes,1,PayPal,Weekly
3555,23,Male,Dress,Clothing,66,Nebraska,S,Purple,Summer,3.6,Yes,Next Day Air,No,No,14,Debit Card,Annually
3556,59,Female,Belt,Accessories,30,Alabama,L,Olive,Summer,4.6,No,Free Shipping,No,No,13,Venmo,Annually
3557,19,Male,Dress,Clothing,39,New York,L,Violet,Summer,3.2,No,Next Day Air,No,No,4,Bank Transfer,Weekly
3558,30,Male,Sunglasses,Accessories,30,Oregon,L,Black,Spring,3.6,No,Express,Yes,Yes,37,Credit Card,Annually
3559,23,Male,Hat,Accessories,68,Nevada,M,Beige,Spring,3.5,Yes,Next Day Air,No,No,38,Venmo,Weekly
3560,54,Male,Sunglasses,Accessories,25,Iowa,M,Orange,Winter,4.5,Yes,2-Day Shipping,Yes,Yes,46,PayPal,Bi-Weekly
3561,35,Male,Shoes,Footwear,26,Rhode Island,S,Yellow,Winter,3.6,No,2-Day Shipping,No,No,35,Bank Transfer,Quarterly
3562,57,Female,Boots,Footwear,38,Alaska,M,Brown,Spring,2.6,Yes,Free Shipping,Yes,Yes,15,Cash,Monthly
3563,68,Female,Jacket,Outerwear,28,Ohio,M,Olive,Winter,4.0,No,Next Day Air,Yes,Yes,38,Venmo,Annually
3564,41,Male,Scarf,Accessories,62,Georgia,L,Yellow,Winter,2.8,No,2-Day Shipping,Yes,Yes,25,Venmo,Monthly
3565,54,Female,Blouse,Clothing,59,South Carolina,M,Violet,Spring,2.9,Yes,2-Day Shipping,No,No,11,Debit Card,Fortnightly
3566,60,Male,Shorts,Clothing,99,Massachusetts,L,Gold,Winter,4.8,No,Store Pickup,No,No,46,PayPal,Monthly
3567,18,Male,Shorts,Clothing,62,North Dakota,L,Beige,Summer,4.5,No,2-Day Shipping,No,No,42,Credit Card,Annually
3568,18,Male,Backpack,Accessories,61,Vermont,L,White,Winter,2.8,No,2-Day Shipping,No,No,36,Credit Card,Bi-Weekly
3569,21,Male,Socks,Clothing,37,West Virginia,M,Cyan,Spring,4.6,No,Store Pickup,No,No,6,Bank Transfer,Monthly
3570,26,Male,Dress,Clothing,42,Idaho,S,Indigo,Winter,2.6,No,Free Shipping,No,No,22,Credit Card,Annually
3571,23,Male,Blouse,Clothing,23,Arizona,L,Charcoal,Summer,4.2,No,Standard,No,No,36,Bank Transfer,Monthly
3572,47,Male,Shoes,Footwear,66,Ohio,XL,Olive,Winter,3.9,Yes,Next Day Air,No,No,13,Cash,Weekly
3573,57,Female,Coat,Outerwear,21,Arizona,XL,Indigo,Winter,2.7,No,Next Day Air,No,No,38,PayPal,Quarterly
3574,44,Female,Boots,Footwear,47,North Dakota,M,Gray,Fall,3.1,No,Next Day Air,No,No,47,Venmo,Weekly
3575,22,Male,Sunglasses,Accessories,84,Mississippi,L,Olive,Spring,2.5,No,2-Day Shipping,No,No,25,Debit Card,Fortnightly
3576,20,Female,Boots,Footwear,88,Indiana,M,Green,Summer,2.9,Yes,Standard,Yes,Yes,6,Debit Card,Bi-Weekly
3577,24,Male,Gloves,Accessories,65,Missouri,M,Magenta,Fall,3.5,No,2-Day Shipping,Yes,Yes,18,PayPal,Quarterly
3578,45,Male,Sneakers,Footwear,47,Kentucky,XL,Gold,Winter,2.8,No,Store Pickup,No,No,24,Credit Card,Quarterly
3579,20,Female,Sunglasses,Accessories,77,Florida,M,Brown,Spring,2.5,Yes,Express,Yes,Yes,25,Cash,Bi-Weekly
3580,55,Female,Shirt,Clothing,32,Delaware,L,Gold,Fall,5.0,Yes,2-Day Shipping,No,No,8,Cash,Annually
3581,51,Female,Gloves,Accessories,38,Illinois,L,Lavender,Fall,2.6,No,Store Pickup,Yes,Yes,13,Cash,Weekly
3582,42,Male,Blouse,Clothing,30,Kentucky,L,Purple,Summer,4.8,No,Free Shipping,Yes,Yes,12,Debit Card,Weekly
3583,38,Male,Gloves,Accessories,89,Alaska,L,Charcoal,Fall,4.9,No,Express,Yes,Yes,49,Cash,Weekly
3584,60,Male,Shoes,Footwear,21,New Jersey,M,Orange,Fall,2.7,No,Next Day Air,No,No,15,Venmo,Weekly
3585,45,Male,Pants,Clothing,22,Alabama,M,Turquoise,Winter,4.1,No,Store Pickup,Yes,Yes,44,PayPal,Weekly
3586,70,Male,Jacket,Outerwear,89,Massachusetts,M,Teal,Fall,3.4,No,Store Pickup,No,No,44,Bank Transfer,Every 3 Months
3587,33,Male,Shirt,Clothing,42,Alabama,M,Charcoal,Winter,3.0,No,Free Shipping,Yes,Yes,1,Credit Card,Every 3 Months
3588,50,Male,Sneakers,Footwear,59,New Hampshire,M,Lavender,Summer,3.3,Yes,Next Day Air,No,No,20,Venmo,Fortnightly
3589,30,Male,Backpack,Accessories,41,Montana,S,Orange,Winter,4.1,No,Store Pickup,No,No,3,Credit Card,Weekly
3590,53,Female,Backpack,Accessories,73,Alabama,L,Teal,Spring,3.6,Yes,2-Day Shipping,No,No,3,Debit Card,Annually
3591,22,Male,Sneakers,Footwear,39,Iowa,S,Charcoal,Spring,3.6,Yes,Express,Yes,Yes,32,Bank Transfer,Every 3 Months
3592,20,Male,Belt,Accessories,85,Alaska,M,Charcoal,Summer,4.6,No,Express,Yes,Yes,14,PayPal,Monthly
3593,42,Male,Sunglasses,Accessories,95,North Dakota,M,Teal,Summer,4.3,Yes,Next Day Air,No,No,6,Venmo,Bi-Weekly
3594,37,Male,Jeans,Clothing,82,Rhode Island,M,Orange,Winter,3.3,No,Next Day Air,Yes,Yes,46,Bank Transfer,Monthly
3595,26,Male,Shoes,Footwear,34,North Carolina,M,Beige,Spring,4.2,Yes,Next Day Air,No,No,24,Credit Card,Weekly
3596,40,Male,Jewelry,Accessories,60,Georgia,XL,Olive,Winter,2.8,No,Free Shipping,Yes,Yes,20,Debit Card,Every 3 Months
3597,26,Female,Hoodie,Clothing,48,Delaware,M,Green,Winter,3.1,No,Express,Yes,Yes,32,Venmo,Quarterly
3598,18,Male,Skirt,Clothing,70,Illinois,M,Yellow,Spring,3.3,No,Store Pickup,Yes,Yes,2,Debit Card,Weekly
3599,63,Female,Scarf,Accessories,43,Texas,M,Beige,Fall,4.9,No,2-Day Shipping,Yes,Yes,16,Cash,Monthly
3600,61,Female,Handbag,Accessories,35,Idaho,L,Silver,Spring,3.4,No,Next Day Air,No,No,32,Venmo,Weekly
3601,22,Male,Socks,Clothing,95,Rhode Island,M,Violet,Fall,4.6,No,2-Day Shipping,Yes,Yes,8,PayPal,Bi-Weekly
3602,57,Male,Shirt,Clothing,99,Delaware,XL,Gray,Fall,3.6,No,Free Shipping,No,No,4,Venmo,Weekly
3603,38,Female,Sunglasses,Accessories,31,Hawaii,S,Gold,Spring,2.8,No,2-Day Shipping,No,No,8,Debit Card,Bi-Weekly
3604,40,Female,Sunglasses,Accessories,93,Iowa,S,Purple,Winter,4.6,No,2-Day Shipping,No,No,9,PayPal,Every 3 Months
3605,56,Male,Shoes,Footwear,59,New Hampshire,M,Cyan,Winter,3.5,Yes,Next Day Air,No,No,21,Cash,Quarterly
3606,37,Male,Pants,Clothing,71,Texas,S,Maroon,Spring,4.5,Yes,Next Day Air,No,No,1,Debit Card,Fortnightly
3607,56,Male,Sunglasses,Accessories,72,South Carolina,XL,Magenta,Winter,4.9,No,2-Day Shipping,No,No,7,Debit Card,Quarterly
3608,47,Female,Gloves,Accessories,34,New York,M,Cyan,Summer,4.6,Yes,Express,Yes,Yes,45,Debit Card,Every 3 Months
3609,65,Male,Coat,Outerwear,59,Nebraska,S,White,Fall,3.2,No,Free Shipping,Yes,Yes,32,Venmo,Monthly
3610,21,Male,Socks,Clothing,21,New Jersey,M,Purple,Winter,4.8,Yes,Express,No,No,50,Credit Card,Bi-Weekly
3611,19,Female,Socks,Clothing,49,North Dakota,M,Indigo,Fall,3.1,Yes,Free Shipping,Yes,Yes,48,Bank Transfer,Monthly
3612,37,Female,Jeans,Clothing,68,Minnesota,L,Gold,Summer,4.7,Yes,2-Day Shipping,No,No,35,Credit Card,Bi-Weekly
3613,22,Male,Sandals,Footwear,61,Texas,S,Charcoal,Summer,4.0,No,Store Pickup,Yes,Yes,1,Debit Card,Monthly
3614,39,Male,Pants,Clothing,46,New York,M,Olive,Winter,3.9,No,Next Day Air,No,No,11,Venmo,Weekly
3615,48,Male,Gloves,Accessories,24,Mississippi,L,Pink,Spring,4.9,Yes,2-Day Shipping,Yes,Yes,46,Cash,Fortnightly
3616,53,Male,Blouse,Clothing,51,Colorado,XL,Red,Summer,4.8,No,Express,Yes,Yes,13,Credit Card,Bi-Weekly
3617,38,Female,Dress,Clothing,42,Georgia,M,Turquoise,Spring,3.5,No,Standard,Yes,Yes,27,Cash,Bi-Weekly
3618,28,Female,Sneakers,Footwear,47,Texas,L,Peach,Summer,3.4,No,Free Shipping,No,No,6,PayPal,Annually
3619,31,Male,Sunglasses,Accessories,22,South Dakota,M,Green,Summer,2.6,No,2-Day Shipping,Yes,Yes,12,Cash,Every 3 Months
3620,23,Female,Shorts,Clothing,77,West Virginia,L,Orange,Spring,2.8,No,2-Day Shipping,No,No,19,PayPal,Quarterly
3621,50,Male,Gloves,Accessories,66,Alaska,M,Pink,Spring,4.2,No,Free Shipping,No,No,15,Cash,Quarterly
3622,39,Male,Handbag,Accessories,56,Georgia,M,Indigo,Spring,4.8,No,Next Day Air,Yes,Yes,17,Venmo,Bi-Weekly
3623,25,Male,Hat,Accessories,92,North Carolina,S,Yellow,Fall,3.2,No,Store Pickup,No,No,44,Bank Transfer,Weekly
3624,55,Female,Pants,Clothing,24,Georgia,XL,Charcoal,Spring,4.5,No,Next Day Air,Yes,Yes,48,Venmo,Fortnightly
3625,44,Male,Boots,Footwear,50,Iowa,M,Maroon,Spring,3.9,No,2-Day Shipping,Yes,Yes,36,PayPal,Fortnightly
3626,62,Male,Shorts,Clothing,87,Delaware,L,Maroon,Summer,4.7,Yes,Express,Yes,Yes,7,Bank Transfer,Bi-Weekly
3627,19,Male,Hat,Accessories,32,Alaska,L,Cyan,Spring,2.5,No,Next Day Air,No,No,28,Cash,Weekly
3628,39,Male,Sunglasses,Accessories,25,Idaho,L,Cyan,Winter,3.1,No,Next Day Air,No,No,40,Cash,Every 3 Months
3629,19,Male,Sweater,Clothing,29,Hawaii,L,Gray,Spring,5.0,No,Standard,No,No,40,Debit Card,Annually
3630,66,Male,Sweater,Clothing,51,Oregon,S,Green,Winter,2.8,No,Store Pickup,Yes,Yes,9,Debit Card,Every 3 Months
3631,18,Male,Handbag,Accessories,34,Kentucky,M,Turquoise,Winter,3.4,Yes,2-Day Shipping,Yes,Yes,18,Bank Transfer,Fortnightly
3632,33,Female,Scarf,Accessories,26,New York,M,Charcoal,Summer,3.0,No,Free Shipping,Yes,Yes,7,Bank Transfer,Every 3 Months
3633,55,Male,Handbag,Accessories,89,Indiana,S,Green,Winter,4.1,Yes,2-Day Shipping,Yes,Yes,6,Venmo,Monthly
3634,50,Female,Shirt,Clothing,29,Louisiana,L,Charcoal,Spring,3.5,Yes,Free Shipping,No,No,48,Credit Card,Fortnightly
3635,62,Male,Boots,Footwear,65,Maine,M,Cyan,Spring,3.7,No,Express,Yes,Yes,28,Venmo,Fortnightly
3636,21,Female,Shoes,Footwear,93,Massachusetts,L,Magenta,Winter,4.8,No,Store Pickup,No,No,43,Venmo,Bi-Weekly
3637,41,Male,Dress,Clothing,87,West Virginia,L,Peach,Winter,4.9,No,Standard,No,No,19,PayPal,Monthly
3638,62,Female,Hat,Accessories,26,North Carolina,L,Magenta,Fall,4.7,No,2-Day Shipping,Yes,Yes,46,Debit Card,Fortnightly
3639,58,Male,Skirt,Clothing,46,Wyoming,S,Charcoal,Winter,2.7,No,Standard,Yes,Yes,25,Cash,Quarterly
3640,66,Male,Boots,Footwear,82,Missouri,M,Magenta,Winter,2.8,No,Express,Yes,Yes,47,Cash,Annually
3641,34,Male,Coat,Outerwear,50,Oregon,M,Brown,Winter,4.5,Yes,Standard,Yes,Yes,45,Debit Card,Fortnightly
3642,40,Male,Socks,Clothing,22,Delaware,M,Turquoise,Spring,3.3,Yes,2-Day Shipping,Yes,Yes,10,PayPal,Weekly
3643,18,Male,Scarf,Accessories,75,Alaska,M,Olive,Winter,4.9,Yes,Standard,Yes,Yes,44,Cash,Quarterly
3644,43,Female,Hoodie,Clothing,48,Ohio,M,Turquoise,Summer,4.4,No,Store Pickup,No,No,38,Debit Card,Annually
3645,37,Male,Shorts,Clothing,33,Delaware,M,Pink,Spring,3.7,No,Next Day Air,Yes,Yes,5,PayPal,Weekly
3646,67,Male,Scarf,Accessories,43,Vermont,M,Brown,Fall,2.8,No,Standard,Yes,Yes,19,PayPal,Quarterly
3647,48,Male,Scarf,Accessories,69,Massachusetts,M,Brown,Spring,4.5,No,Next Day Air,Yes,Yes,13,Venmo,Monthly
3648,43,Male,Socks,Clothing,50,Minnesota,M,Indigo,Winter,2.6,No,Free Shipping,No,No,29,Credit Card,Bi-Weekly
3649,45,Male,Dress,Clothing,38,Alaska,XL,Pink,Spring,4.4,No,Free Shipping,Yes,Yes,28,Cash,Bi-Weekly
3650,64,Female,Handbag,Accessories,47,Kansas,M,Yellow,Winter,4.2,No,Next Day Air,No,No,4,Bank Transfer,Bi-Weekly
3651,60,Male,Scarf,Accessories,42,Montana,M,Teal,Summer,3.5,No,Next Day Air,Yes,Yes,33,PayPal,Monthly
3652,39,Male,Jewelry,Accessories,40,North Carolina,S,Violet,Spring,3.6,No,Standard,No,No,46,PayPal,Weekly
3653,58,Male,Jewelry,Accessories,55,Rhode Island,M,Lavender,Spring,3.2,Yes,2-Day Shipping,No,No,15,Bank Transfer,Weekly
3654,47,Male,Skirt,Clothing,40,Maryland,M,Red,Winter,5.0,No,Store Pickup,Yes,Yes,47,Cash,Bi-Weekly
3655,66,Male,Sneakers,Footwear,94,Kentucky,M,Red,Fall,2.9,No,2-Day Shipping,Yes,Yes,22,PayPal,Annually
3656,37,Male,Dress,Clothing,66,Colorado,M,Peach,Summer,4.6,Yes,Store Pickup,Yes,Yes,14,Venmo,Monthly
3657,48,Male,Shoes,Footwear,84,New Hampshire,S,Turquoise,Summer,4.5,No,2-Day Shipping,Yes,Yes,22,Cash,Fortnightly
3658,53,Female,Socks,Clothing,81,Iowa,L,Turquoise,Summer,3.9,No,2-Day Shipping,No,No,33,Credit Card,Annually
3659,22,Male,Handbag,Accessories,59,Iowa,M,Purple,Winter,4.1,No,Standard,Yes,Yes,25,Debit Card,Fortnightly
3660,68,Male,Jewelry,Accessories,28,Alaska,M,Beige,Fall,4.5,No,Store Pickup,No,No,28,PayPal,Bi-Weekly
3661,54,Male,Jacket,Outerwear,21,Montana,L,Teal,Fall,4.0,No,Free Shipping,No,No,37,PayPal,Fortnightly
3662,36,Female,Coat,Outerwear,71,Delaware,M,Lavender,Fall,2.8,No,2-Day Shipping,Yes,Yes,48,Bank Transfer,Fortnightly
3663,56,Female,Jacket,Outerwear,21,Alaska,M,Gray,Spring,4.9,No,Standard,No,No,22,Bank Transfer,Bi-Weekly
3664,20,Male,Dress,Clothing,72,Ohio,M,Pink,Summer,3.3,No,2-Day Shipping,Yes,Yes,38,Credit Card,Bi-Weekly
3665,51,Male,Sandals,Footwear,81,South Dakota,S,Brown,Winter,4.0,No,Next Day Air,Yes,Yes,35,PayPal,Every 3 Months
3666,44,Male,Jewelry,Accessories,64,Colorado,M,Gray,Summer,4.3,No,Next Day Air,Yes,Yes,43,PayPal,Every 3 Months
3667,36,Male,Gloves,Accessories,93,Oklahoma,S,Violet,Summer,4.8,No,Store Pickup,No,No,2,Credit Card,Fortnightly
3668,65,Male,Coat,Outerwear,81,North Dakota,M,Yellow,Spring,3.5,Yes,Store Pickup,No,No,4,Cash,Quarterly
3669,65,Male,Dress,Clothing,64,South Carolina,M,Pink,Fall,4.6,No,Express,No,No,30,Bank Transfer,Monthly
3670,46,Female,Backpack,Accessories,85,Vermont,M,Gold,Winter,3.7,No,Free Shipping,No,No,49,Cash,Quarterly
3671,57,Female,Blouse,Clothing,91,New Jersey,S,Silver,Fall,4.5,No,Store Pickup,Yes,Yes,38,Bank Transfer,Every 3 Months
3672,64,Female,Handbag,Accessories,68,New York,L,Black,Summer,4.6,No,Store Pickup,Yes,Yes,40,PayPal,Bi-Weekly
3673,25,Female,Dress,Clothing,83,Nebraska,S,Red,Summer,5.0,No,2-Day Shipping,No,No,23,PayPal,Weekly
3674,36,Male,Dress,Clothing,21,South Dakota,S,Maroon,Fall,4.1,No,Next Day Air,Yes,Yes,26,Venmo,Fortnightly
3675,52,Female,Hoodie,Clothing,52,Vermont,M,Teal,Fall,3.1,No,Standard,No,No,39,Credit Card,Bi-Weekly
3676,25,Male,Pants,Clothing,33,Arkansas,M,White,Summer,4.9,Yes,2-Day Shipping,No,No,27,Cash,Weekly
3677,39,Female,Coat,Outerwear,28,Maryland,S,Pink,Winter,3.3,Yes,Free Shipping,No,No,29,PayPal,Bi-Weekly
3678,43,Female,Blouse,Clothing,85,Hawaii,M,Lavender,Winter,3.6,Yes,2-Day Shipping,Yes,Yes,14,Debit Card,Quarterly
3679,23,Female,Hat,Accessories,35,Hawaii,S,Orange,Spring,4.6,No,Free Shipping,Yes,Yes,26,Venmo,Weekly
3680,25,Male,Backpack,Accessories,29,Alaska,S,Purple,Spring,4.7,No,Standard,No,No,31,Venmo,Every 3 Months
3681,66,Female,Blouse,Clothing,60,Minnesota,XL,Black,Fall,3.5,Yes,Store Pickup,No,No,4,Bank Transfer,Every 3 Months
3682,35,Female,Sweater,Clothing,79,Maryland,M,Olive,Fall,5.0,No,2-Day Shipping,Yes,Yes,8,Credit Card,Quarterly
3683,38,Male,Sneakers,Footwear,58,New Hampshire,XL,Beige,Winter,4.0,No,Express,No,No,3,Bank Transfer,Monthly
3684,38,Male,Shirt,Clothing,77,Wyoming,L,Black,Summer,3.7,No,Store Pickup,Yes,Yes,30,Credit Card,Fortnightly
3685,26,Male,Sandals,Footwear,53,Alabama,L,Teal,Summer,3.6,No,Express,No,No,19,Debit Card,Quarterly
3686,21,Male,Backpack,Accessories,47,Kentucky,L,Teal,Summer,2.9,No,Express,Yes,Yes,6,Bank Transfer,Bi-Weekly
3687,52,Female,Hoodie,Clothing,55,South Dakota,L,Indigo,Spring,4.7,No,Express,No,No,44,Venmo,Fortnightly
3688,53,Male,Jewelry,Accessories,44,Colorado,M,Yellow,Summer,4.4,No,Standard,Yes,Yes,20,Bank Transfer,Weekly
3689,38,Male,Shorts,Clothing,51,Oklahoma,S,Gray,Spring,4.3,No,Standard,No,No,50,PayPal,Annually
3690,58,Male,Sandals,Footwear,50,Montana,XL,Orange,Winter,3.3,No,Express,Yes,Yes,24,Credit Card,Weekly
3691,18,Female,Dress,Clothing,56,Wyoming,L,Gray,Fall,4.1,Yes,Express,No,No,11,Credit Card,Every 3 Months
3692,37,Male,Coat,Outerwear,65,Utah,S,Turquoise,Fall,3.0,No,2-Day Shipping,No,No,50,PayPal,Quarterly
3693,31,Male,Dress,Clothing,73,Ohio,XL,Olive,Fall,3.8,No,2-Day Shipping,Yes,Yes,45,Credit Card,Quarterly
3694,30,Male,Hoodie,Clothing,87,Nebraska,L,Pink,Fall,2.7,Yes,Store Pickup,No,No,5,Credit Card,Weekly
3695,41,Female,Scarf,Accessories,32,New York,M,Brown,Winter,4.4,Yes,Next Day Air,Yes,Yes,47,Venmo,Bi-Weekly
3696,52,Male,Jewelry,Accessories,26,Missouri,S,Violet,Spring,2.5,No,2-Day Shipping,No,No,22,Venmo,Annually
3697,47,Male,Coat,Outerwear,41,Vermont,M,Black,Winter,2.7,Yes,Express,No,No,13,Bank Transfer,Annually
3698,62,Female,Gloves,Accessories,97,Nevada,S,Turquoise,Fall,3.1,No,Standard,No,No,21,Venmo,Fortnightly
3699,53,Female,Shorts,Clothing,59,North Dakota,M,Magenta,Fall,4.6,No,Free Shipping,No,No,45,PayPal,Bi-Weekly
3700,47,Male,Sunglasses,Accessories,20,West Virginia,L,Magenta,Spring,4.9,No,Standard,Yes,Yes,4,Cash,Weekly
3701,70,Female,Shorts,Clothing,58,Maine,S,Charcoal,Winter,3.3,Yes,2-Day Shipping,Yes,Yes,44,Debit Card,Monthly
3702,31,Male,Hoodie,Clothing,24,Florida,M,Yellow,Fall,2.8,No,Express,Yes,Yes,10,Credit Card,Monthly
3703,68,Female,Blouse,Clothing,60,Hawaii,M,Gray,Winter,4.9,No,Next Day Air,Yes,Yes,5,PayPal,Weekly
3704,63,Male,Dress,Clothing,83,Delaware,L,Red,Spring,4.2,No,2-Day Shipping,No,No,38,Debit Card,Quarterly
3705,41,Male,Backpack,Accessories,67,Kansas,M,Silver,Winter,3.7,Yes,2-Day Shipping,No,No,14,Cash,Annually
3706,28,Male,Belt,Accessories,81,Kansas,XL,Red,Spring,3.2,Yes,2-Day Shipping,No,No,14,Credit Card,Every 3 Months
3707,34,Male,Jewelry,Accessories,75,Oklahoma,XL,Charcoal,Spring,3.8,Yes,Next Day Air,No,No,6,Debit Card,Fortnightly
3708,20,Male,Blouse,Clothing,93,Florida,M,Purple,Fall,3.3,Yes,Store Pickup,Yes,Yes,4,Debit Card,Monthly
3709,42,Female,Sweater,Clothing,79,Indiana,L,Yellow,Spring,3.6,No,Free Shipping,No,No,33,Debit Card,Monthly
3710,50,Male,Boots,Footwear,27,Indiana,L,Gray,Summer,3.9,No,2-Day Shipping,No,No,23,Debit Card,Bi-Weekly
3711,53,Male,Backpack,Accessories,27,Indiana,L,Orange,Spring,3.0,No,Express,Yes,Yes,5,Bank Transfer,Annually
3712,24,Female,Skirt,Clothing,71,Alabama,L,Cyan,Summer,3.7,No,Standard,No,No,12,Debit Card,Monthly
3713,46,Male,Shoes,Footwear,87,South Carolina,XL,Brown,Spring,4.8,No,Next Day Air,Yes,Yes,27,Credit Card,Monthly
3714,18,Female,Dress,Clothing,23,Nevada,L,Purple,Summer,4.9,No,Free Shipping,No,No,44,PayPal,Every 3 Months
3715,50,Male,Jacket,Outerwear,96,Arkansas,M,Cyan,Fall,4.4,No,Store Pickup,Yes,Yes,19,PayPal,Bi-Weekly
3716,68,Male,Backpack,Accessories,44,South Carolina,L,Teal,Spring,4.6,No,2-Day Shipping,No,No,35,Bank Transfer,Weekly
3717,51,Female,Sneakers,Footwear,78,Maine,XL,Turquoise,Summer,2.5,No,2-Day Shipping,No,No,28,Credit Card,Bi-Weekly
3718,29,Male,Boots,Footwear,25,Hawaii,S,Silver,Fall,3.9,No,Standard,Yes,Yes,1,PayPal,Monthly
3719,45,Male,Coat,Outerwear,54,Rhode Island,L,Olive,Summer,3.4,No,Express,No,No,5,Debit Card,Weekly
3720,54,Male,Scarf,Accessories,61,Maine,M,Black,Fall,4.3,Yes,Express,Yes,Yes,34,Cash,Every 3 Months
3721,28,Male,Socks,Clothing,75,Iowa,XL,Peach,Winter,3.8,Yes,Express,Yes,Yes,41,Bank Transfer,Fortnightly
3722,54,Male,Sweater,Clothing,52,West Virginia,L,Silver,Summer,3.7,Yes,Next Day Air,No,No,44,Venmo,Every 3 Months
3723,32,Male,Sneakers,Footwear,22,Maryland,M,Gold,Fall,4.5,Yes,Express,No,No,30,Venmo,Bi-Weekly
3724,41,Male,Skirt,Clothing,79,Missouri,L,Olive,Spring,3.1,Yes,Next Day Air,No,No,13,Bank Transfer,Fortnightly
3725,64,Male,Handbag,Accessories,38,Iowa,L,Charcoal,Spring,4.7,No,Standard,Yes,Yes,35,PayPal,Monthly
3726,29,Female,Backpack,Accessories,97,California,M,Yellow,Summer,4.6,No,Free Shipping,Yes,Yes,10,Credit Card,Bi-Weekly
3727,42,Male,Belt,Accessories,26,Minnesota,M,Lavender,Winter,3.7,Yes,Next Day Air,Yes,Yes,49,Credit Card,Quarterly
3728,63,Male,Jeans,Clothing,100,Idaho,S,Green,Fall,4.4,No,Store Pickup,Yes,Yes,8,PayPal,Fortnightly
3729,29,Male,Backpack,Accessories,46,Oregon,M,Black,Winter,2.5,No,Standard,No,No,33,Bank Transfer,Annually
3730,66,Female,Shoes,Footwear,72,Oregon,L,Peach,Summer,4.6,No,Store Pickup,Yes,Yes,48,Bank Transfer,Monthly
3731,56,Male,Jewelry,Accessories,37,South Dakota,L,Turquoise,Fall,2.8,No,Express,No,No,29,Cash,Every 3 Months
3732,70,Male,Shoes,Footwear,37,Maine,S,Magenta,Summer,4.6,No,Express,Yes,Yes,25,Credit Card,Weekly
3733,47,Female,Sandals,Footwear,21,California,S,Green,Fall,3.3,No,Free Shipping,No,No,6,Credit Card,Annually
3734,70,Male,Socks,Clothing,44,Kentucky,L,Turquoise,Spring,2.7,Yes,Express,Yes,Yes,34,Debit Card,Weekly
3735,26,Female,Dress,Clothing,75,Florida,S,Gold,Fall,4.4,No,Free Shipping,Yes,Yes,7,Credit Card,Every 3 Months
3736,43,Male,Boots,Footwear,97,Vermont,M,Indigo,Winter,4.1,Yes,Free Shipping,No,No,47,Cash,Every 3 Months
3737,57,Male,Shoes,Footwear,20,North Carolina,XL,Teal,Spring,4.0,No,Express,No,No,27,Credit Card,Quarterly
3738,35,Male,Coat,Outerwear,32,New Jersey,S,Indigo,Summer,3.8,No,Store Pickup,No,No,33,Bank Transfer,Quarterly
3739,31,Female,Scarf,Accessories,78,Louisiana,L,Yellow,Spring,4.5,Yes,Standard,No,No,49,Bank Transfer,Every 3 Months
3740,63,Female,Skirt,Clothing,47,Vermont,M,Brown,Winter,4.8,No,2-Day Shipping,Yes,Yes,6,Bank Transfer,Every 3 Months
3741,33,Female,Sandals,Footwear,20,Nevada,L,Violet,Fall,2.7,No,2-Day Shipping,No,No,50,Bank Transfer,Quarterly
3742,68,Male,Jeans,Clothing,56,Wyoming,L,Charcoal,Summer,4.1,No,Express,No,No,34,PayPal,Bi-Weekly
3743,56,Male,Blouse,Clothing,64,Delaware,L,Gold,Spring,3.1,Yes,Store Pickup,Yes,Yes,18,Credit Card,Weekly
3744,39,Male,Belt,Accessories,99,Massachusetts,M,Indigo,Winter,4.4,No,Standard,Yes,Yes,14,Cash,Fortnightly
3745,27,Female,Jacket,Outerwear,87,Tennessee,S,Lavender,Fall,4.3,No,Store Pickup,No,No,46,Credit Card,Annually
3746,59,Male,Dress,Clothing,29,West Virginia,M,Silver,Summer,3.3,No,Standard,No,No,50,Cash,Weekly
3747,50,Male,Hat,Accessories,94,Minnesota,M,Gray,Spring,3.9,No,Express,Yes,Yes,42,Cash,Weekly
3748,69,Male,Sneakers,Footwear,52,Wyoming,M,Green,Winter,2.8,Yes,Standard,Yes,Yes,48,Debit Card,Bi-Weekly
3749,61,Male,Handbag,Accessories,66,West Virginia,M,Cyan,Fall,3.1,No,Store Pickup,No,No,32,Debit Card,Weekly
3750,34,Male,Jeans,Clothing,32,North Carolina,M,Teal,Spring,3.7,No,2-Day Shipping,Yes,Yes,39,Cash,Fortnightly
3751,51,Male,Socks,Clothing,82,New Jersey,M,Yellow,Fall,4.7,Yes,Standard,Yes,Yes,2,Venmo,Every 3 Months
3752,65,Female,Pants,Clothing,45,South Dakota,M,Lavender,Winter,2.6,Yes,Store Pickup,No,No,22,Credit Card,Fortnightly
3753,31,Male,Boots,Footwear,38,Indiana,M,Silver,Summer,4.6,No,Next Day Air,No,No,31,Cash,Bi-Weekly
3754,22,Male,Sunglasses,Accessories,58,Florida,S,Green,Winter,4.0,Yes,Free Shipping,No,No,50,Venmo,Every 3 Months
3755,59,Female,Gloves,Accessories,41,North Dakota,M,Teal,Summer,3.9,No,2-Day Shipping,No,No,4,Venmo,Every 3 Months
3756,48,Female,Handbag,Accessories,79,Iowa,M,Yellow,Fall,2.7,Yes,2-Day Shipping,Yes,Yes,1,Credit Card,Every 3 Months
3757,66,Female,Socks,Clothing,77,Texas,XL,Teal,Winter,2.6,No,2-Day Shipping,Yes,Yes,19,PayPal,Fortnightly
3758,57,Female,Sandals,Footwear,53,North Carolina,M,Red,Spring,3.2,No,2-Day Shipping,Yes,Yes,1,Venmo,Fortnightly
3759,44,Male,Belt,Accessories,35,New Hampshire,XL,Indigo,Winter,2.6,No,Free Shipping,No,No,45,Bank Transfer,Bi-Weekly
3760,49,Female,Belt,Accessories,77,Idaho,M,Cyan,Fall,4.7,No,2-Day Shipping,Yes,Yes,19,Venmo,Bi-Weekly
3761,43,Female,Sneakers,Footwear,40,South Carolina,M,Gold,Winter,4.6,No,Standard,No,No,44,PayPal,Bi-Weekly
3762,39,Female,Jeans,Clothing,81,Missouri,L,Yellow,Fall,4.2,No,Next Day Air,No,No,43,Credit Card,Fortnightly
3763,36,Female,Sweater,Clothing,38,Illinois,S,Pink,Fall,3.5,No,Express,No,No,38,Venmo,Monthly
3764,59,Female,Sunglasses,Accessories,84,Nebraska,L,Violet,Fall,3.3,No,Next Day Air,No,No,5,Cash,Annually
3765,49,Male,Dress,Clothing,28,Maryland,L,Yellow,Spring,4.1,Yes,Next Day Air,No,No,44,Credit Card,Weekly
3766,39,Male,Jewelry,Accessories,80,Delaware,M,Turquoise,Spring,4.2,No,Express,No,No,9,Venmo,Weekly
3767,38,Male,Pants,Clothing,88,Mississippi,L,Gray,Winter,4.2,No,2-Day Shipping,No,No,33,Cash,Every 3 Months
3768,34,Male,Sandals,Footwear,76,Arizona,XL,Gray,Spring,3.8,No,Express,No,No,30,Venmo,Monthly
3769,37,Male,Shoes,Footwear,31,Nevada,S,Black,Spring,4.2,No,Store Pickup,Yes,Yes,2,Cash,Bi-Weekly
3770,42,Female,Dress,Clothing,92,Vermont,M,Turquoise,Winter,2.5,No,Express,No,No,35,Debit Card,Quarterly
3771,54,Female,Shorts,Clothing,80,Oklahoma,L,Lavender,Winter,4.8,Yes,Next Day Air,No,No,39,Venmo,Every 3 Months
3772,36,Male,Sunglasses,Accessories,49,Indiana,M,Red,Winter,3.2,No,Express,Yes,Yes,30,Debit Card,Bi-Weekly
3773,61,Male,Dress,Clothing,34,Oregon,M,Red,Summer,4.4,No,2-Day Shipping,Yes,Yes,27,Venmo,Bi-Weekly
3774,62,Male,Hoodie,Clothing,42,Idaho,M,Violet,Fall,4.2,No,Free Shipping,No,No,1,Bank Transfer,Monthly
3775,18,Female,Dress,Clothing,46,Maryland,M,Beige,Spring,4.1,No,2-Day Shipping,Yes,Yes,44,Cash,Weekly
3776,45,Male,Sunglasses,Accessories,96,North Dakota,M,Brown,Winter,3.4,Yes,Store Pickup,Yes,Yes,10,Cash,Every 3 Months
3777,38,Female,Boots,Footwear,51,New Hampshire,S,Red,Summer,3.8,Yes,Store Pickup,No,No,42,Bank Transfer,Bi-Weekly
3778,48,Male,Sweater,Clothing,78,New Jersey,L,Cyan,Fall,2.7,No,Store Pickup,Yes,Yes,49,Bank Transfer,Quarterly
3779,63,Male,Sneakers,Footwear,83,Maine,L,Peach,Winter,4.4,No,Standard,No,No,7,Debit Card,Bi-Weekly
3780,47,Male,Sneakers,Footwear,67,Arizona,M,Olive,Spring,3.8,No,Free Shipping,No,No,5,Bank Transfer,Every 3 Months
3781,48,Female,Socks,Clothing,43,South Carolina,M,Gold,Summer,3.5,Yes,Store Pickup,No,No,48,Bank Transfer,Every 3 Months
3782,70,Male,Jacket,Outerwear,82,South Carolina,L,Peach,Fall,4.9,No,Free Shipping,Yes,Yes,15,Cash,Quarterly
3783,31,Male,Gloves,Accessories,20,Kansas,L,Violet,Summer,2.8,No,Next Day Air,No,No,41,PayPal,Weekly
3784,22,Male,Shirt,Clothing,23,Colorado,S,Beige,Fall,3.6,Yes,Standard,No,No,33,Debit Card,Every 3 Months
3785,54,Male,Sneakers,Footwear,52,Wyoming,M,Teal,Winter,3.3,Yes,Free Shipping,No,No,16,Debit Card,Every 3 Months
3786,45,Female,Dress,Clothing,86,Illinois,M,Gold,Summer,3.9,No,2-Day Shipping,Yes,Yes,16,Cash,Quarterly
3787,50,Female,Pants,Clothing,94,Nebraska,L,Silver,Winter,4.2,No,Store Pickup,Yes,Yes,36,PayPal,Every 3 Months
3788,39,Female,Boots,Footwear,52,South Dakota,L,Silver,Fall,3.5,No,Next Day Air,Yes,Yes,26,Venmo,Every 3 Months
3789,39,Female,Belt,Accessories,74,Alaska,XL,Maroon,Spring,3.4,No,Standard,No,No,16,Bank Transfer,Every 3 Months
3790,58,Male,Socks,Clothing,62,Maine,M,Magenta,Summer,4.6,No,Express,Yes,Yes,21,Credit Card,Fortnightly
3791,52,Male,Sunglasses,Accessories,52,Massachusetts,S,Purple,Summer,3.1,No,Next Day Air,No,No,4,PayPal,Every 3 Months
3792,51,Female,Sandals,Footwear,79,Arizona,M,Magenta,Spring,2.9,No,Store Pickup,Yes,Yes,28,Bank Transfer,Quarterly
3793,55,Female,Sweater,Clothing,92,Maine,M,Gold,Winter,3.5,Yes,2-Day Shipping,No,No,10,Venmo,Annually
3794,51,Female,Shorts,Clothing,72,Arizona,M,Brown,Fall,2.9,No,Standard,No,No,3,Credit Card,Weekly
3795,66,Male,Jeans,Clothing,65,Alabama,S,Black,Spring,3.0,No,2-Day Shipping,No,No,12,Venmo,Quarterly
3796,66,Male,Pants,Clothing,65,Alabama,M,Magenta,Summer,2.8,Yes,Free Shipping,No,No,23,Cash,Fortnightly
3797,27,Male,Jeans,Clothing,28,Maine,L,Turquoise,Summer,2.8,No,2-Day Shipping,Yes,Yes,13,Debit Card,Every 3 Months
3798,62,Female,Shorts,Clothing,20,Florida,S,Turquoise,Fall,3.7,Yes,Standard,No,No,34,Cash,Bi-Weekly
3799,24,Male,Socks,Clothing,77,Kentucky,S,Olive,Summer,3.2,No,Standard,Yes,Yes,3,PayPal,Bi-Weekly
3800,33,Male,Sweater,Clothing,95,Indiana,M,Yellow,Summer,4.8,Yes,Next Day Air,No,No,26,Bank Transfer,Every 3 Months
3801,40,Male,Socks,Clothing,41,South Carolina,M,Green,Winter,4.6,No,Free Shipping,No,No,42,PayPal,Weekly
3802,39,Male,Jacket,Outerwear,81,Kentucky,S,Indigo,Fall,4.3,Yes,Standard,Yes,Yes,41,PayPal,Fortnightly
3803,31,Male,Pants,Clothing,30,Rhode Island,L,Purple,Winter,3.6,Yes,Free Shipping,Yes,Yes,3,Bank Transfer,Weekly
3804,25,Male,Boots,Footwear,86,Alaska,M,Teal,Spring,4.1,No,Store Pickup,No,No,18,PayPal,Monthly
3805,47,Male,Jewelry,Accessories,64,New Jersey,L,Brown,Fall,3.8,No,Express,No,No,9,PayPal,Weekly
3806,48,Male,Belt,Accessories,41,Iowa,M,Cyan,Summer,3.7,Yes,Express,No,No,2,Debit Card,Quarterly
3807,22,Male,Dress,Clothing,43,Illinois,S,Indigo,Fall,3.9,Yes,Express,No,No,30,Bank Transfer,Quarterly
3808,35,Male,Gloves,Accessories,49,Tennessee,XL,White,Winter,3.2,No,Next Day Air,Yes,Yes,43,Credit Card,Quarterly
3809,69,Male,Sweater,Clothing,47,Vermont,M,Beige,Spring,2.7,No,Store Pickup,No,No,12,Bank Transfer,Weekly
3810,29,Female,Skirt,Clothing,28,New York,S,Olive,Fall,4.0,No,Free Shipping,Yes,Yes,43,Debit Card,Annually
3811,38,Female,Belt,Accessories,37,California,L,Olive,Fall,3.1,Yes,Next Day Air,No,No,8,Debit Card,Weekly
3812,33,Male,Sunglasses,Accessories,21,Alaska,S,Red,Summer,3.9,No,Next Day Air,No,No,24,Venmo,Quarterly
3813,29,Male,Pants,Clothing,87,Indiana,L,Maroon,Summer,3.8,Yes,Free Shipping,No,No,1,Debit Card,Every 3 Months
3814,20,Female,Hoodie,Clothing,80,Alabama,S,Lavender,Spring,2.8,Yes,Express,Yes,Yes,4,Venmo,Monthly
3815,42,Female,Hoodie,Clothing,24,New Hampshire,M,Maroon,Winter,4.8,No,Next Day Air,Yes,Yes,8,Cash,Monthly
3816,59,Male,Belt,Accessories,68,Kentucky,XL,Yellow,Fall,4.9,No,Store Pickup,Yes,Yes,38,Cash,Weekly
3817,53,Female,Hat,Accessories,79,Minnesota,S,Yellow,Fall,2.6,Yes,2-Day Shipping,No,No,25,Cash,Monthly
3818,66,Male,Coat,Outerwear,91,Delaware,M,Cyan,Fall,4.2,No,Free Shipping,No,No,16,Bank Transfer,Annually
3819,41,Female,Jeans,Clothing,58,Maine,M,Gold,Fall,4.3,No,Express,Yes,Yes,17,PayPal,Monthly
3820,59,Male,Socks,Clothing,91,Massachusetts,S,Maroon,Spring,2.9,Yes,Standard,Yes,Yes,16,Bank Transfer,Weekly
3821,28,Male,Belt,Accessories,73,Ohio,M,Charcoal,Fall,4.7,No,Standard,Yes,Yes,40,PayPal,Annually
3822,57,Male,Shirt,Clothing,63,New Jersey,S,Orange,Spring,5.0,Yes,2-Day Shipping,No,No,35,Credit Card,Annually
3823,70,Male,Jacket,Outerwear,46,Oregon,L,Lavender,Winter,4.7,Yes,2-Day Shipping,Yes,Yes,27,Bank Transfer,Annually
3824,48,Male,Socks,Clothing,26,Oregon,M,Lavender,Fall,2.6,No,Next Day Air,No,No,33,Bank Transfer,Every 3 Months
3825,33,Male,Pants,Clothing,90,Louisiana,M,Brown,Summer,2.7,No,Express,Yes,Yes,6,Debit Card,Monthly
3826,39,Male,Shirt,Clothing,94,Alaska,M,Olive,Spring,2.6,No,Store Pickup,No,No,48,Credit Card,Quarterly
3827,26,Male,Sunglasses,Accessories,56,Texas,XL,Pink,Summer,3.1,No,Express,No,No,38,PayPal,Every 3 Months
3828,30,Female,Hoodie,Clothing,49,Iowa,S,Silver,Fall,3.3,No,Store Pickup,No,No,25,Credit Card,Monthly
3829,22,Female,Gloves,Accessories,58,Mississippi,M,Yellow,Summer,2.9,No,Free Shipping,Yes,Yes,9,Debit Card,Bi-Weekly
3830,19,Male,Shirt,Clothing,31,California,L,Red,Summer,3.7,Yes,Store Pickup,No,No,47,Bank Transfer,Every 3 Months
3831,37,Female,Boots,Footwear,88,Massachusetts,M,Teal,Summer,4.1,Yes,Free Shipping,No,No,28,Debit Card,Weekly
3832,48,Male,Sweater,Clothing,34,South Carolina,L,Maroon,Winter,3.4,No,Next Day Air,Yes,Yes,9,PayPal,Weekly
3833,18,Male,Sneakers,Footwear,74,Indiana,S,Green,Winter,3.3,No,Next Day Air,No,No,5,Credit Card,Quarterly
3834,56,Male,Sandals,Footwear,55,Tennessee,XL,Violet,Spring,4.2,No,Next Day Air,Yes,Yes,32,PayPal,Fortnightly
3835,21,Male,Sneakers,Footwear,90,Colorado,XL,Olive,Summer,3.0,Yes,Store Pickup,No,No,34,Debit Card,Monthly
3836,28,Female,Jacket,Outerwear,75,Minnesota,M,Lavender,Winter,3.2,No,Express,Yes,Yes,48,Bank Transfer,Monthly
3837,33,Female,Sneakers,Footwear,78,Georgia,M,Turquoise,Fall,4.8,No,Store Pickup,No,No,23,PayPal,Fortnightly
3838,53,Male,Shirt,Clothing,46,Alaska,L,Black,Fall,3.8,No,Express,No,No,36,Venmo,Weekly
3839,70,Male,Blouse,Clothing,77,Arizona,L,Black,Winter,2.9,Yes,Next Day Air,Yes,Yes,41,Credit Card,Weekly
3840,55,Male,Belt,Accessories,84,Alaska,M,Yellow,Summer,3.1,No,Standard,Yes,Yes,42,Credit Card,Bi-Weekly
3841,69,Male,Sunglasses,Accessories,48,New Hampshire,L,Green,Spring,3.0,Yes,Store Pickup,Yes,Yes,33,Debit Card,Every 3 Months
3842,49,Male,Hoodie,Clothing,96,Massachusetts,M,Peach,Spring,4.2,No,Standard,No,No,28,Bank Transfer,Annually
3843,18,Female,Backpack,Accessories,64,New York,L,Peach,Spring,3.8,No,Standard,No,No,9,Venmo,Weekly
3844,46,Male,Coat,Outerwear,31,Illinois,M,Teal,Fall,3.8,No,2-Day Shipping,Yes,Yes,36,Cash,Quarterly
3845,60,Male,Belt,Accessories,64,Nevada,L,Violet,Fall,2.8,No,2-Day Shipping,No,No,31,Bank Transfer,Bi-Weekly
3846,23,Female,Sweater,Clothing,61,Texas,M,Maroon,Spring,4.5,Yes,Store Pickup,No,No,20,PayPal,Every 3 Months
3847,26,Male,Backpack,Accessories,40,Iowa,M,Lavender,Winter,3.7,No,Store Pickup,No,No,12,Bank Transfer,Quarterly
3848,49,Female,Pants,Clothing,30,Rhode Island,XL,Orange,Spring,4.1,No,Standard,No,No,32,Debit Card,Quarterly
3849,19,Male,Shirt,Clothing,57,Oregon,M,Black,Spring,4.7,No,Standard,No,No,11,Debit Card,Every 3 Months
3850,54,Male,Belt,Accessories,29,Idaho,L,Lavender,Winter,4.8,No,Standard,No,No,24,Debit Card,Weekly
3851,67,Male,Shorts,Clothing,52,Tennessee,L,Turquoise,Summer,4.0,Yes,Standard,No,No,50,PayPal,Weekly
3852,38,Male,Belt,Accessories,66,Mississippi,L,Maroon,Winter,4.9,No,Free Shipping,Yes,Yes,49,Venmo,Bi-Weekly
3853,69,Female,Boots,Footwear,27,Florida,S,Silver,Fall,4.1,Yes,2-Day Shipping,Yes,Yes,4,Bank Transfer,Fortnightly
3854,27,Male,Handbag,Accessories,56,Nevada,M,White,Spring,3.0,No,Express,No,No,49,Cash,Monthly
3855,23,Male,Sweater,Clothing,59,Arkansas,L,Beige,Spring,4.0,No,Free Shipping,No,No,39,Venmo,Quarterly
3856,28,Male,Sandals,Footwear,67,Tennessee,S,Beige,Summer,4.4,Yes,Next Day Air,Yes,Yes,16,Credit Card,Quarterly
3857,22,Female,Boots,Footwear,96,North Dakota,L,Orange,Summer,2.8,No,Standard,No,No,39,Bank Transfer,Every 3 Months
3858,67,Male,Jewelry,Accessories,47,Missouri,XL,Lavender,Winter,3.9,No,Standard,Yes,Yes,40,PayPal,Bi-Weekly
3859,55,Male,Sneakers,Footwear,48,Indiana,S,Silver,Spring,4.3,No,Free Shipping,Yes,Yes,13,PayPal,Monthly
3860,57,Male,Socks,Clothing,21,Louisiana,L,Cyan,Summer,4.5,No,Store Pickup,No,No,10,PayPal,Quarterly
3861,58,Female,Jacket,Outerwear,23,Indiana,M,White,Winter,2.7,No,Store Pickup,No,No,36,Cash,Every 3 Months
3862,23,Male,Backpack,Accessories,28,Texas,M,Gray,Summer,3.3,No,Store Pickup,Yes,Yes,43,Cash,Bi-Weekly
3863,37,Male,Jewelry,Accessories,34,West Virginia,M,Beige,Spring,3.8,No,Next Day Air,Yes,Yes,33,Credit Card,Monthly
3864,60,Male,Dress,Clothing,58,Oklahoma,L,Gold,Summer,3.3,No,Next Day Air,Yes,Yes,49,Bank Transfer,Bi-Weekly
3865,24,Female,Sandals,Footwear,31,Kentucky,M,Purple,Fall,2.8,No,Free Shipping,No,No,40,Bank Transfer,Bi-Weekly
3866,23,Female,Hoodie,Clothing,70,Arizona,M,Black,Spring,4.8,No,Express,No,No,41,Bank Transfer,Every 3 Months
3867,27,Female,Shorts,Clothing,92,New York,S,Teal,Spring,4.5,No,Standard,No,No,15,Cash,Every 3 Months
3868,31,Male,Handbag,Accessories,26,Kansas,S,Maroon,Winter,5.0,No,Free Shipping,Yes,Yes,41,Debit Card,Bi-Weekly
3869,18,Male,Shorts,Clothing,86,Georgia,L,White,Winter,3.5,Yes,2-Day Shipping,No,No,14,Bank Transfer,Weekly
3870,35,Male,Shoes,Footwear,93,Arkansas,XL,Brown,Fall,3.2,No,Standard,No,No,19,Venmo,Quarterly
3871,64,Female,Sunglasses,Accessories,68,Illinois,M,Teal,Winter,2.9,No,2-Day Shipping,Yes,Yes,39,Credit Card,Quarterly
3872,19,Male,Hat,Accessories,42,Maryland,M,Indigo,Winter,4.9,No,Express,No,No,33,Bank Transfer,Quarterly
3873,35,Female,Coat,Outerwear,34,South Carolina,L,Gold,Spring,2.9,Yes,Free Shipping,Yes,Yes,22,Venmo,Monthly
3874,26,Female,Hoodie,Clothing,80,Oklahoma,M,Green,Winter,4.9,Yes,Express,Yes,Yes,27,Credit Card,Weekly
3875,34,Male,Shoes,Footwear,86,Nebraska,M,Indigo,Summer,4.5,No,Store Pickup,No,No,9,Debit Card,Monthly
3876,69,Male,Gloves,Accessories,30,Minnesota,M,White,Summer,4.1,No,2-Day Shipping,No,No,28,Debit Card,Monthly
3877,57,Male,Belt,Accessories,57,Arkansas,L,Gold,Summer,3.2,Yes,Express,No,No,32,Cash,Quarterly
3878,41,Male,Jeans,Clothing,81,Idaho,XL,Orange,Fall,3.9,No,Standard,Yes,Yes,26,Venmo,Bi-Weekly
3879,48,Male,Skirt,Clothing,75,Minnesota,M,Red,Winter,3.3,No,Free Shipping,No,No,47,Credit Card,Annually
3880,59,Male,Belt,Accessories,87,Utah,L,Pink,Winter,4.4,No,2-Day Shipping,No,No,50,Debit Card,Fortnightly
3881,70,Male,Sweater,Clothing,24,Florida,S,Purple,Fall,4.1,Yes,Store Pickup,No,No,9,Cash,Fortnightly
3882,20,Male,Hoodie,Clothing,46,Rhode Island,L,Brown,Spring,2.6,Yes,Store Pickup,No,No,12,Debit Card,Bi-Weekly
3883,58,Male,Backpack,Accessories,56,Idaho,S,Silver,Spring,4.0,No,2-Day Shipping,Yes,Yes,10,Debit Card,Weekly
3884,51,Female,Skirt,Clothing,98,Minnesota,XL,Red,Summer,3.6,No,Standard,Yes,Yes,32,PayPal,Monthly
3885,57,Male,Shorts,Clothing,49,Mississippi,M,Teal,Spring,4.2,No,2-Day Shipping,No,No,45,Credit Card,Weekly
3886,57,Male,Shoes,Footwear,43,Arizona,M,Orange,Spring,3.9,No,2-Day Shipping,Yes,Yes,14,Venmo,Annually
3887,65,Male,Scarf,Accessories,92,West Virginia,M,Olive,Winter,4.3,No,Standard,Yes,Yes,2,Venmo,Weekly
3888,61,Male,Backpack,Accessories,53,Iowa,L,Peach,Summer,3.3,No,Standard,No,No,49,PayPal,Bi-Weekly
3889,44,Female,Gloves,Accessories,90,Arkansas,L,Yellow,Fall,3.8,Yes,Next Day Air,Yes,Yes,19,PayPal,Monthly
3890,35,Male,Scarf,Accessories,61,South Dakota,M,Purple,Summer,3.3,Yes,Store Pickup,Yes,Yes,23,Bank Transfer,Quarterly
3891,45,Male,Scarf,Accessories,46,Maine,XL,Maroon,Winter,4.1,No,2-Day Shipping,No,No,32,PayPal,Fortnightly
3892,58,Male,Scarf,Accessories,63,Hawaii,M,Brown,Summer,3.8,Yes,Next Day Air,No,No,14,PayPal,Weekly
3893,58,Female,Gloves,Accessories,78,North Carolina,S,Turquoise,Fall,3.2,No,Next Day Air,No,No,21,Venmo,Bi-Weekly
3894,42,Male,Sneakers,Footwear,80,Massachusetts,M,Turquoise,Spring,3.3,Yes,Next Day Air,No,No,50,Debit Card,Weekly
3895,35,Male,Pants,Clothing,51,Wyoming,M,Cyan,Fall,4.9,No,Standard,No,No,40,Venmo,Fortnightly
3896,28,Male,Jewelry,Accessories,40,New York,S,Pink,Fall,4.3,No,2-Day Shipping,Yes,Yes,43,Venmo,Monthly
3897,57,Female,Socks,Clothing,81,Indiana,M,Peach,Spring,4.3,Yes,Free Shipping,No,No,27,Bank Transfer,Every 3 Months
3898,62,Female,Backpack,Accessories,87,Idaho,M,Purple,Winter,2.5,No,Next Day Air,No,No,16,Debit Card,Annually
3899,19,Male,Scarf,Accessories,30,New Jersey,S,Brown,Spring,3.1,Yes,Express,Yes,Yes,39,Venmo,Fortnightly
3900,39,Female,Socks,Clothing,97,Nevada,M,Silver,Summer,4.8,No,Express,No,No,16,Venmo,Weekly
